Year,Series,Geography,GeoCode,Value
2021,Proportion of population covered by at least one social protection cash benefit,,,45.7
2015,Proportion of children covered by social protection benefits,,,90.0
2018,Proportion of children covered by social protection benefits,,,90.0
2021,Proportion of children covered by social protection benefits,,,93.2
2021,Proportion of persons with disabilities receiving benefits,,,59.9
2015,Proportion of workers covered in case of employment injury,,,85.07
2015,Proportion of workers covered in case of employment injury,Newfoundland and Labrador,10,97.63
2015,Proportion of workers covered in case of employment injury,Prince Edward Island,11,97.48
2015,Proportion of workers covered in case of employment injury,Nova Scotia,12,72.87
2015,Proportion of workers covered in case of employment injury,New Brunswick,13,91.38
2015,Proportion of workers covered in case of employment injury,Quebec,24,93.11
2015,Proportion of workers covered in case of employment injury,Ontario,35,75.93
2015,Proportion of workers covered in case of employment injury,Manitoba,46,76.44
2015,Proportion of workers covered in case of employment injury,Saskatchewan,47,73.71
2015,Proportion of workers covered in case of employment injury,Alberta,48,89.94
2015,Proportion of workers covered in case of employment injury,British Columbia,59,98.01
2015,Proportion of workers covered in case of employment injury,Northwest Territories and Nunavut,,97.8
2015,Proportion of workers covered in case of employment injury,Yukon,60,94.88
2016,Proportion of workers covered in case of employment injury,,,84.38
2016,Proportion of workers covered in case of employment injury,Newfoundland and Labrador,10,97.61
2016,Proportion of workers covered in case of employment injury,Prince Edward Island,11,98.04
2016,Proportion of workers covered in case of employment injury,Nova Scotia,12,75.4
2016,Proportion of workers covered in case of employment injury,New Brunswick,13,91.39
2016,Proportion of workers covered in case of employment injury,Quebec,24,92.6
2016,Proportion of workers covered in case of employment injury,Ontario,35,76.24
2016,Proportion of workers covered in case of employment injury,Manitoba,46,77.4
2016,Proportion of workers covered in case of employment injury,Saskatchewan,47,71.3
2016,Proportion of workers covered in case of employment injury,Alberta,48,84.36
2016,Proportion of workers covered in case of employment injury,British Columbia,59,97.61
2016,Proportion of workers covered in case of employment injury,Northwest Territories and Nunavut,,97.16
2016,Proportion of workers covered in case of employment injury,Yukon,60,97.32
2017,Proportion of workers covered in case of employment injury,,,84.4
2017,Proportion of workers covered in case of employment injury,Newfoundland and Labrador,10,97.44
2017,Proportion of workers covered in case of employment injury,Prince Edward Island,11,97.71
2017,Proportion of workers covered in case of employment injury,Nova Scotia,12,74.93
2017,Proportion of workers covered in case of employment injury,New Brunswick,13,91.39
2017,Proportion of workers covered in case of employment injury,Quebec,24,92.6
2017,Proportion of workers covered in case of employment injury,Ontario,35,76.48
2017,Proportion of workers covered in case of employment injury,Manitoba,46,78.81
2017,Proportion of workers covered in case of employment injury,Saskatchewan,47,75.77
2017,Proportion of workers covered in case of employment injury,Alberta,48,82.62
2017,Proportion of workers covered in case of employment injury,British Columbia,59,97.15
2017,Proportion of workers covered in case of employment injury,Northwest Territories and Nunavut,,97.03
2017,Proportion of workers covered in case of employment injury,Yukon,60,96.35
2018,Proportion of workers covered in case of employment injury,,,84.67
2018,Proportion of workers covered in case of employment injury,Newfoundland and Labrador,10,97.44
2018,Proportion of workers covered in case of employment injury,Prince Edward Island,11,97.79
2018,Proportion of workers covered in case of employment injury,Nova Scotia,12,74.14
2018,Proportion of workers covered in case of employment injury,New Brunswick,13,91.39
2018,Proportion of workers covered in case of employment injury,Quebec,24,92.6
2018,Proportion of workers covered in case of employment injury,Ontario,35,77.21
2018,Proportion of workers covered in case of employment injury,Manitoba,46,79.23
2018,Proportion of workers covered in case of employment injury,Saskatchewan,47,73.72
2018,Proportion of workers covered in case of employment injury,Alberta,48,82.01
2018,Proportion of workers covered in case of employment injury,British Columbia,59,98.21
2018,Proportion of workers covered in case of employment injury,Northwest Territories and Nunavut,,96.85
2018,Proportion of workers covered in case of employment injury,Yukon,60,99.13
2019,Proportion of workers covered in case of employment injury,,,84.52
2019,Proportion of workers covered in case of employment injury,Newfoundland and Labrador,10,97.42
2019,Proportion of workers covered in case of employment injury,Prince Edward Island,11,97.61
2019,Proportion of workers covered in case of employment injury,Nova Scotia,12,72.9
2019,Proportion of workers covered in case of employment injury,New Brunswick,13,91.45
2019,Proportion of workers covered in case of employment injury,Quebec,24,92.7
2019,Proportion of workers covered in case of employment injury,Ontario,35,76.98
2019,Proportion of workers covered in case of employment injury,Manitoba,46,78.19
2019,Proportion of workers covered in case of employment injury,Saskatchewan,47,76.1
2019,Proportion of workers covered in case of employment injury,Alberta,48,81.64
2019,Proportion of workers covered in case of employment injury,British Columbia,59,98.02
2019,Proportion of workers covered in case of employment injury,Northwest Territories and Nunavut,,96.86
2019,Proportion of workers covered in case of employment injury,Yukon,60,99.84
2020,Proportion of workers covered in case of employment injury,,,83.33
2020,Proportion of workers covered in case of employment injury,Newfoundland and Labrador,10,97.41
2020,Proportion of workers covered in case of employment injury,Prince Edward Island,11,98.04
2020,Proportion of workers covered in case of employment injury,Nova Scotia,12,74.03
2020,Proportion of workers covered in case of employment injury,New Brunswick,13,91.67
2020,Proportion of workers covered in case of employment injury,Quebec,24,92.8
2020,Proportion of workers covered in case of employment injury,Ontario,35,75.32
2020,Proportion of workers covered in case of employment injury,Manitoba,46,76.51
2020,Proportion of workers covered in case of employment injury,Saskatchewan,47,74.93
2020,Proportion of workers covered in case of employment injury,Alberta,48,81.71
2020,Proportion of workers covered in case of employment injury,British Columbia,59,93.54
2020,Proportion of workers covered in case of employment injury,Northwest Territories and Nunavut,,96.76
2020,Proportion of workers covered in case of employment injury,Yukon,60,97.92
2021,Proportion of workers covered in case of employment injury,,,83.62
2021,Proportion of workers covered in case of employment injury,Newfoundland and Labrador,10,97.4
2021,Proportion of workers covered in case of employment injury,Prince Edward Island,11,97.79
2021,Proportion of workers covered in case of employment injury,Nova Scotia,12,73.51
2021,Proportion of workers covered in case of employment injury,New Brunswick,13,91.59
2021,Proportion of workers covered in case of employment injury,Quebec,24,92.9
2021,Proportion of workers covered in case of employment injury,Ontario,35,75.89
2021,Proportion of workers covered in case of employment injury,Manitoba,46,76.57
2021,Proportion of workers covered in case of employment injury,Saskatchewan,47,76.96
2021,Proportion of workers covered in case of employment injury,Alberta,48,81.76
2021,Proportion of workers covered in case of employment injury,British Columbia,59,93.6
2021,Proportion of workers covered in case of employment injury,Northwest Territories and Nunavut,,96.98
2021,Proportion of workers covered in case of employment injury,Yukon,60,94.54
2022,Proportion of workers covered in case of employment injury,,,83.42
2022,Proportion of workers covered in case of employment injury,Newfoundland and Labrador,10,96.08
2022,Proportion of workers covered in case of employment injury,Prince Edward Island,11,98.48
2022,Proportion of workers covered in case of employment injury,Nova Scotia,12,72.8
2022,Proportion of workers covered in case of employment injury,New Brunswick,13,91.64
2022,Proportion of workers covered in case of employment injury,Quebec,24,93.1
2022,Proportion of workers covered in case of employment injury,Ontario,35,75.17
2022,Proportion of workers covered in case of employment injury,Manitoba,46,77.74
2022,Proportion of workers covered in case of employment injury,Saskatchewan,47,74.53
2022,Proportion of workers covered in case of employment injury,Alberta,48,81.4
2022,Proportion of workers covered in case of employment injury,British Columbia,59,95.0
2022,Proportion of workers covered in case of employment injury,Northwest Territories and Nunavut,,97.12
2022,Proportion of workers covered in case of employment injury,Yukon,60,96.15
2017,"Proportion of older persons receiving a pension
",,,93.4
2018,"Proportion of older persons receiving a pension
",,,93.0
2021,"Proportion of older persons receiving a pension
",,,92.7
2021,Proportion of vulnerable persons receiving benefits,,,52.1
2021,Proportion of poor population receiving social assistance cash benefit,,,19.4
