Year,Geography,Value
2015,,7.2
2016,,6.3
2017,,6.8
2018,,7.4
2019,,6.1
2020,,8.8
2015,Atlantic Canada,6.0
2016,Atlantic Canada,5.7
2017,Atlantic Canada,5.5
2018,Atlantic Canada,5.1
2019,Atlantic Canada,5.0
2020,Atlantic Canada,8.8
2015,Southern Quebec,7.1
2016,Southern Quebec,6.2
2017,Southern Quebec,6.5
2018,Southern Quebec,6.5
2019,Southern Quebec,6.2
2020,Southern Quebec,8.8
2015,Southern Ontario,7.8
2016,Southern Ontario,6.5
2017,Southern Ontario,6.4
2018,Southern Ontario,6.8
2019,Southern Ontario,6.4
2020,Southern Ontario,8.8
2015,Prairies and northern Ontario,7.0
2016,Prairies and northern Ontario,6.8
2017,Prairies and northern Ontario,6.6
2018,Prairies and northern Ontario,8.8
2019,Prairies and northern Ontario,6.1
2020,Prairies and northern Ontario,8.8
2015,British Columbia,7.2
2016,British Columbia,5.7
2017,British Columbia,8.7
2018,British Columbia,9.2
2019,British Columbia,6.2
2020,British Columbia,8.8
2015,"Windsor, ON",9.6
2016,"Windsor, ON",8.3
2017,"Windsor, ON",8.1
2018,"Windsor, ON",8.6
2019,"Windsor, ON",8.4
2015,"Hamilton, ON",9.7
2016,"Hamilton, ON",7.8
2017,"Hamilton, ON",7.6
2018,"Hamilton, ON",8.1
2019,"Hamilton, ON",7.9
2015,"Barrie, ON",7.6
2016,"Barrie, ON",6.5
2017,"Barrie, ON",7.0
2018,"Barrie, ON",7.7
2019,"Barrie, ON",7.5
2015,"Kitchener, ON",8.8
2016,"Kitchener, ON",7.3
2017,"Kitchener, ON",7.0
2018,"Kitchener, ON",7.3
2019,"Kitchener, ON",7.2
2015,"Toronto, ON",8.5
2016,"Toronto, ON",7.3
2017,"Toronto, ON",7.4
2018,"Toronto, ON",7.6
2019,"Toronto, ON",7.2
2015,"St. Catharines - Niagara Falls, ON",8.5
2016,"St. Catharines - Niagara Falls, ON",6.9
2017,"St. Catharines - Niagara Falls, ON",7.0
2018,"St. Catharines - Niagara Falls, ON",7.0
2019,"St. Catharines - Niagara Falls, ON",6.9
2015,"London, ON",8.3
2016,"London, ON",7.1
2017,"London, ON",7.0
2018,"London, ON",7.2
2019,"London, ON",6.7
2015,"Oshawa, ON",7.5
2016,"Oshawa, ON",5.9
2017,"Oshawa, ON",5.9
2018,"Oshawa, ON",6.4
2019,"Oshawa, ON",6.1
2015,"Ottawa, ON",6.9
2016,"Ottawa, ON",5.8
2017,"Ottawa, ON",5.9
2018,"Ottawa, ON",5.9
2019,"Ottawa, ON",5.9
2015,"Quebec, QC",9.1
2016,"Quebec, QC",8.2
2017,"Quebec, QC",8.0
2018,"Quebec, QC",7.9
2019,"Quebec, QC",7.3
2015,"Montreal, QC",8.5
2016,"Montreal, QC",7.2
2017,"Montreal, QC",7.7
2018,"Montreal, QC",7.8
2019,"Montreal, QC",7.3
2015,"Gatineau, QC",6.3
2016,"Gatineau, QC",6.7
2018,"Gatineau, QC",6.6
2019,"Gatineau, QC",7.2
2015,"Edmonton, AB",8.6
2016,"Edmonton, AB",6.8
2017,"Edmonton, AB",7.5
2018,"Edmonton, AB",10.4
2019,"Edmonton, AB",7.5
2015,"Calgary, AB",8.1
2016,"Calgary, AB",5.2
2017,"Calgary, AB",7.9
2018,"Calgary, AB",11.2
2019,"Calgary, AB",7.1
2015,"Vancouver, BC",6.1
2016,"Vancouver, BC",4.8
2017,"Vancouver, BC",6.5
2018,"Vancouver, BC",6.8
2019,"Vancouver, BC",5.4
2015,"Victoria, BC",6.3
2016,"Victoria, BC",4.3
2017,"Victoria, BC",6.9
2018,"Victoria, BC",8.4
2019,"Victoria, BC",6.8
2015,"Saskatoon, SK",10.6
2016,"Saskatoon, SK",6.8
2017,"Saskatoon, SK",8.8
2018,"Saskatoon, SK",10.7
2019,"Saskatoon, SK",7.8
2015,"Regina, SK",11.0
2016,"Regina, SK",8.1
2017,"Regina, SK",6.3
2018,"Regina, SK",6.7
2019,"Regina, SK",4.4
2015,"Winnipeg, MB",6.0
2016,"Winnipeg, MB",5.8
2017,"Winnipeg, MB",5.3
2018,"Winnipeg, MB",5.9
2019,"Winnipeg, MB",5.4
2015,"Charlottetown, PE",4.3
2019,"Charlottetown, PE",8.0
2015,"Fredericton, NB",5.8
2016,"Fredericton, NB",5.8
2018,"Fredericton, NB",5.6
2019,"Fredericton, NB",4.8
2015,"Halifax, NS",4.3
2016,"Halifax, NS",5.0
2017,"Halifax, NS",5.7
2018,"Halifax, NS",5.3
2019,"Halifax, NS",4.8
2015,"St. John's, NL",5.8
2016,"St. John's, NL",5.1
2017,"St. John's, NL",5.1
2018,"St. John's, NL",4.7
2019,"St. John's, NL",4.8
2015,"Yellowknife, NT",8.5
2016,"Yellowknife, NT",7.8
2017,"Yellowknife, NT",4.5
2018,"Yellowknife, NT",2.9
2019,"Yellowknife, NT",4.4
2015,"Whitehorse, YT",5.5
2016,"Whitehorse, YT",3.4
2017,"Whitehorse, YT",4.3
2018,"Whitehorse, YT",3.3
