Year,Geography,Gender,Indigenous identity,GeoCode,Value
2014,,,,,1.48
2015,,,,,1.71
2016,,,,,1.71
2017,,,,,1.83
2018,,,,,1.79
2019,,,,,1.84
2020,,,,,2.01
2021,,,,,2.09
2022,,,,,2.27
2023,,,,,1.94
2014,Canada,All genders,Indigenous identity,,7.19
2014,Canada,All genders,Non-Indigenous identity,,1.18
2014,Canada,Male,Total,,2.12
2014,Canada,Male,Indigenous identity,,10.87
2014,Canada,Male,Non-Indigenous identity,,1.65
2014,Canada,Female,Total,,0.86
2014,Canada,Female,Indigenous identity,,3.63
2014,Canada,Female,Non-Indigenous identity,,0.72
2014,Newfoundland and Labrador,All genders,Total,10,0.38
2014,Newfoundland and Labrador,All genders,Indigenous identity,,0.0
2014,Newfoundland and Labrador,All genders,Non-Indigenous identity,,0.41
2014,Newfoundland and Labrador,Male,Total,,0.77
2014,Newfoundland and Labrador,Male,Indigenous identity,,0.0
2014,Newfoundland and Labrador,Male,Non-Indigenous identity,,0.83
2014,Newfoundland and Labrador,Female,Total,,0.0
2014,Newfoundland and Labrador,Female,Indigenous identity,,0.0
2014,Newfoundland and Labrador,Female,Non-Indigenous identity,,0.0
2014,Prince Edward Island,All genders,Total,11,2.06
2014,Prince Edward Island,All genders,Indigenous identity,,0.0
2014,Prince Edward Island,All genders,Non-Indigenous identity,,2.1
2014,Prince Edward Island,Male,Total,,4.23
2014,Prince Edward Island,Male,Indigenous identity,,0.0
2014,Prince Edward Island,Male,Non-Indigenous identity,,4.31
2014,Prince Edward Island,Female,Total,,0.0
2014,Prince Edward Island,Female,Indigenous identity,,0.0
2014,Prince Edward Island,Female,Non-Indigenous identity,,0.0
2014,Nova Scotia,All genders,Total,12,0.64
2014,Nova Scotia,All genders,Indigenous identity,,2.14
2014,Nova Scotia,All genders,Non-Indigenous identity,,0.45
2014,Nova Scotia,Male,Total,,0.87
2014,Nova Scotia,Male,Indigenous identity,,0.0
2014,Nova Scotia,Male,Non-Indigenous identity,,0.68
2014,Nova Scotia,Female,Total,,0.42
2014,Nova Scotia,Female,Indigenous identity,,4.19
2014,Nova Scotia,Female,Non-Indigenous identity,,0.22
2014,New Brunswick,All genders,Total,13,1.45
2014,New Brunswick,All genders,Indigenous identity,,0.0
2014,New Brunswick,All genders,Non-Indigenous identity,,1.5
2014,New Brunswick,Male,Total,,1.6
2014,New Brunswick,Male,Indigenous identity,,0.0
2014,New Brunswick,Male,Non-Indigenous identity,,1.66
2014,New Brunswick,Female,Total,,1.3
2014,New Brunswick,Female,Indigenous identity,,0.0
2014,New Brunswick,Female,Non-Indigenous identity,,1.35
2014,Quebec,All genders,Total,24,0.89
2014,Quebec,All genders,Indigenous identity,,2.15
2014,Quebec,All genders,Non-Indigenous identity,,0.83
2014,Quebec,Male,Total,,1.19
2014,Quebec,Male,Indigenous identity,,2.12
2014,Quebec,Male,Non-Indigenous identity,,1.11
2014,Quebec,Female,Total,,0.59
2014,Quebec,Female,Indigenous identity,,2.17
2014,Quebec,Female,Non-Indigenous identity,,0.55
2014,Ontario,All genders,Total,35,1.15
2014,Ontario,All genders,Indigenous identity,,5.57
2014,Ontario,All genders,Non-Indigenous identity,,1.0
2014,Ontario,Male,Total,,1.72
2014,Ontario,Male,Indigenous identity,,9.8
2014,Ontario,Male,Non-Indigenous identity,,1.46
2014,Ontario,Female,Total,,0.59
2014,Ontario,Female,Indigenous identity,,1.55
2014,Ontario,Female,Non-Indigenous identity,,0.55
2014,Manitoba,All genders,Total,46,3.51
2014,Manitoba,All genders,Indigenous identity,,12.88
2014,Manitoba,All genders,Non-Indigenous identity,,1.52
2014,Manitoba,Male,Total,,5.18
2014,Manitoba,Male,Indigenous identity,,19.87
2014,Manitoba,Male,Non-Indigenous identity,,2.09
2014,Manitoba,Female,Total,,1.87
2014,Manitoba,Female,Indigenous identity,,6.12
2014,Manitoba,Female,Non-Indigenous identity,,0.95
2014,Saskatchewan,All genders,Total,47,2.17
2014,Saskatchewan,All genders,Indigenous identity,,6.73
2014,Saskatchewan,All genders,Non-Indigenous identity,,1.29
2014,Saskatchewan,Male,Total,,3.41
2014,Saskatchewan,Male,Indigenous identity,,12.59
2014,Saskatchewan,Male,Non-Indigenous identity,,1.7
2014,Saskatchewan,Female,Total,,0.91
2014,Saskatchewan,Female,Indigenous identity,,1.1
2014,Saskatchewan,Female,Non-Indigenous identity,,0.87
2014,Alberta,All genders,Total,48,2.65
2014,Alberta,All genders,Indigenous identity,,12.23
2014,Alberta,All genders,Non-Indigenous identity,,1.99
2014,Alberta,Male,Total,,3.63
2014,Alberta,Male,Indigenous identity,,17.08
2014,Alberta,Male,Non-Indigenous identity,,2.72
2014,Alberta,Female,Total,,1.65
2014,Alberta,Female,Indigenous identity,,7.53
2014,Alberta,Female,Non-Indigenous identity,,1.24
2014,British Columbia,All genders,Total,59,1.89
2014,British Columbia,All genders,Indigenous identity,,5.17
2014,British Columbia,All genders,Non-Indigenous identity,,1.69
2014,British Columbia,Male,Total,,2.61
2014,British Columbia,Male,Indigenous identity,,8.29
2014,British Columbia,Male,Non-Indigenous identity,,2.27
2014,British Columbia,Female,Total,,1.18
2014,British Columbia,Female,Indigenous identity,,2.17
2014,British Columbia,Female,Non-Indigenous identity,,1.12
2014,Yukon,All genders,Total,60,8.08
2014,Yukon,All genders,Indigenous identity,,11.52
2014,Yukon,All genders,Non-Indigenous identity,,7.03
2014,Yukon,Male,Total,,10.58
2014,Yukon,Male,Indigenous identity,,0.0
2014,Yukon,Male,Non-Indigenous identity,,13.6
2014,Yukon,Female,Total,,5.49
2014,Yukon,Female,Indigenous identity,,22.34
2014,Yukon,Female,Non-Indigenous identity,,0.0
2014,Northwest Territories,All genders,Total,61,6.78
2014,Northwest Territories,All genders,Indigenous identity,,13.27
2014,Northwest Territories,All genders,Non-Indigenous identity,,0.0
2014,Northwest Territories,Male,Total,,8.8
2014,Northwest Territories,Male,Indigenous identity,,17.71
2014,Northwest Territories,Male,Non-Indigenous identity,,0.0
2014,Northwest Territories,Female,Total,,4.65
2014,Northwest Territories,Female,Indigenous identity,,8.84
2014,Northwest Territories,Female,Non-Indigenous identity,,0.0
2014,Nunavut,All genders,Total,62,11.17
2014,Nunavut,All genders,Indigenous identity,,13.01
2014,Nunavut,All genders,Non-Indigenous identity,,0.0
2014,Nunavut,Male,Total,,10.85
2014,Nunavut,Male,Indigenous identity,,12.78
2014,Nunavut,Male,Non-Indigenous identity,,0.0
2014,Nunavut,Female,Total,,11.51
2014,Nunavut,Female,Indigenous identity,,13.25
2014,Nunavut,Female,Non-Indigenous identity,,0.0
2015,Canada,All genders,Indigenous identity,,8.68
2015,Canada,All genders,Non-Indigenous identity,,1.34
2015,Canada,Male,Total,,2.44
2015,Canada,Male,Indigenous identity,,12.6
2015,Canada,Male,Non-Indigenous identity,,1.9
2015,Canada,Female,Total,,0.99
2015,Canada,Female,Indigenous identity,,4.87
2015,Canada,Female,Non-Indigenous identity,,0.78
2015,Newfoundland and Labrador,All genders,Total,10,0.57
2015,Newfoundland and Labrador,All genders,Indigenous identity,,2.2
2015,Newfoundland and Labrador,All genders,Non-Indigenous identity,,0.41
2015,Newfoundland and Labrador,Male,Total,,0.76
2015,Newfoundland and Labrador,Male,Indigenous identity,,0.0
2015,Newfoundland and Labrador,Male,Non-Indigenous identity,,0.83
2015,Newfoundland and Labrador,Female,Total,,0.37
2015,Newfoundland and Labrador,Female,Indigenous identity,,4.33
2015,Newfoundland and Labrador,Female,Non-Indigenous identity,,0.0
2015,Prince Edward Island,All genders,Total,11,0.69
2015,Prince Edward Island,All genders,Indigenous identity,,0.0
2015,Prince Edward Island,All genders,Non-Indigenous identity,,0.7
2015,Prince Edward Island,Male,Total,,0.0
2015,Prince Edward Island,Male,Indigenous identity,,0.0
2015,Prince Edward Island,Male,Non-Indigenous identity,,0.0
2015,Prince Edward Island,Female,Total,,1.34
2015,Prince Edward Island,Female,Indigenous identity,,0.0
2015,Prince Edward Island,Female,Non-Indigenous identity,,1.36
2015,Nova Scotia,All genders,Total,12,1.27
2015,Nova Scotia,All genders,Indigenous identity,,1.98
2015,Nova Scotia,All genders,Non-Indigenous identity,,1.12
2015,Nova Scotia,Male,Total,,1.52
2015,Nova Scotia,Male,Indigenous identity,,4.04
2015,Nova Scotia,Male,Non-Indigenous identity,,1.38
2015,Nova Scotia,Female,Total,,1.04
2015,Nova Scotia,Female,Indigenous identity,,0.0
2015,Nova Scotia,Female,Non-Indigenous identity,,0.88
2015,New Brunswick,All genders,Total,13,1.44
2015,New Brunswick,All genders,Indigenous identity,,0.0
2015,New Brunswick,All genders,Non-Indigenous identity,,1.5
2015,New Brunswick,Male,Total,,1.59
2015,New Brunswick,Male,Indigenous identity,,0.0
2015,New Brunswick,Male,Non-Indigenous identity,,1.66
2015,New Brunswick,Female,Total,,1.3
2015,New Brunswick,Female,Indigenous identity,,0.0
2015,New Brunswick,Female,Non-Indigenous identity,,1.35
2015,Quebec,All genders,Total,24,0.97
2015,Quebec,All genders,Indigenous identity,,3.09
2015,Quebec,All genders,Non-Indigenous identity,,0.91
2015,Quebec,Male,Total,,1.48
2015,Quebec,Male,Indigenous identity,,4.06
2015,Quebec,Male,Non-Indigenous identity,,1.41
2015,Quebec,Female,Total,,0.46
2015,Quebec,Female,Indigenous identity,,2.09
2015,Quebec,Female,Non-Indigenous identity,,0.42
2015,Ontario,All genders,Total,35,1.27
2015,Ontario,All genders,Indigenous identity,,3.33
2015,Ontario,All genders,Non-Indigenous identity,,1.18
2015,Ontario,Male,Total,,1.83
2015,Ontario,Male,Indigenous identity,,5.25
2015,Ontario,Male,Non-Indigenous identity,,1.69
2015,Ontario,Female,Total,,0.72
2015,Ontario,Female,Indigenous identity,,1.5
2015,Ontario,Female,Non-Indigenous identity,,0.68
2015,Manitoba,All genders,Total,46,3.7
2015,Manitoba,All genders,Indigenous identity,,15.55
2015,Manitoba,All genders,Non-Indigenous identity,,1.13
2015,Manitoba,Male,Total,,5.73
2015,Manitoba,Male,Indigenous identity,,24.58
2015,Manitoba,Male,Non-Indigenous identity,,1.69
2015,Manitoba,Female,Total,,1.69
2015,Manitoba,Female,Indigenous identity,,6.81
2015,Manitoba,Female,Non-Indigenous identity,,0.56
2015,Saskatchewan,All genders,Total,47,4.1
2015,Saskatchewan,All genders,Indigenous identity,,17.01
2015,Saskatchewan,All genders,Non-Indigenous identity,,1.6
2015,Saskatchewan,Male,Total,,5.85
2015,Saskatchewan,Male,Indigenous identity,,30.13
2015,Saskatchewan,Male,Non-Indigenous identity,,1.26
2015,Saskatchewan,Female,Total,,2.33
2015,Saskatchewan,Female,Indigenous identity,,4.32
2015,Saskatchewan,Female,Non-Indigenous identity,,1.94
2015,Alberta,All genders,Total,48,3.23
2015,Alberta,All genders,Indigenous identity,,13.72
2015,Alberta,All genders,Non-Indigenous identity,,2.47
2015,Alberta,Male,Total,,4.23
2015,Alberta,Male,Indigenous identity,,15.84
2015,Alberta,Male,Non-Indigenous identity,,3.39
2015,Alberta,Female,Total,,2.21
2015,Alberta,Female,Indigenous identity,,11.67
2015,Alberta,Female,Non-Indigenous identity,,1.53
2015,British Columbia,All genders,Total,59,2.01
2015,British Columbia,All genders,Indigenous identity,,6.42
2015,British Columbia,All genders,Non-Indigenous identity,,1.73
2015,British Columbia,Male,Total,,3.0
2015,British Columbia,Male,Indigenous identity,,9.48
2015,British Columbia,Male,Non-Indigenous identity,,2.6
2015,British Columbia,Female,Total,,1.04
2015,British Columbia,Female,Indigenous identity,,3.49
2015,British Columbia,Female,Non-Indigenous identity,,0.88
2015,Yukon,All genders,Total,60,2.65
2015,Yukon,All genders,Indigenous identity,,0.0
2015,Yukon,All genders,Non-Indigenous identity,,3.46
2015,Yukon,Male,Total,,5.21
2015,Yukon,Male,Indigenous identity,,0.0
2015,Yukon,Male,Non-Indigenous identity,,6.71
2015,Yukon,Female,Total,,0.0
2015,Yukon,Female,Indigenous identity,,0.0
2015,Yukon,Female,Non-Indigenous identity,,0.0
2015,Northwest Territories,All genders,Total,61,13.48
2015,Northwest Territories,All genders,Indigenous identity,,26.53
2015,Northwest Territories,All genders,Non-Indigenous identity,,0.0
2015,Northwest Territories,Male,Total,,13.12
2015,Northwest Territories,Male,Indigenous identity,,26.49
2015,Northwest Territories,Male,Non-Indigenous identity,,0.0
2015,Northwest Territories,Female,Total,,13.86
2015,Northwest Territories,Female,Indigenous identity,,26.57
2015,Northwest Territories,Female,Non-Indigenous identity,,0.0
2015,Nunavut,All genders,Total,62,5.5
2015,Nunavut,All genders,Indigenous identity,,6.41
2015,Nunavut,All genders,Non-Indigenous identity,,0.0
2015,Nunavut,Male,Total,,5.35
2015,Nunavut,Male,Indigenous identity,,6.31
2015,Nunavut,Male,Non-Indigenous identity,,0.0
2015,Nunavut,Female,Total,,5.66
2015,Nunavut,Female,Indigenous identity,,6.52
2015,Nunavut,Female,Non-Indigenous identity,,0.0
2016,Canada,All genders,Indigenous identity,,7.96
2016,Canada,All genders,Non-Indigenous identity,,1.36
2016,Canada,Male,Total,,2.58
2016,Canada,Male,Indigenous identity,,12.66
2016,Canada,Male,Non-Indigenous identity,,2.02
2016,Canada,Female,Total,,0.86
2016,Canada,Female,Indigenous identity,,3.39
2016,Canada,Female,Non-Indigenous identity,,0.71
2016,Newfoundland and Labrador,All genders,Total,10,1.51
2016,Newfoundland and Labrador,All genders,Indigenous identity,,2.11
2016,Newfoundland and Labrador,All genders,Non-Indigenous identity,,1.45
2016,Newfoundland and Labrador,Male,Total,,1.9
2016,Newfoundland and Labrador,Male,Indigenous identity,,4.31
2016,Newfoundland and Labrador,Male,Non-Indigenous identity,,1.67
2016,Newfoundland and Labrador,Female,Total,,1.12
2016,Newfoundland and Labrador,Female,Indigenous identity,,0.0
2016,Newfoundland and Labrador,Female,Non-Indigenous identity,,1.24
2016,Prince Edward Island,All genders,Total,11,0.0
2016,Prince Edward Island,All genders,Indigenous identity,,0.0
2016,Prince Edward Island,All genders,Non-Indigenous identity,,0.0
2016,Prince Edward Island,Male,Total,,0.0
2016,Prince Edward Island,Male,Indigenous identity,,0.0
2016,Prince Edward Island,Male,Non-Indigenous identity,,0.0
2016,Prince Edward Island,Female,Total,,0.0
2016,Prince Edward Island,Female,Indigenous identity,,0.0
2016,Prince Edward Island,Female,Non-Indigenous identity,,0.0
2016,Nova Scotia,All genders,Total,12,1.38
2016,Nova Scotia,All genders,Indigenous identity,,1.86
2016,Nova Scotia,All genders,Non-Indigenous identity,,1.12
2016,Nova Scotia,Male,Total,,2.39
2016,Nova Scotia,Male,Indigenous identity,,3.82
2016,Nova Scotia,Male,Non-Indigenous identity,,1.84
2016,Nova Scotia,Female,Total,,0.41
2016,Nova Scotia,Female,Indigenous identity,,0.0
2016,Nova Scotia,Female,Non-Indigenous identity,,0.44
2016,New Brunswick,All genders,Total,13,1.44
2016,New Brunswick,All genders,Indigenous identity,,0.0
2016,New Brunswick,All genders,Non-Indigenous identity,,1.5
2016,New Brunswick,Male,Total,,2.38
2016,New Brunswick,Male,Indigenous identity,,0.0
2016,New Brunswick,Male,Non-Indigenous identity,,2.49
2016,New Brunswick,Female,Total,,0.52
2016,New Brunswick,Female,Indigenous identity,,0.0
2016,New Brunswick,Female,Non-Indigenous identity,,0.54
2016,Quebec,All genders,Total,24,0.81
2016,Quebec,All genders,Indigenous identity,,2.01
2016,Quebec,All genders,Non-Indigenous identity,,0.77
2016,Quebec,Male,Total,,1.25
2016,Quebec,Male,Indigenous identity,,3.98
2016,Quebec,Male,Non-Indigenous identity,,1.15
2016,Quebec,Female,Total,,0.39
2016,Quebec,Female,Indigenous identity,,0.0
2016,Quebec,Female,Non-Indigenous identity,,0.4
2016,Ontario,All genders,Total,35,1.48
2016,Ontario,All genders,Indigenous identity,,4.41
2016,Ontario,All genders,Non-Indigenous identity,,1.36
2016,Ontario,Male,Total,,2.21
2016,Ontario,Male,Indigenous identity,,8.52
2016,Ontario,Male,Non-Indigenous identity,,1.99
2016,Ontario,Female,Total,,0.78
2016,Ontario,Female,Indigenous identity,,0.48
2016,Ontario,Female,Non-Indigenous identity,,0.75
2016,Manitoba,All genders,Total,46,3.27
2016,Manitoba,All genders,Indigenous identity,,11.61
2016,Manitoba,All genders,Non-Indigenous identity,,1.4
2016,Manitoba,Male,Total,,5.04
2016,Manitoba,Male,Indigenous identity,,17.59
2016,Manitoba,Male,Non-Indigenous identity,,2.24
2016,Manitoba,Female,Total,,1.52
2016,Manitoba,Female,Indigenous identity,,5.75
2016,Manitoba,Female,Non-Indigenous identity,,0.56
2016,Saskatchewan,All genders,Total,47,5.02
2016,Saskatchewan,All genders,Indigenous identity,,20.13
2016,Saskatchewan,All genders,Non-Indigenous identity,,2.01
2016,Saskatchewan,Male,Total,,7.52
2016,Saskatchewan,Male,Indigenous identity,,30.95
2016,Saskatchewan,Male,Non-Indigenous identity,,2.93
2016,Saskatchewan,Female,Total,,2.48
2016,Saskatchewan,Female,Indigenous identity,,9.46
2016,Saskatchewan,Female,Non-Indigenous identity,,1.07
2016,Alberta,All genders,Total,48,2.76
2016,Alberta,All genders,Indigenous identity,,11.04
2016,Alberta,All genders,Non-Indigenous identity,,2.17
2016,Alberta,Male,Total,,4.11
2016,Alberta,Male,Indigenous identity,,15.17
2016,Alberta,Male,Non-Indigenous identity,,3.33
2016,Alberta,Female,Total,,1.4
2016,Alberta,Female,Indigenous identity,,7.02
2016,Alberta,Female,Non-Indigenous identity,,0.98
2016,British Columbia,All genders,Total,59,1.85
2016,British Columbia,All genders,Indigenous identity,,5.81
2016,British Columbia,All genders,Non-Indigenous identity,,1.6
2016,British Columbia,Male,Total,,2.74
2016,British Columbia,Male,Indigenous identity,,10.48
2016,British Columbia,Male,Non-Indigenous identity,,2.25
2016,British Columbia,Female,Total,,0.98
2016,British Columbia,Female,Indigenous identity,,1.34
2016,British Columbia,Female,Non-Indigenous identity,,0.95
2016,Yukon,All genders,Total,60,10.38
2016,Yukon,All genders,Indigenous identity,,22.17
2016,Yukon,All genders,Non-Indigenous identity,,6.78
2016,Yukon,Male,Total,,20.42
2016,Yukon,Male,Indigenous identity,,45.19
2016,Yukon,Male,Non-Indigenous identity,,13.19
2016,Yukon,Female,Total,,0.0
2016,Yukon,Female,Indigenous identity,,0.0
2016,Yukon,Female,Non-Indigenous identity,,0.0
2016,Northwest Territories,All genders,Total,61,6.72
2016,Northwest Territories,All genders,Indigenous identity,,13.27
2016,Northwest Territories,All genders,Non-Indigenous identity,,0.0
2016,Northwest Territories,Male,Total,,8.71
2016,Northwest Territories,Male,Indigenous identity,,17.62
2016,Northwest Territories,Male,Non-Indigenous identity,,0.0
2016,Northwest Territories,Female,Total,,4.61
2016,Northwest Territories,Female,Indigenous identity,,8.88
2016,Northwest Territories,Female,Non-Indigenous identity,,0.0
2016,Nunavut,All genders,Total,62,2.7
2016,Nunavut,All genders,Indigenous identity,,3.15
2016,Nunavut,All genders,Non-Indigenous identity,,0.0
2016,Nunavut,Male,Total,,0.0
2016,Nunavut,Male,Indigenous identity,,0.0
2016,Nunavut,Male,Non-Indigenous identity,,0.0
2016,Nunavut,Female,Total,,5.56
2016,Nunavut,Female,Indigenous identity,,6.41
2016,Nunavut,Female,Non-Indigenous identity,,0.0
2017,Canada,All genders,Indigenous identity,,8.47
2017,Canada,All genders,Non-Indigenous identity,,1.45
2017,Canada,Male,Total,,2.72
2017,Canada,Male,Indigenous identity,,12.91
2017,Canada,Male,Non-Indigenous identity,,2.14
2017,Canada,Female,Total,,0.95
2017,Canada,Female,Indigenous identity,,4.13
2017,Canada,Female,Non-Indigenous identity,,0.76
2017,Newfoundland and Labrador,All genders,Total,10,0.76
2017,Newfoundland and Labrador,All genders,Indigenous identity,,2.05
2017,Newfoundland and Labrador,All genders,Non-Indigenous identity,,0.63
2017,Newfoundland and Labrador,Male,Total,,0.38
2017,Newfoundland and Labrador,Male,Indigenous identity,,0.0
2017,Newfoundland and Labrador,Male,Non-Indigenous identity,,0.42
2017,Newfoundland and Labrador,Female,Total,,1.13
2017,Newfoundland and Labrador,Female,Indigenous identity,,4.02
2017,Newfoundland and Labrador,Female,Non-Indigenous identity,,0.83
2017,Prince Edward Island,All genders,Total,11,1.33
2017,Prince Edward Island,All genders,Indigenous identity,,0.0
2017,Prince Edward Island,All genders,Non-Indigenous identity,,1.36
2017,Prince Edward Island,Male,Total,,2.72
2017,Prince Edward Island,Male,Indigenous identity,,0.0
2017,Prince Edward Island,Male,Non-Indigenous identity,,2.77
2017,Prince Edward Island,Female,Total,,0.0
2017,Prince Edward Island,Female,Indigenous identity,,0.0
2017,Prince Edward Island,Female,Non-Indigenous identity,,0.0
2017,Nova Scotia,All genders,Total,12,2.21
2017,Nova Scotia,All genders,Indigenous identity,,0.0
2017,Nova Scotia,All genders,Non-Indigenous identity,,2.24
2017,Nova Scotia,Male,Total,,1.51
2017,Nova Scotia,Male,Indigenous identity,,0.0
2017,Nova Scotia,Male,Non-Indigenous identity,,1.6
2017,Nova Scotia,Female,Total,,2.88
2017,Nova Scotia,Female,Indigenous identity,,0.0
2017,Nova Scotia,Female,Non-Indigenous identity,,2.85
2017,New Brunswick,All genders,Total,13,1.3
2017,New Brunswick,All genders,Indigenous identity,,0.0
2017,New Brunswick,All genders,Non-Indigenous identity,,1.36
2017,New Brunswick,Male,Total,,1.85
2017,New Brunswick,Male,Indigenous identity,,0.0
2017,New Brunswick,Male,Non-Indigenous identity,,1.93
2017,New Brunswick,Female,Total,,0.77
2017,New Brunswick,Female,Indigenous identity,,0.0
2017,New Brunswick,Female,Non-Indigenous identity,,0.81
2017,Quebec,All genders,Total,24,1.12
2017,Quebec,All genders,Indigenous identity,,5.8
2017,Quebec,All genders,Non-Indigenous identity,,1.0
2017,Quebec,Male,Total,,1.5
2017,Quebec,Male,Indigenous identity,,7.65
2017,Quebec,Male,Non-Indigenous identity,,1.34
2017,Quebec,Female,Total,,0.7
2017,Quebec,Female,Indigenous identity,,3.92
2017,Quebec,Female,Non-Indigenous identity,,0.62
2017,Ontario,All genders,Total,35,1.41
2017,Ontario,All genders,Indigenous identity,,4.74
2017,Ontario,All genders,Non-Indigenous identity,,1.27
2017,Ontario,Male,Total,,2.13
2017,Ontario,Male,Indigenous identity,,7.75
2017,Ontario,Male,Non-Indigenous identity,,1.92
2017,Ontario,Female,Total,,0.7
2017,Ontario,Female,Indigenous identity,,1.86
2017,Ontario,Female,Non-Indigenous identity,,0.64
2017,Manitoba,All genders,Total,46,3.52
2017,Manitoba,All genders,Indigenous identity,,11.68
2017,Manitoba,All genders,Non-Indigenous identity,,1.56
2017,Manitoba,Male,Total,,5.7
2017,Manitoba,Male,Indigenous identity,,19.49
2017,Manitoba,Male,Non-Indigenous identity,,2.39
2017,Manitoba,Female,Total,,1.35
2017,Manitoba,Female,Indigenous identity,,4.0
2017,Manitoba,Female,Non-Indigenous identity,,0.74
2017,Saskatchewan,All genders,Total,47,3.3
2017,Saskatchewan,All genders,Indigenous identity,,15.5
2017,Saskatchewan,All genders,Non-Indigenous identity,,0.84
2017,Saskatchewan,Male,Total,,5.0
2017,Saskatchewan,Male,Indigenous identity,,26.01
2017,Saskatchewan,Male,Non-Indigenous identity,,0.83
2017,Saskatchewan,Female,Total,,1.58
2017,Saskatchewan,Female,Indigenous identity,,5.13
2017,Saskatchewan,Female,Non-Indigenous identity,,0.84
2017,Alberta,All genders,Total,48,2.81
2017,Alberta,All genders,Indigenous identity,,14.26
2017,Alberta,All genders,Non-Indigenous identity,,1.92
2017,Alberta,Male,Total,,4.45
2017,Alberta,Male,Indigenous identity,,21.87
2017,Alberta,Male,Non-Indigenous identity,,3.11
2017,Alberta,Female,Total,,1.14
2017,Alberta,Female,Indigenous identity,,6.86
2017,Alberta,Female,Non-Indigenous identity,,0.71
2017,British Columbia,All genders,Total,59,2.45
2017,British Columbia,All genders,Indigenous identity,,3.97
2017,British Columbia,All genders,Non-Indigenous identity,,2.36
2017,British Columbia,Male,Total,,3.77
2017,British Columbia,Male,Indigenous identity,,4.06
2017,British Columbia,Male,Non-Indigenous identity,,3.75
2017,British Columbia,Female,Total,,1.16
2017,British Columbia,Female,Indigenous identity,,3.89
2017,British Columbia,Female,Non-Indigenous identity,,0.98
2017,Yukon,All genders,Total,60,20.2
2017,Yukon,All genders,Indigenous identity,,65.3
2017,Yukon,All genders,Non-Indigenous identity,,6.57
2017,Yukon,Male,Total,,29.79
2017,Yukon,Male,Indigenous identity,,88.59
2017,Yukon,Male,Non-Indigenous identity,,12.8
2017,Yukon,Female,Total,,10.27
2017,Yukon,Female,Indigenous identity,,42.78
2017,Yukon,Female,Non-Indigenous identity,,0.0
2017,Northwest Territories,All genders,Total,61,4.46
2017,Northwest Territories,All genders,Indigenous identity,,8.81
2017,Northwest Territories,All genders,Non-Indigenous identity,,0.0
2017,Northwest Territories,Male,Total,,8.66
2017,Northwest Territories,Male,Indigenous identity,,17.53
2017,Northwest Territories,Male,Non-Indigenous identity,,0.0
2017,Northwest Territories,Female,Total,,0.0
2017,Northwest Territories,Female,Indigenous identity,,0.0
2017,Northwest Territories,Female,Non-Indigenous identity,,0.0
2017,Nunavut,All genders,Total,62,15.98
2017,Nunavut,All genders,Indigenous identity,,15.48
2017,Nunavut,All genders,Non-Indigenous identity,,19.07
2017,Nunavut,Male,Total,,20.72
2017,Nunavut,Male,Indigenous identity,,18.22
2017,Nunavut,Male,Non-Indigenous identity,,35.21
2017,Nunavut,Female,Total,,10.97
2017,Nunavut,Female,Indigenous identity,,12.63
2017,Nunavut,Female,Non-Indigenous identity,,0.0
2018,Canada,All genders,Indigenous identity,,7.45
2018,Canada,All genders,Non-Indigenous identity,,1.47
2018,Canada,Male,Total,,2.69
2018,Canada,Male,Indigenous identity,,10.42
2018,Canada,Male,Non-Indigenous identity,,2.26
2018,Canada,Female,Total,,0.9
2018,Canada,Female,Indigenous identity,,4.54
2018,Canada,Female,Non-Indigenous identity,,0.69
2018,Newfoundland and Labrador,All genders,Total,10,0.38
2018,Newfoundland and Labrador,All genders,Indigenous identity,,0.0
2018,Newfoundland and Labrador,All genders,Non-Indigenous identity,,0.21
2018,Newfoundland and Labrador,Male,Total,,0.77
2018,Newfoundland and Labrador,Male,Indigenous identity,,0.0
2018,Newfoundland and Labrador,Male,Non-Indigenous identity,,0.42
2018,Newfoundland and Labrador,Female,Total,,0.0
2018,Newfoundland and Labrador,Female,Indigenous identity,,0.0
2018,Newfoundland and Labrador,Female,Non-Indigenous identity,,0.0
2018,Prince Edward Island,All genders,Total,11,0.0
2018,Prince Edward Island,All genders,Indigenous identity,,0.0
2018,Prince Edward Island,All genders,Non-Indigenous identity,,0.0
2018,Prince Edward Island,Male,Total,,0.0
2018,Prince Edward Island,Male,Indigenous identity,,0.0
2018,Prince Edward Island,Male,Non-Indigenous identity,,0.0
2018,Prince Edward Island,Female,Total,,0.0
2018,Prince Edward Island,Female,Indigenous identity,,0.0
2018,Prince Edward Island,Female,Non-Indigenous identity,,0.0
2018,Nova Scotia,All genders,Total,12,1.15
2018,Nova Scotia,All genders,Indigenous identity,,0.0
2018,Nova Scotia,All genders,Non-Indigenous identity,,1.22
2018,Nova Scotia,Male,Total,,1.49
2018,Nova Scotia,Male,Indigenous identity,,0.0
2018,Nova Scotia,Male,Non-Indigenous identity,,1.59
2018,Nova Scotia,Female,Total,,0.82
2018,Nova Scotia,Female,Indigenous identity,,0.0
2018,Nova Scotia,Female,Non-Indigenous identity,,0.87
2018,New Brunswick,All genders,Total,13,1.69
2018,New Brunswick,All genders,Indigenous identity,,3.03
2018,New Brunswick,All genders,Non-Indigenous identity,,1.63
2018,New Brunswick,Male,Total,,1.31
2018,New Brunswick,Male,Indigenous identity,,0.0
2018,New Brunswick,Male,Non-Indigenous identity,,1.37
2018,New Brunswick,Female,Total,,2.06
2018,New Brunswick,Female,Indigenous identity,,6.09
2018,New Brunswick,Female,Non-Indigenous identity,,1.88
2018,Quebec,All genders,Total,24,1.0
2018,Quebec,All genders,Indigenous identity,,2.33
2018,Quebec,All genders,Non-Indigenous identity,,0.96
2018,Quebec,Male,Total,,1.58
2018,Quebec,Male,Indigenous identity,,2.76
2018,Quebec,Male,Non-Indigenous identity,,1.54
2018,Quebec,Female,Total,,0.43
2018,Quebec,Female,Indigenous identity,,1.89
2018,Quebec,Female,Non-Indigenous identity,,0.39
2018,Ontario,All genders,Total,35,1.9
2018,Ontario,All genders,Indigenous identity,,3.9
2018,Ontario,All genders,Non-Indigenous identity,,1.82
2018,Ontario,Male,Total,,2.8
2018,Ontario,Male,Indigenous identity,,4.2
2018,Ontario,Male,Non-Indigenous identity,,2.75
2018,Ontario,Female,Total,,1.02
2018,Ontario,Female,Indigenous identity,,3.6
2018,Ontario,Female,Non-Indigenous identity,,0.93
2018,Manitoba,All genders,Total,46,4.07
2018,Manitoba,All genders,Indigenous identity,,15.7
2018,Manitoba,All genders,Non-Indigenous identity,,1.37
2018,Manitoba,Male,Total,,6.36
2018,Manitoba,Male,Indigenous identity,,23.73
2018,Manitoba,Male,Non-Indigenous identity,,2.37
2018,Manitoba,Female,Total,,1.77
2018,Manitoba,Female,Indigenous identity,,7.79
2018,Manitoba,Female,Non-Indigenous identity,,0.36
2018,Saskatchewan,All genders,Total,47,3.01
2018,Saskatchewan,All genders,Indigenous identity,,11.14
2018,Saskatchewan,All genders,Non-Indigenous identity,,1.35
2018,Saskatchewan,Male,Total,,4.61
2018,Saskatchewan,Male,Indigenous identity,,18.33
2018,Saskatchewan,Male,Non-Indigenous identity,,1.85
2018,Saskatchewan,Female,Total,,1.39
2018,Saskatchewan,Female,Indigenous identity,,4.03
2018,Saskatchewan,Female,Non-Indigenous identity,,0.84
2018,Alberta,All genders,Total,48,1.93
2018,Alberta,All genders,Indigenous identity,,10.53
2018,Alberta,All genders,Non-Indigenous identity,,1.27
2018,Alberta,Male,Total,,2.86
2018,Alberta,Male,Indigenous identity,,14.44
2018,Alberta,Male,Non-Indigenous identity,,1.98
2018,Alberta,Female,Total,,0.98
2018,Alberta,Female,Indigenous identity,,6.71
2018,Alberta,Female,Non-Indigenous identity,,0.55
2018,British Columbia,All genders,Total,59,1.84
2018,British Columbia,All genders,Indigenous identity,,3.85
2018,British Columbia,All genders,Non-Indigenous identity,,1.7
2018,British Columbia,Male,Total,,2.98
2018,British Columbia,Male,Indigenous identity,,5.23
2018,British Columbia,Male,Non-Indigenous identity,,2.84
2018,British Columbia,Female,Total,,0.67
2018,British Columbia,Female,Indigenous identity,,2.52
2018,British Columbia,Female,Non-Indigenous identity,,0.55
2018,Yukon,All genders,Total,60,7.4
2018,Yukon,All genders,Indigenous identity,,21.49
2018,Yukon,All genders,Non-Indigenous identity,,3.2
2018,Yukon,Male,Total,,9.68
2018,Yukon,Male,Indigenous identity,,21.84
2018,Yukon,Male,Non-Indigenous identity,,6.22
2018,Yukon,Female,Total,,5.03
2018,Yukon,Female,Indigenous identity,,21.15
2018,Yukon,Female,Non-Indigenous identity,,0.0
2018,Northwest Territories,All genders,Total,61,13.34
2018,Northwest Territories,All genders,Indigenous identity,,21.96
2018,Northwest Territories,All genders,Non-Indigenous identity,,4.5
2018,Northwest Territories,Male,Total,,25.89
2018,Northwest Territories,Male,Indigenous identity,,43.54
2018,Northwest Territories,Male,Non-Indigenous identity,,8.55
2018,Northwest Territories,Female,Total,,0.0
2018,Northwest Territories,Female,Indigenous identity,,0.0
2018,Northwest Territories,Female,Non-Indigenous identity,,0.0
2018,Nunavut,All genders,Total,62,20.97
2018,Nunavut,All genders,Indigenous identity,,24.28
2018,Nunavut,All genders,Non-Indigenous identity,,0.0
2018,Nunavut,Male,Total,,20.42
2018,Nunavut,Male,Indigenous identity,,23.84
2018,Nunavut,Male,Non-Indigenous identity,,0.0
2018,Nunavut,Female,Total,,21.56
2018,Nunavut,Female,Indigenous identity,,24.74
2018,Nunavut,Female,Non-Indigenous identity,,0.0
2019,Canada,All genders,Indigenous identity,,9.18
2019,Canada,All genders,Non-Indigenous identity,,1.34
2019,Canada,Male,Total,,2.84
2019,Canada,Male,Indigenous identity,,13.51
2019,Canada,Male,Non-Indigenous identity,,2.14
2019,Canada,Female,Total,,0.82
2019,Canada,Female,Indigenous identity,,4.82
2019,Canada,Female,Non-Indigenous identity,,0.56
2019,Newfoundland and Labrador,All genders,Total,10,0.96
2019,Newfoundland and Labrador,All genders,Indigenous identity,,3.94
2019,Newfoundland and Labrador,All genders,Non-Indigenous identity,,0.63
2019,Newfoundland and Labrador,Male,Total,,1.16
2019,Newfoundland and Labrador,Male,Indigenous identity,,4.04
2019,Newfoundland and Labrador,Male,Non-Indigenous identity,,0.85
2019,Newfoundland and Labrador,Female,Total,,0.76
2019,Newfoundland and Labrador,Female,Indigenous identity,,3.85
2019,Newfoundland and Labrador,Female,Non-Indigenous identity,,0.42
2019,Prince Edward Island,All genders,Total,11,1.27
2019,Prince Edward Island,All genders,Indigenous identity,,0.0
2019,Prince Edward Island,All genders,Non-Indigenous identity,,1.3
2019,Prince Edward Island,Male,Total,,2.58
2019,Prince Edward Island,Male,Indigenous identity,,0.0
2019,Prince Edward Island,Male,Non-Indigenous identity,,2.63
2019,Prince Edward Island,Female,Total,,0.0
2019,Prince Edward Island,Female,Indigenous identity,,0.0
2019,Prince Edward Island,Female,Non-Indigenous identity,,0.0
2019,Nova Scotia,All genders,Total,12,0.62
2019,Nova Scotia,All genders,Indigenous identity,,3.19
2019,Nova Scotia,All genders,Non-Indigenous identity,,0.33
2019,Nova Scotia,Male,Total,,0.84
2019,Nova Scotia,Male,Indigenous identity,,3.26
2019,Nova Scotia,Male,Non-Indigenous identity,,0.68
2019,Nova Scotia,Female,Total,,0.4
2019,Nova Scotia,Female,Indigenous identity,,3.13
2019,Nova Scotia,Female,Non-Indigenous identity,,0.0
2019,New Brunswick,All genders,Total,13,2.19
2019,New Brunswick,All genders,Indigenous identity,,2.92
2019,New Brunswick,All genders,Non-Indigenous identity,,2.15
2019,New Brunswick,Male,Total,,3.12
2019,New Brunswick,Male,Indigenous identity,,5.82
2019,New Brunswick,Male,Non-Indigenous identity,,2.99
2019,New Brunswick,Female,Total,,1.27
2019,New Brunswick,Female,Indigenous identity,,0.0
2019,New Brunswick,Female,Non-Indigenous identity,,1.33
2019,Quebec,All genders,Total,24,0.92
2019,Quebec,All genders,Indigenous identity,,4.06
2019,Quebec,All genders,Non-Indigenous identity,,0.8
2019,Quebec,Male,Total,,1.32
2019,Quebec,Male,Indigenous identity,,4.45
2019,Quebec,Male,Non-Indigenous identity,,1.19
2019,Quebec,Female,Total,,0.49
2019,Quebec,Female,Indigenous identity,,3.66
2019,Quebec,Female,Non-Indigenous identity,,0.41
2019,Ontario,All genders,Total,35,1.74
2019,Ontario,All genders,Indigenous identity,,5.78
2019,Ontario,All genders,Non-Indigenous identity,,1.52
2019,Ontario,Male,Total,,2.67
2019,Ontario,Male,Indigenous identity,,7.24
2019,Ontario,Male,Non-Indigenous identity,,2.43
2019,Ontario,Female,Total,,0.79
2019,Ontario,Female,Indigenous identity,,3.93
2019,Ontario,Female,Non-Indigenous identity,,0.63
2019,Manitoba,All genders,Total,46,5.4
2019,Manitoba,All genders,Indigenous identity,,16.86
2019,Manitoba,All genders,Non-Indigenous identity,,1.98
2019,Manitoba,Male,Total,,9.35
2019,Manitoba,Male,Indigenous identity,,30.14
2019,Manitoba,Male,Non-Indigenous identity,,3.42
2019,Manitoba,Female,Total,,1.46
2019,Manitoba,Female,Indigenous identity,,3.8
2019,Manitoba,Female,Non-Indigenous identity,,0.54
2019,Saskatchewan,All genders,Total,47,4.69
2019,Saskatchewan,All genders,Indigenous identity,,18.41
2019,Saskatchewan,All genders,Non-Indigenous identity,,1.34
2019,Saskatchewan,Male,Total,,7.45
2019,Saskatchewan,Male,Indigenous identity,,29.01
2019,Saskatchewan,Male,Non-Indigenous identity,,2.45
2019,Saskatchewan,Female,Total,,1.72
2019,Saskatchewan,Female,Indigenous identity,,7.92
2019,Saskatchewan,Female,Non-Indigenous identity,,0.21
2019,Alberta,All genders,Total,48,2.29
2019,Alberta,All genders,Indigenous identity,,11.28
2019,Alberta,All genders,Non-Indigenous identity,,1.63
2019,Alberta,Male,Total,,3.42
2019,Alberta,Male,Indigenous identity,,14.76
2019,Alberta,Male,Non-Indigenous identity,,2.59
2019,Alberta,Female,Total,,1.15
2019,Alberta,Female,Indigenous identity,,7.87
2019,Alberta,Female,Non-Indigenous identity,,0.65
2019,British Columbia,All genders,Total,59,1.79
2019,British Columbia,All genders,Indigenous identity,,4.99
2019,British Columbia,All genders,Non-Indigenous identity,,1.55
2019,British Columbia,Male,Total,,2.86
2019,British Columbia,Male,Indigenous identity,,7.61
2019,British Columbia,Male,Non-Indigenous identity,,2.5
2019,British Columbia,Female,Total,,0.74
2019,British Columbia,Female,Indigenous identity,,2.46
2019,British Columbia,Female,Non-Indigenous identity,,0.62
2019,Yukon,All genders,Total,60,2.42
2019,Yukon,All genders,Indigenous identity,,10.61
2019,Yukon,All genders,Non-Indigenous identity,,0.0
2019,Yukon,Male,Total,,0.0
2019,Yukon,Male,Indigenous identity,,0.0
2019,Yukon,Male,Non-Indigenous identity,,0.0
2019,Yukon,Female,Total,,4.93
2019,Yukon,Female,Indigenous identity,,20.86
2019,Yukon,Female,Non-Indigenous identity,,0.0
2019,Northwest Territories,All genders,Total,61,4.44
2019,Northwest Territories,All genders,Indigenous identity,,8.76
2019,Northwest Territories,All genders,Non-Indigenous identity,,0.0
2019,Northwest Territories,Male,Total,,8.63
2019,Northwest Territories,Male,Indigenous identity,,17.34
2019,Northwest Territories,Male,Non-Indigenous identity,,0.0
2019,Northwest Territories,Female,Total,,0.0
2019,Northwest Territories,Female,Indigenous identity,,0.0
2019,Northwest Territories,Female,Non-Indigenous identity,,0.0
2019,Nunavut,All genders,Total,62,18.14
2019,Nunavut,All genders,Indigenous identity,,20.93
2019,Nunavut,All genders,Non-Indigenous identity,,0.0
2019,Nunavut,Male,Total,,20.2
2019,Nunavut,Male,Indigenous identity,,23.46
2019,Nunavut,Male,Non-Indigenous identity,,0.0
2019,Nunavut,Female,Total,,15.97
2019,Nunavut,Female,Indigenous identity,,18.3
2019,Nunavut,Female,Non-Indigenous identity,,0.0
2020,Canada,All genders,Indigenous identity,,10.43
2020,Canada,All genders,Non-Indigenous identity,,1.45
2020,Canada,Male,Total,,3.06
2020,Canada,Male,Indigenous identity,,16.66
2020,Canada,Male,Non-Indigenous identity,,2.17
2020,Canada,Female,Total,,0.95
2020,Canada,Female,Indigenous identity,,4.31
2020,Canada,Female,Non-Indigenous identity,,0.71
2020,Newfoundland and Labrador,All genders,Total,10,0.77
2020,Newfoundland and Labrador,All genders,Indigenous identity,,1.94
2020,Newfoundland and Labrador,All genders,Non-Indigenous identity,,0.43
2020,Newfoundland and Labrador,Male,Total,,1.55
2020,Newfoundland and Labrador,Male,Indigenous identity,,3.96
2020,Newfoundland and Labrador,Male,Non-Indigenous identity,,0.86
2020,Newfoundland and Labrador,Female,Total,,0.0
2020,Newfoundland and Labrador,Female,Indigenous identity,,0.0
2020,Newfoundland and Labrador,Female,Non-Indigenous identity,,0.0
2020,Prince Edward Island,All genders,Total,11,0.62
2020,Prince Edward Island,All genders,Indigenous identity,,0.0
2020,Prince Edward Island,All genders,Non-Indigenous identity,,0.63
2020,Prince Edward Island,Male,Total,,0.0
2020,Prince Edward Island,Male,Indigenous identity,,0.0
2020,Prince Edward Island,Male,Non-Indigenous identity,,0.0
2020,Prince Edward Island,Female,Total,,1.22
2020,Prince Edward Island,Female,Indigenous identity,,0.0
2020,Prince Edward Island,Female,Non-Indigenous identity,,1.25
2020,Nova Scotia,All genders,Total,12,3.77
2020,Nova Scotia,All genders,Indigenous identity,,1.53
2020,Nova Scotia,All genders,Non-Indigenous identity,,3.71
2020,Nova Scotia,Male,Total,,4.37
2020,Nova Scotia,Male,Indigenous identity,,0.0
2020,Nova Scotia,Male,Non-Indigenous identity,,4.46
2020,Nova Scotia,Female,Total,,3.19
2020,Nova Scotia,Female,Indigenous identity,,2.99
2020,Nova Scotia,Female,Non-Indigenous identity,,2.99
2020,New Brunswick,All genders,Total,13,1.79
2020,New Brunswick,All genders,Indigenous identity,,5.66
2020,New Brunswick,All genders,Non-Indigenous identity,,1.6
2020,New Brunswick,Male,Total,,2.84
2020,New Brunswick,Male,Indigenous identity,,11.29
2020,New Brunswick,Male,Non-Indigenous identity,,2.43
2020,New Brunswick,Female,Total,,0.76
2020,New Brunswick,Female,Indigenous identity,,0.0
2020,New Brunswick,Female,Non-Indigenous identity,,0.79
2020,Quebec,All genders,Total,24,1.01
2020,Quebec,All genders,Indigenous identity,,5.22
2020,Quebec,All genders,Non-Indigenous identity,,0.89
2020,Quebec,Male,Total,,1.47
2020,Quebec,Male,Indigenous identity,,8.59
2020,Quebec,Male,Non-Indigenous identity,,1.25
2020,Quebec,Female,Total,,0.56
2020,Quebec,Female,Indigenous identity,,1.77
2020,Quebec,Female,Non-Indigenous identity,,0.53
2020,Ontario,All genders,Total,35,1.65
2020,Ontario,All genders,Indigenous identity,,5.62
2020,Ontario,All genders,Non-Indigenous identity,,1.4
2020,Ontario,Male,Total,,2.5
2020,Ontario,Male,Indigenous identity,,8.79
2020,Ontario,Male,Non-Indigenous identity,,2.14
2020,Ontario,Female,Total,,0.8
2020,Ontario,Female,Indigenous identity,,2.55
2020,Ontario,Female,Non-Indigenous identity,,0.66
2020,Manitoba,All genders,Total,46,4.49
2020,Manitoba,All genders,Indigenous identity,,14.99
2020,Manitoba,All genders,Non-Indigenous identity,,1.26
2020,Manitoba,Male,Total,,7.4
2020,Manitoba,Male,Indigenous identity,,24.19
2020,Manitoba,Male,Non-Indigenous identity,,2.15
2020,Manitoba,Female,Total,,1.45
2020,Manitoba,Female,Indigenous identity,,5.94
2020,Manitoba,Female,Non-Indigenous identity,,0.18
2020,Saskatchewan,All genders,Total,47,5.43
2020,Saskatchewan,All genders,Indigenous identity,,23.48
2020,Saskatchewan,All genders,Non-Indigenous identity,,1.44
2020,Saskatchewan,Male,Total,,8.59
2020,Saskatchewan,Male,Indigenous identity,,37.36
2020,Saskatchewan,Male,Non-Indigenous identity,,2.23
2020,Saskatchewan,Female,Total,,2.22
2020,Saskatchewan,Female,Indigenous identity,,9.74
2020,Saskatchewan,Female,Non-Indigenous identity,,0.62
2020,Alberta,All genders,Total,48,3.24
2020,Alberta,All genders,Indigenous identity,,19.79
2020,Alberta,All genders,Non-Indigenous identity,,1.99
2020,Alberta,Male,Total,,5.26
2020,Alberta,Male,Indigenous identity,,32.78
2020,Alberta,Male,Non-Indigenous identity,,3.24
2020,Alberta,Female,Total,,1.14
2020,Alberta,Female,Indigenous identity,,7.07
2020,Alberta,Female,Non-Indigenous identity,,0.69
2020,British Columbia,All genders,Total,59,1.94
2020,British Columbia,All genders,Indigenous identity,,3.95
2020,British Columbia,All genders,Non-Indigenous identity,,1.8
2020,British Columbia,Male,Total,,2.86
2020,British Columbia,Male,Indigenous identity,,6.18
2020,British Columbia,Male,Non-Indigenous identity,,2.64
2020,British Columbia,Female,Total,,0.96
2020,British Columbia,Female,Indigenous identity,,1.79
2020,British Columbia,Female,Non-Indigenous identity,,0.9
2020,Yukon,All genders,Total,60,0.0
2020,Yukon,All genders,Indigenous identity,,0.0
2020,Yukon,All genders,Non-Indigenous identity,,0.0
2020,Yukon,Male,Total,,0.0
2020,Yukon,Male,Indigenous identity,,0.0
2020,Yukon,Male,Non-Indigenous identity,,0.0
2020,Yukon,Female,Total,,0.0
2020,Yukon,Female,Indigenous identity,,0.0
2020,Yukon,Female,Non-Indigenous identity,,0.0
2020,Northwest Territories,All genders,Total,61,13.22
2020,Northwest Territories,All genders,Indigenous identity,,17.45
2020,Northwest Territories,All genders,Non-Indigenous identity,,8.91
2020,Northwest Territories,Male,Total,,12.87
2020,Northwest Territories,Male,Indigenous identity,,17.29
2020,Northwest Territories,Male,Non-Indigenous identity,,8.51
2020,Northwest Territories,Female,Total,,13.6
2020,Northwest Territories,Female,Indigenous identity,,17.61
2020,Northwest Territories,Female,Non-Indigenous identity,,9.35
2020,Nunavut,All genders,Total,62,7.66
2020,Nunavut,All genders,Indigenous identity,,8.81
2020,Nunavut,All genders,Non-Indigenous identity,,0.0
2020,Nunavut,Male,Total,,10.0
2020,Nunavut,Male,Indigenous identity,,11.57
2020,Nunavut,Male,Non-Indigenous identity,,0.0
2020,Nunavut,Female,Total,,5.22
2020,Nunavut,Female,Indigenous identity,,5.97
2020,Nunavut,Female,Non-Indigenous identity,,0.0
2021,Canada,All genders,Indigenous identity,,9.93
2021,Canada,All genders,Non-Indigenous identity,,1.58
2021,Canada,Male,Total,,3.11
2021,Canada,Male,Indigenous identity,,15.13
2021,Canada,Male,Non-Indigenous identity,,2.32
2021,Canada,Female,Total,,1.05
2021,Canada,Female,Indigenous identity,,4.6
2021,Canada,Female,Non-Indigenous identity,,0.82
2021,Newfoundland and Labrador,All genders,Total,10,1.52
2021,Newfoundland and Labrador,All genders,Indigenous identity,,8.24
2021,Newfoundland and Labrador,All genders,Non-Indigenous identity,,0.84
2021,Newfoundland and Labrador,Male,Total,,1.92
2021,Newfoundland and Labrador,Male,Indigenous identity,,12.7
2021,Newfoundland and Labrador,Male,Non-Indigenous identity,,0.84
2021,Newfoundland and Labrador,Female,Total,,1.13
2021,Newfoundland and Labrador,Female,Indigenous identity,,4.01
2021,Newfoundland and Labrador,Female,Non-Indigenous identity,,0.83
2021,Prince Edward Island,All genders,Total,11,0.62
2021,Prince Edward Island,All genders,Indigenous identity,,27.31
2021,Prince Edward Island,All genders,Non-Indigenous identity,,0.0
2021,Prince Edward Island,Male,Total,,1.26
2021,Prince Edward Island,Male,Indigenous identity,,56.37
2021,Prince Edward Island,Male,Non-Indigenous identity,,0.0
2021,Prince Edward Island,Female,Total,,0.0
2021,Prince Edward Island,Female,Indigenous identity,,0.0
2021,Prince Edward Island,Female,Non-Indigenous identity,,0.0
2021,Nova Scotia,All genders,Total,12,2.3
2021,Nova Scotia,All genders,Indigenous identity,,3.7
2021,Nova Scotia,All genders,Non-Indigenous identity,,1.9
2021,Nova Scotia,Male,Total,,4.26
2021,Nova Scotia,Male,Indigenous identity,,7.63
2021,Nova Scotia,Male,Non-Indigenous identity,,3.64
2021,Nova Scotia,Female,Total,,0.39
2021,Nova Scotia,Female,Indigenous identity,,0.0
2021,Nova Scotia,Female,Non-Indigenous identity,,0.21
2021,New Brunswick,All genders,Total,13,1.39
2021,New Brunswick,All genders,Indigenous identity,,2.91
2021,New Brunswick,All genders,Non-Indigenous identity,,1.32
2021,New Brunswick,Male,Total,,1.79
2021,New Brunswick,Male,Indigenous identity,,5.85
2021,New Brunswick,Male,Non-Indigenous identity,,1.61
2021,New Brunswick,Female,Total,,0.75
2021,New Brunswick,Female,Indigenous identity,,0.0
2021,New Brunswick,Female,Non-Indigenous identity,,0.78
2021,Quebec,All genders,Total,24,1.05
2021,Quebec,All genders,Indigenous identity,,5.27
2021,Quebec,All genders,Non-Indigenous identity,,0.92
2021,Quebec,Male,Total,,1.38
2021,Quebec,Male,Indigenous identity,,6.14
2021,Quebec,Male,Non-Indigenous identity,,1.22
2021,Quebec,Female,Total,,0.72
2021,Quebec,Female,Indigenous identity,,4.39
2021,Quebec,Female,Non-Indigenous identity,,0.62
2021,Ontario,All genders,Total,35,1.91
2021,Ontario,All genders,Indigenous identity,,4.55
2021,Ontario,All genders,Non-Indigenous identity,,1.66
2021,Ontario,Male,Total,,2.91
2021,Ontario,Male,Indigenous identity,,7.44
2021,Ontario,Male,Non-Indigenous identity,,2.49
2021,Ontario,Female,Total,,0.94
2021,Ontario,Female,Indigenous identity,,1.78
2021,Ontario,Female,Non-Indigenous identity,,0.84
2021,Manitoba,All genders,Total,46,4.45
2021,Manitoba,All genders,Indigenous identity,,13.13
2021,Manitoba,All genders,Non-Indigenous identity,,2.12
2021,Manitoba,Male,Total,,5.98
2021,Manitoba,Male,Indigenous identity,,17.22
2021,Manitoba,Male,Non-Indigenous identity,,2.96
2021,Manitoba,Female,Total,,2.17
2021,Manitoba,Female,Indigenous identity,,6.86
2021,Manitoba,Female,Non-Indigenous identity,,1.07
2021,Saskatchewan,All genders,Total,47,6.08
2021,Saskatchewan,All genders,Indigenous identity,,26.87
2021,Saskatchewan,All genders,Non-Indigenous identity,,1.76
2021,Saskatchewan,Male,Total,,9.01
2021,Saskatchewan,Male,Indigenous identity,,42.59
2021,Saskatchewan,Male,Non-Indigenous identity,,2.25
2021,Saskatchewan,Female,Total,,3.11
2021,Saskatchewan,Female,Indigenous identity,,11.72
2021,Saskatchewan,Female,Non-Indigenous identity,,1.26
2021,Alberta,All genders,Total,48,2.69
2021,Alberta,All genders,Indigenous identity,,13.31
2021,Alberta,All genders,Non-Indigenous identity,,1.87
2021,Alberta,Male,Total,,3.98
2021,Alberta,Male,Indigenous identity,,21.48
2021,Alberta,Male,Non-Indigenous identity,,2.69
2021,Alberta,Female,Total,,1.36
2021,Alberta,Female,Indigenous identity,,5.56
2021,Alberta,Female,Non-Indigenous identity,,1.03
2021,British Columbia,All genders,Total,59,2.39
2021,British Columbia,All genders,Indigenous identity,,6.36
2021,British Columbia,All genders,Non-Indigenous identity,,2.14
2021,British Columbia,Male,Total,,3.74
2021,British Columbia,Male,Indigenous identity,,10.36
2021,British Columbia,Male,Non-Indigenous identity,,3.32
2021,British Columbia,Female,Total,,1.02
2021,British Columbia,Female,Indigenous identity,,2.5
2021,British Columbia,Female,Non-Indigenous identity,,0.93
2021,Yukon,All genders,Total,60,9.31
2021,Yukon,All genders,Indigenous identity,,20.8
2021,Yukon,All genders,Non-Indigenous identity,,6.0
2021,Yukon,Male,Total,,9.28
2021,Yukon,Male,Indigenous identity,,22.15
2021,Yukon,Male,Non-Indigenous identity,,5.87
2021,Yukon,Female,Total,,9.35
2021,Yukon,Female,Indigenous identity,,19.6
2021,Yukon,Female,Non-Indigenous identity,,6.14
2021,Northwest Territories,All genders,Total,61,2.24
2021,Northwest Territories,All genders,Indigenous identity,,4.48
2021,Northwest Territories,All genders,Non-Indigenous identity,,0.0
2021,Northwest Territories,Male,Total,,4.37
2021,Northwest Territories,Male,Indigenous identity,,8.94
2021,Northwest Territories,Male,Non-Indigenous identity,,0.0
2021,Northwest Territories,Female,Total,,0.0
2021,Northwest Territories,Female,Indigenous identity,,0.0
2021,Northwest Territories,Female,Non-Indigenous identity,,0.0
2021,Nunavut,All genders,Total,62,4.99
2021,Nunavut,All genders,Indigenous identity,,5.83
2021,Nunavut,All genders,Non-Indigenous identity,,0.0
2021,Nunavut,Male,Total,,4.92
2021,Nunavut,Male,Indigenous identity,,5.82
2021,Nunavut,Male,Non-Indigenous identity,,0.0
2021,Nunavut,Female,Total,,5.06
2021,Nunavut,Female,Indigenous identity,,5.84
2021,Nunavut,Female,Non-Indigenous identity,,0.0
2022,Canada,All genders,Indigenous identity,,11.31
2022,Canada,All genders,Non-Indigenous identity,,1.7
2022,Canada,Male,Total,,3.43
2022,Canada,Male,Indigenous identity,,17.27
2022,Canada,Male,Non-Indigenous identity,,2.59
2022,Canada,Female,Total,,1.05
2022,Canada,Female,Indigenous identity,,5.26
2022,Canada,Female,Non-Indigenous identity,,0.79
2022,Newfoundland and Labrador,All genders,Total,10,0.56
2022,Newfoundland and Labrador,All genders,Indigenous identity,,0.0
2022,Newfoundland and Labrador,All genders,Non-Indigenous identity,,0.62
2022,Newfoundland and Labrador,Male,Total,,0.38
2022,Newfoundland and Labrador,Male,Indigenous identity,,0.0
2022,Newfoundland and Labrador,Male,Non-Indigenous identity,,0.42
2022,Newfoundland and Labrador,Female,Total,,0.74
2022,Newfoundland and Labrador,Female,Indigenous identity,,0.0
2022,Newfoundland and Labrador,Female,Non-Indigenous identity,,0.82
2022,Prince Edward Island,All genders,Total,11,0.0
2022,Prince Edward Island,All genders,Indigenous identity,,0.0
2022,Prince Edward Island,All genders,Non-Indigenous identity,,0.0
2022,Prince Edward Island,Male,Total,,0.0
2022,Prince Edward Island,Male,Indigenous identity,,0.0
2022,Prince Edward Island,Male,Non-Indigenous identity,,0.0
2022,Prince Edward Island,Female,Total,,0.0
2022,Prince Edward Island,Female,Indigenous identity,,0.0
2022,Prince Edward Island,Female,Non-Indigenous identity,,0.0
2022,Nova Scotia,All genders,Total,12,1.85
2022,Nova Scotia,All genders,Indigenous identity,,0.0
2022,Nova Scotia,All genders,Non-Indigenous identity,,1.86
2022,Nova Scotia,Male,Total,,3.16
2022,Nova Scotia,Male,Indigenous identity,,0.0
2022,Nova Scotia,Male,Non-Indigenous identity,,3.14
2022,Nova Scotia,Female,Total,,0.58
2022,Nova Scotia,Female,Indigenous identity,,0.0
2022,Nova Scotia,Female,Non-Indigenous identity,,0.61
2022,New Brunswick,All genders,Total,13,1.85
2022,New Brunswick,All genders,Indigenous identity,,8.32
2022,New Brunswick,All genders,Non-Indigenous identity,,1.42
2022,New Brunswick,Male,Total,,3.75
2022,New Brunswick,Male,Indigenous identity,,16.79
2022,New Brunswick,Male,Non-Indigenous identity,,2.88
2022,New Brunswick,Female,Total,,0.0
2022,New Brunswick,Female,Indigenous identity,,0.0
2022,New Brunswick,Female,Non-Indigenous identity,,0.0
2022,Quebec,All genders,Total,24,1.28
2022,Quebec,All genders,Indigenous identity,,4.26
2022,Quebec,All genders,Non-Indigenous identity,,1.13
2022,Quebec,Male,Total,,1.89
2022,Quebec,Male,Indigenous identity,,7.68
2022,Quebec,Male,Non-Indigenous identity,,1.61
2022,Quebec,Female,Total,,0.62
2022,Quebec,Female,Indigenous identity,,0.85
2022,Quebec,Female,Non-Indigenous identity,,0.59
2022,Ontario,All genders,Total,35,1.93
2022,Ontario,All genders,Indigenous identity,,7.04
2022,Ontario,All genders,Non-Indigenous identity,,1.69
2022,Ontario,Male,Total,,2.89
2022,Ontario,Male,Indigenous identity,,11.7
2022,Ontario,Male,Non-Indigenous identity,,2.54
2022,Ontario,Female,Total,,0.94
2022,Ontario,Female,Indigenous identity,,2.58
2022,Ontario,Female,Non-Indigenous identity,,0.84
2022,Manitoba,All genders,Total,46,6.3
2022,Manitoba,All genders,Indigenous identity,,23.43
2022,Manitoba,All genders,Non-Indigenous identity,,2.26
2022,Manitoba,Male,Total,,9.54
2022,Manitoba,Male,Indigenous identity,,34.45
2022,Manitoba,Male,Non-Indigenous identity,,3.95
2022,Manitoba,Female,Total,,3.0
2022,Manitoba,Female,Indigenous identity,,12.69
2022,Manitoba,Female,Non-Indigenous identity,,0.53
2022,Saskatchewan,All genders,Total,47,6.19
2022,Saskatchewan,All genders,Indigenous identity,,24.01
2022,Saskatchewan,All genders,Non-Indigenous identity,,2.26
2022,Saskatchewan,Male,Total,,8.77
2022,Saskatchewan,Male,Indigenous identity,,34.98
2022,Saskatchewan,Male,Non-Indigenous identity,,3.04
2022,Saskatchewan,Female,Total,,3.25
2022,Saskatchewan,Female,Indigenous identity,,11.54
2022,Saskatchewan,Female,Non-Indigenous identity,,1.45
2022,Alberta,All genders,Total,48,2.64
2022,Alberta,All genders,Indigenous identity,,12.82
2022,Alberta,All genders,Non-Indigenous identity,,1.84
2022,Alberta,Male,Total,,4.05
2022,Alberta,Male,Indigenous identity,,20.54
2022,Alberta,Male,Non-Indigenous identity,,2.84
2022,Alberta,Female,Total,,1.12
2022,Alberta,Female,Indigenous identity,,4.88
2022,Alberta,Female,Non-Indigenous identity,,0.82
2022,British Columbia,All genders,Total,59,2.89
2022,British Columbia,All genders,Indigenous identity,,8.32
2022,British Columbia,All genders,Non-Indigenous identity,,2.48
2022,British Columbia,Male,Total,,4.49
2022,British Columbia,Male,Indigenous identity,,11.94
2022,British Columbia,Male,Non-Indigenous identity,,3.89
2022,British Columbia,Female,Total,,1.29
2022,British Columbia,Female,Indigenous identity,,4.84
2022,British Columbia,Female,Non-Indigenous identity,,1.06
2022,Yukon,All genders,Total,60,4.56
2022,Yukon,All genders,Indigenous identity,,10.26
2022,Yukon,All genders,Non-Indigenous identity,,2.93
2022,Yukon,Male,Total,,9.07
2022,Yukon,Male,Indigenous identity,,21.86
2022,Yukon,Male,Non-Indigenous identity,,5.73
2022,Yukon,Female,Total,,0.0
2022,Yukon,Female,Indigenous identity,,0.0
2022,Yukon,Female,Non-Indigenous identity,,0.0
2022,Northwest Territories,All genders,Total,61,6.71
2022,Northwest Territories,All genders,Indigenous identity,,8.98
2022,Northwest Territories,All genders,Non-Indigenous identity,,4.46
2022,Northwest Territories,Male,Total,,8.74
2022,Northwest Territories,Male,Indigenous identity,,9.01
2022,Northwest Territories,Male,Non-Indigenous identity,,8.49
2022,Northwest Territories,Female,Total,,4.59
2022,Northwest Territories,Female,Indigenous identity,,8.96
2022,Northwest Territories,Female,Non-Indigenous identity,,0.0
2022,Nunavut,All genders,Total,62,2.47
2022,Nunavut,All genders,Indigenous identity,,2.88
2022,Nunavut,All genders,Non-Indigenous identity,,0.0
2022,Nunavut,Male,Total,,0.0
2022,Nunavut,Male,Indigenous identity,,0.0
2022,Nunavut,Male,Non-Indigenous identity,,0.0
2022,Nunavut,Female,Total,,5.0
2022,Nunavut,Female,Indigenous identity,,5.78
2022,Nunavut,Female,Non-Indigenous identity,,0.0
2023,Canada,All genders,Indigenous identity,,9.31
2023,Canada,All genders,Non-Indigenous identity,,1.46
2023,Canada,Male,Total,,2.82
2023,Canada,Male,Indigenous identity,,13.85
2023,Canada,Male,Non-Indigenous identity,,2.13
2023,Canada,Female,Total,,1.02
2023,Canada,Female,Indigenous identity,,4.74
2023,Canada,Female,Non-Indigenous identity,,0.78
2023,Newfoundland and Labrador,All genders,Total,10,1.49
2023,Newfoundland and Labrador,All genders,Indigenous identity,,0.0
2023,Newfoundland and Labrador,All genders,Non-Indigenous identity,,1.23
2023,Newfoundland and Labrador,Male,Total,,1.88
2023,Newfoundland and Labrador,Male,Indigenous identity,,0.0
2023,Newfoundland and Labrador,Male,Non-Indigenous identity,,1.66
2023,Newfoundland and Labrador,Female,Total,,0.73
2023,Newfoundland and Labrador,Female,Indigenous identity,,0.0
2023,Newfoundland and Labrador,Female,Non-Indigenous identity,,0.81
2023,Prince Edward Island,All genders,Total,11,0.58
2023,Prince Edward Island,All genders,Indigenous identity,,0.0
2023,Prince Edward Island,All genders,Non-Indigenous identity,,0.59
2023,Prince Edward Island,Male,Total,,1.17
2023,Prince Edward Island,Male,Indigenous identity,,0.0
2023,Prince Edward Island,Male,Non-Indigenous identity,,1.2
2023,Prince Edward Island,Female,Total,,0.0
2023,Prince Edward Island,Female,Indigenous identity,,0.0
2023,Prince Edward Island,Female,Non-Indigenous identity,,0.0
2023,Nova Scotia,All genders,Total,12,1.32
2023,Nova Scotia,All genders,Indigenous identity,,0.0
2023,Nova Scotia,All genders,Non-Indigenous identity,,1.3
2023,Nova Scotia,Male,Total,,1.53
2023,Nova Scotia,Male,Indigenous identity,,0.0
2023,Nova Scotia,Male,Non-Indigenous identity,,1.42
2023,Nova Scotia,Female,Total,,1.12
2023,Nova Scotia,Female,Indigenous identity,,0.0
2023,Nova Scotia,Female,Non-Indigenous identity,,1.19
2023,New Brunswick,All genders,Total,13,1.08
2023,New Brunswick,All genders,Indigenous identity,,2.65
2023,New Brunswick,All genders,Non-Indigenous identity,,0.88
2023,New Brunswick,Male,Total,,1.7
2023,New Brunswick,Male,Indigenous identity,,5.36
2023,New Brunswick,Male,Non-Indigenous identity,,1.27
2023,New Brunswick,Female,Total,,0.47
2023,New Brunswick,Female,Indigenous identity,,0.0
2023,New Brunswick,Female,Non-Indigenous identity,,0.5
2023,Quebec,All genders,Total,24,1.14
2023,Quebec,All genders,Indigenous identity,,4.14
2023,Quebec,All genders,Non-Indigenous identity,,0.96
2023,Quebec,Male,Total,,1.41
2023,Quebec,Male,Indigenous identity,,4.14
2023,Quebec,Male,Non-Indigenous identity,,1.22
2023,Quebec,Female,Total,,0.84
2023,Quebec,Female,Indigenous identity,,4.14
2023,Quebec,Female,Non-Indigenous identity,,0.67
2023,Ontario,All genders,Total,35,1.68
2023,Ontario,All genders,Indigenous identity,,4.05
2023,Ontario,All genders,Non-Indigenous identity,,1.53
2023,Ontario,Male,Total,,2.41
2023,Ontario,Male,Indigenous identity,,6.96
2023,Ontario,Male,Non-Indigenous identity,,2.15
2023,Ontario,Female,Total,,0.92
2023,Ontario,Female,Indigenous identity,,1.25
2023,Ontario,Female,Non-Indigenous identity,,0.89
2023,Manitoba,All genders,Total,46,5.09
2023,Manitoba,All genders,Indigenous identity,,18.78
2023,Manitoba,All genders,Non-Indigenous identity,,1.86
2023,Manitoba,Male,Total,,7.48
2023,Manitoba,Male,Indigenous identity,,25.36
2023,Manitoba,Male,Non-Indigenous identity,,3.33
2023,Manitoba,Female,Total,,2.64
2023,Manitoba,Female,Indigenous identity,,12.37
2023,Manitoba,Female,Non-Indigenous identity,,0.34
2023,Saskatchewan,All genders,Total,47,4.88
2023,Saskatchewan,All genders,Indigenous identity,,19.59
2023,Saskatchewan,All genders,Non-Indigenous identity,,1.7
2023,Saskatchewan,Male,Total,,7.22
2023,Saskatchewan,Male,Indigenous identity,,29.25
2023,Saskatchewan,Male,Non-Indigenous identity,,2.76
2023,Saskatchewan,Female,Total,,2.33
2023,Saskatchewan,Female,Indigenous identity,,9.37
2023,Saskatchewan,Female,Non-Indigenous identity,,0.61
2023,Alberta,All genders,Total,48,2.45
2023,Alberta,All genders,Indigenous identity,,13.41
2023,Alberta,All genders,Non-Indigenous identity,,1.56
2023,Alberta,Male,Total,,3.72
2023,Alberta,Male,Indigenous identity,,22.52
2023,Alberta,Male,Non-Indigenous identity,,2.36
2023,Alberta,Female,Total,,1.07
2023,Alberta,Female,Indigenous identity,,4.75
2023,Alberta,Female,Non-Indigenous identity,,0.69
2023,British Columbia,All genders,Total,59,2.23
2023,British Columbia,All genders,Indigenous identity,,5.43
2023,British Columbia,All genders,Non-Indigenous identity,,2.02
2023,British Columbia,Male,Total,,3.51
2023,British Columbia,Male,Indigenous identity,,7.38
2023,British Columbia,Male,Non-Indigenous identity,,3.26
2023,British Columbia,Female,Total,,0.93
2023,British Columbia,Female,Indigenous identity,,2.96
2023,British Columbia,Female,Non-Indigenous identity,,0.8
2023,Yukon,All genders,Total,60,8.89
2023,Yukon,All genders,Indigenous identity,,20.2
2023,Yukon,All genders,Non-Indigenous identity,,5.7
2023,Yukon,Male,Total,,13.27
2023,Yukon,Male,Indigenous identity,,21.6
2023,Yukon,Male,Non-Indigenous identity,,11.12
2023,Yukon,Female,Total,,4.47
2023,Yukon,Female,Indigenous identity,,18.96
2023,Yukon,Female,Non-Indigenous identity,,0.0
2023,Northwest Territories,All genders,Total,61,13.34
2023,Northwest Territories,All genders,Indigenous identity,,22.57
2023,Northwest Territories,All genders,Non-Indigenous identity,,4.38
2023,Northwest Territories,Male,Total,,26.05
2023,Northwest Territories,Male,Indigenous identity,,45.15
2023,Northwest Territories,Male,Non-Indigenous identity,,8.36
2023,Northwest Territories,Female,Total,,0.0
2023,Northwest Territories,Female,Indigenous identity,,0.0
2023,Northwest Territories,Female,Non-Indigenous identity,,0.0
2023,Nunavut,All genders,Total,62,4.92
2023,Nunavut,All genders,Indigenous identity,,5.71
2023,Nunavut,All genders,Non-Indigenous identity,,0.0
2023,Nunavut,Male,Total,,4.86
2023,Nunavut,Male,Indigenous identity,,5.66
2023,Nunavut,Male,Non-Indigenous identity,,0.0
2023,Nunavut,Female,Total,,4.98
2023,Nunavut,Female,Indigenous identity,,5.76
2023,Nunavut,Female,Non-Indigenous identity,,0.0
