Year,Gender,Indigenous identity,Geography,GeoCode,Value
2014,,,,,1.48
2015,,,,,1.72
2016,,,,,1.71
2017,,,,,1.83
2018,,,,,1.79
2019,,,,,1.84
2020,,,,,2.01
2021,,,,,2.09
2022,,,,,2.27
2023,,,,,1.99
2024,,,,,1.91
2014,All genders,Indigenous identity,Canada,,7.19
2014,All genders,Non-Indigenous identity,Canada,,1.18
2014,Male,Total,Canada,,2.12
2014,Male,Indigenous identity,Canada,,10.87
2014,Male,Non-Indigenous identity,Canada,,1.65
2014,Female,Total,Canada,,0.86
2014,Female,Indigenous identity,Canada,,3.63
2014,Female,Non-Indigenous identity,Canada,,0.72
2014,All genders,Total,Newfoundland and Labrador,10,0.38
2014,All genders,Indigenous identity,Newfoundland and Labrador,,0.0
2014,All genders,Non-Indigenous identity,Newfoundland and Labrador,,0.41
2014,Male,Total,Newfoundland and Labrador,,0.77
2014,Male,Indigenous identity,Newfoundland and Labrador,,0.0
2014,Male,Non-Indigenous identity,Newfoundland and Labrador,,0.83
2014,Female,Total,Newfoundland and Labrador,,0.0
2014,Female,Indigenous identity,Newfoundland and Labrador,,0.0
2014,Female,Non-Indigenous identity,Newfoundland and Labrador,,0.0
2014,All genders,Total,Prince Edward Island,11,2.06
2014,All genders,Indigenous identity,Prince Edward Island,,0.0
2014,All genders,Non-Indigenous identity,Prince Edward Island,,2.1
2014,Male,Total,Prince Edward Island,,4.23
2014,Male,Indigenous identity,Prince Edward Island,,0.0
2014,Male,Non-Indigenous identity,Prince Edward Island,,4.31
2014,Female,Total,Prince Edward Island,,0.0
2014,Female,Indigenous identity,Prince Edward Island,,0.0
2014,Female,Non-Indigenous identity,Prince Edward Island,,0.0
2014,All genders,Total,Nova Scotia,12,0.64
2014,All genders,Indigenous identity,Nova Scotia,,2.14
2014,All genders,Non-Indigenous identity,Nova Scotia,,0.45
2014,Male,Total,Nova Scotia,,0.87
2014,Male,Indigenous identity,Nova Scotia,,0.0
2014,Male,Non-Indigenous identity,Nova Scotia,,0.68
2014,Female,Total,Nova Scotia,,0.42
2014,Female,Indigenous identity,Nova Scotia,,4.19
2014,Female,Non-Indigenous identity,Nova Scotia,,0.22
2014,All genders,Total,New Brunswick,13,1.45
2014,All genders,Indigenous identity,New Brunswick,,0.0
2014,All genders,Non-Indigenous identity,New Brunswick,,1.5
2014,Male,Total,New Brunswick,,1.6
2014,Male,Indigenous identity,New Brunswick,,0.0
2014,Male,Non-Indigenous identity,New Brunswick,,1.66
2014,Female,Total,New Brunswick,,1.3
2014,Female,Indigenous identity,New Brunswick,,0.0
2014,Female,Non-Indigenous identity,New Brunswick,,1.35
2014,All genders,Total,Quebec,24,0.89
2014,All genders,Indigenous identity,Quebec,,2.15
2014,All genders,Non-Indigenous identity,Quebec,,0.83
2014,Male,Total,Quebec,,1.19
2014,Male,Indigenous identity,Quebec,,2.12
2014,Male,Non-Indigenous identity,Quebec,,1.11
2014,Female,Total,Quebec,,0.59
2014,Female,Indigenous identity,Quebec,,2.17
2014,Female,Non-Indigenous identity,Quebec,,0.55
2014,All genders,Total,Ontario,35,1.15
2014,All genders,Indigenous identity,Ontario,,5.57
2014,All genders,Non-Indigenous identity,Ontario,,1.0
2014,Male,Total,Ontario,,1.72
2014,Male,Indigenous identity,Ontario,,9.8
2014,Male,Non-Indigenous identity,Ontario,,1.46
2014,Female,Total,Ontario,,0.59
2014,Female,Indigenous identity,Ontario,,1.55
2014,Female,Non-Indigenous identity,Ontario,,0.55
2014,All genders,Total,Manitoba,46,3.51
2014,All genders,Indigenous identity,Manitoba,,12.88
2014,All genders,Non-Indigenous identity,Manitoba,,1.52
2014,Male,Total,Manitoba,,5.18
2014,Male,Indigenous identity,Manitoba,,19.87
2014,Male,Non-Indigenous identity,Manitoba,,2.09
2014,Female,Total,Manitoba,,1.87
2014,Female,Indigenous identity,Manitoba,,6.12
2014,Female,Non-Indigenous identity,Manitoba,,0.95
2014,All genders,Total,Saskatchewan,47,2.17
2014,All genders,Indigenous identity,Saskatchewan,,6.73
2014,All genders,Non-Indigenous identity,Saskatchewan,,1.29
2014,Male,Total,Saskatchewan,,3.41
2014,Male,Indigenous identity,Saskatchewan,,12.59
2014,Male,Non-Indigenous identity,Saskatchewan,,1.7
2014,Female,Total,Saskatchewan,,0.91
2014,Female,Indigenous identity,Saskatchewan,,1.1
2014,Female,Non-Indigenous identity,Saskatchewan,,0.87
2014,All genders,Total,Alberta,48,2.65
2014,All genders,Indigenous identity,Alberta,,12.23
2014,All genders,Non-Indigenous identity,Alberta,,1.99
2014,Male,Total,Alberta,,3.63
2014,Male,Indigenous identity,Alberta,,17.08
2014,Male,Non-Indigenous identity,Alberta,,2.72
2014,Female,Total,Alberta,,1.65
2014,Female,Indigenous identity,Alberta,,7.53
2014,Female,Non-Indigenous identity,Alberta,,1.24
2014,All genders,Total,British Columbia,59,1.89
2014,All genders,Indigenous identity,British Columbia,,5.17
2014,All genders,Non-Indigenous identity,British Columbia,,1.69
2014,Male,Total,British Columbia,,2.61
2014,Male,Indigenous identity,British Columbia,,8.29
2014,Male,Non-Indigenous identity,British Columbia,,2.27
2014,Female,Total,British Columbia,,1.18
2014,Female,Indigenous identity,British Columbia,,2.17
2014,Female,Non-Indigenous identity,British Columbia,,1.12
2014,All genders,Total,Yukon,60,8.08
2014,All genders,Indigenous identity,Yukon,,11.52
2014,All genders,Non-Indigenous identity,Yukon,,7.03
2014,Male,Total,Yukon,,10.58
2014,Male,Indigenous identity,Yukon,,0.0
2014,Male,Non-Indigenous identity,Yukon,,13.6
2014,Female,Total,Yukon,,5.49
2014,Female,Indigenous identity,Yukon,,22.34
2014,Female,Non-Indigenous identity,Yukon,,0.0
2014,All genders,Total,Northwest Territories,61,6.78
2014,All genders,Indigenous identity,Northwest Territories,,13.27
2014,All genders,Non-Indigenous identity,Northwest Territories,,0.0
2014,Male,Total,Northwest Territories,,8.8
2014,Male,Indigenous identity,Northwest Territories,,17.71
2014,Male,Non-Indigenous identity,Northwest Territories,,0.0
2014,Female,Total,Northwest Territories,,4.65
2014,Female,Indigenous identity,Northwest Territories,,8.84
2014,Female,Non-Indigenous identity,Northwest Territories,,0.0
2014,All genders,Total,Nunavut,62,11.17
2014,All genders,Indigenous identity,Nunavut,,13.01
2014,All genders,Non-Indigenous identity,Nunavut,,0.0
2014,Male,Total,Nunavut,,10.85
2014,Male,Indigenous identity,Nunavut,,12.78
2014,Male,Non-Indigenous identity,Nunavut,,0.0
2014,Female,Total,Nunavut,,11.51
2014,Female,Indigenous identity,Nunavut,,13.25
2014,Female,Non-Indigenous identity,Nunavut,,0.0
2015,All genders,Indigenous identity,Canada,,8.74
2015,All genders,Non-Indigenous identity,Canada,,1.34
2015,Male,Total,Canada,,2.44
2015,Male,Indigenous identity,Canada,,12.6
2015,Male,Non-Indigenous identity,Canada,,1.9
2015,Female,Total,Canada,,1.0
2015,Female,Indigenous identity,Canada,,4.99
2015,Female,Non-Indigenous identity,Canada,,0.78
2015,All genders,Total,Newfoundland and Labrador,10,0.57
2015,All genders,Indigenous identity,Newfoundland and Labrador,,2.2
2015,All genders,Non-Indigenous identity,Newfoundland and Labrador,,0.41
2015,Male,Total,Newfoundland and Labrador,,0.76
2015,Male,Indigenous identity,Newfoundland and Labrador,,0.0
2015,Male,Non-Indigenous identity,Newfoundland and Labrador,,0.83
2015,Female,Total,Newfoundland and Labrador,,0.37
2015,Female,Indigenous identity,Newfoundland and Labrador,,4.33
2015,Female,Non-Indigenous identity,Newfoundland and Labrador,,0.0
2015,All genders,Total,Prince Edward Island,11,0.69
2015,All genders,Indigenous identity,Prince Edward Island,,0.0
2015,All genders,Non-Indigenous identity,Prince Edward Island,,0.7
2015,Male,Total,Prince Edward Island,,0.0
2015,Male,Indigenous identity,Prince Edward Island,,0.0
2015,Male,Non-Indigenous identity,Prince Edward Island,,0.0
2015,Female,Total,Prince Edward Island,,1.34
2015,Female,Indigenous identity,Prince Edward Island,,0.0
2015,Female,Non-Indigenous identity,Prince Edward Island,,1.36
2015,All genders,Total,Nova Scotia,12,1.27
2015,All genders,Indigenous identity,Nova Scotia,,1.98
2015,All genders,Non-Indigenous identity,Nova Scotia,,1.12
2015,Male,Total,Nova Scotia,,1.52
2015,Male,Indigenous identity,Nova Scotia,,4.04
2015,Male,Non-Indigenous identity,Nova Scotia,,1.38
2015,Female,Total,Nova Scotia,,1.04
2015,Female,Indigenous identity,Nova Scotia,,0.0
2015,Female,Non-Indigenous identity,Nova Scotia,,0.88
2015,All genders,Total,New Brunswick,13,1.44
2015,All genders,Indigenous identity,New Brunswick,,0.0
2015,All genders,Non-Indigenous identity,New Brunswick,,1.5
2015,Male,Total,New Brunswick,,1.59
2015,Male,Indigenous identity,New Brunswick,,0.0
2015,Male,Non-Indigenous identity,New Brunswick,,1.66
2015,Female,Total,New Brunswick,,1.3
2015,Female,Indigenous identity,New Brunswick,,0.0
2015,Female,Non-Indigenous identity,New Brunswick,,1.35
2015,All genders,Total,Quebec,24,0.97
2015,All genders,Indigenous identity,Quebec,,3.09
2015,All genders,Non-Indigenous identity,Quebec,,0.91
2015,Male,Total,Quebec,,1.48
2015,Male,Indigenous identity,Quebec,,4.06
2015,Male,Non-Indigenous identity,Quebec,,1.41
2015,Female,Total,Quebec,,0.46
2015,Female,Indigenous identity,Quebec,,2.09
2015,Female,Non-Indigenous identity,Quebec,,0.42
2015,All genders,Total,Ontario,35,1.27
2015,All genders,Indigenous identity,Ontario,,3.33
2015,All genders,Non-Indigenous identity,Ontario,,1.18
2015,Male,Total,Ontario,,1.83
2015,Male,Indigenous identity,Ontario,,5.25
2015,Male,Non-Indigenous identity,Ontario,,1.69
2015,Female,Total,Ontario,,0.72
2015,Female,Indigenous identity,Ontario,,1.5
2015,Female,Non-Indigenous identity,Ontario,,0.68
2015,All genders,Total,Manitoba,46,3.7
2015,All genders,Indigenous identity,Manitoba,,15.55
2015,All genders,Non-Indigenous identity,Manitoba,,1.13
2015,Male,Total,Manitoba,,5.73
2015,Male,Indigenous identity,Manitoba,,24.58
2015,Male,Non-Indigenous identity,Manitoba,,1.69
2015,Female,Total,Manitoba,,1.69
2015,Female,Indigenous identity,Manitoba,,6.81
2015,Female,Non-Indigenous identity,Manitoba,,0.56
2015,All genders,Total,Saskatchewan,47,4.19
2015,All genders,Indigenous identity,Saskatchewan,,17.55
2015,All genders,Non-Indigenous identity,Saskatchewan,,1.6
2015,Male,Total,Saskatchewan,,5.85
2015,Male,Indigenous identity,Saskatchewan,,30.13
2015,Male,Non-Indigenous identity,Saskatchewan,,1.26
2015,Female,Total,Saskatchewan,,2.51
2015,Female,Indigenous identity,Saskatchewan,,5.39
2015,Female,Non-Indigenous identity,Saskatchewan,,1.94
2015,All genders,Total,Alberta,48,3.23
2015,All genders,Indigenous identity,Alberta,,13.72
2015,All genders,Non-Indigenous identity,Alberta,,2.47
2015,Male,Total,Alberta,,4.23
2015,Male,Indigenous identity,Alberta,,15.84
2015,Male,Non-Indigenous identity,Alberta,,3.39
2015,Female,Total,Alberta,,2.21
2015,Female,Indigenous identity,Alberta,,11.67
2015,Female,Non-Indigenous identity,Alberta,,1.53
2015,All genders,Total,British Columbia,59,2.01
2015,All genders,Indigenous identity,British Columbia,,6.42
2015,All genders,Non-Indigenous identity,British Columbia,,1.73
2015,Male,Total,British Columbia,,3.0
2015,Male,Indigenous identity,British Columbia,,9.48
2015,Male,Non-Indigenous identity,British Columbia,,2.6
2015,Female,Total,British Columbia,,1.04
2015,Female,Indigenous identity,British Columbia,,3.49
2015,Female,Non-Indigenous identity,British Columbia,,0.88
2015,All genders,Total,Yukon,60,2.65
2015,All genders,Indigenous identity,Yukon,,0.0
2015,All genders,Non-Indigenous identity,Yukon,,3.46
2015,Male,Total,Yukon,,5.21
2015,Male,Indigenous identity,Yukon,,0.0
2015,Male,Non-Indigenous identity,Yukon,,6.71
2015,Female,Total,Yukon,,0.0
2015,Female,Indigenous identity,Yukon,,0.0
2015,Female,Non-Indigenous identity,Yukon,,0.0
2015,All genders,Total,Northwest Territories,61,13.48
2015,All genders,Indigenous identity,Northwest Territories,,26.53
2015,All genders,Non-Indigenous identity,Northwest Territories,,0.0
2015,Male,Total,Northwest Territories,,13.12
2015,Male,Indigenous identity,Northwest Territories,,26.49
2015,Male,Non-Indigenous identity,Northwest Territories,,0.0
2015,Female,Total,Northwest Territories,,13.86
2015,Female,Indigenous identity,Northwest Territories,,26.57
2015,Female,Non-Indigenous identity,Northwest Territories,,0.0
2015,All genders,Total,Nunavut,62,5.5
2015,All genders,Indigenous identity,Nunavut,,6.41
2015,All genders,Non-Indigenous identity,Nunavut,,0.0
2015,Male,Total,Nunavut,,5.35
2015,Male,Indigenous identity,Nunavut,,6.31
2015,Male,Non-Indigenous identity,Nunavut,,0.0
2015,Female,Total,Nunavut,,5.66
2015,Female,Indigenous identity,Nunavut,,6.52
2015,Female,Non-Indigenous identity,Nunavut,,0.0
2016,All genders,Indigenous identity,Canada,,7.96
2016,All genders,Non-Indigenous identity,Canada,,1.36
2016,Male,Total,Canada,,2.58
2016,Male,Indigenous identity,Canada,,12.66
2016,Male,Non-Indigenous identity,Canada,,2.02
2016,Female,Total,Canada,,0.86
2016,Female,Indigenous identity,Canada,,3.39
2016,Female,Non-Indigenous identity,Canada,,0.71
2016,All genders,Total,Newfoundland and Labrador,10,1.51
2016,All genders,Indigenous identity,Newfoundland and Labrador,,2.11
2016,All genders,Non-Indigenous identity,Newfoundland and Labrador,,1.45
2016,Male,Total,Newfoundland and Labrador,,1.9
2016,Male,Indigenous identity,Newfoundland and Labrador,,4.31
2016,Male,Non-Indigenous identity,Newfoundland and Labrador,,1.67
2016,Female,Total,Newfoundland and Labrador,,1.12
2016,Female,Indigenous identity,Newfoundland and Labrador,,0.0
2016,Female,Non-Indigenous identity,Newfoundland and Labrador,,1.24
2016,All genders,Total,Prince Edward Island,11,0.0
2016,All genders,Indigenous identity,Prince Edward Island,,0.0
2016,All genders,Non-Indigenous identity,Prince Edward Island,,0.0
2016,Male,Total,Prince Edward Island,,0.0
2016,Male,Indigenous identity,Prince Edward Island,,0.0
2016,Male,Non-Indigenous identity,Prince Edward Island,,0.0
2016,Female,Total,Prince Edward Island,,0.0
2016,Female,Indigenous identity,Prince Edward Island,,0.0
2016,Female,Non-Indigenous identity,Prince Edward Island,,0.0
2016,All genders,Total,Nova Scotia,12,1.38
2016,All genders,Indigenous identity,Nova Scotia,,1.86
2016,All genders,Non-Indigenous identity,Nova Scotia,,1.12
2016,Male,Total,Nova Scotia,,2.39
2016,Male,Indigenous identity,Nova Scotia,,3.82
2016,Male,Non-Indigenous identity,Nova Scotia,,1.84
2016,Female,Total,Nova Scotia,,0.41
2016,Female,Indigenous identity,Nova Scotia,,0.0
2016,Female,Non-Indigenous identity,Nova Scotia,,0.44
2016,All genders,Total,New Brunswick,13,1.44
2016,All genders,Indigenous identity,New Brunswick,,0.0
2016,All genders,Non-Indigenous identity,New Brunswick,,1.5
2016,Male,Total,New Brunswick,,2.38
2016,Male,Indigenous identity,New Brunswick,,0.0
2016,Male,Non-Indigenous identity,New Brunswick,,2.49
2016,Female,Total,New Brunswick,,0.52
2016,Female,Indigenous identity,New Brunswick,,0.0
2016,Female,Non-Indigenous identity,New Brunswick,,0.54
2016,All genders,Total,Quebec,24,0.81
2016,All genders,Indigenous identity,Quebec,,2.01
2016,All genders,Non-Indigenous identity,Quebec,,0.77
2016,Male,Total,Quebec,,1.25
2016,Male,Indigenous identity,Quebec,,3.98
2016,Male,Non-Indigenous identity,Quebec,,1.15
2016,Female,Total,Quebec,,0.39
2016,Female,Indigenous identity,Quebec,,0.0
2016,Female,Non-Indigenous identity,Quebec,,0.4
2016,All genders,Total,Ontario,35,1.48
2016,All genders,Indigenous identity,Ontario,,4.41
2016,All genders,Non-Indigenous identity,Ontario,,1.36
2016,Male,Total,Ontario,,2.21
2016,Male,Indigenous identity,Ontario,,8.52
2016,Male,Non-Indigenous identity,Ontario,,1.99
2016,Female,Total,Ontario,,0.78
2016,Female,Indigenous identity,Ontario,,0.48
2016,Female,Non-Indigenous identity,Ontario,,0.75
2016,All genders,Total,Manitoba,46,3.27
2016,All genders,Indigenous identity,Manitoba,,11.61
2016,All genders,Non-Indigenous identity,Manitoba,,1.4
2016,Male,Total,Manitoba,,5.04
2016,Male,Indigenous identity,Manitoba,,17.59
2016,Male,Non-Indigenous identity,Manitoba,,2.24
2016,Female,Total,Manitoba,,1.52
2016,Female,Indigenous identity,Manitoba,,5.75
2016,Female,Non-Indigenous identity,Manitoba,,0.56
2016,All genders,Total,Saskatchewan,47,5.02
2016,All genders,Indigenous identity,Saskatchewan,,20.13
2016,All genders,Non-Indigenous identity,Saskatchewan,,2.01
2016,Male,Total,Saskatchewan,,7.52
2016,Male,Indigenous identity,Saskatchewan,,30.95
2016,Male,Non-Indigenous identity,Saskatchewan,,2.93
2016,Female,Total,Saskatchewan,,2.48
2016,Female,Indigenous identity,Saskatchewan,,9.46
2016,Female,Non-Indigenous identity,Saskatchewan,,1.07
2016,All genders,Total,Alberta,48,2.76
2016,All genders,Indigenous identity,Alberta,,11.04
2016,All genders,Non-Indigenous identity,Alberta,,2.17
2016,Male,Total,Alberta,,4.11
2016,Male,Indigenous identity,Alberta,,15.17
2016,Male,Non-Indigenous identity,Alberta,,3.33
2016,Female,Total,Alberta,,1.4
2016,Female,Indigenous identity,Alberta,,7.02
2016,Female,Non-Indigenous identity,Alberta,,0.98
2016,All genders,Total,British Columbia,59,1.85
2016,All genders,Indigenous identity,British Columbia,,5.81
2016,All genders,Non-Indigenous identity,British Columbia,,1.6
2016,Male,Total,British Columbia,,2.74
2016,Male,Indigenous identity,British Columbia,,10.48
2016,Male,Non-Indigenous identity,British Columbia,,2.25
2016,Female,Total,British Columbia,,0.98
2016,Female,Indigenous identity,British Columbia,,1.34
2016,Female,Non-Indigenous identity,British Columbia,,0.95
2016,All genders,Total,Yukon,60,10.38
2016,All genders,Indigenous identity,Yukon,,22.17
2016,All genders,Non-Indigenous identity,Yukon,,6.78
2016,Male,Total,Yukon,,20.42
2016,Male,Indigenous identity,Yukon,,45.19
2016,Male,Non-Indigenous identity,Yukon,,13.19
2016,Female,Total,Yukon,,0.0
2016,Female,Indigenous identity,Yukon,,0.0
2016,Female,Non-Indigenous identity,Yukon,,0.0
2016,All genders,Total,Northwest Territories,61,6.72
2016,All genders,Indigenous identity,Northwest Territories,,13.27
2016,All genders,Non-Indigenous identity,Northwest Territories,,0.0
2016,Male,Total,Northwest Territories,,8.71
2016,Male,Indigenous identity,Northwest Territories,,17.62
2016,Male,Non-Indigenous identity,Northwest Territories,,0.0
2016,Female,Total,Northwest Territories,,4.61
2016,Female,Indigenous identity,Northwest Territories,,8.88
2016,Female,Non-Indigenous identity,Northwest Territories,,0.0
2016,All genders,Total,Nunavut,62,2.7
2016,All genders,Indigenous identity,Nunavut,,3.15
2016,All genders,Non-Indigenous identity,Nunavut,,0.0
2016,Male,Total,Nunavut,,0.0
2016,Male,Indigenous identity,Nunavut,,0.0
2016,Male,Non-Indigenous identity,Nunavut,,0.0
2016,Female,Total,Nunavut,,5.56
2016,Female,Indigenous identity,Nunavut,,6.41
2016,Female,Non-Indigenous identity,Nunavut,,0.0
2017,All genders,Indigenous identity,Canada,,8.47
2017,All genders,Non-Indigenous identity,Canada,,1.45
2017,Male,Total,Canada,,2.72
2017,Male,Indigenous identity,Canada,,12.91
2017,Male,Non-Indigenous identity,Canada,,2.14
2017,Female,Total,Canada,,0.95
2017,Female,Indigenous identity,Canada,,4.13
2017,Female,Non-Indigenous identity,Canada,,0.76
2017,All genders,Total,Newfoundland and Labrador,10,0.76
2017,All genders,Indigenous identity,Newfoundland and Labrador,,2.05
2017,All genders,Non-Indigenous identity,Newfoundland and Labrador,,0.63
2017,Male,Total,Newfoundland and Labrador,,0.38
2017,Male,Indigenous identity,Newfoundland and Labrador,,0.0
2017,Male,Non-Indigenous identity,Newfoundland and Labrador,,0.42
2017,Female,Total,Newfoundland and Labrador,,1.13
2017,Female,Indigenous identity,Newfoundland and Labrador,,4.02
2017,Female,Non-Indigenous identity,Newfoundland and Labrador,,0.83
2017,All genders,Total,Prince Edward Island,11,1.33
2017,All genders,Indigenous identity,Prince Edward Island,,0.0
2017,All genders,Non-Indigenous identity,Prince Edward Island,,1.36
2017,Male,Total,Prince Edward Island,,2.72
2017,Male,Indigenous identity,Prince Edward Island,,0.0
2017,Male,Non-Indigenous identity,Prince Edward Island,,2.77
2017,Female,Total,Prince Edward Island,,0.0
2017,Female,Indigenous identity,Prince Edward Island,,0.0
2017,Female,Non-Indigenous identity,Prince Edward Island,,0.0
2017,All genders,Total,Nova Scotia,12,2.21
2017,All genders,Indigenous identity,Nova Scotia,,0.0
2017,All genders,Non-Indigenous identity,Nova Scotia,,2.24
2017,Male,Total,Nova Scotia,,1.51
2017,Male,Indigenous identity,Nova Scotia,,0.0
2017,Male,Non-Indigenous identity,Nova Scotia,,1.6
2017,Female,Total,Nova Scotia,,2.88
2017,Female,Indigenous identity,Nova Scotia,,0.0
2017,Female,Non-Indigenous identity,Nova Scotia,,2.85
2017,All genders,Total,New Brunswick,13,1.3
2017,All genders,Indigenous identity,New Brunswick,,0.0
2017,All genders,Non-Indigenous identity,New Brunswick,,1.36
2017,Male,Total,New Brunswick,,1.85
2017,Male,Indigenous identity,New Brunswick,,0.0
2017,Male,Non-Indigenous identity,New Brunswick,,1.93
2017,Female,Total,New Brunswick,,0.77
2017,Female,Indigenous identity,New Brunswick,,0.0
2017,Female,Non-Indigenous identity,New Brunswick,,0.81
2017,All genders,Total,Quebec,24,1.12
2017,All genders,Indigenous identity,Quebec,,5.8
2017,All genders,Non-Indigenous identity,Quebec,,1.0
2017,Male,Total,Quebec,,1.5
2017,Male,Indigenous identity,Quebec,,7.65
2017,Male,Non-Indigenous identity,Quebec,,1.34
2017,Female,Total,Quebec,,0.7
2017,Female,Indigenous identity,Quebec,,3.92
2017,Female,Non-Indigenous identity,Quebec,,0.62
2017,All genders,Total,Ontario,35,1.41
2017,All genders,Indigenous identity,Ontario,,4.74
2017,All genders,Non-Indigenous identity,Ontario,,1.27
2017,Male,Total,Ontario,,2.13
2017,Male,Indigenous identity,Ontario,,7.75
2017,Male,Non-Indigenous identity,Ontario,,1.92
2017,Female,Total,Ontario,,0.7
2017,Female,Indigenous identity,Ontario,,1.86
2017,Female,Non-Indigenous identity,Ontario,,0.64
2017,All genders,Total,Manitoba,46,3.52
2017,All genders,Indigenous identity,Manitoba,,11.68
2017,All genders,Non-Indigenous identity,Manitoba,,1.56
2017,Male,Total,Manitoba,,5.7
2017,Male,Indigenous identity,Manitoba,,19.49
2017,Male,Non-Indigenous identity,Manitoba,,2.39
2017,Female,Total,Manitoba,,1.35
2017,Female,Indigenous identity,Manitoba,,4.0
2017,Female,Non-Indigenous identity,Manitoba,,0.74
2017,All genders,Total,Saskatchewan,47,3.3
2017,All genders,Indigenous identity,Saskatchewan,,15.5
2017,All genders,Non-Indigenous identity,Saskatchewan,,0.84
2017,Male,Total,Saskatchewan,,5.0
2017,Male,Indigenous identity,Saskatchewan,,26.01
2017,Male,Non-Indigenous identity,Saskatchewan,,0.83
2017,Female,Total,Saskatchewan,,1.58
2017,Female,Indigenous identity,Saskatchewan,,5.13
2017,Female,Non-Indigenous identity,Saskatchewan,,0.84
2017,All genders,Total,Alberta,48,2.81
2017,All genders,Indigenous identity,Alberta,,14.26
2017,All genders,Non-Indigenous identity,Alberta,,1.92
2017,Male,Total,Alberta,,4.45
2017,Male,Indigenous identity,Alberta,,21.87
2017,Male,Non-Indigenous identity,Alberta,,3.11
2017,Female,Total,Alberta,,1.14
2017,Female,Indigenous identity,Alberta,,6.86
2017,Female,Non-Indigenous identity,Alberta,,0.71
2017,All genders,Total,British Columbia,59,2.45
2017,All genders,Indigenous identity,British Columbia,,3.97
2017,All genders,Non-Indigenous identity,British Columbia,,2.36
2017,Male,Total,British Columbia,,3.77
2017,Male,Indigenous identity,British Columbia,,4.06
2017,Male,Non-Indigenous identity,British Columbia,,3.75
2017,Female,Total,British Columbia,,1.16
2017,Female,Indigenous identity,British Columbia,,3.89
2017,Female,Non-Indigenous identity,British Columbia,,0.98
2017,All genders,Total,Yukon,60,20.2
2017,All genders,Indigenous identity,Yukon,,65.3
2017,All genders,Non-Indigenous identity,Yukon,,6.57
2017,Male,Total,Yukon,,29.79
2017,Male,Indigenous identity,Yukon,,88.59
2017,Male,Non-Indigenous identity,Yukon,,12.8
2017,Female,Total,Yukon,,10.27
2017,Female,Indigenous identity,Yukon,,42.78
2017,Female,Non-Indigenous identity,Yukon,,0.0
2017,All genders,Total,Northwest Territories,61,4.46
2017,All genders,Indigenous identity,Northwest Territories,,8.81
2017,All genders,Non-Indigenous identity,Northwest Territories,,0.0
2017,Male,Total,Northwest Territories,,8.66
2017,Male,Indigenous identity,Northwest Territories,,17.53
2017,Male,Non-Indigenous identity,Northwest Territories,,0.0
2017,Female,Total,Northwest Territories,,0.0
2017,Female,Indigenous identity,Northwest Territories,,0.0
2017,Female,Non-Indigenous identity,Northwest Territories,,0.0
2017,All genders,Total,Nunavut,62,15.98
2017,All genders,Indigenous identity,Nunavut,,15.48
2017,All genders,Non-Indigenous identity,Nunavut,,19.07
2017,Male,Total,Nunavut,,20.72
2017,Male,Indigenous identity,Nunavut,,18.22
2017,Male,Non-Indigenous identity,Nunavut,,35.21
2017,Female,Total,Nunavut,,10.97
2017,Female,Indigenous identity,Nunavut,,12.63
2017,Female,Non-Indigenous identity,Nunavut,,0.0
2018,All genders,Indigenous identity,Canada,,7.45
2018,All genders,Non-Indigenous identity,Canada,,1.47
2018,Male,Total,Canada,,2.7
2018,Male,Indigenous identity,Canada,,10.42
2018,Male,Non-Indigenous identity,Canada,,2.26
2018,Female,Total,Canada,,0.9
2018,Female,Indigenous identity,Canada,,4.54
2018,Female,Non-Indigenous identity,Canada,,0.69
2018,All genders,Total,Newfoundland and Labrador,10,0.38
2018,All genders,Indigenous identity,Newfoundland and Labrador,,0.0
2018,All genders,Non-Indigenous identity,Newfoundland and Labrador,,0.21
2018,Male,Total,Newfoundland and Labrador,,0.77
2018,Male,Indigenous identity,Newfoundland and Labrador,,0.0
2018,Male,Non-Indigenous identity,Newfoundland and Labrador,,0.42
2018,Female,Total,Newfoundland and Labrador,,0.0
2018,Female,Indigenous identity,Newfoundland and Labrador,,0.0
2018,Female,Non-Indigenous identity,Newfoundland and Labrador,,0.0
2018,All genders,Total,Prince Edward Island,11,0.0
2018,All genders,Indigenous identity,Prince Edward Island,,0.0
2018,All genders,Non-Indigenous identity,Prince Edward Island,,0.0
2018,Male,Total,Prince Edward Island,,0.0
2018,Male,Indigenous identity,Prince Edward Island,,0.0
2018,Male,Non-Indigenous identity,Prince Edward Island,,0.0
2018,Female,Total,Prince Edward Island,,0.0
2018,Female,Indigenous identity,Prince Edward Island,,0.0
2018,Female,Non-Indigenous identity,Prince Edward Island,,0.0
2018,All genders,Total,Nova Scotia,12,1.15
2018,All genders,Indigenous identity,Nova Scotia,,0.0
2018,All genders,Non-Indigenous identity,Nova Scotia,,1.22
2018,Male,Total,Nova Scotia,,1.49
2018,Male,Indigenous identity,Nova Scotia,,0.0
2018,Male,Non-Indigenous identity,Nova Scotia,,1.59
2018,Female,Total,Nova Scotia,,0.82
2018,Female,Indigenous identity,Nova Scotia,,0.0
2018,Female,Non-Indigenous identity,Nova Scotia,,0.87
2018,All genders,Total,New Brunswick,13,1.69
2018,All genders,Indigenous identity,New Brunswick,,3.03
2018,All genders,Non-Indigenous identity,New Brunswick,,1.63
2018,Male,Total,New Brunswick,,1.31
2018,Male,Indigenous identity,New Brunswick,,0.0
2018,Male,Non-Indigenous identity,New Brunswick,,1.37
2018,Female,Total,New Brunswick,,2.06
2018,Female,Indigenous identity,New Brunswick,,6.09
2018,Female,Non-Indigenous identity,New Brunswick,,1.88
2018,All genders,Total,Quebec,24,1.0
2018,All genders,Indigenous identity,Quebec,,2.33
2018,All genders,Non-Indigenous identity,Quebec,,0.96
2018,Male,Total,Quebec,,1.58
2018,Male,Indigenous identity,Quebec,,2.76
2018,Male,Non-Indigenous identity,Quebec,,1.54
2018,Female,Total,Quebec,,0.43
2018,Female,Indigenous identity,Quebec,,1.89
2018,Female,Non-Indigenous identity,Quebec,,0.39
2018,All genders,Total,Ontario,35,1.9
2018,All genders,Indigenous identity,Ontario,,3.9
2018,All genders,Non-Indigenous identity,Ontario,,1.82
2018,Male,Total,Ontario,,2.8
2018,Male,Indigenous identity,Ontario,,4.2
2018,Male,Non-Indigenous identity,Ontario,,2.75
2018,Female,Total,Ontario,,1.02
2018,Female,Indigenous identity,Ontario,,3.6
2018,Female,Non-Indigenous identity,Ontario,,0.93
2018,All genders,Total,Manitoba,46,4.07
2018,All genders,Indigenous identity,Manitoba,,15.7
2018,All genders,Non-Indigenous identity,Manitoba,,1.37
2018,Male,Total,Manitoba,,6.36
2018,Male,Indigenous identity,Manitoba,,23.73
2018,Male,Non-Indigenous identity,Manitoba,,2.37
2018,Female,Total,Manitoba,,1.77
2018,Female,Indigenous identity,Manitoba,,7.79
2018,Female,Non-Indigenous identity,Manitoba,,0.36
2018,All genders,Total,Saskatchewan,47,3.01
2018,All genders,Indigenous identity,Saskatchewan,,11.14
2018,All genders,Non-Indigenous identity,Saskatchewan,,1.35
2018,Male,Total,Saskatchewan,,4.61
2018,Male,Indigenous identity,Saskatchewan,,18.33
2018,Male,Non-Indigenous identity,Saskatchewan,,1.85
2018,Female,Total,Saskatchewan,,1.39
2018,Female,Indigenous identity,Saskatchewan,,4.03
2018,Female,Non-Indigenous identity,Saskatchewan,,0.84
2018,All genders,Total,Alberta,48,1.93
2018,All genders,Indigenous identity,Alberta,,10.53
2018,All genders,Non-Indigenous identity,Alberta,,1.27
2018,Male,Total,Alberta,,2.86
2018,Male,Indigenous identity,Alberta,,14.44
2018,Male,Non-Indigenous identity,Alberta,,1.98
2018,Female,Total,Alberta,,0.98
2018,Female,Indigenous identity,Alberta,,6.71
2018,Female,Non-Indigenous identity,Alberta,,0.55
2018,All genders,Total,British Columbia,59,1.86
2018,All genders,Indigenous identity,British Columbia,,3.85
2018,All genders,Non-Indigenous identity,British Columbia,,1.72
2018,Male,Total,British Columbia,,3.02
2018,Male,Indigenous identity,British Columbia,,5.23
2018,Male,Non-Indigenous identity,British Columbia,,2.88
2018,Female,Total,British Columbia,,0.67
2018,Female,Indigenous identity,British Columbia,,2.52
2018,Female,Non-Indigenous identity,British Columbia,,0.55
2018,All genders,Total,Yukon,60,7.4
2018,All genders,Indigenous identity,Yukon,,21.49
2018,All genders,Non-Indigenous identity,Yukon,,3.2
2018,Male,Total,Yukon,,9.68
2018,Male,Indigenous identity,Yukon,,21.84
2018,Male,Non-Indigenous identity,Yukon,,6.22
2018,Female,Total,Yukon,,5.03
2018,Female,Indigenous identity,Yukon,,21.15
2018,Female,Non-Indigenous identity,Yukon,,0.0
2018,All genders,Total,Northwest Territories,61,13.34
2018,All genders,Indigenous identity,Northwest Territories,,21.96
2018,All genders,Non-Indigenous identity,Northwest Territories,,4.5
2018,Male,Total,Northwest Territories,,25.89
2018,Male,Indigenous identity,Northwest Territories,,43.54
2018,Male,Non-Indigenous identity,Northwest Territories,,8.55
2018,Female,Total,Northwest Territories,,0.0
2018,Female,Indigenous identity,Northwest Territories,,0.0
2018,Female,Non-Indigenous identity,Northwest Territories,,0.0
2018,All genders,Total,Nunavut,62,20.97
2018,All genders,Indigenous identity,Nunavut,,24.28
2018,All genders,Non-Indigenous identity,Nunavut,,0.0
2018,Male,Total,Nunavut,,20.42
2018,Male,Indigenous identity,Nunavut,,23.84
2018,Male,Non-Indigenous identity,Nunavut,,0.0
2018,Female,Total,Nunavut,,21.56
2018,Female,Indigenous identity,Nunavut,,24.74
2018,Female,Non-Indigenous identity,Nunavut,,0.0
2019,All genders,Indigenous identity,Canada,,9.18
2019,All genders,Non-Indigenous identity,Canada,,1.34
2019,Male,Total,Canada,,2.84
2019,Male,Indigenous identity,Canada,,13.51
2019,Male,Non-Indigenous identity,Canada,,2.14
2019,Female,Total,Canada,,0.82
2019,Female,Indigenous identity,Canada,,4.82
2019,Female,Non-Indigenous identity,Canada,,0.56
2019,All genders,Total,Newfoundland and Labrador,10,0.96
2019,All genders,Indigenous identity,Newfoundland and Labrador,,3.94
2019,All genders,Non-Indigenous identity,Newfoundland and Labrador,,0.63
2019,Male,Total,Newfoundland and Labrador,,1.16
2019,Male,Indigenous identity,Newfoundland and Labrador,,4.04
2019,Male,Non-Indigenous identity,Newfoundland and Labrador,,0.85
2019,Female,Total,Newfoundland and Labrador,,0.76
2019,Female,Indigenous identity,Newfoundland and Labrador,,3.85
2019,Female,Non-Indigenous identity,Newfoundland and Labrador,,0.42
2019,All genders,Total,Prince Edward Island,11,1.27
2019,All genders,Indigenous identity,Prince Edward Island,,0.0
2019,All genders,Non-Indigenous identity,Prince Edward Island,,1.3
2019,Male,Total,Prince Edward Island,,2.58
2019,Male,Indigenous identity,Prince Edward Island,,0.0
2019,Male,Non-Indigenous identity,Prince Edward Island,,2.63
2019,Female,Total,Prince Edward Island,,0.0
2019,Female,Indigenous identity,Prince Edward Island,,0.0
2019,Female,Non-Indigenous identity,Prince Edward Island,,0.0
2019,All genders,Total,Nova Scotia,12,0.62
2019,All genders,Indigenous identity,Nova Scotia,,3.19
2019,All genders,Non-Indigenous identity,Nova Scotia,,0.33
2019,Male,Total,Nova Scotia,,0.84
2019,Male,Indigenous identity,Nova Scotia,,3.26
2019,Male,Non-Indigenous identity,Nova Scotia,,0.68
2019,Female,Total,Nova Scotia,,0.4
2019,Female,Indigenous identity,Nova Scotia,,3.13
2019,Female,Non-Indigenous identity,Nova Scotia,,0.0
2019,All genders,Total,New Brunswick,13,2.19
2019,All genders,Indigenous identity,New Brunswick,,2.92
2019,All genders,Non-Indigenous identity,New Brunswick,,2.15
2019,Male,Total,New Brunswick,,3.12
2019,Male,Indigenous identity,New Brunswick,,5.82
2019,Male,Non-Indigenous identity,New Brunswick,,2.99
2019,Female,Total,New Brunswick,,1.27
2019,Female,Indigenous identity,New Brunswick,,0.0
2019,Female,Non-Indigenous identity,New Brunswick,,1.33
2019,All genders,Total,Quebec,24,0.92
2019,All genders,Indigenous identity,Quebec,,4.06
2019,All genders,Non-Indigenous identity,Quebec,,0.8
2019,Male,Total,Quebec,,1.32
2019,Male,Indigenous identity,Quebec,,4.45
2019,Male,Non-Indigenous identity,Quebec,,1.19
2019,Female,Total,Quebec,,0.49
2019,Female,Indigenous identity,Quebec,,3.66
2019,Female,Non-Indigenous identity,Quebec,,0.41
2019,All genders,Total,Ontario,35,1.74
2019,All genders,Indigenous identity,Ontario,,5.78
2019,All genders,Non-Indigenous identity,Ontario,,1.52
2019,Male,Total,Ontario,,2.67
2019,Male,Indigenous identity,Ontario,,7.24
2019,Male,Non-Indigenous identity,Ontario,,2.43
2019,Female,Total,Ontario,,0.79
2019,Female,Indigenous identity,Ontario,,3.93
2019,Female,Non-Indigenous identity,Ontario,,0.63
2019,All genders,Total,Manitoba,46,5.4
2019,All genders,Indigenous identity,Manitoba,,16.86
2019,All genders,Non-Indigenous identity,Manitoba,,1.98
2019,Male,Total,Manitoba,,9.35
2019,Male,Indigenous identity,Manitoba,,30.14
2019,Male,Non-Indigenous identity,Manitoba,,3.42
2019,Female,Total,Manitoba,,1.46
2019,Female,Indigenous identity,Manitoba,,3.8
2019,Female,Non-Indigenous identity,Manitoba,,0.54
2019,All genders,Total,Saskatchewan,47,4.69
2019,All genders,Indigenous identity,Saskatchewan,,18.41
2019,All genders,Non-Indigenous identity,Saskatchewan,,1.34
2019,Male,Total,Saskatchewan,,7.45
2019,Male,Indigenous identity,Saskatchewan,,29.01
2019,Male,Non-Indigenous identity,Saskatchewan,,2.45
2019,Female,Total,Saskatchewan,,1.72
2019,Female,Indigenous identity,Saskatchewan,,7.92
2019,Female,Non-Indigenous identity,Saskatchewan,,0.21
2019,All genders,Total,Alberta,48,2.29
2019,All genders,Indigenous identity,Alberta,,11.28
2019,All genders,Non-Indigenous identity,Alberta,,1.63
2019,Male,Total,Alberta,,3.42
2019,Male,Indigenous identity,Alberta,,14.76
2019,Male,Non-Indigenous identity,Alberta,,2.59
2019,Female,Total,Alberta,,1.15
2019,Female,Indigenous identity,Alberta,,7.87
2019,Female,Non-Indigenous identity,Alberta,,0.65
2019,All genders,Total,British Columbia,59,1.79
2019,All genders,Indigenous identity,British Columbia,,4.99
2019,All genders,Non-Indigenous identity,British Columbia,,1.55
2019,Male,Total,British Columbia,,2.86
2019,Male,Indigenous identity,British Columbia,,7.61
2019,Male,Non-Indigenous identity,British Columbia,,2.5
2019,Female,Total,British Columbia,,0.74
2019,Female,Indigenous identity,British Columbia,,2.46
2019,Female,Non-Indigenous identity,British Columbia,,0.62
2019,All genders,Total,Yukon,60,2.42
2019,All genders,Indigenous identity,Yukon,,10.61
2019,All genders,Non-Indigenous identity,Yukon,,0.0
2019,Male,Total,Yukon,,0.0
2019,Male,Indigenous identity,Yukon,,0.0
2019,Male,Non-Indigenous identity,Yukon,,0.0
2019,Female,Total,Yukon,,4.93
2019,Female,Indigenous identity,Yukon,,20.86
2019,Female,Non-Indigenous identity,Yukon,,0.0
2019,All genders,Total,Northwest Territories,61,4.44
2019,All genders,Indigenous identity,Northwest Territories,,8.76
2019,All genders,Non-Indigenous identity,Northwest Territories,,0.0
2019,Male,Total,Northwest Territories,,8.63
2019,Male,Indigenous identity,Northwest Territories,,17.34
2019,Male,Non-Indigenous identity,Northwest Territories,,0.0
2019,Female,Total,Northwest Territories,,0.0
2019,Female,Indigenous identity,Northwest Territories,,0.0
2019,Female,Non-Indigenous identity,Northwest Territories,,0.0
2019,All genders,Total,Nunavut,62,18.14
2019,All genders,Indigenous identity,Nunavut,,20.93
2019,All genders,Non-Indigenous identity,Nunavut,,0.0
2019,Male,Total,Nunavut,,20.2
2019,Male,Indigenous identity,Nunavut,,23.46
2019,Male,Non-Indigenous identity,Nunavut,,0.0
2019,Female,Total,Nunavut,,15.97
2019,Female,Indigenous identity,Nunavut,,18.3
2019,Female,Non-Indigenous identity,Nunavut,,0.0
2020,All genders,Indigenous identity,Canada,,10.43
2020,All genders,Non-Indigenous identity,Canada,,1.45
2020,Male,Total,Canada,,3.06
2020,Male,Indigenous identity,Canada,,16.66
2020,Male,Non-Indigenous identity,Canada,,2.17
2020,Female,Total,Canada,,0.95
2020,Female,Indigenous identity,Canada,,4.31
2020,Female,Non-Indigenous identity,Canada,,0.71
2020,All genders,Total,Newfoundland and Labrador,10,0.77
2020,All genders,Indigenous identity,Newfoundland and Labrador,,1.94
2020,All genders,Non-Indigenous identity,Newfoundland and Labrador,,0.43
2020,Male,Total,Newfoundland and Labrador,,1.55
2020,Male,Indigenous identity,Newfoundland and Labrador,,3.96
2020,Male,Non-Indigenous identity,Newfoundland and Labrador,,0.86
2020,Female,Total,Newfoundland and Labrador,,0.0
2020,Female,Indigenous identity,Newfoundland and Labrador,,0.0
2020,Female,Non-Indigenous identity,Newfoundland and Labrador,,0.0
2020,All genders,Total,Prince Edward Island,11,0.62
2020,All genders,Indigenous identity,Prince Edward Island,,0.0
2020,All genders,Non-Indigenous identity,Prince Edward Island,,0.63
2020,Male,Total,Prince Edward Island,,0.0
2020,Male,Indigenous identity,Prince Edward Island,,0.0
2020,Male,Non-Indigenous identity,Prince Edward Island,,0.0
2020,Female,Total,Prince Edward Island,,1.22
2020,Female,Indigenous identity,Prince Edward Island,,0.0
2020,Female,Non-Indigenous identity,Prince Edward Island,,1.25
2020,All genders,Total,Nova Scotia,12,3.77
2020,All genders,Indigenous identity,Nova Scotia,,1.53
2020,All genders,Non-Indigenous identity,Nova Scotia,,3.71
2020,Male,Total,Nova Scotia,,4.37
2020,Male,Indigenous identity,Nova Scotia,,0.0
2020,Male,Non-Indigenous identity,Nova Scotia,,4.46
2020,Female,Total,Nova Scotia,,3.19
2020,Female,Indigenous identity,Nova Scotia,,2.99
2020,Female,Non-Indigenous identity,Nova Scotia,,2.99
2020,All genders,Total,New Brunswick,13,1.79
2020,All genders,Indigenous identity,New Brunswick,,5.66
2020,All genders,Non-Indigenous identity,New Brunswick,,1.6
2020,Male,Total,New Brunswick,,2.84
2020,Male,Indigenous identity,New Brunswick,,11.29
2020,Male,Non-Indigenous identity,New Brunswick,,2.43
2020,Female,Total,New Brunswick,,0.76
2020,Female,Indigenous identity,New Brunswick,,0.0
2020,Female,Non-Indigenous identity,New Brunswick,,0.79
2020,All genders,Total,Quebec,24,1.01
2020,All genders,Indigenous identity,Quebec,,5.22
2020,All genders,Non-Indigenous identity,Quebec,,0.89
2020,Male,Total,Quebec,,1.47
2020,Male,Indigenous identity,Quebec,,8.59
2020,Male,Non-Indigenous identity,Quebec,,1.25
2020,Female,Total,Quebec,,0.56
2020,Female,Indigenous identity,Quebec,,1.77
2020,Female,Non-Indigenous identity,Quebec,,0.53
2020,All genders,Total,Ontario,35,1.65
2020,All genders,Indigenous identity,Ontario,,5.62
2020,All genders,Non-Indigenous identity,Ontario,,1.4
2020,Male,Total,Ontario,,2.5
2020,Male,Indigenous identity,Ontario,,8.79
2020,Male,Non-Indigenous identity,Ontario,,2.14
2020,Female,Total,Ontario,,0.8
2020,Female,Indigenous identity,Ontario,,2.55
2020,Female,Non-Indigenous identity,Ontario,,0.66
2020,All genders,Total,Manitoba,46,4.49
2020,All genders,Indigenous identity,Manitoba,,14.99
2020,All genders,Non-Indigenous identity,Manitoba,,1.26
2020,Male,Total,Manitoba,,7.4
2020,Male,Indigenous identity,Manitoba,,24.19
2020,Male,Non-Indigenous identity,Manitoba,,2.15
2020,Female,Total,Manitoba,,1.45
2020,Female,Indigenous identity,Manitoba,,5.94
2020,Female,Non-Indigenous identity,Manitoba,,0.18
2020,All genders,Total,Saskatchewan,47,5.43
2020,All genders,Indigenous identity,Saskatchewan,,23.48
2020,All genders,Non-Indigenous identity,Saskatchewan,,1.44
2020,Male,Total,Saskatchewan,,8.59
2020,Male,Indigenous identity,Saskatchewan,,37.36
2020,Male,Non-Indigenous identity,Saskatchewan,,2.23
2020,Female,Total,Saskatchewan,,2.22
2020,Female,Indigenous identity,Saskatchewan,,9.74
2020,Female,Non-Indigenous identity,Saskatchewan,,0.62
2020,All genders,Total,Alberta,48,3.24
2020,All genders,Indigenous identity,Alberta,,19.79
2020,All genders,Non-Indigenous identity,Alberta,,1.99
2020,Male,Total,Alberta,,5.26
2020,Male,Indigenous identity,Alberta,,32.78
2020,Male,Non-Indigenous identity,Alberta,,3.24
2020,Female,Total,Alberta,,1.14
2020,Female,Indigenous identity,Alberta,,7.07
2020,Female,Non-Indigenous identity,Alberta,,0.69
2020,All genders,Total,British Columbia,59,1.94
2020,All genders,Indigenous identity,British Columbia,,3.95
2020,All genders,Non-Indigenous identity,British Columbia,,1.8
2020,Male,Total,British Columbia,,2.86
2020,Male,Indigenous identity,British Columbia,,6.18
2020,Male,Non-Indigenous identity,British Columbia,,2.64
2020,Female,Total,British Columbia,,0.96
2020,Female,Indigenous identity,British Columbia,,1.79
2020,Female,Non-Indigenous identity,British Columbia,,0.9
2020,All genders,Total,Yukon,60,0.0
2020,All genders,Indigenous identity,Yukon,,0.0
2020,All genders,Non-Indigenous identity,Yukon,,0.0
2020,Male,Total,Yukon,,0.0
2020,Male,Indigenous identity,Yukon,,0.0
2020,Male,Non-Indigenous identity,Yukon,,0.0
2020,Female,Total,Yukon,,0.0
2020,Female,Indigenous identity,Yukon,,0.0
2020,Female,Non-Indigenous identity,Yukon,,0.0
2020,All genders,Total,Northwest Territories,61,13.22
2020,All genders,Indigenous identity,Northwest Territories,,17.45
2020,All genders,Non-Indigenous identity,Northwest Territories,,8.91
2020,Male,Total,Northwest Territories,,12.87
2020,Male,Indigenous identity,Northwest Territories,,17.29
2020,Male,Non-Indigenous identity,Northwest Territories,,8.51
2020,Female,Total,Northwest Territories,,13.6
2020,Female,Indigenous identity,Northwest Territories,,17.61
2020,Female,Non-Indigenous identity,Northwest Territories,,9.35
2020,All genders,Total,Nunavut,62,7.66
2020,All genders,Indigenous identity,Nunavut,,8.81
2020,All genders,Non-Indigenous identity,Nunavut,,0.0
2020,Male,Total,Nunavut,,10.0
2020,Male,Indigenous identity,Nunavut,,11.57
2020,Male,Non-Indigenous identity,Nunavut,,0.0
2020,Female,Total,Nunavut,,5.22
2020,Female,Indigenous identity,Nunavut,,5.97
2020,Female,Non-Indigenous identity,Nunavut,,0.0
2021,All genders,Indigenous identity,Canada,,9.91
2021,All genders,Non-Indigenous identity,Canada,,1.58
2021,Male,Total,Canada,,3.11
2021,Male,Indigenous identity,Canada,,15.06
2021,Male,Non-Indigenous identity,Canada,,2.32
2021,Female,Total,Canada,,1.05
2021,Female,Indigenous identity,Canada,,4.61
2021,Female,Non-Indigenous identity,Canada,,0.82
2021,All genders,Total,Newfoundland and Labrador,10,1.52
2021,All genders,Indigenous identity,Newfoundland and Labrador,,8.58
2021,All genders,Non-Indigenous identity,Newfoundland and Labrador,,0.83
2021,Male,Total,Newfoundland and Labrador,,1.92
2021,Male,Indigenous identity,Newfoundland and Labrador,,13.13
2021,Male,Non-Indigenous identity,Newfoundland and Labrador,,0.84
2021,Female,Total,Newfoundland and Labrador,,1.13
2021,Female,Indigenous identity,Newfoundland and Labrador,,4.21
2021,Female,Non-Indigenous identity,Newfoundland and Labrador,,0.82
2021,All genders,Total,Prince Edward Island,11,0.62
2021,All genders,Indigenous identity,Prince Edward Island,,29.1
2021,All genders,Non-Indigenous identity,Prince Edward Island,,0.0
2021,Male,Total,Prince Edward Island,,1.26
2021,Male,Indigenous identity,Prince Edward Island,,61.39
2021,Male,Non-Indigenous identity,Prince Edward Island,,0.0
2021,Female,Total,Prince Edward Island,,0.0
2021,Female,Indigenous identity,Prince Edward Island,,0.0
2021,Female,Non-Indigenous identity,Prince Edward Island,,0.0
2021,All genders,Total,Nova Scotia,12,2.3
2021,All genders,Indigenous identity,Nova Scotia,,3.68
2021,All genders,Non-Indigenous identity,Nova Scotia,,1.9
2021,Male,Total,Nova Scotia,,4.26
2021,Male,Indigenous identity,Nova Scotia,,7.56
2021,Male,Non-Indigenous identity,Nova Scotia,,3.64
2021,Female,Total,Nova Scotia,,0.39
2021,Female,Indigenous identity,Nova Scotia,,0.0
2021,Female,Non-Indigenous identity,Nova Scotia,,0.21
2021,All genders,Total,New Brunswick,13,1.39
2021,All genders,Indigenous identity,New Brunswick,,2.97
2021,All genders,Non-Indigenous identity,New Brunswick,,1.32
2021,Male,Total,New Brunswick,,1.79
2021,Male,Indigenous identity,New Brunswick,,6.02
2021,Male,Non-Indigenous identity,New Brunswick,,1.6
2021,Female,Total,New Brunswick,,0.75
2021,Female,Indigenous identity,New Brunswick,,0.0
2021,Female,Non-Indigenous identity,New Brunswick,,0.78
2021,All genders,Total,Quebec,24,1.05
2021,All genders,Indigenous identity,Quebec,,5.33
2021,All genders,Non-Indigenous identity,Quebec,,0.92
2021,Male,Total,Quebec,,1.38
2021,Male,Indigenous identity,Quebec,,6.26
2021,Male,Non-Indigenous identity,Quebec,,1.22
2021,Female,Total,Quebec,,0.72
2021,Female,Indigenous identity,Quebec,,4.42
2021,Female,Non-Indigenous identity,Quebec,,0.62
2021,All genders,Total,Ontario,35,1.91
2021,All genders,Indigenous identity,Ontario,,4.51
2021,All genders,Non-Indigenous identity,Ontario,,1.66
2021,Male,Total,Ontario,,2.91
2021,Male,Indigenous identity,Ontario,,7.41
2021,Male,Non-Indigenous identity,Ontario,,2.49
2021,Female,Total,Ontario,,0.94
2021,Female,Indigenous identity,Ontario,,1.76
2021,Female,Non-Indigenous identity,Ontario,,0.84
2021,All genders,Total,Manitoba,46,4.45
2021,All genders,Indigenous identity,Manitoba,,13.01
2021,All genders,Non-Indigenous identity,Manitoba,,2.12
2021,Male,Total,Manitoba,,5.98
2021,Male,Indigenous identity,Manitoba,,16.87
2021,Male,Non-Indigenous identity,Manitoba,,2.97
2021,Female,Total,Manitoba,,2.17
2021,Female,Indigenous identity,Manitoba,,6.87
2021,Female,Non-Indigenous identity,Manitoba,,1.07
2021,All genders,Total,Saskatchewan,47,6.08
2021,All genders,Indigenous identity,Saskatchewan,,26.97
2021,All genders,Non-Indigenous identity,Saskatchewan,,1.76
2021,Male,Total,Saskatchewan,,9.01
2021,Male,Indigenous identity,Saskatchewan,,42.09
2021,Male,Non-Indigenous identity,Saskatchewan,,2.25
2021,Female,Total,Saskatchewan,,3.11
2021,Female,Indigenous identity,Saskatchewan,,11.95
2021,Female,Non-Indigenous identity,Saskatchewan,,1.25
2021,All genders,Total,Alberta,48,2.69
2021,All genders,Indigenous identity,Alberta,,13.32
2021,All genders,Non-Indigenous identity,Alberta,,1.87
2021,Male,Total,Alberta,,3.98
2021,Male,Indigenous identity,Alberta,,21.29
2021,Male,Non-Indigenous identity,Alberta,,2.69
2021,Female,Total,Alberta,,1.36
2021,Female,Indigenous identity,Alberta,,5.61
2021,Female,Non-Indigenous identity,Alberta,,1.03
2021,All genders,Total,British Columbia,59,2.39
2021,All genders,Indigenous identity,British Columbia,,6.31
2021,All genders,Non-Indigenous identity,British Columbia,,2.14
2021,Male,Total,British Columbia,,3.74
2021,Male,Indigenous identity,British Columbia,,10.26
2021,Male,Non-Indigenous identity,British Columbia,,3.33
2021,Female,Total,British Columbia,,1.02
2021,Female,Indigenous identity,British Columbia,,2.48
2021,Female,Non-Indigenous identity,British Columbia,,0.93
2021,All genders,Total,Yukon,60,9.31
2021,All genders,Indigenous identity,Yukon,,20.28
2021,All genders,Non-Indigenous identity,Yukon,,6.04
2021,Male,Total,Yukon,,9.28
2021,Male,Indigenous identity,Yukon,,21.2
2021,Male,Non-Indigenous identity,Yukon,,5.94
2021,Female,Total,Yukon,,9.35
2021,Female,Indigenous identity,Yukon,,19.44
2021,Female,Non-Indigenous identity,Yukon,,6.15
2021,All genders,Total,Northwest Territories,61,2.24
2021,All genders,Indigenous identity,Northwest Territories,,4.5
2021,All genders,Non-Indigenous identity,Northwest Territories,,0.0
2021,Male,Total,Northwest Territories,,4.37
2021,Male,Indigenous identity,Northwest Territories,,8.9
2021,Male,Non-Indigenous identity,Northwest Territories,,0.0
2021,Female,Total,Northwest Territories,,0.0
2021,Female,Indigenous identity,Northwest Territories,,0.0
2021,Female,Non-Indigenous identity,Northwest Territories,,0.0
2021,All genders,Total,Nunavut,62,4.99
2021,All genders,Indigenous identity,Nunavut,,5.86
2021,All genders,Non-Indigenous identity,Nunavut,,0.0
2021,Male,Total,Nunavut,,4.92
2021,Male,Indigenous identity,Nunavut,,5.85
2021,Male,Non-Indigenous identity,Nunavut,,0.0
2021,Female,Total,Nunavut,,5.06
2021,Female,Indigenous identity,Nunavut,,5.88
2021,Female,Non-Indigenous identity,Nunavut,,0.0
2022,All genders,Indigenous identity,Canada,,11.46
2022,All genders,Non-Indigenous identity,Canada,,1.71
2022,Male,Total,Canada,,3.45
2022,Male,Indigenous identity,Canada,,17.47
2022,Male,Non-Indigenous identity,Canada,,2.6
2022,Female,Total,Canada,,1.05
2022,Female,Indigenous identity,Canada,,5.33
2022,Female,Non-Indigenous identity,Canada,,0.79
2022,All genders,Total,Newfoundland and Labrador,10,0.56
2022,All genders,Indigenous identity,Newfoundland and Labrador,,0.0
2022,All genders,Non-Indigenous identity,Newfoundland and Labrador,,0.62
2022,Male,Total,Newfoundland and Labrador,,0.38
2022,Male,Indigenous identity,Newfoundland and Labrador,,0.0
2022,Male,Non-Indigenous identity,Newfoundland and Labrador,,0.42
2022,Female,Total,Newfoundland and Labrador,,0.74
2022,Female,Indigenous identity,Newfoundland and Labrador,,0.0
2022,Female,Non-Indigenous identity,Newfoundland and Labrador,,0.82
2022,All genders,Total,Prince Edward Island,11,0.0
2022,All genders,Indigenous identity,Prince Edward Island,,0.0
2022,All genders,Non-Indigenous identity,Prince Edward Island,,0.0
2022,Male,Total,Prince Edward Island,,0.0
2022,Male,Indigenous identity,Prince Edward Island,,0.0
2022,Male,Non-Indigenous identity,Prince Edward Island,,0.0
2022,Female,Total,Prince Edward Island,,0.0
2022,Female,Indigenous identity,Prince Edward Island,,0.0
2022,Female,Non-Indigenous identity,Prince Edward Island,,0.0
2022,All genders,Total,Nova Scotia,12,1.95
2022,All genders,Indigenous identity,Nova Scotia,,0.0
2022,All genders,Non-Indigenous identity,Nova Scotia,,1.96
2022,Male,Total,Nova Scotia,,3.36
2022,Male,Indigenous identity,Nova Scotia,,0.0
2022,Male,Non-Indigenous identity,Nova Scotia,,3.34
2022,Female,Total,Nova Scotia,,0.58
2022,Female,Indigenous identity,Nova Scotia,,0.0
2022,Female,Non-Indigenous identity,Nova Scotia,,0.61
2022,All genders,Total,New Brunswick,13,1.85
2022,All genders,Indigenous identity,New Brunswick,,8.65
2022,All genders,Non-Indigenous identity,New Brunswick,,1.42
2022,Male,Total,New Brunswick,,3.75
2022,Male,Indigenous identity,New Brunswick,,17.54
2022,Male,Non-Indigenous identity,New Brunswick,,2.87
2022,Female,Total,New Brunswick,,0.0
2022,Female,Indigenous identity,New Brunswick,,0.0
2022,Female,Non-Indigenous identity,New Brunswick,,0.0
2022,All genders,Total,Quebec,24,1.28
2022,All genders,Indigenous identity,Quebec,,4.31
2022,All genders,Non-Indigenous identity,Quebec,,1.13
2022,Male,Total,Quebec,,1.89
2022,Male,Indigenous identity,Quebec,,7.8
2022,Male,Non-Indigenous identity,Quebec,,1.61
2022,Female,Total,Quebec,,0.62
2022,Female,Indigenous identity,Quebec,,0.86
2022,Female,Non-Indigenous identity,Quebec,,0.59
2022,All genders,Total,Ontario,35,1.94
2022,All genders,Indigenous identity,Ontario,,7.11
2022,All genders,Non-Indigenous identity,Ontario,,1.7
2022,Male,Total,Ontario,,2.9
2022,Male,Indigenous identity,Ontario,,11.87
2022,Male,Non-Indigenous identity,Ontario,,2.55
2022,Female,Total,Ontario,,0.94
2022,Female,Indigenous identity,Ontario,,2.6
2022,Female,Non-Indigenous identity,Ontario,,0.84
2022,All genders,Total,Manitoba,46,6.37
2022,All genders,Indigenous identity,Manitoba,,23.83
2022,All genders,Non-Indigenous identity,Manitoba,,2.26
2022,Male,Total,Manitoba,,9.68
2022,Male,Indigenous identity,Manitoba,,34.89
2022,Male,Non-Indigenous identity,Manitoba,,3.96
2022,Female,Total,Manitoba,,3.0
2022,Female,Indigenous identity,Manitoba,,12.83
2022,Female,Non-Indigenous identity,Manitoba,,0.53
2022,All genders,Total,Saskatchewan,47,6.19
2022,All genders,Indigenous identity,Saskatchewan,,24.18
2022,All genders,Non-Indigenous identity,Saskatchewan,,2.25
2022,Male,Total,Saskatchewan,,8.76
2022,Male,Indigenous identity,Saskatchewan,,34.72
2022,Male,Non-Indigenous identity,Saskatchewan,,3.05
2022,Female,Total,Saskatchewan,,3.25
2022,Female,Indigenous identity,Saskatchewan,,11.78
2022,Female,Non-Indigenous identity,Saskatchewan,,1.45
2022,All genders,Total,Alberta,48,2.64
2022,All genders,Indigenous identity,Alberta,,12.78
2022,All genders,Non-Indigenous identity,Alberta,,1.84
2022,Male,Total,Alberta,,4.05
2022,Male,Indigenous identity,Alberta,,20.26
2022,Male,Non-Indigenous identity,Alberta,,2.84
2022,Female,Total,Alberta,,1.12
2022,Female,Indigenous identity,Alberta,,4.91
2022,Female,Non-Indigenous identity,Alberta,,0.82
2022,All genders,Total,British Columbia,59,2.89
2022,All genders,Indigenous identity,British Columbia,,8.4
2022,All genders,Non-Indigenous identity,British Columbia,,2.48
2022,Male,Total,British Columbia,,4.48
2022,Male,Indigenous identity,British Columbia,,12.03
2022,Male,Non-Indigenous identity,British Columbia,,3.89
2022,Female,Total,British Columbia,,1.29
2022,Female,Indigenous identity,British Columbia,,4.89
2022,Female,Non-Indigenous identity,British Columbia,,1.06
2022,All genders,Total,Yukon,60,4.56
2022,All genders,Indigenous identity,Yukon,,10.06
2022,All genders,Non-Indigenous identity,Yukon,,2.94
2022,Male,Total,Yukon,,9.08
2022,Male,Indigenous identity,Yukon,,20.84
2022,Male,Non-Indigenous identity,Yukon,,5.8
2022,Female,Total,Yukon,,0.0
2022,Female,Indigenous identity,Yukon,,0.0
2022,Female,Non-Indigenous identity,Yukon,,0.0
2022,All genders,Total,Northwest Territories,61,6.72
2022,All genders,Indigenous identity,Northwest Territories,,9.06
2022,All genders,Non-Indigenous identity,Northwest Territories,,4.43
2022,Male,Total,Northwest Territories,,8.75
2022,Male,Indigenous identity,Northwest Territories,,8.96
2022,Male,Non-Indigenous identity,Northwest Territories,,8.55
2022,Female,Total,Northwest Territories,,4.59
2022,Female,Indigenous identity,Northwest Territories,,9.16
2022,Female,Non-Indigenous identity,Northwest Territories,,0.0
2022,All genders,Total,Nunavut,62,2.47
2022,All genders,Indigenous identity,Nunavut,,2.88
2022,All genders,Non-Indigenous identity,Nunavut,,0.0
2022,Male,Total,Nunavut,,0.0
2022,Male,Indigenous identity,Nunavut,,0.0
2022,Male,Non-Indigenous identity,Nunavut,,0.0
2022,Female,Total,Nunavut,,5.01
2022,Female,Indigenous identity,Nunavut,,5.78
2022,Female,Non-Indigenous identity,Nunavut,,0.0
2023,All genders,Indigenous identity,Canada,,9.65
2023,All genders,Non-Indigenous identity,Canada,,1.5
2023,Male,Total,Canada,,2.87
2023,Male,Indigenous identity,Canada,,14.39
2023,Male,Non-Indigenous identity,Canada,,2.16
2023,Female,Total,Canada,,1.06
2023,Female,Indigenous identity,Canada,,4.85
2023,Female,Non-Indigenous identity,Canada,,0.81
2023,All genders,Total,Newfoundland and Labrador,10,1.48
2023,All genders,Indigenous identity,Newfoundland and Labrador,,0.0
2023,All genders,Non-Indigenous identity,Newfoundland and Labrador,,1.22
2023,Male,Total,Newfoundland and Labrador,,1.88
2023,Male,Indigenous identity,Newfoundland and Labrador,,0.0
2023,Male,Non-Indigenous identity,Newfoundland and Labrador,,1.64
2023,Female,Total,Newfoundland and Labrador,,0.73
2023,Female,Indigenous identity,Newfoundland and Labrador,,0.0
2023,Female,Non-Indigenous identity,Newfoundland and Labrador,,0.8
2023,All genders,Total,Prince Edward Island,11,0.58
2023,All genders,Indigenous identity,Prince Edward Island,,0.0
2023,All genders,Non-Indigenous identity,Prince Edward Island,,0.59
2023,Male,Total,Prince Edward Island,,1.18
2023,Male,Indigenous identity,Prince Edward Island,,0.0
2023,Male,Non-Indigenous identity,Prince Edward Island,,1.2
2023,Female,Total,Prince Edward Island,,0.0
2023,Female,Indigenous identity,Prince Edward Island,,0.0
2023,Female,Non-Indigenous identity,Prince Edward Island,,0.0
2023,All genders,Total,Nova Scotia,12,1.33
2023,All genders,Indigenous identity,Nova Scotia,,0.0
2023,All genders,Non-Indigenous identity,Nova Scotia,,1.3
2023,Male,Total,Nova Scotia,,1.53
2023,Male,Indigenous identity,Nova Scotia,,0.0
2023,Male,Non-Indigenous identity,Nova Scotia,,1.41
2023,Female,Total,Nova Scotia,,1.12
2023,Female,Indigenous identity,Nova Scotia,,0.0
2023,Female,Non-Indigenous identity,Nova Scotia,,1.19
2023,All genders,Total,New Brunswick,13,1.08
2023,All genders,Indigenous identity,New Brunswick,,2.81
2023,All genders,Non-Indigenous identity,New Brunswick,,0.88
2023,Male,Total,New Brunswick,,1.7
2023,Male,Indigenous identity,New Brunswick,,5.7
2023,Male,Non-Indigenous identity,New Brunswick,,1.27
2023,Female,Total,New Brunswick,,0.48
2023,Female,Indigenous identity,New Brunswick,,0.0
2023,Female,Non-Indigenous identity,New Brunswick,,0.5
2023,All genders,Total,Quebec,24,1.2
2023,All genders,Indigenous identity,Quebec,,4.2
2023,All genders,Non-Indigenous identity,Quebec,,1.02
2023,Male,Total,Quebec,,1.44
2023,Male,Indigenous identity,Quebec,,4.22
2023,Male,Non-Indigenous identity,Quebec,,1.25
2023,Female,Total,Quebec,,0.91
2023,Female,Indigenous identity,Quebec,,4.17
2023,Female,Non-Indigenous identity,Quebec,,0.75
2023,All genders,Total,Ontario,35,1.74
2023,All genders,Indigenous identity,Ontario,,4.81
2023,All genders,Non-Indigenous identity,Ontario,,1.56
2023,Male,Total,Ontario,,2.5
2023,Male,Indigenous identity,Ontario,,8.55
2023,Male,Non-Indigenous identity,Ontario,,2.17
2023,Female,Total,Ontario,,0.96
2023,Female,Indigenous identity,Ontario,,1.28
2023,Female,Non-Indigenous identity,Ontario,,0.93
2023,All genders,Total,Manitoba,46,5.16
2023,All genders,Indigenous identity,Manitoba,,18.99
2023,All genders,Non-Indigenous identity,Manitoba,,2.02
2023,Male,Total,Manitoba,,7.48
2023,Male,Indigenous identity,Manitoba,,25.42
2023,Male,Non-Indigenous identity,Manitoba,,3.49
2023,Female,Total,Manitoba,,2.78
2023,Female,Indigenous identity,Manitoba,,12.61
2023,Female,Non-Indigenous identity,Manitoba,,0.51
2023,All genders,Total,Saskatchewan,47,4.88
2023,All genders,Indigenous identity,Saskatchewan,,19.96
2023,All genders,Non-Indigenous identity,Saskatchewan,,1.69
2023,Male,Total,Saskatchewan,,7.22
2023,Male,Indigenous identity,Saskatchewan,,29.42
2023,Male,Non-Indigenous identity,Saskatchewan,,2.76
2023,Female,Total,Saskatchewan,,2.33
2023,Female,Indigenous identity,Saskatchewan,,9.67
2023,Female,Non-Indigenous identity,Saskatchewan,,0.6
2023,All genders,Total,Alberta,48,2.5
2023,All genders,Indigenous identity,Alberta,,13.38
2023,All genders,Non-Indigenous identity,Alberta,,1.61
2023,Male,Total,Alberta,,3.82
2023,Male,Indigenous identity,Alberta,,22.22
2023,Male,Non-Indigenous identity,Alberta,,2.46
2023,Female,Total,Alberta,,1.08
2023,Female,Indigenous identity,Alberta,,4.8
2023,Female,Non-Indigenous identity,Alberta,,0.69
2023,All genders,Total,British Columbia,59,2.22
2023,All genders,Indigenous identity,British Columbia,,5.55
2023,All genders,Non-Indigenous identity,British Columbia,,2.02
2023,Male,Total,British Columbia,,3.5
2023,Male,Indigenous identity,British Columbia,,7.53
2023,Male,Non-Indigenous identity,British Columbia,,3.25
2023,Female,Total,British Columbia,,0.93
2023,Female,Indigenous identity,British Columbia,,3.03
2023,Female,Non-Indigenous identity,British Columbia,,0.8
2023,All genders,Total,Yukon,60,8.8
2023,All genders,Indigenous identity,Yukon,,19.86
2023,All genders,Non-Indigenous identity,Yukon,,5.65
2023,Male,Total,Yukon,,13.11
2023,Male,Indigenous identity,Yukon,,20.51
2023,Male,Non-Indigenous identity,Yukon,,11.11
2023,Female,Total,Yukon,,4.43
2023,Female,Indigenous identity,Yukon,,19.24
2023,Female,Non-Indigenous identity,Yukon,,0.0
2023,All genders,Total,Northwest Territories,61,13.43
2023,All genders,Indigenous identity,Northwest Territories,,22.72
2023,All genders,Non-Indigenous identity,Northwest Territories,,4.41
2023,Male,Total,Northwest Territories,,26.2
2023,Male,Indigenous identity,Northwest Territories,,45.01
2023,Male,Non-Indigenous identity,Northwest Territories,,8.48
2023,Female,Total,Northwest Territories,,0.0
2023,Female,Indigenous identity,Northwest Territories,,0.0
2023,Female,Non-Indigenous identity,Northwest Territories,,0.0
2023,All genders,Total,Nunavut,62,4.91
2023,All genders,Indigenous identity,Nunavut,,5.71
2023,All genders,Non-Indigenous identity,Nunavut,,0.0
2023,Male,Total,Nunavut,,4.85
2023,Male,Indigenous identity,Nunavut,,5.68
2023,Male,Non-Indigenous identity,Nunavut,,0.0
2023,Female,Total,Nunavut,,4.98
2023,Female,Indigenous identity,Nunavut,,5.74
2023,Female,Non-Indigenous identity,Nunavut,,0.0
2024,All genders,Indigenous identity,Canada,,10.84
2024,All genders,Non-Indigenous identity,Canada,,1.35
2024,Male,Total,Canada,,2.62
2024,Male,Indigenous identity,Canada,,14.87
2024,Male,Non-Indigenous identity,Canada,,1.87
2024,Female,Total,Canada,,1.16
2024,Female,Indigenous identity,Canada,,6.74
2024,Female,Non-Indigenous identity,Canada,,0.8
2024,All genders,Total,Newfoundland and Labrador,10,0.73
2024,All genders,Indigenous identity,Newfoundland and Labrador,,0.0
2024,All genders,Non-Indigenous identity,Newfoundland and Labrador,,0.8
2024,Male,Total,Newfoundland and Labrador,,1.11
2024,Male,Indigenous identity,Newfoundland and Labrador,,0.0
2024,Male,Non-Indigenous identity,Newfoundland and Labrador,,1.22
2024,Female,Total,Newfoundland and Labrador,,0.36
2024,Female,Indigenous identity,Newfoundland and Labrador,,0.0
2024,Female,Non-Indigenous identity,Newfoundland and Labrador,,0.4
2024,All genders,Total,Prince Edward Island,11,1.12
2024,All genders,Indigenous identity,Prince Edward Island,,0.0
2024,All genders,Non-Indigenous identity,Prince Edward Island,,1.14
2024,Male,Total,Prince Edward Island,,1.14
2024,Male,Indigenous identity,Prince Edward Island,,0.0
2024,Male,Non-Indigenous identity,Prince Edward Island,,1.17
2024,Female,Total,Prince Edward Island,,1.1
2024,Female,Indigenous identity,Prince Edward Island,,0.0
2024,Female,Non-Indigenous identity,Prince Edward Island,,1.12
2024,All genders,Total,Nova Scotia,12,2.32
2024,All genders,Indigenous identity,Nova Scotia,,5.23
2024,All genders,Non-Indigenous identity,Nova Scotia,,1.96
2024,Male,Total,Nova Scotia,,2.82
2024,Male,Indigenous identity,Nova Scotia,,7.21
2024,Male,Non-Indigenous identity,Nova Scotia,,2.38
2024,Female,Total,Nova Scotia,,1.84
2024,Female,Indigenous identity,Nova Scotia,,3.38
2024,Female,Non-Indigenous identity,Nova Scotia,,1.56
2024,All genders,Total,New Brunswick,13,2.11
2024,All genders,Indigenous identity,New Brunswick,,8.21
2024,All genders,Non-Indigenous identity,New Brunswick,,1.71
2024,Male,Total,New Brunswick,,2.6
2024,Male,Indigenous identity,New Brunswick,,11.12
2024,Male,Non-Indigenous identity,New Brunswick,,2.22
2024,Female,Total,New Brunswick,,1.62
2024,Female,Indigenous identity,New Brunswick,,5.38
2024,Female,Non-Indigenous identity,New Brunswick,,1.21
2024,All genders,Total,Quebec,24,1.07
2024,All genders,Indigenous identity,Quebec,,2.04
2024,All genders,Non-Indigenous identity,Quebec,,0.96
2024,Male,Total,Quebec,,1.25
2024,Male,Indigenous identity,Quebec,,0.82
2024,Male,Non-Indigenous identity,Quebec,,1.15
2024,Female,Total,Quebec,,0.78
2024,Female,Indigenous identity,Quebec,,2.43
2024,Female,Non-Indigenous identity,Quebec,,0.68
2024,All genders,Total,Ontario,35,1.75
2024,All genders,Indigenous identity,Ontario,,5.11
2024,All genders,Non-Indigenous identity,Ontario,,1.51
2024,Male,Total,Ontario,,2.41
2024,Male,Indigenous identity,Ontario,,6.56
2024,Male,Non-Indigenous identity,Ontario,,2.11
2024,Female,Total,Ontario,,1.09
2024,Female,Indigenous identity,Ontario,,3.73
2024,Female,Non-Indigenous identity,Ontario,,0.9
2024,All genders,Total,Manitoba,46,6.29
2024,All genders,Indigenous identity,Manitoba,,26.75
2024,All genders,Non-Indigenous identity,Manitoba,,1.64
2024,Male,Total,Manitoba,,9.0
2024,Male,Indigenous identity,Manitoba,,36.81
2024,Male,Non-Indigenous identity,Manitoba,,2.9
2024,Female,Total,Manitoba,,3.52
2024,Female,Indigenous identity,Manitoba,,16.78
2024,Female,Non-Indigenous identity,Manitoba,,0.33
2024,All genders,Total,Saskatchewan,47,5.24
2024,All genders,Indigenous identity,Saskatchewan,,24.48
2024,All genders,Non-Indigenous identity,Saskatchewan,,1.26
2024,Male,Total,Saskatchewan,,7.2
2024,Male,Indigenous identity,Saskatchewan,,33.85
2024,Male,Non-Indigenous identity,Saskatchewan,,1.73
2024,Female,Total,Saskatchewan,,3.09
2024,Female,Indigenous identity,Saskatchewan,,14.29
2024,Female,Non-Indigenous identity,Saskatchewan,,0.78
2024,All genders,Total,Alberta,48,2.0
2024,All genders,Indigenous identity,Alberta,,10.65
2024,All genders,Non-Indigenous identity,Alberta,,1.36
2024,Male,Total,Alberta,,3.09
2024,Male,Indigenous identity,Alberta,,16.21
2024,Male,Non-Indigenous identity,Alberta,,2.14
2024,Female,Total,Alberta,,0.91
2024,Female,Indigenous identity,Alberta,,5.25
2024,Female,Non-Indigenous identity,Alberta,,0.58
2024,All genders,Total,British Columbia,59,1.63
2024,All genders,Indigenous identity,British Columbia,,6.37
2024,All genders,Non-Indigenous identity,British Columbia,,1.34
2024,Male,Total,British Columbia,,2.26
2024,Male,Indigenous identity,British Columbia,,9.26
2024,Male,Non-Indigenous identity,British Columbia,,1.84
2024,Female,Total,British Columbia,,0.94
2024,Female,Indigenous identity,British Columbia,,3.58
2024,Female,Non-Indigenous identity,British Columbia,,0.78
2024,All genders,Total,Yukon,60,0.0
2024,All genders,Indigenous identity,Yukon,,0.0
2024,All genders,Non-Indigenous identity,Yukon,,0.0
2024,Male,Total,Yukon,,0.0
2024,Male,Indigenous identity,Yukon,,0.0
2024,Male,Non-Indigenous identity,Yukon,,0.0
2024,Female,Total,Yukon,,0.0
2024,Female,Indigenous identity,Yukon,,0.0
2024,Female,Non-Indigenous identity,Yukon,,0.0
2024,All genders,Total,Northwest Territories,61,13.41
2024,All genders,Indigenous identity,Northwest Territories,,22.99
2024,All genders,Non-Indigenous identity,Northwest Territories,,4.35
2024,Male,Total,Northwest Territories,,21.79
2024,Male,Indigenous identity,Northwest Territories,,36.18
2024,Male,Non-Indigenous identity,Northwest Territories,,8.41
2024,Female,Total,Northwest Territories,,4.59
2024,Female,Indigenous identity,Northwest Territories,,9.35
2024,Female,Non-Indigenous identity,Northwest Territories,,0.0
2024,All genders,Total,Nunavut,62,9.72
2024,All genders,Indigenous identity,Nunavut,,11.23
2024,All genders,Non-Indigenous identity,Nunavut,,0.0
2024,Male,Total,Nunavut,,4.79
2024,Male,Indigenous identity,Nunavut,,5.58
2024,Male,Non-Indigenous identity,Nunavut,,0.0
2024,Female,Total,Nunavut,,14.79
2024,Female,Indigenous identity,Nunavut,,16.95
2024,Female,Non-Indigenous identity,Nunavut,,0.0
