Year,Geography,Age at time of death,Sex,Causes of death,Value
2015,Canada,30 to 34 years,Both sexes,Malignant neoplasms,16.0
2015,Canada,30 to 34 years,Both sexes,"In situ neoplasms, benign neoplasms and neoplasms of uncertain or unknown behaviour",0.1
2015,Canada,30 to 34 years,Both sexes,Diabetes mellitus,1.2
2015,Canada,30 to 34 years,Both sexes,Diseases of heart,5.1
2015,Canada,30 to 34 years,Both sexes,Influenza and pneumonia,0.8
2015,Canada,30 to 34 years,Both sexes,Acute bronchitis and bronchiolitis,0.0
2015,Canada,30 to 34 years,Both sexes,Chronic lower respiratory diseases,0.1
2015,Canada,30 to 34 years,Males,Malignant neoplasms,11.1
2015,Canada,30 to 34 years,Males,"In situ neoplasms, benign neoplasms and neoplasms of uncertain or unknown behaviour",0.1
2015,Canada,30 to 34 years,Males,Diabetes mellitus,1.1
2015,Canada,30 to 34 years,Males,Diseases of heart,5.2
2015,Canada,30 to 34 years,Males,Influenza and pneumonia,0.6
2015,Canada,30 to 34 years,Males,Acute bronchitis and bronchiolitis,0.0
2015,Canada,30 to 34 years,Males,Chronic lower respiratory diseases,0.0
2015,Canada,30 to 34 years,Females,Malignant neoplasms,25.6
2015,Canada,30 to 34 years,Females,"In situ neoplasms, benign neoplasms and neoplasms of uncertain or unknown behaviour",0.2
2015,Canada,30 to 34 years,Females,Diabetes mellitus,1.4
2015,Canada,30 to 34 years,Females,Diseases of heart,4.9
2015,Canada,30 to 34 years,Females,Influenza and pneumonia,1.2
2015,Canada,30 to 34 years,Females,Acute bronchitis and bronchiolitis,0.0
2015,Canada,30 to 34 years,Females,Chronic lower respiratory diseases,0.3
2015,Canada,35 to 44 years,Both sexes,Malignant neoplasms,23.5
2015,Canada,35 to 44 years,Both sexes,"In situ neoplasms, benign neoplasms and neoplasms of uncertain or unknown behaviour",0.4
2015,Canada,35 to 44 years,Both sexes,Diabetes mellitus,2.2
2015,Canada,35 to 44 years,Both sexes,Diseases of heart,9.7
2015,Canada,35 to 44 years,Both sexes,Influenza and pneumonia,1.2
2015,Canada,35 to 44 years,Both sexes,Acute bronchitis and bronchiolitis,0.0
2015,Canada,35 to 44 years,Both sexes,Chronic lower respiratory diseases,0.6
2015,Canada,35 to 44 years,Males,Malignant neoplasms,15.7
2015,Canada,35 to 44 years,Males,"In situ neoplasms, benign neoplasms and neoplasms of uncertain or unknown behaviour",0.4
2015,Canada,35 to 44 years,Males,Diabetes mellitus,2.5
2015,Canada,35 to 44 years,Males,Diseases of heart,11.3
2015,Canada,35 to 44 years,Males,Influenza and pneumonia,1.1
2015,Canada,35 to 44 years,Males,Acute bronchitis and bronchiolitis,0.0
2015,Canada,35 to 44 years,Males,Chronic lower respiratory diseases,0.3
2015,Canada,35 to 44 years,Females,Malignant neoplasms,36.4
2015,Canada,35 to 44 years,Females,"In situ neoplasms, benign neoplasms and neoplasms of uncertain or unknown behaviour",0.4
2015,Canada,35 to 44 years,Females,Diabetes mellitus,1.7
2015,Canada,35 to 44 years,Females,Diseases of heart,7.0
2015,Canada,35 to 44 years,Females,Influenza and pneumonia,1.3
2015,Canada,35 to 44 years,Females,Acute bronchitis and bronchiolitis,0.0
2015,Canada,35 to 44 years,Females,Chronic lower respiratory diseases,1.1
2015,Canada,45 to 54 years,Both sexes,Malignant neoplasms,35.8
2015,Canada,45 to 54 years,Both sexes,"In situ neoplasms, benign neoplasms and neoplasms of uncertain or unknown behaviour",0.4
2015,Canada,45 to 54 years,Both sexes,Diabetes mellitus,2.6
2015,Canada,45 to 54 years,Both sexes,Diseases of heart,14.8
2015,Canada,45 to 54 years,Both sexes,Influenza and pneumonia,1.2
2015,Canada,45 to 54 years,Both sexes,Acute bronchitis and bronchiolitis,0.0
2015,Canada,45 to 54 years,Both sexes,Chronic lower respiratory diseases,1.6
2015,Canada,45 to 54 years,Males,Malignant neoplasms,27.4
2015,Canada,45 to 54 years,Males,"In situ neoplasms, benign neoplasms and neoplasms of uncertain or unknown behaviour",0.3
2015,Canada,45 to 54 years,Males,Diabetes mellitus,2.9
2015,Canada,45 to 54 years,Males,Diseases of heart,18.8
2015,Canada,45 to 54 years,Males,Influenza and pneumonia,1.0
2015,Canada,45 to 54 years,Males,Acute bronchitis and bronchiolitis,0.0
2015,Canada,45 to 54 years,Males,Chronic lower respiratory diseases,1.4
2015,Canada,45 to 54 years,Females,Malignant neoplasms,48.5
2015,Canada,45 to 54 years,Females,"In situ neoplasms, benign neoplasms and neoplasms of uncertain or unknown behaviour",0.5
2015,Canada,45 to 54 years,Females,Diabetes mellitus,2.1
2015,Canada,45 to 54 years,Females,Diseases of heart,8.7
2015,Canada,45 to 54 years,Females,Influenza and pneumonia,1.4
2015,Canada,45 to 54 years,Females,Acute bronchitis and bronchiolitis,0.0
2015,Canada,45 to 54 years,Females,Chronic lower respiratory diseases,2.0
2015,Canada,55 to 64 years,Both sexes,Malignant neoplasms,45.4
2015,Canada,55 to 64 years,Both sexes,"In situ neoplasms, benign neoplasms and neoplasms of uncertain or unknown behaviour",0.4
2015,Canada,55 to 64 years,Both sexes,Diabetes mellitus,2.8
2015,Canada,55 to 64 years,Both sexes,Diseases of heart,16.8
2015,Canada,55 to 64 years,Both sexes,Influenza and pneumonia,1.2
2015,Canada,55 to 64 years,Both sexes,Acute bronchitis and bronchiolitis,0.0
2015,Canada,55 to 64 years,Both sexes,Chronic lower respiratory diseases,3.3
2015,Canada,55 to 64 years,Males,Malignant neoplasms,39.6
2015,Canada,55 to 64 years,Males,"In situ neoplasms, benign neoplasms and neoplasms of uncertain or unknown behaviour",0.4
2015,Canada,55 to 64 years,Males,Diabetes mellitus,3.1
2015,Canada,55 to 64 years,Males,Diseases of heart,20.6
2015,Canada,55 to 64 years,Males,Influenza and pneumonia,1.0
2015,Canada,55 to 64 years,Males,Acute bronchitis and bronchiolitis,0.0
2015,Canada,55 to 64 years,Males,Chronic lower respiratory diseases,3.1
2015,Canada,55 to 64 years,Females,Malignant neoplasms,54.3
2015,Canada,55 to 64 years,Females,"In situ neoplasms, benign neoplasms and neoplasms of uncertain or unknown behaviour",0.5
2015,Canada,55 to 64 years,Females,Diabetes mellitus,2.4
2015,Canada,55 to 64 years,Females,Diseases of heart,11.0
2015,Canada,55 to 64 years,Females,Influenza and pneumonia,1.4
2015,Canada,55 to 64 years,Females,Acute bronchitis and bronchiolitis,0.0
2015,Canada,55 to 64 years,Females,Chronic lower respiratory diseases,3.6
2015,Canada,65 to 74 years,Both sexes,Malignant neoplasms,44.3
2015,Canada,65 to 74 years,Both sexes,"In situ neoplasms, benign neoplasms and neoplasms of uncertain or unknown behaviour",0.6
2015,Canada,65 to 74 years,Both sexes,Diabetes mellitus,3.4
2015,Canada,65 to 74 years,Both sexes,Diseases of heart,17.4
2015,Canada,65 to 74 years,Both sexes,Influenza and pneumonia,1.5
2015,Canada,65 to 74 years,Both sexes,Acute bronchitis and bronchiolitis,0.0
2015,Canada,65 to 74 years,Both sexes,Chronic lower respiratory diseases,5.6
2015,Canada,65 to 74 years,Males,Malignant neoplasms,41.8
2015,Canada,65 to 74 years,Males,"In situ neoplasms, benign neoplasms and neoplasms of uncertain or unknown behaviour",0.6
2015,Canada,65 to 74 years,Males,Diabetes mellitus,3.7
2015,Canada,65 to 74 years,Males,Diseases of heart,20.1
2015,Canada,65 to 74 years,Males,Influenza and pneumonia,1.5
2015,Canada,65 to 74 years,Males,Acute bronchitis and bronchiolitis,0.0
2015,Canada,65 to 74 years,Males,Chronic lower respiratory diseases,5.0
2015,Canada,65 to 74 years,Females,Malignant neoplasms,47.8
2015,Canada,65 to 74 years,Females,"In situ neoplasms, benign neoplasms and neoplasms of uncertain or unknown behaviour",0.6
2015,Canada,65 to 74 years,Females,Diabetes mellitus,2.8
2015,Canada,65 to 74 years,Females,Diseases of heart,13.6
2015,Canada,65 to 74 years,Females,Influenza and pneumonia,1.5
2015,Canada,65 to 74 years,Females,Acute bronchitis and bronchiolitis,0.0
2015,Canada,65 to 74 years,Females,Chronic lower respiratory diseases,6.5
2015,Canada,75 to 84 years,Both sexes,Malignant neoplasms,32.1
2015,Canada,75 to 84 years,Both sexes,"In situ neoplasms, benign neoplasms and neoplasms of uncertain or unknown behaviour",0.8
2015,Canada,75 to 84 years,Both sexes,Diabetes mellitus,3.1
2015,Canada,75 to 84 years,Both sexes,Diseases of heart,19.2
2015,Canada,75 to 84 years,Both sexes,Influenza and pneumonia,2.6
2015,Canada,75 to 84 years,Both sexes,Acute bronchitis and bronchiolitis,0.0
2015,Canada,75 to 84 years,Both sexes,Chronic lower respiratory diseases,6.2
2015,Canada,75 to 84 years,Males,Malignant neoplasms,32.9
2015,Canada,75 to 84 years,Males,"In situ neoplasms, benign neoplasms and neoplasms of uncertain or unknown behaviour",0.9
2015,Canada,75 to 84 years,Males,Diabetes mellitus,3.1
2015,Canada,75 to 84 years,Males,Diseases of heart,20.5
2015,Canada,75 to 84 years,Males,Influenza and pneumonia,2.5
2015,Canada,75 to 84 years,Males,Acute bronchitis and bronchiolitis,0.0
2015,Canada,75 to 84 years,Males,Chronic lower respiratory diseases,5.8
2015,Canada,75 to 84 years,Females,Malignant neoplasms,31.2
2015,Canada,75 to 84 years,Females,"In situ neoplasms, benign neoplasms and neoplasms of uncertain or unknown behaviour",0.7
2015,Canada,75 to 84 years,Females,Diabetes mellitus,2.9
2015,Canada,75 to 84 years,Females,Diseases of heart,17.8
2015,Canada,75 to 84 years,Females,Influenza and pneumonia,2.6
2015,Canada,75 to 84 years,Females,Acute bronchitis and bronchiolitis,0.0
2015,Canada,75 to 84 years,Females,Chronic lower respiratory diseases,6.6
2015,Canada,85 and over,Both sexes,Malignant neoplasms,15.8
2015,Canada,85 and over,Both sexes,"In situ neoplasms, benign neoplasms and neoplasms of uncertain or unknown behaviour",0.5
2015,Canada,85 and over,Both sexes,Diabetes mellitus,2.3
2015,Canada,85 and over,Both sexes,Diseases of heart,23.9
2015,Canada,85 and over,Both sexes,Influenza and pneumonia,4.8
2015,Canada,85 and over,Both sexes,Acute bronchitis and bronchiolitis,0.0
2015,Canada,85 and over,Both sexes,Chronic lower respiratory diseases,4.8
2015,Canada,85 and over,Males,Malignant neoplasms,19.7
2015,Canada,85 and over,Males,"In situ neoplasms, benign neoplasms and neoplasms of uncertain or unknown behaviour",0.6
2015,Canada,85 and over,Males,Diabetes mellitus,2.5
2015,Canada,85 and over,Males,Diseases of heart,24.0
2015,Canada,85 and over,Males,Influenza and pneumonia,4.7
2015,Canada,85 and over,Males,Acute bronchitis and bronchiolitis,0.0
2015,Canada,85 and over,Males,Chronic lower respiratory diseases,5.7
2015,Canada,85 and over,Females,Malignant neoplasms,13.4
2015,Canada,85 and over,Females,"In situ neoplasms, benign neoplasms and neoplasms of uncertain or unknown behaviour",0.5
2015,Canada,85 and over,Females,Diabetes mellitus,2.2
2015,Canada,85 and over,Females,Diseases of heart,23.9
2015,Canada,85 and over,Females,Influenza and pneumonia,4.8
2015,Canada,85 and over,Females,Acute bronchitis and bronchiolitis,0.0
2015,Canada,85 and over,Females,Chronic lower respiratory diseases,4.2
2016,Canada,30 to 34 years,Both sexes,Malignant neoplasms,11.9
2016,Canada,30 to 34 years,Both sexes,"In situ neoplasms, benign neoplasms and neoplasms of uncertain or unknown behaviour",0.3
2016,Canada,30 to 34 years,Both sexes,Diabetes mellitus,1.4
2016,Canada,30 to 34 years,Both sexes,Diseases of heart,5.0
2016,Canada,30 to 34 years,Both sexes,Influenza and pneumonia,0.7
2016,Canada,30 to 34 years,Both sexes,Acute bronchitis and bronchiolitis,0.0
2016,Canada,30 to 34 years,Both sexes,Chronic lower respiratory diseases,0.5
2016,Canada,30 to 34 years,Males,Malignant neoplasms,7.4
2016,Canada,30 to 34 years,Males,"In situ neoplasms, benign neoplasms and neoplasms of uncertain or unknown behaviour",0.4
2016,Canada,30 to 34 years,Males,Diabetes mellitus,1.6
2016,Canada,30 to 34 years,Males,Diseases of heart,5.3
2016,Canada,30 to 34 years,Males,Influenza and pneumonia,0.5
2016,Canada,30 to 34 years,Males,Acute bronchitis and bronchiolitis,0.0
2016,Canada,30 to 34 years,Males,Chronic lower respiratory diseases,0.4
2016,Canada,30 to 34 years,Females,Malignant neoplasms,21.4
2016,Canada,30 to 34 years,Females,"In situ neoplasms, benign neoplasms and neoplasms of uncertain or unknown behaviour",0.2
2016,Canada,30 to 34 years,Females,Diabetes mellitus,1.2
2016,Canada,30 to 34 years,Females,Diseases of heart,4.5
2016,Canada,30 to 34 years,Females,Influenza and pneumonia,1.2
2016,Canada,30 to 34 years,Females,Acute bronchitis and bronchiolitis,0.0
2016,Canada,30 to 34 years,Females,Chronic lower respiratory diseases,0.7
2016,Canada,35 to 44 years,Both sexes,Malignant neoplasms,23.1
2016,Canada,35 to 44 years,Both sexes,"In situ neoplasms, benign neoplasms and neoplasms of uncertain or unknown behaviour",0.4
2016,Canada,35 to 44 years,Both sexes,Diabetes mellitus,1.8
2016,Canada,35 to 44 years,Both sexes,Diseases of heart,9.1
2016,Canada,35 to 44 years,Both sexes,Influenza and pneumonia,1.4
2016,Canada,35 to 44 years,Both sexes,Acute bronchitis and bronchiolitis,0.0
2016,Canada,35 to 44 years,Both sexes,Chronic lower respiratory diseases,0.4
2016,Canada,35 to 44 years,Males,Malignant neoplasms,15.5
2016,Canada,35 to 44 years,Males,"In situ neoplasms, benign neoplasms and neoplasms of uncertain or unknown behaviour",0.3
2016,Canada,35 to 44 years,Males,Diabetes mellitus,1.8
2016,Canada,35 to 44 years,Males,Diseases of heart,10.4
2016,Canada,35 to 44 years,Males,Influenza and pneumonia,1.1
2016,Canada,35 to 44 years,Males,Acute bronchitis and bronchiolitis,0.0
2016,Canada,35 to 44 years,Males,Chronic lower respiratory diseases,0.2
2016,Canada,35 to 44 years,Females,Malignant neoplasms,35.5
2016,Canada,35 to 44 years,Females,"In situ neoplasms, benign neoplasms and neoplasms of uncertain or unknown behaviour",0.6
2016,Canada,35 to 44 years,Females,Diabetes mellitus,1.9
2016,Canada,35 to 44 years,Females,Diseases of heart,6.9
2016,Canada,35 to 44 years,Females,Influenza and pneumonia,1.9
2016,Canada,35 to 44 years,Females,Acute bronchitis and bronchiolitis,0.0
2016,Canada,35 to 44 years,Females,Chronic lower respiratory diseases,0.7
2016,Canada,45 to 54 years,Both sexes,Malignant neoplasms,34.5
2016,Canada,45 to 54 years,Both sexes,"In situ neoplasms, benign neoplasms and neoplasms of uncertain or unknown behaviour",0.4
2016,Canada,45 to 54 years,Both sexes,Diabetes mellitus,2.5
2016,Canada,45 to 54 years,Both sexes,Diseases of heart,14.7
2016,Canada,45 to 54 years,Both sexes,Influenza and pneumonia,1.4
2016,Canada,45 to 54 years,Both sexes,Acute bronchitis and bronchiolitis,0.0
2016,Canada,45 to 54 years,Both sexes,Chronic lower respiratory diseases,1.3
2016,Canada,45 to 54 years,Males,Malignant neoplasms,26.0
2016,Canada,45 to 54 years,Males,"In situ neoplasms, benign neoplasms and neoplasms of uncertain or unknown behaviour",0.4
2016,Canada,45 to 54 years,Males,Diabetes mellitus,2.8
2016,Canada,45 to 54 years,Males,Diseases of heart,18.6
2016,Canada,45 to 54 years,Males,Influenza and pneumonia,1.4
2016,Canada,45 to 54 years,Males,Acute bronchitis and bronchiolitis,0.0
2016,Canada,45 to 54 years,Males,Chronic lower respiratory diseases,1.0
2016,Canada,45 to 54 years,Females,Malignant neoplasms,47.1
2016,Canada,45 to 54 years,Females,"In situ neoplasms, benign neoplasms and neoplasms of uncertain or unknown behaviour",0.5
2016,Canada,45 to 54 years,Females,Diabetes mellitus,2.0
2016,Canada,45 to 54 years,Females,Diseases of heart,8.9
2016,Canada,45 to 54 years,Females,Influenza and pneumonia,1.5
2016,Canada,45 to 54 years,Females,Acute bronchitis and bronchiolitis,0.0
2016,Canada,45 to 54 years,Females,Chronic lower respiratory diseases,1.6
2016,Canada,55 to 64 years,Both sexes,Malignant neoplasms,44.1
2016,Canada,55 to 64 years,Both sexes,"In situ neoplasms, benign neoplasms and neoplasms of uncertain or unknown behaviour",0.5
2016,Canada,55 to 64 years,Both sexes,Diabetes mellitus,2.6
2016,Canada,55 to 64 years,Both sexes,Diseases of heart,16.8
2016,Canada,55 to 64 years,Both sexes,Influenza and pneumonia,1.4
2016,Canada,55 to 64 years,Both sexes,Acute bronchitis and bronchiolitis,0.0
2016,Canada,55 to 64 years,Both sexes,Chronic lower respiratory diseases,3.2
2016,Canada,55 to 64 years,Males,Malignant neoplasms,38.5
2016,Canada,55 to 64 years,Males,"In situ neoplasms, benign neoplasms and neoplasms of uncertain or unknown behaviour",0.4
2016,Canada,55 to 64 years,Males,Diabetes mellitus,2.9
2016,Canada,55 to 64 years,Males,Diseases of heart,20.8
2016,Canada,55 to 64 years,Males,Influenza and pneumonia,1.4
2016,Canada,55 to 64 years,Males,Acute bronchitis and bronchiolitis,0.0
2016,Canada,55 to 64 years,Males,Chronic lower respiratory diseases,3.0
2016,Canada,55 to 64 years,Females,Malignant neoplasms,52.8
2016,Canada,55 to 64 years,Females,"In situ neoplasms, benign neoplasms and neoplasms of uncertain or unknown behaviour",0.6
2016,Canada,55 to 64 years,Females,Diabetes mellitus,2.3
2016,Canada,55 to 64 years,Females,Diseases of heart,10.7
2016,Canada,55 to 64 years,Females,Influenza and pneumonia,1.4
2016,Canada,55 to 64 years,Females,Acute bronchitis and bronchiolitis,0.0
2016,Canada,55 to 64 years,Females,Chronic lower respiratory diseases,3.7
2016,Canada,65 to 74 years,Both sexes,Malignant neoplasms,44.5
2016,Canada,65 to 74 years,Both sexes,"In situ neoplasms, benign neoplasms and neoplasms of uncertain or unknown behaviour",0.6
2016,Canada,65 to 74 years,Both sexes,Diabetes mellitus,3.1
2016,Canada,65 to 74 years,Both sexes,Diseases of heart,17.2
2016,Canada,65 to 74 years,Both sexes,Influenza and pneumonia,1.4
2016,Canada,65 to 74 years,Both sexes,Acute bronchitis and bronchiolitis,0.0
2016,Canada,65 to 74 years,Both sexes,Chronic lower respiratory diseases,5.5
2016,Canada,65 to 74 years,Males,Malignant neoplasms,41.7
2016,Canada,65 to 74 years,Males,"In situ neoplasms, benign neoplasms and neoplasms of uncertain or unknown behaviour",0.6
2016,Canada,65 to 74 years,Males,Diabetes mellitus,3.3
2016,Canada,65 to 74 years,Males,Diseases of heart,19.7
2016,Canada,65 to 74 years,Males,Influenza and pneumonia,1.4
2016,Canada,65 to 74 years,Males,Acute bronchitis and bronchiolitis,0.0
2016,Canada,65 to 74 years,Males,Chronic lower respiratory diseases,5.0
2016,Canada,65 to 74 years,Females,Malignant neoplasms,48.3
2016,Canada,65 to 74 years,Females,"In situ neoplasms, benign neoplasms and neoplasms of uncertain or unknown behaviour",0.6
2016,Canada,65 to 74 years,Females,Diabetes mellitus,2.7
2016,Canada,65 to 74 years,Females,Diseases of heart,13.6
2016,Canada,65 to 74 years,Females,Influenza and pneumonia,1.4
2016,Canada,65 to 74 years,Females,Acute bronchitis and bronchiolitis,0.0
2016,Canada,65 to 74 years,Females,Chronic lower respiratory diseases,6.2
2016,Canada,75 to 84 years,Both sexes,Malignant neoplasms,33.3
2016,Canada,75 to 84 years,Both sexes,"In situ neoplasms, benign neoplasms and neoplasms of uncertain or unknown behaviour",0.7
2016,Canada,75 to 84 years,Both sexes,Diabetes mellitus,2.9
2016,Canada,75 to 84 years,Both sexes,Diseases of heart,19.2
2016,Canada,75 to 84 years,Both sexes,Influenza and pneumonia,2.0
2016,Canada,75 to 84 years,Both sexes,Acute bronchitis and bronchiolitis,0.0
2016,Canada,75 to 84 years,Both sexes,Chronic lower respiratory diseases,6.1
2016,Canada,75 to 84 years,Males,Malignant neoplasms,34.0
2016,Canada,75 to 84 years,Males,"In situ neoplasms, benign neoplasms and neoplasms of uncertain or unknown behaviour",0.7
2016,Canada,75 to 84 years,Males,Diabetes mellitus,2.9
2016,Canada,75 to 84 years,Males,Diseases of heart,20.6
2016,Canada,75 to 84 years,Males,Influenza and pneumonia,2.0
2016,Canada,75 to 84 years,Males,Acute bronchitis and bronchiolitis,0.0
2016,Canada,75 to 84 years,Males,Chronic lower respiratory diseases,5.7
2016,Canada,75 to 84 years,Females,Malignant neoplasms,32.4
2016,Canada,75 to 84 years,Females,"In situ neoplasms, benign neoplasms and neoplasms of uncertain or unknown behaviour",0.7
2016,Canada,75 to 84 years,Females,Diabetes mellitus,2.8
2016,Canada,75 to 84 years,Females,Diseases of heart,17.6
2016,Canada,75 to 84 years,Females,Influenza and pneumonia,2.0
2016,Canada,75 to 84 years,Females,Acute bronchitis and bronchiolitis,0.0
2016,Canada,75 to 84 years,Females,Chronic lower respiratory diseases,6.5
2016,Canada,85 and over,Both sexes,Malignant neoplasms,16.8
2016,Canada,85 and over,Both sexes,"In situ neoplasms, benign neoplasms and neoplasms of uncertain or unknown behaviour",0.6
2016,Canada,85 and over,Both sexes,Diabetes mellitus,2.3
2016,Canada,85 and over,Both sexes,Diseases of heart,23.5
2016,Canada,85 and over,Both sexes,Influenza and pneumonia,3.6
2016,Canada,85 and over,Both sexes,Acute bronchitis and bronchiolitis,0.0
2016,Canada,85 and over,Both sexes,Chronic lower respiratory diseases,4.5
2016,Canada,85 and over,Males,Malignant neoplasms,20.6
2016,Canada,85 and over,Males,"In situ neoplasms, benign neoplasms and neoplasms of uncertain or unknown behaviour",0.8
2016,Canada,85 and over,Males,Diabetes mellitus,2.3
2016,Canada,85 and over,Males,Diseases of heart,23.5
2016,Canada,85 and over,Males,Influenza and pneumonia,3.7
2016,Canada,85 and over,Males,Acute bronchitis and bronchiolitis,0.0
2016,Canada,85 and over,Males,Chronic lower respiratory diseases,5.4
2016,Canada,85 and over,Females,Malignant neoplasms,14.3
2016,Canada,85 and over,Females,"In situ neoplasms, benign neoplasms and neoplasms of uncertain or unknown behaviour",0.6
2016,Canada,85 and over,Females,Diabetes mellitus,2.2
2016,Canada,85 and over,Females,Diseases of heart,23.4
2016,Canada,85 and over,Females,Influenza and pneumonia,3.5
2016,Canada,85 and over,Females,Acute bronchitis and bronchiolitis,0.0
2016,Canada,85 and over,Females,Chronic lower respiratory diseases,4.0
2017,Canada,30 to 34 years,Both sexes,Malignant neoplasms,10.7
2017,Canada,30 to 34 years,Both sexes,"In situ neoplasms, benign neoplasms and neoplasms of uncertain or unknown behaviour",0.2
2017,Canada,30 to 34 years,Both sexes,Diabetes mellitus,1.6
2017,Canada,30 to 34 years,Both sexes,Diseases of heart,4.8
2017,Canada,30 to 34 years,Both sexes,Influenza and pneumonia,0.6
2017,Canada,30 to 34 years,Both sexes,Acute bronchitis and bronchiolitis,0.0
2017,Canada,30 to 34 years,Both sexes,Chronic lower respiratory diseases,0.4
2017,Canada,30 to 34 years,Males,Malignant neoplasms,7.4
2017,Canada,30 to 34 years,Males,"In situ neoplasms, benign neoplasms and neoplasms of uncertain or unknown behaviour",0.1
2017,Canada,30 to 34 years,Males,Diabetes mellitus,1.3
2017,Canada,30 to 34 years,Males,Diseases of heart,4.6
2017,Canada,30 to 34 years,Males,Influenza and pneumonia,0.5
2017,Canada,30 to 34 years,Males,Acute bronchitis and bronchiolitis,0.0
2017,Canada,30 to 34 years,Males,Chronic lower respiratory diseases,0.3
2017,Canada,30 to 34 years,Females,Malignant neoplasms,18.2
2017,Canada,30 to 34 years,Females,"In situ neoplasms, benign neoplasms and neoplasms of uncertain or unknown behaviour",0.3
2017,Canada,30 to 34 years,Females,Diabetes mellitus,2.4
2017,Canada,30 to 34 years,Females,Diseases of heart,5.2
2017,Canada,30 to 34 years,Females,Influenza and pneumonia,0.9
2017,Canada,30 to 34 years,Females,Acute bronchitis and bronchiolitis,0.0
2017,Canada,30 to 34 years,Females,Chronic lower respiratory diseases,0.8
2017,Canada,35 to 44 years,Both sexes,Malignant neoplasms,21.5
2017,Canada,35 to 44 years,Both sexes,"In situ neoplasms, benign neoplasms and neoplasms of uncertain or unknown behaviour",0.4
2017,Canada,35 to 44 years,Both sexes,Diabetes mellitus,1.8
2017,Canada,35 to 44 years,Both sexes,Diseases of heart,8.9
2017,Canada,35 to 44 years,Both sexes,Influenza and pneumonia,0.8
2017,Canada,35 to 44 years,Both sexes,Acute bronchitis and bronchiolitis,0.0
2017,Canada,35 to 44 years,Both sexes,Chronic lower respiratory diseases,0.3
2017,Canada,35 to 44 years,Males,Malignant neoplasms,13.9
2017,Canada,35 to 44 years,Males,"In situ neoplasms, benign neoplasms and neoplasms of uncertain or unknown behaviour",0.4
2017,Canada,35 to 44 years,Males,Diabetes mellitus,1.8
2017,Canada,35 to 44 years,Males,Diseases of heart,10.1
2017,Canada,35 to 44 years,Males,Influenza and pneumonia,0.7
2017,Canada,35 to 44 years,Males,Acute bronchitis and bronchiolitis,0.0
2017,Canada,35 to 44 years,Males,Chronic lower respiratory diseases,0.3
2017,Canada,35 to 44 years,Females,Malignant neoplasms,35.4
2017,Canada,35 to 44 years,Females,"In situ neoplasms, benign neoplasms and neoplasms of uncertain or unknown behaviour",0.5
2017,Canada,35 to 44 years,Females,Diabetes mellitus,1.9
2017,Canada,35 to 44 years,Females,Diseases of heart,6.6
2017,Canada,35 to 44 years,Females,Influenza and pneumonia,1.0
2017,Canada,35 to 44 years,Females,Acute bronchitis and bronchiolitis,0.0
2017,Canada,35 to 44 years,Females,Chronic lower respiratory diseases,0.3
2017,Canada,45 to 54 years,Both sexes,Malignant neoplasms,34.7
2017,Canada,45 to 54 years,Both sexes,"In situ neoplasms, benign neoplasms and neoplasms of uncertain or unknown behaviour",0.4
2017,Canada,45 to 54 years,Both sexes,Diabetes mellitus,2.5
2017,Canada,45 to 54 years,Both sexes,Diseases of heart,14.0
2017,Canada,45 to 54 years,Both sexes,Influenza and pneumonia,1.2
2017,Canada,45 to 54 years,Both sexes,Acute bronchitis and bronchiolitis,0.0
2017,Canada,45 to 54 years,Both sexes,Chronic lower respiratory diseases,1.6
2017,Canada,45 to 54 years,Males,Malignant neoplasms,27.1
2017,Canada,45 to 54 years,Males,"In situ neoplasms, benign neoplasms and neoplasms of uncertain or unknown behaviour",0.3
2017,Canada,45 to 54 years,Males,Diabetes mellitus,2.7
2017,Canada,45 to 54 years,Males,Diseases of heart,17.9
2017,Canada,45 to 54 years,Males,Influenza and pneumonia,1.1
2017,Canada,45 to 54 years,Males,Acute bronchitis and bronchiolitis,0.0
2017,Canada,45 to 54 years,Males,Chronic lower respiratory diseases,1.4
2017,Canada,45 to 54 years,Females,Malignant neoplasms,46.5
2017,Canada,45 to 54 years,Females,"In situ neoplasms, benign neoplasms and neoplasms of uncertain or unknown behaviour",0.5
2017,Canada,45 to 54 years,Females,Diabetes mellitus,2.2
2017,Canada,45 to 54 years,Females,Diseases of heart,8.1
2017,Canada,45 to 54 years,Females,Influenza and pneumonia,1.3
2017,Canada,45 to 54 years,Females,Acute bronchitis and bronchiolitis,0.0
2017,Canada,45 to 54 years,Females,Chronic lower respiratory diseases,1.8
2017,Canada,55 to 64 years,Both sexes,Malignant neoplasms,44.3
2017,Canada,55 to 64 years,Both sexes,"In situ neoplasms, benign neoplasms and neoplasms of uncertain or unknown behaviour",0.5
2017,Canada,55 to 64 years,Both sexes,Diabetes mellitus,2.8
2017,Canada,55 to 64 years,Both sexes,Diseases of heart,16.8
2017,Canada,55 to 64 years,Both sexes,Influenza and pneumonia,1.2
2017,Canada,55 to 64 years,Both sexes,Acute bronchitis and bronchiolitis,0.0
2017,Canada,55 to 64 years,Both sexes,Chronic lower respiratory diseases,3.3
2017,Canada,55 to 64 years,Males,Malignant neoplasms,38.9
2017,Canada,55 to 64 years,Males,"In situ neoplasms, benign neoplasms and neoplasms of uncertain or unknown behaviour",0.4
2017,Canada,55 to 64 years,Males,Diabetes mellitus,3.1
2017,Canada,55 to 64 years,Males,Diseases of heart,20.8
2017,Canada,55 to 64 years,Males,Influenza and pneumonia,1.1
2017,Canada,55 to 64 years,Males,Acute bronchitis and bronchiolitis,0.0
2017,Canada,55 to 64 years,Males,Chronic lower respiratory diseases,2.9
2017,Canada,55 to 64 years,Females,Malignant neoplasms,52.4
2017,Canada,55 to 64 years,Females,"In situ neoplasms, benign neoplasms and neoplasms of uncertain or unknown behaviour",0.5
2017,Canada,55 to 64 years,Females,Diabetes mellitus,2.2
2017,Canada,55 to 64 years,Females,Diseases of heart,10.9
2017,Canada,55 to 64 years,Females,Influenza and pneumonia,1.4
2017,Canada,55 to 64 years,Females,Acute bronchitis and bronchiolitis,0.0
2017,Canada,55 to 64 years,Females,Chronic lower respiratory diseases,4.0
2017,Canada,65 to 74 years,Both sexes,Malignant neoplasms,43.6
2017,Canada,65 to 74 years,Both sexes,"In situ neoplasms, benign neoplasms and neoplasms of uncertain or unknown behaviour",0.6
2017,Canada,65 to 74 years,Both sexes,Diabetes mellitus,3.1
2017,Canada,65 to 74 years,Both sexes,Diseases of heart,17.4
2017,Canada,65 to 74 years,Both sexes,Influenza and pneumonia,1.4
2017,Canada,65 to 74 years,Both sexes,Acute bronchitis and bronchiolitis,0.0
2017,Canada,65 to 74 years,Both sexes,Chronic lower respiratory diseases,5.7
2017,Canada,65 to 74 years,Males,Malignant neoplasms,41.0
2017,Canada,65 to 74 years,Males,"In situ neoplasms, benign neoplasms and neoplasms of uncertain or unknown behaviour",0.6
2017,Canada,65 to 74 years,Males,Diabetes mellitus,3.3
2017,Canada,65 to 74 years,Males,Diseases of heart,20.2
2017,Canada,65 to 74 years,Males,Influenza and pneumonia,1.4
2017,Canada,65 to 74 years,Males,Acute bronchitis and bronchiolitis,0.0
2017,Canada,65 to 74 years,Males,Chronic lower respiratory diseases,5.1
2017,Canada,65 to 74 years,Females,Malignant neoplasms,47.3
2017,Canada,65 to 74 years,Females,"In situ neoplasms, benign neoplasms and neoplasms of uncertain or unknown behaviour",0.5
2017,Canada,65 to 74 years,Females,Diabetes mellitus,2.7
2017,Canada,65 to 74 years,Females,Diseases of heart,13.4
2017,Canada,65 to 74 years,Females,Influenza and pneumonia,1.4
2017,Canada,65 to 74 years,Females,Acute bronchitis and bronchiolitis,0.0
2017,Canada,65 to 74 years,Females,Chronic lower respiratory diseases,6.6
2017,Canada,75 to 84 years,Both sexes,Malignant neoplasms,32.7
2017,Canada,75 to 84 years,Both sexes,"In situ neoplasms, benign neoplasms and neoplasms of uncertain or unknown behaviour",0.7
2017,Canada,75 to 84 years,Both sexes,Diabetes mellitus,2.8
2017,Canada,75 to 84 years,Both sexes,Diseases of heart,18.9
2017,Canada,75 to 84 years,Both sexes,Influenza and pneumonia,2.3
2017,Canada,75 to 84 years,Both sexes,Acute bronchitis and bronchiolitis,0.0
2017,Canada,75 to 84 years,Both sexes,Chronic lower respiratory diseases,6.0
2017,Canada,75 to 84 years,Males,Malignant neoplasms,33.4
2017,Canada,75 to 84 years,Males,"In situ neoplasms, benign neoplasms and neoplasms of uncertain or unknown behaviour",0.8
2017,Canada,75 to 84 years,Males,Diabetes mellitus,3.1
2017,Canada,75 to 84 years,Males,Diseases of heart,20.4
2017,Canada,75 to 84 years,Males,Influenza and pneumonia,2.1
2017,Canada,75 to 84 years,Males,Acute bronchitis and bronchiolitis,0.0
2017,Canada,75 to 84 years,Males,Chronic lower respiratory diseases,5.5
2017,Canada,75 to 84 years,Females,Malignant neoplasms,31.9
2017,Canada,75 to 84 years,Females,"In situ neoplasms, benign neoplasms and neoplasms of uncertain or unknown behaviour",0.6
2017,Canada,75 to 84 years,Females,Diabetes mellitus,2.5
2017,Canada,75 to 84 years,Females,Diseases of heart,17.2
2017,Canada,75 to 84 years,Females,Influenza and pneumonia,2.6
2017,Canada,75 to 84 years,Females,Acute bronchitis and bronchiolitis,0.0
2017,Canada,75 to 84 years,Females,Chronic lower respiratory diseases,6.6
2017,Canada,85 and over,Both sexes,Malignant neoplasms,16.1
2017,Canada,85 and over,Both sexes,"In situ neoplasms, benign neoplasms and neoplasms of uncertain or unknown behaviour",0.6
2017,Canada,85 and over,Both sexes,Diabetes mellitus,2.1
2017,Canada,85 and over,Both sexes,Diseases of heart,23.3
2017,Canada,85 and over,Both sexes,Influenza and pneumonia,4.3
2017,Canada,85 and over,Both sexes,Acute bronchitis and bronchiolitis,0.0
2017,Canada,85 and over,Both sexes,Chronic lower respiratory diseases,4.5
2017,Canada,85 and over,Males,Malignant neoplasms,19.7
2017,Canada,85 and over,Males,"In situ neoplasms, benign neoplasms and neoplasms of uncertain or unknown behaviour",0.7
2017,Canada,85 and over,Males,Diabetes mellitus,2.3
2017,Canada,85 and over,Males,Diseases of heart,23.6
2017,Canada,85 and over,Males,Influenza and pneumonia,4.3
2017,Canada,85 and over,Males,Acute bronchitis and bronchiolitis,0.0
2017,Canada,85 and over,Males,Chronic lower respiratory diseases,5.2
2017,Canada,85 and over,Females,Malignant neoplasms,13.8
2017,Canada,85 and over,Females,"In situ neoplasms, benign neoplasms and neoplasms of uncertain or unknown behaviour",0.5
2017,Canada,85 and over,Females,Diabetes mellitus,1.9
2017,Canada,85 and over,Females,Diseases of heart,23.1
2017,Canada,85 and over,Females,Influenza and pneumonia,4.3
2017,Canada,85 and over,Females,Acute bronchitis and bronchiolitis,0.0
2017,Canada,85 and over,Females,Chronic lower respiratory diseases,4.1
2018,Canada,30 to 34 years,Both sexes,Malignant neoplasms,10.4
2018,Canada,30 to 34 years,Both sexes,"In situ neoplasms, benign neoplasms and neoplasms of uncertain or unknown behaviour",0.3
2018,Canada,30 to 34 years,Both sexes,Diabetes mellitus,1.2
2018,Canada,30 to 34 years,Both sexes,Diseases of heart,4.1
2018,Canada,30 to 34 years,Both sexes,Influenza and pneumonia,0.9
2018,Canada,30 to 34 years,Both sexes,Acute bronchitis and bronchiolitis,0.0
2018,Canada,30 to 34 years,Both sexes,Chronic lower respiratory diseases,0.3
2018,Canada,30 to 34 years,Males,Malignant neoplasms,6.2
2018,Canada,30 to 34 years,Males,"In situ neoplasms, benign neoplasms and neoplasms of uncertain or unknown behaviour",0.3
2018,Canada,30 to 34 years,Males,Diabetes mellitus,0.9
2018,Canada,30 to 34 years,Males,Diseases of heart,4.3
2018,Canada,30 to 34 years,Males,Influenza and pneumonia,0.5
2018,Canada,30 to 34 years,Males,Acute bronchitis and bronchiolitis,0.0
2018,Canada,30 to 34 years,Males,Chronic lower respiratory diseases,0.4
2018,Canada,30 to 34 years,Females,Malignant neoplasms,19.2
2018,Canada,30 to 34 years,Females,"In situ neoplasms, benign neoplasms and neoplasms of uncertain or unknown behaviour",0.3
2018,Canada,30 to 34 years,Females,Diabetes mellitus,1.7
2018,Canada,30 to 34 years,Females,Diseases of heart,3.6
2018,Canada,30 to 34 years,Females,Influenza and pneumonia,1.7
2018,Canada,30 to 34 years,Females,Acute bronchitis and bronchiolitis,0.0
2018,Canada,30 to 34 years,Females,Chronic lower respiratory diseases,0.3
2018,Canada,35 to 44 years,Both sexes,Malignant neoplasms,19.5
2018,Canada,35 to 44 years,Both sexes,"In situ neoplasms, benign neoplasms and neoplasms of uncertain or unknown behaviour",0.4
2018,Canada,35 to 44 years,Both sexes,Diabetes mellitus,1.9
2018,Canada,35 to 44 years,Both sexes,Diseases of heart,7.7
2018,Canada,35 to 44 years,Both sexes,Influenza and pneumonia,1.1
2018,Canada,35 to 44 years,Both sexes,Acute bronchitis and bronchiolitis,0.0
2018,Canada,35 to 44 years,Both sexes,Chronic lower respiratory diseases,0.4
2018,Canada,35 to 44 years,Males,Malignant neoplasms,13.0
2018,Canada,35 to 44 years,Males,"In situ neoplasms, benign neoplasms and neoplasms of uncertain or unknown behaviour",0.3
2018,Canada,35 to 44 years,Males,Diabetes mellitus,1.7
2018,Canada,35 to 44 years,Males,Diseases of heart,8.5
2018,Canada,35 to 44 years,Males,Influenza and pneumonia,1.0
2018,Canada,35 to 44 years,Males,Acute bronchitis and bronchiolitis,0.0
2018,Canada,35 to 44 years,Males,Chronic lower respiratory diseases,0.4
2018,Canada,35 to 44 years,Females,Malignant neoplasms,31.2
2018,Canada,35 to 44 years,Females,"In situ neoplasms, benign neoplasms and neoplasms of uncertain or unknown behaviour",0.6
2018,Canada,35 to 44 years,Females,Diabetes mellitus,2.2
2018,Canada,35 to 44 years,Females,Diseases of heart,6.4
2018,Canada,35 to 44 years,Females,Influenza and pneumonia,1.4
2018,Canada,35 to 44 years,Females,Acute bronchitis and bronchiolitis,0.0
2018,Canada,35 to 44 years,Females,Chronic lower respiratory diseases,0.4
2018,Canada,45 to 54 years,Both sexes,Malignant neoplasms,31.8
2018,Canada,45 to 54 years,Both sexes,"In situ neoplasms, benign neoplasms and neoplasms of uncertain or unknown behaviour",0.3
2018,Canada,45 to 54 years,Both sexes,Diabetes mellitus,2.7
2018,Canada,45 to 54 years,Both sexes,Diseases of heart,13.2
2018,Canada,45 to 54 years,Both sexes,Influenza and pneumonia,1.5
2018,Canada,45 to 54 years,Both sexes,Acute bronchitis and bronchiolitis,0.0
2018,Canada,45 to 54 years,Both sexes,Chronic lower respiratory diseases,1.4
2018,Canada,45 to 54 years,Males,Malignant neoplasms,24.2
2018,Canada,45 to 54 years,Males,"In situ neoplasms, benign neoplasms and neoplasms of uncertain or unknown behaviour",0.3
2018,Canada,45 to 54 years,Males,Diabetes mellitus,3.0
2018,Canada,45 to 54 years,Males,Diseases of heart,16.6
2018,Canada,45 to 54 years,Males,Influenza and pneumonia,1.3
2018,Canada,45 to 54 years,Males,Acute bronchitis and bronchiolitis,0.0
2018,Canada,45 to 54 years,Males,Chronic lower respiratory diseases,1.0
2018,Canada,45 to 54 years,Females,Malignant neoplasms,44.2
2018,Canada,45 to 54 years,Females,"In situ neoplasms, benign neoplasms and neoplasms of uncertain or unknown behaviour",0.4
2018,Canada,45 to 54 years,Females,Diabetes mellitus,2.3
2018,Canada,45 to 54 years,Females,Diseases of heart,7.7
2018,Canada,45 to 54 years,Females,Influenza and pneumonia,1.7
2018,Canada,45 to 54 years,Females,Acute bronchitis and bronchiolitis,0.0
2018,Canada,45 to 54 years,Females,Chronic lower respiratory diseases,2.0
2018,Canada,55 to 64 years,Both sexes,Malignant neoplasms,42.8
2018,Canada,55 to 64 years,Both sexes,"In situ neoplasms, benign neoplasms and neoplasms of uncertain or unknown behaviour",0.5
2018,Canada,55 to 64 years,Both sexes,Diabetes mellitus,2.6
2018,Canada,55 to 64 years,Both sexes,Diseases of heart,15.9
2018,Canada,55 to 64 years,Both sexes,Influenza and pneumonia,1.5
2018,Canada,55 to 64 years,Both sexes,Acute bronchitis and bronchiolitis,0.0
2018,Canada,55 to 64 years,Both sexes,Chronic lower respiratory diseases,3.5
2018,Canada,55 to 64 years,Males,Malignant neoplasms,37.3
2018,Canada,55 to 64 years,Males,"In situ neoplasms, benign neoplasms and neoplasms of uncertain or unknown behaviour",0.5
2018,Canada,55 to 64 years,Males,Diabetes mellitus,2.8
2018,Canada,55 to 64 years,Males,Diseases of heart,19.5
2018,Canada,55 to 64 years,Males,Influenza and pneumonia,1.5
2018,Canada,55 to 64 years,Males,Acute bronchitis and bronchiolitis,0.0
2018,Canada,55 to 64 years,Males,Chronic lower respiratory diseases,3.1
2018,Canada,55 to 64 years,Females,Malignant neoplasms,51.3
2018,Canada,55 to 64 years,Females,"In situ neoplasms, benign neoplasms and neoplasms of uncertain or unknown behaviour",0.4
2018,Canada,55 to 64 years,Females,Diabetes mellitus,2.4
2018,Canada,55 to 64 years,Females,Diseases of heart,10.5
2018,Canada,55 to 64 years,Females,Influenza and pneumonia,1.5
2018,Canada,55 to 64 years,Females,Acute bronchitis and bronchiolitis,0.0
2018,Canada,55 to 64 years,Females,Chronic lower respiratory diseases,4.1
2018,Canada,65 to 74 years,Both sexes,Malignant neoplasms,42.7
2018,Canada,65 to 74 years,Both sexes,"In situ neoplasms, benign neoplasms and neoplasms of uncertain or unknown behaviour",0.6
2018,Canada,65 to 74 years,Both sexes,Diabetes mellitus,3.1
2018,Canada,65 to 74 years,Both sexes,Diseases of heart,17.1
2018,Canada,65 to 74 years,Both sexes,Influenza and pneumonia,1.7
2018,Canada,65 to 74 years,Both sexes,Acute bronchitis and bronchiolitis,0.0
2018,Canada,65 to 74 years,Both sexes,Chronic lower respiratory diseases,5.7
2018,Canada,65 to 74 years,Males,Malignant neoplasms,40.4
2018,Canada,65 to 74 years,Males,"In situ neoplasms, benign neoplasms and neoplasms of uncertain or unknown behaviour",0.7
2018,Canada,65 to 74 years,Males,Diabetes mellitus,3.4
2018,Canada,65 to 74 years,Males,Diseases of heart,19.8
2018,Canada,65 to 74 years,Males,Influenza and pneumonia,1.7
2018,Canada,65 to 74 years,Males,Acute bronchitis and bronchiolitis,0.0
2018,Canada,65 to 74 years,Males,Chronic lower respiratory diseases,5.1
2018,Canada,65 to 74 years,Females,Malignant neoplasms,46.0
2018,Canada,65 to 74 years,Females,"In situ neoplasms, benign neoplasms and neoplasms of uncertain or unknown behaviour",0.6
2018,Canada,65 to 74 years,Females,Diabetes mellitus,2.7
2018,Canada,65 to 74 years,Females,Diseases of heart,13.3
2018,Canada,65 to 74 years,Females,Influenza and pneumonia,1.6
2018,Canada,65 to 74 years,Females,Acute bronchitis and bronchiolitis,0.0
2018,Canada,65 to 74 years,Females,Chronic lower respiratory diseases,6.6
2018,Canada,75 to 84 years,Both sexes,Malignant neoplasms,32.2
2018,Canada,75 to 84 years,Both sexes,"In situ neoplasms, benign neoplasms and neoplasms of uncertain or unknown behaviour",0.8
2018,Canada,75 to 84 years,Both sexes,Diabetes mellitus,2.6
2018,Canada,75 to 84 years,Both sexes,Diseases of heart,18.3
2018,Canada,75 to 84 years,Both sexes,Influenza and pneumonia,2.6
2018,Canada,75 to 84 years,Both sexes,Acute bronchitis and bronchiolitis,0.0
2018,Canada,75 to 84 years,Both sexes,Chronic lower respiratory diseases,6.1
2018,Canada,75 to 84 years,Males,Malignant neoplasms,32.8
2018,Canada,75 to 84 years,Males,"In situ neoplasms, benign neoplasms and neoplasms of uncertain or unknown behaviour",0.8
2018,Canada,75 to 84 years,Males,Diabetes mellitus,2.7
2018,Canada,75 to 84 years,Males,Diseases of heart,19.8
2018,Canada,75 to 84 years,Males,Influenza and pneumonia,2.6
2018,Canada,75 to 84 years,Males,Acute bronchitis and bronchiolitis,0.0
2018,Canada,75 to 84 years,Males,Chronic lower respiratory diseases,5.7
2018,Canada,75 to 84 years,Females,Malignant neoplasms,31.6
2018,Canada,75 to 84 years,Females,"In situ neoplasms, benign neoplasms and neoplasms of uncertain or unknown behaviour",0.7
2018,Canada,75 to 84 years,Females,Diabetes mellitus,2.5
2018,Canada,75 to 84 years,Females,Diseases of heart,16.5
2018,Canada,75 to 84 years,Females,Influenza and pneumonia,2.6
2018,Canada,75 to 84 years,Females,Acute bronchitis and bronchiolitis,0.0
2018,Canada,75 to 84 years,Females,Chronic lower respiratory diseases,6.6
2018,Canada,85 and over,Both sexes,Malignant neoplasms,15.8
2018,Canada,85 and over,Both sexes,"In situ neoplasms, benign neoplasms and neoplasms of uncertain or unknown behaviour",0.6
2018,Canada,85 and over,Both sexes,Diabetes mellitus,2.0
2018,Canada,85 and over,Both sexes,Diseases of heart,23.0
2018,Canada,85 and over,Both sexes,Influenza and pneumonia,4.7
2018,Canada,85 and over,Both sexes,Acute bronchitis and bronchiolitis,0.0
2018,Canada,85 and over,Both sexes,Chronic lower respiratory diseases,4.3
2018,Canada,85 and over,Males,Malignant neoplasms,19.5
2018,Canada,85 and over,Males,"In situ neoplasms, benign neoplasms and neoplasms of uncertain or unknown behaviour",0.7
2018,Canada,85 and over,Males,Diabetes mellitus,2.1
2018,Canada,85 and over,Males,Diseases of heart,23.7
2018,Canada,85 and over,Males,Influenza and pneumonia,4.7
2018,Canada,85 and over,Males,Acute bronchitis and bronchiolitis,0.0
2018,Canada,85 and over,Males,Chronic lower respiratory diseases,5.0
2018,Canada,85 and over,Females,Malignant neoplasms,13.3
2018,Canada,85 and over,Females,"In situ neoplasms, benign neoplasms and neoplasms of uncertain or unknown behaviour",0.5
2018,Canada,85 and over,Females,Diabetes mellitus,1.9
2018,Canada,85 and over,Females,Diseases of heart,22.5
2018,Canada,85 and over,Females,Influenza and pneumonia,4.8
2018,Canada,85 and over,Females,Acute bronchitis and bronchiolitis,0.0
2018,Canada,85 and over,Females,Chronic lower respiratory diseases,3.8
2019,Canada,30 to 34 years,Both sexes,Malignant neoplasms,12.5
2019,Canada,30 to 34 years,Both sexes,"In situ neoplasms, benign neoplasms and neoplasms of uncertain or unknown behaviour",0.2
2019,Canada,30 to 34 years,Both sexes,Diabetes mellitus,1.6
2019,Canada,30 to 34 years,Both sexes,Diseases of heart,3.8
2019,Canada,30 to 34 years,Both sexes,Influenza and pneumonia,0.9
2019,Canada,30 to 34 years,Both sexes,Acute bronchitis and bronchiolitis,0.0
2019,Canada,30 to 34 years,Both sexes,Chronic lower respiratory diseases,0.3
2019,Canada,30 to 34 years,Males,Malignant neoplasms,9.2
2019,Canada,30 to 34 years,Males,"In situ neoplasms, benign neoplasms and neoplasms of uncertain or unknown behaviour",0.1
2019,Canada,30 to 34 years,Males,Diabetes mellitus,1.7
2019,Canada,30 to 34 years,Males,Diseases of heart,3.5
2019,Canada,30 to 34 years,Males,Influenza and pneumonia,0.7
2019,Canada,30 to 34 years,Males,Acute bronchitis and bronchiolitis,0.0
2019,Canada,30 to 34 years,Males,Chronic lower respiratory diseases,0.3
2019,Canada,30 to 34 years,Females,Malignant neoplasms,19.4
2019,Canada,30 to 34 years,Females,"In situ neoplasms, benign neoplasms and neoplasms of uncertain or unknown behaviour",0.5
2019,Canada,30 to 34 years,Females,Diabetes mellitus,1.5
2019,Canada,30 to 34 years,Females,Diseases of heart,4.4
2019,Canada,30 to 34 years,Females,Influenza and pneumonia,1.4
2019,Canada,30 to 34 years,Females,Acute bronchitis and bronchiolitis,0.0
2019,Canada,30 to 34 years,Females,Chronic lower respiratory diseases,0.5
2019,Canada,35 to 44 years,Both sexes,Malignant neoplasms,20.4
2019,Canada,35 to 44 years,Both sexes,"In situ neoplasms, benign neoplasms and neoplasms of uncertain or unknown behaviour",0.4
2019,Canada,35 to 44 years,Both sexes,Diabetes mellitus,2.2
2019,Canada,35 to 44 years,Both sexes,Diseases of heart,8.2
2019,Canada,35 to 44 years,Both sexes,Influenza and pneumonia,1.3
2019,Canada,35 to 44 years,Both sexes,Acute bronchitis and bronchiolitis,0.0
2019,Canada,35 to 44 years,Both sexes,Chronic lower respiratory diseases,0.3
2019,Canada,35 to 44 years,Males,Malignant neoplasms,13.7
2019,Canada,35 to 44 years,Males,"In situ neoplasms, benign neoplasms and neoplasms of uncertain or unknown behaviour",0.3
2019,Canada,35 to 44 years,Males,Diabetes mellitus,2.1
2019,Canada,35 to 44 years,Males,Diseases of heart,9.5
2019,Canada,35 to 44 years,Males,Influenza and pneumonia,1.3
2019,Canada,35 to 44 years,Males,Acute bronchitis and bronchiolitis,0.0
2019,Canada,35 to 44 years,Males,Chronic lower respiratory diseases,0.1
2019,Canada,35 to 44 years,Females,Malignant neoplasms,32.1
2019,Canada,35 to 44 years,Females,"In situ neoplasms, benign neoplasms and neoplasms of uncertain or unknown behaviour",0.6
2019,Canada,35 to 44 years,Females,Diabetes mellitus,2.2
2019,Canada,35 to 44 years,Females,Diseases of heart,5.9
2019,Canada,35 to 44 years,Females,Influenza and pneumonia,1.3
2019,Canada,35 to 44 years,Females,Acute bronchitis and bronchiolitis,0.0
2019,Canada,35 to 44 years,Females,Chronic lower respiratory diseases,0.6
2019,Canada,45 to 54 years,Both sexes,Malignant neoplasms,32.5
2019,Canada,45 to 54 years,Both sexes,"In situ neoplasms, benign neoplasms and neoplasms of uncertain or unknown behaviour",0.4
2019,Canada,45 to 54 years,Both sexes,Diabetes mellitus,2.6
2019,Canada,45 to 54 years,Both sexes,Diseases of heart,13.7
2019,Canada,45 to 54 years,Both sexes,Influenza and pneumonia,1.4
2019,Canada,45 to 54 years,Both sexes,Acute bronchitis and bronchiolitis,0.0
2019,Canada,45 to 54 years,Both sexes,Chronic lower respiratory diseases,1.3
2019,Canada,45 to 54 years,Males,Malignant neoplasms,25.4
2019,Canada,45 to 54 years,Males,"In situ neoplasms, benign neoplasms and neoplasms of uncertain or unknown behaviour",0.4
2019,Canada,45 to 54 years,Males,Diabetes mellitus,2.9
2019,Canada,45 to 54 years,Males,Diseases of heart,17.0
2019,Canada,45 to 54 years,Males,Influenza and pneumonia,1.4
2019,Canada,45 to 54 years,Males,Acute bronchitis and bronchiolitis,0.0
2019,Canada,45 to 54 years,Males,Chronic lower respiratory diseases,1.1
2019,Canada,45 to 54 years,Females,Malignant neoplasms,43.5
2019,Canada,45 to 54 years,Females,"In situ neoplasms, benign neoplasms and neoplasms of uncertain or unknown behaviour",0.5
2019,Canada,45 to 54 years,Females,Diabetes mellitus,2.2
2019,Canada,45 to 54 years,Females,Diseases of heart,8.4
2019,Canada,45 to 54 years,Females,Influenza and pneumonia,1.4
2019,Canada,45 to 54 years,Females,Acute bronchitis and bronchiolitis,0.0
2019,Canada,45 to 54 years,Females,Chronic lower respiratory diseases,1.5
2019,Canada,55 to 64 years,Both sexes,Malignant neoplasms,42.5
2019,Canada,55 to 64 years,Both sexes,"In situ neoplasms, benign neoplasms and neoplasms of uncertain or unknown behaviour",0.4
2019,Canada,55 to 64 years,Both sexes,Diabetes mellitus,2.9
2019,Canada,55 to 64 years,Both sexes,Diseases of heart,16.0
2019,Canada,55 to 64 years,Both sexes,Influenza and pneumonia,1.5
2019,Canada,55 to 64 years,Both sexes,Acute bronchitis and bronchiolitis,0.0
2019,Canada,55 to 64 years,Both sexes,Chronic lower respiratory diseases,3.6
2019,Canada,55 to 64 years,Males,Malignant neoplasms,37.1
2019,Canada,55 to 64 years,Males,"In situ neoplasms, benign neoplasms and neoplasms of uncertain or unknown behaviour",0.4
2019,Canada,55 to 64 years,Males,Diabetes mellitus,3.1
2019,Canada,55 to 64 years,Males,Diseases of heart,19.5
2019,Canada,55 to 64 years,Males,Influenza and pneumonia,1.4
2019,Canada,55 to 64 years,Males,Acute bronchitis and bronchiolitis,0.0
2019,Canada,55 to 64 years,Males,Chronic lower respiratory diseases,3.2
2019,Canada,55 to 64 years,Females,Malignant neoplasms,50.7
2019,Canada,55 to 64 years,Females,"In situ neoplasms, benign neoplasms and neoplasms of uncertain or unknown behaviour",0.3
2019,Canada,55 to 64 years,Females,Diabetes mellitus,2.5
2019,Canada,55 to 64 years,Females,Diseases of heart,10.5
2019,Canada,55 to 64 years,Females,Influenza and pneumonia,1.6
2019,Canada,55 to 64 years,Females,Acute bronchitis and bronchiolitis,0.0
2019,Canada,55 to 64 years,Females,Chronic lower respiratory diseases,4.2
2019,Canada,65 to 74 years,Both sexes,Malignant neoplasms,42.2
2019,Canada,65 to 74 years,Both sexes,"In situ neoplasms, benign neoplasms and neoplasms of uncertain or unknown behaviour",0.6
2019,Canada,65 to 74 years,Both sexes,Diabetes mellitus,3.0
2019,Canada,65 to 74 years,Both sexes,Diseases of heart,16.8
2019,Canada,65 to 74 years,Both sexes,Influenza and pneumonia,1.6
2019,Canada,65 to 74 years,Both sexes,Acute bronchitis and bronchiolitis,0.0
2019,Canada,65 to 74 years,Both sexes,Chronic lower respiratory diseases,5.5
2019,Canada,65 to 74 years,Males,Malignant neoplasms,40.2
2019,Canada,65 to 74 years,Males,"In situ neoplasms, benign neoplasms and neoplasms of uncertain or unknown behaviour",0.7
2019,Canada,65 to 74 years,Males,Diabetes mellitus,3.2
2019,Canada,65 to 74 years,Males,Diseases of heart,19.2
2019,Canada,65 to 74 years,Males,Influenza and pneumonia,1.5
2019,Canada,65 to 74 years,Males,Acute bronchitis and bronchiolitis,0.0
2019,Canada,65 to 74 years,Males,Chronic lower respiratory diseases,4.9
2019,Canada,65 to 74 years,Females,Malignant neoplasms,45.1
2019,Canada,65 to 74 years,Females,"In situ neoplasms, benign neoplasms and neoplasms of uncertain or unknown behaviour",0.6
2019,Canada,65 to 74 years,Females,Diabetes mellitus,2.8
2019,Canada,65 to 74 years,Females,Diseases of heart,13.3
2019,Canada,65 to 74 years,Females,Influenza and pneumonia,1.6
2019,Canada,65 to 74 years,Females,Acute bronchitis and bronchiolitis,0.0
2019,Canada,65 to 74 years,Females,Chronic lower respiratory diseases,6.2
2019,Canada,75 to 84 years,Both sexes,Malignant neoplasms,32.2
2019,Canada,75 to 84 years,Both sexes,"In situ neoplasms, benign neoplasms and neoplasms of uncertain or unknown behaviour",0.8
2019,Canada,75 to 84 years,Both sexes,Diabetes mellitus,2.7
2019,Canada,75 to 84 years,Both sexes,Diseases of heart,18.2
2019,Canada,75 to 84 years,Both sexes,Influenza and pneumonia,2.1
2019,Canada,75 to 84 years,Both sexes,Acute bronchitis and bronchiolitis,0.0
2019,Canada,75 to 84 years,Both sexes,Chronic lower respiratory diseases,6.0
2019,Canada,75 to 84 years,Males,Malignant neoplasms,32.8
2019,Canada,75 to 84 years,Males,"In situ neoplasms, benign neoplasms and neoplasms of uncertain or unknown behaviour",0.9
2019,Canada,75 to 84 years,Males,Diabetes mellitus,2.8
2019,Canada,75 to 84 years,Males,Diseases of heart,19.7
2019,Canada,75 to 84 years,Males,Influenza and pneumonia,2.1
2019,Canada,75 to 84 years,Males,Acute bronchitis and bronchiolitis,0.0
2019,Canada,75 to 84 years,Males,Chronic lower respiratory diseases,5.5
2019,Canada,75 to 84 years,Females,Malignant neoplasms,31.6
2019,Canada,75 to 84 years,Females,"In situ neoplasms, benign neoplasms and neoplasms of uncertain or unknown behaviour",0.6
2019,Canada,75 to 84 years,Females,Diabetes mellitus,2.5
2019,Canada,75 to 84 years,Females,Diseases of heart,16.4
2019,Canada,75 to 84 years,Females,Influenza and pneumonia,2.1
2019,Canada,75 to 84 years,Females,Acute bronchitis and bronchiolitis,0.0
2019,Canada,75 to 84 years,Females,Chronic lower respiratory diseases,6.7
2019,Canada,85 and over,Both sexes,Malignant neoplasms,16.2
2019,Canada,85 and over,Both sexes,"In situ neoplasms, benign neoplasms and neoplasms of uncertain or unknown behaviour",0.7
2019,Canada,85 and over,Both sexes,Diabetes mellitus,2.0
2019,Canada,85 and over,Both sexes,Diseases of heart,22.5
2019,Canada,85 and over,Both sexes,Influenza and pneumonia,3.6
2019,Canada,85 and over,Both sexes,Acute bronchitis and bronchiolitis,0.0
2019,Canada,85 and over,Both sexes,Chronic lower respiratory diseases,4.2
2019,Canada,85 and over,Males,Malignant neoplasms,20.1
2019,Canada,85 and over,Males,"In situ neoplasms, benign neoplasms and neoplasms of uncertain or unknown behaviour",0.8
2019,Canada,85 and over,Males,Diabetes mellitus,2.2
2019,Canada,85 and over,Males,Diseases of heart,22.7
2019,Canada,85 and over,Males,Influenza and pneumonia,3.6
2019,Canada,85 and over,Males,Acute bronchitis and bronchiolitis,0.0
2019,Canada,85 and over,Males,Chronic lower respiratory diseases,4.8
2019,Canada,85 and over,Females,Malignant neoplasms,13.6
2019,Canada,85 and over,Females,"In situ neoplasms, benign neoplasms and neoplasms of uncertain or unknown behaviour",0.6
2019,Canada,85 and over,Females,Diabetes mellitus,1.9
2019,Canada,85 and over,Females,Diseases of heart,22.4
2019,Canada,85 and over,Females,Influenza and pneumonia,3.6
2019,Canada,85 and over,Females,Acute bronchitis and bronchiolitis,0.0
2019,Canada,85 and over,Females,Chronic lower respiratory diseases,3.8
