Year,Geography,Sex,GeoCode,Value
2015,,,,12.3
2016,,,,11.0
2017,,,,12.2
2018,,,,12.3
2019,,,,12.1
2020,,,,10.1
2015,Canada,Both sexes,,12.3
2015,Canada,Males,,18.4
2015,Canada,Females,,6.3
2015,Newfoundland and Labrador,Both sexes,10,11.9
2015,Newfoundland and Labrador,Males,10,19.2
2015,Newfoundland and Labrador,Females,10,4.8
2015,Prince Edward Island,Both sexes,11,5.4
2015,Prince Edward Island,Males,11,7.0
2015,Prince Edward Island,Females,11,4.0
2015,Nova Scotia,Both sexes,12,13.4
2015,Nova Scotia,Males,12,22.5
2015,Nova Scotia,Females,12,4.6
2015,New Brunswick,Both sexes,13,16.7
2015,New Brunswick,Males,13,26.6
2015,New Brunswick,Females,13,7.1
2015,Quebec,Both sexes,24,13.9
2015,Quebec,Males,24,20.7
2015,Quebec,Females,24,7.2
2015,Ontario,Both sexes,35,9.8
2015,Ontario,Males,35,14.3
2015,Ontario,Females,35,5.4
2015,Manitoba,Both sexes,46,13.8
2015,Manitoba,Males,46,18.5
2015,Manitoba,Females,46,9.2
2015,Saskatchewan,Both sexes,47,14.1
2015,Saskatchewan,Males,47,22.6
2015,Saskatchewan,Females,47,5.3
2015,Alberta,Both sexes,48,15.8
2015,Alberta,Males,48,22.9
2015,Alberta,Females,48,8.4
2015,British Columbia,Both sexes,59,11.6
2015,British Columbia,Males,59,18.1
2015,British Columbia,Females,59,5.2
2015,Yukon,Both sexes,60,13.4
2015,Yukon,Males,60,26.4
2015,Yukon,Females,60,0.0
2015,Northwest Territories,Both sexes,61,20.4
2015,Northwest Territories,Males,61,39.9
2015,Northwest Territories,Females,61,0.0
2015,Nunavut,Both sexes,62,79.2
2015,Nunavut,Males,62,132.0
2015,Nunavut,Females,62,22.6
2016,Canada,Both sexes,,11.0
2016,Canada,Males,,16.3
2016,Canada,Females,,5.7
2016,Newfoundland and Labrador,Both sexes,10,13.8
2016,Newfoundland and Labrador,Males,10,21.0
2016,Newfoundland and Labrador,Females,10,6.7
2016,Prince Edward Island,Both sexes,11,6.7
2016,Prince Edward Island,Males,11,12.3
2016,Prince Edward Island,Females,11,1.3
2016,Nova Scotia,Both sexes,12,13.2
2016,Nova Scotia,Males,12,20.9
2016,Nova Scotia,Females,12,5.8
2016,New Brunswick,Both sexes,13,15.8
2016,New Brunswick,Males,13,25.4
2016,New Brunswick,Females,13,6.5
2016,Quebec,Both sexes,24,9.4
2016,Quebec,Males,24,14.4
2016,Quebec,Females,24,4.4
2016,Ontario,Both sexes,35,9.8
2016,Ontario,Males,35,14.4
2016,Ontario,Females,35,5.3
2016,Manitoba,Both sexes,46,15.2
2016,Manitoba,Males,46,21.5
2016,Manitoba,Females,46,8.9
2016,Saskatchewan,Both sexes,47,15.7
2016,Saskatchewan,Males,47,21.9
2016,Saskatchewan,Females,47,9.3
2016,Alberta,Both sexes,48,13.9
2016,Alberta,Males,48,20.3
2016,Alberta,Females,48,7.4
2016,British Columbia,Both sexes,59,10.1
2016,British Columbia,Males,59,15.2
2016,British Columbia,Females,59,5.1
2016,Yukon,Both sexes,60,18.4
2016,Yukon,Males,60,25.8
2016,Yukon,Females,60,10.7
2016,Northwest Territories,Both sexes,61,26.9
2016,Northwest Territories,Males,61,35.0
2016,Northwest Territories,Females,61,18.4
2016,Nunavut,Both sexes,62,67.2
2016,Nunavut,Males,62,93.5
2016,Nunavut,Females,62,39.1
2017,Canada,Both sexes,,12.2
2017,Canada,Males,,18.4
2017,Canada,Females,,6.2
2017,Newfoundland and Labrador,Both sexes,10,17.4
2017,Newfoundland and Labrador,Males,10,26.7
2017,Newfoundland and Labrador,Females,10,8.3
2017,Prince Edward Island,Both sexes,11,11.3
2017,Prince Edward Island,Males,11,16.3
2017,Prince Edward Island,Females,11,6.5
2017,Nova Scotia,Both sexes,12,14.5
2017,Nova Scotia,Males,12,22.2
2017,Nova Scotia,Females,12,7.2
2017,New Brunswick,Both sexes,13,13.0
2017,New Brunswick,Males,13,21.4
2017,New Brunswick,Females,13,4.9
2017,Quebec,Both sexes,24,12.8
2017,Quebec,Males,24,19.0
2017,Quebec,Females,24,6.6
2017,Ontario,Both sexes,35,10.5
2017,Ontario,Males,35,15.6
2017,Ontario,Females,35,5.6
2017,Manitoba,Both sexes,46,15.5
2017,Manitoba,Males,46,20.6
2017,Manitoba,Females,46,10.5
2017,Saskatchewan,Both sexes,47,16.3
2017,Saskatchewan,Males,47,24.2
2017,Saskatchewan,Females,47,8.2
2017,Alberta,Both sexes,48,15.2
2017,Alberta,Males,48,23.6
2017,Alberta,Females,48,6.6
2017,British Columbia,Both sexes,59,10.4
2017,British Columbia,Males,59,15.9
2017,British Columbia,Females,59,5.0
2017,Yukon,Both sexes,60,
2017,Yukon,Males,60,
2017,Yukon,Females,60,
2017,Northwest Territories,Both sexes,61,15.6
2017,Northwest Territories,Males,61,30.3
2017,Northwest Territories,Females,61,0.0
2017,Nunavut,Both sexes,62,53.3
2017,Nunavut,Males,62,88.0
2017,Nunavut,Females,62,16.5
2018,Canada,Both sexes,,12.3
2018,Canada,Males,,18.7
2018,Canada,Females,,6.0
2018,Newfoundland and Labrador,Both sexes,10,13.7
2018,Newfoundland and Labrador,Males,10,23.1
2018,Newfoundland and Labrador,Females,10,4.5
2018,Prince Edward Island,Both sexes,11,4.6
2018,Prince Edward Island,Males,11,8.0
2018,Prince Edward Island,Females,11,1.3
2018,Nova Scotia,Both sexes,12,12.8
2018,Nova Scotia,Males,12,20.9
2018,Nova Scotia,Females,12,5.1
2018,New Brunswick,Both sexes,13,14.8
2018,New Brunswick,Males,13,24.4
2018,New Brunswick,Females,13,5.4
2018,Quebec,Both sexes,24,13.0
2018,Quebec,Males,24,19.7
2018,Quebec,Females,24,6.4
2018,Ontario,Both sexes,35,10.8
2018,Ontario,Males,35,16.4
2018,Ontario,Females,35,5.3
2018,Manitoba,Both sexes,46,14.2
2018,Manitoba,Males,46,20.7
2018,Manitoba,Females,46,7.7
2018,Saskatchewan,Both sexes,47,19.9
2018,Saskatchewan,Males,47,29.9
2018,Saskatchewan,Females,47,9.7
2018,Alberta,Both sexes,48,14.4
2018,Alberta,Males,48,21.3
2018,Alberta,Females,48,7.5
2018,British Columbia,Both sexes,59,10.4
2018,British Columbia,Males,59,15.5
2018,British Columbia,Females,59,5.5
2018,Yukon,Both sexes,60,
2018,Yukon,Males,60,
2018,Yukon,Females,60,
2018,Northwest Territories,Both sexes,61,26.7
2018,Northwest Territories,Males,61,38.8
2018,Northwest Territories,Females,61,13.8
2018,Nunavut,Both sexes,62,62.9
2018,Nunavut,Males,62,112.3
2018,Nunavut,Females,62,10.8
2019,Canada,Both sexes,,12.1
2019,Canada,Males,,18.4
2019,Canada,Females,,5.8
2019,Newfoundland and Labrador,Both sexes,10,11.5
2019,Newfoundland and Labrador,Males,10,17.0
2019,Newfoundland and Labrador,Females,10,6.0
2019,Prince Edward Island,Both sexes,11,11.4
2019,Prince Edward Island,Males,11,19.3
2019,Prince Edward Island,Females,11,3.8
2019,Nova Scotia,Both sexes,12,12.9
2019,Nova Scotia,Males,12,21.3
2019,Nova Scotia,Females,12,4.8
2019,New Brunswick,Both sexes,13,10.2
2019,New Brunswick,Males,13,15.1
2019,New Brunswick,Females,13,5.3
2019,Quebec,Both sexes,24,13.3
2019,Quebec,Males,24,20.6
2019,Quebec,Females,24,6.0
2019,Ontario,Both sexes,35,10.5
2019,Ontario,Males,35,15.9
2019,Ontario,Females,35,5.2
2019,Manitoba,Both sexes,46,15.7
2019,Manitoba,Males,46,23.1
2019,Manitoba,Females,46,8.3
2019,Saskatchewan,Both sexes,47,16.0
2019,Saskatchewan,Males,47,25.4
2019,Saskatchewan,Females,47,6.5
2019,Alberta,Both sexes,48,13.7
2019,Alberta,Males,48,20.7
2019,Alberta,Females,48,6.6
2019,British Columbia,Both sexes,59,10.8
2019,British Columbia,Males,59,16.4
2019,British Columbia,Females,59,5.2
2019,Yukon,Both sexes,60,
2019,Yukon,Males,60,
2019,Yukon,Females,60,
2019,Northwest Territories,Both sexes,61,17.8
2019,Northwest Territories,Males,61,17.3
2019,Northwest Territories,Females,61,18.3
2019,Nunavut,Both sexes,62,88.1
2019,Nunavut,Males,62,126.2
2019,Nunavut,Females,62,47.9
2020,Canada,Both sexes,,10.1
2020,Canada,Males,,15.2
2020,Canada,Females,,5.0
2020,Newfoundland and Labrador,Both sexes,10,11.1
2020,Newfoundland and Labrador,Males,10,17.9
2020,Newfoundland and Labrador,Females,10,4.6
2020,Prince Edward Island,Both sexes,11,3.7
2020,Prince Edward Island,Males,11,6.3
2020,Prince Edward Island,Females,11,1.2
2020,Nova Scotia,Both sexes,12,11.0
2020,Nova Scotia,Males,12,18.3
2020,Nova Scotia,Females,12,4.0
2020,New Brunswick,Both sexes,13,11.7
2020,New Brunswick,Males,13,19.9
2020,New Brunswick,Females,13,3.8
2020,Quebec,Both sexes,24,10.6
2020,Quebec,Males,24,16.1
2020,Quebec,Females,24,5.2
2020,Ontario,Both sexes,35,8.9
2020,Ontario,Males,35,13.2
2020,Ontario,Females,35,4.7
2020,Manitoba,Both sexes,46,12.9
2020,Manitoba,Males,46,18.7
2020,Manitoba,Females,46,7.1
2020,Saskatchewan,Both sexes,47,15.6
2020,Saskatchewan,Males,47,23.4
2020,Saskatchewan,Females,47,7.7
2020,Alberta,Both sexes,48,13.3
2020,Alberta,Males,48,20.2
2020,Alberta,Females,48,6.4
2020,British Columbia,Both sexes,59,7.0
2020,British Columbia,Males,59,10.3
2020,British Columbia,Females,59,3.8
2020,Yukon,Both sexes,60,
2020,Yukon,Males,60,
2020,Yukon,Females,60,
2020,Northwest Territories,Both sexes,61,8.8
2020,Northwest Territories,Males,61,17.2
2020,Northwest Territories,Females,61,0.0
2020,Nunavut,Both sexes,62,76.6
2020,Nunavut,Males,62,110.0
2020,Nunavut,Females,62,41.7
