Year,Geography,GeoCode,Sex,Value
2015,Alberta,48,Both sexes,15.8
2015,Alberta,48,Males,22.9
2015,Alberta,48,Females,8.4
2016,Alberta,48,Both sexes,13.9
2016,Alberta,48,Males,20.3
2016,Alberta,48,Females,7.4
2017,Alberta,48,Both sexes,15.2
2017,Alberta,48,Males,23.6
2017,Alberta,48,Females,6.6
2018,Alberta,48,Both sexes,14.4
2018,Alberta,48,Males,21.3
2018,Alberta,48,Females,7.5
2019,Alberta,48,Both sexes,13.7
2019,Alberta,48,Males,20.7
2019,Alberta,48,Females,6.6
2020,Alberta,48,Both sexes,13.3
2020,Alberta,48,Males,20.2
2020,Alberta,48,Females,6.4
2015,British Columbia,59,Both sexes,11.6
2015,British Columbia,59,Males,18.1
2015,British Columbia,59,Females,5.2
2016,British Columbia,59,Both sexes,10.1
2016,British Columbia,59,Males,15.2
2016,British Columbia,59,Females,5.1
2017,British Columbia,59,Both sexes,10.4
2017,British Columbia,59,Males,15.9
2017,British Columbia,59,Females,5.0
2018,British Columbia,59,Both sexes,10.4
2018,British Columbia,59,Males,15.5
2018,British Columbia,59,Females,5.5
2019,British Columbia,59,Both sexes,10.8
2019,British Columbia,59,Males,16.4
2019,British Columbia,59,Females,5.2
2020,British Columbia,59,Both sexes,7.0
2020,British Columbia,59,Males,10.3
2020,British Columbia,59,Females,3.8
2015,Canada,,Males,18.4
2015,Canada,,Females,6.3
2016,Canada,,Males,16.3
2016,Canada,,Females,5.7
2017,Canada,,Males,18.4
2017,Canada,,Females,6.2
2018,Canada,,Males,18.7
2018,Canada,,Females,6.0
2019,Canada,,Males,18.4
2019,Canada,,Females,5.8
2020,Canada,,Males,15.2
2020,Canada,,Females,5.0
2015,Manitoba,46,Both sexes,13.8
2015,Manitoba,46,Males,18.5
2015,Manitoba,46,Females,9.2
2016,Manitoba,46,Both sexes,15.2
2016,Manitoba,46,Males,21.5
2016,Manitoba,46,Females,8.9
2017,Manitoba,46,Both sexes,15.5
2017,Manitoba,46,Males,20.6
2017,Manitoba,46,Females,10.5
2018,Manitoba,46,Both sexes,14.2
2018,Manitoba,46,Males,20.7
2018,Manitoba,46,Females,7.7
2019,Manitoba,46,Both sexes,15.7
2019,Manitoba,46,Males,23.1
2019,Manitoba,46,Females,8.3
2020,Manitoba,46,Both sexes,12.9
2020,Manitoba,46,Males,18.7
2020,Manitoba,46,Females,7.1
2015,New Brunswick,13,Both sexes,16.7
2015,New Brunswick,13,Males,26.6
2015,New Brunswick,13,Females,7.1
2016,New Brunswick,13,Both sexes,15.8
2016,New Brunswick,13,Males,25.4
2016,New Brunswick,13,Females,6.5
2017,New Brunswick,13,Both sexes,13.0
2017,New Brunswick,13,Males,21.4
2017,New Brunswick,13,Females,4.9
2018,New Brunswick,13,Both sexes,14.8
2018,New Brunswick,13,Males,24.4
2018,New Brunswick,13,Females,5.4
2019,New Brunswick,13,Both sexes,10.2
2019,New Brunswick,13,Males,15.1
2019,New Brunswick,13,Females,5.3
2020,New Brunswick,13,Both sexes,11.7
2020,New Brunswick,13,Males,19.9
2020,New Brunswick,13,Females,3.8
2015,Newfoundland and Labrador,10,Both sexes,11.9
2015,Newfoundland and Labrador,10,Males,19.2
2015,Newfoundland and Labrador,10,Females,4.8
2016,Newfoundland and Labrador,10,Both sexes,13.8
2016,Newfoundland and Labrador,10,Males,21.0
2016,Newfoundland and Labrador,10,Females,6.7
2017,Newfoundland and Labrador,10,Both sexes,17.4
2017,Newfoundland and Labrador,10,Males,26.7
2017,Newfoundland and Labrador,10,Females,8.3
2018,Newfoundland and Labrador,10,Both sexes,13.7
2018,Newfoundland and Labrador,10,Males,23.1
2018,Newfoundland and Labrador,10,Females,4.5
2019,Newfoundland and Labrador,10,Both sexes,11.5
2019,Newfoundland and Labrador,10,Males,17.0
2019,Newfoundland and Labrador,10,Females,6.0
2020,Newfoundland and Labrador,10,Both sexes,11.1
2020,Newfoundland and Labrador,10,Males,17.9
2020,Newfoundland and Labrador,10,Females,4.6
2015,Northwest Territories,61,Both sexes,20.4
2015,Northwest Territories,61,Males,39.9
2015,Northwest Territories,61,Females,0.0
2016,Northwest Territories,61,Both sexes,26.9
2016,Northwest Territories,61,Males,35.0
2016,Northwest Territories,61,Females,18.4
2017,Northwest Territories,61,Both sexes,15.6
2017,Northwest Territories,61,Males,30.3
2017,Northwest Territories,61,Females,0.0
2018,Northwest Territories,61,Both sexes,26.7
2018,Northwest Territories,61,Males,38.8
2018,Northwest Territories,61,Females,13.8
2019,Northwest Territories,61,Both sexes,17.8
2019,Northwest Territories,61,Males,17.3
2019,Northwest Territories,61,Females,18.3
2020,Northwest Territories,61,Both sexes,8.8
2020,Northwest Territories,61,Males,17.2
2020,Northwest Territories,61,Females,0.0
2015,Nova Scotia,12,Both sexes,13.4
2015,Nova Scotia,12,Males,22.5
2015,Nova Scotia,12,Females,4.6
2016,Nova Scotia,12,Both sexes,13.2
2016,Nova Scotia,12,Males,20.9
2016,Nova Scotia,12,Females,5.8
2017,Nova Scotia,12,Both sexes,14.5
2017,Nova Scotia,12,Males,22.2
2017,Nova Scotia,12,Females,7.2
2018,Nova Scotia,12,Both sexes,12.8
2018,Nova Scotia,12,Males,20.9
2018,Nova Scotia,12,Females,5.1
2019,Nova Scotia,12,Both sexes,12.9
2019,Nova Scotia,12,Males,21.3
2019,Nova Scotia,12,Females,4.8
2020,Nova Scotia,12,Both sexes,11.0
2020,Nova Scotia,12,Males,18.3
2020,Nova Scotia,12,Females,4.0
2015,Nunavut,62,Both sexes,79.2
2015,Nunavut,62,Males,132.0
2015,Nunavut,62,Females,22.6
2016,Nunavut,62,Both sexes,67.2
2016,Nunavut,62,Males,93.5
2016,Nunavut,62,Females,39.1
2017,Nunavut,62,Both sexes,53.3
2017,Nunavut,62,Males,88.0
2017,Nunavut,62,Females,16.5
2018,Nunavut,62,Both sexes,62.9
2018,Nunavut,62,Males,112.3
2018,Nunavut,62,Females,10.8
2019,Nunavut,62,Both sexes,88.1
2019,Nunavut,62,Males,126.2
2019,Nunavut,62,Females,47.9
2020,Nunavut,62,Both sexes,76.6
2020,Nunavut,62,Males,110.0
2020,Nunavut,62,Females,41.7
2015,Ontario,35,Both sexes,9.8
2015,Ontario,35,Males,14.3
2015,Ontario,35,Females,5.4
2016,Ontario,35,Both sexes,9.8
2016,Ontario,35,Males,14.4
2016,Ontario,35,Females,5.3
2017,Ontario,35,Both sexes,10.5
2017,Ontario,35,Males,15.6
2017,Ontario,35,Females,5.6
2018,Ontario,35,Both sexes,10.8
2018,Ontario,35,Males,16.4
2018,Ontario,35,Females,5.3
2019,Ontario,35,Both sexes,10.5
2019,Ontario,35,Males,15.9
2019,Ontario,35,Females,5.2
2020,Ontario,35,Both sexes,8.9
2020,Ontario,35,Males,13.2
2020,Ontario,35,Females,4.7
2015,Prince Edward Island,11,Both sexes,5.4
2015,Prince Edward Island,11,Males,7.0
2015,Prince Edward Island,11,Females,4.0
2016,Prince Edward Island,11,Both sexes,6.7
2016,Prince Edward Island,11,Males,12.3
2016,Prince Edward Island,11,Females,1.3
2017,Prince Edward Island,11,Both sexes,11.3
2017,Prince Edward Island,11,Males,16.3
2017,Prince Edward Island,11,Females,6.5
2018,Prince Edward Island,11,Both sexes,4.6
2018,Prince Edward Island,11,Males,8.0
2018,Prince Edward Island,11,Females,1.3
2019,Prince Edward Island,11,Both sexes,11.4
2019,Prince Edward Island,11,Males,19.3
2019,Prince Edward Island,11,Females,3.8
2020,Prince Edward Island,11,Both sexes,3.7
2020,Prince Edward Island,11,Males,6.3
2020,Prince Edward Island,11,Females,1.2
2015,Quebec,24,Both sexes,13.9
2015,Quebec,24,Males,20.7
2015,Quebec,24,Females,7.2
2016,Quebec,24,Both sexes,9.4
2016,Quebec,24,Males,14.4
2016,Quebec,24,Females,4.4
2017,Quebec,24,Both sexes,12.8
2017,Quebec,24,Males,19.0
2017,Quebec,24,Females,6.6
2018,Quebec,24,Both sexes,13.0
2018,Quebec,24,Males,19.7
2018,Quebec,24,Females,6.4
2019,Quebec,24,Both sexes,13.3
2019,Quebec,24,Males,20.6
2019,Quebec,24,Females,6.0
2020,Quebec,24,Both sexes,10.6
2020,Quebec,24,Males,16.1
2020,Quebec,24,Females,5.2
2015,Saskatchewan,47,Both sexes,14.1
2015,Saskatchewan,47,Males,22.6
2015,Saskatchewan,47,Females,5.3
2016,Saskatchewan,47,Both sexes,15.7
2016,Saskatchewan,47,Males,21.9
2016,Saskatchewan,47,Females,9.3
2017,Saskatchewan,47,Both sexes,16.3
2017,Saskatchewan,47,Males,24.2
2017,Saskatchewan,47,Females,8.2
2018,Saskatchewan,47,Both sexes,19.9
2018,Saskatchewan,47,Males,29.9
2018,Saskatchewan,47,Females,9.7
2019,Saskatchewan,47,Both sexes,16.0
2019,Saskatchewan,47,Males,25.4
2019,Saskatchewan,47,Females,6.5
2020,Saskatchewan,47,Both sexes,15.6
2020,Saskatchewan,47,Males,23.4
2020,Saskatchewan,47,Females,7.7
2015,Yukon,60,Both sexes,13.4
2015,Yukon,60,Males,26.4
2015,Yukon,60,Females,0.0
2016,Yukon,60,Both sexes,18.4
2016,Yukon,60,Males,25.8
2016,Yukon,60,Females,10.7
2017,Yukon,60,Both sexes,
2017,Yukon,60,Males,
2017,Yukon,60,Females,
2018,Yukon,60,Both sexes,
2018,Yukon,60,Males,
2018,Yukon,60,Females,
2019,Yukon,60,Both sexes,
2019,Yukon,60,Males,
2019,Yukon,60,Females,
2020,Yukon,60,Both sexes,
2020,Yukon,60,Males,
2020,Yukon,60,Females,
2015,,,,12.3
2016,,,,11.0
2017,,,,12.2
2018,,,,12.3
2019,,,,12.1
2020,,,,10.1
