Year,Type of electricity generation,Geography,GeoCode,Value
2015,,,,81.4444166666667
2016,,,,78.76575
2017,,,,79.9753333333333
2018,,,,79.5969166666667
2019,,,,79.3599166666667
2020,,,,82.3359166666667
2021,,,,81.64925
2022,,,,82.0549166666667
2023,,,,80.7290833333333
2024,,,,79.3978333333333
2015,Hydraulic turbine,Alberta,48,3.24066666666667
2015,Total renewable and non-greenhouse gas emitting sources,Alberta,48,7.06583333333333
2015,Wind power turbine,Alberta,48,3.82508333333333
2015,Hydraulic turbine,British Columbia,59,90.90725
2015,Total renewable and non-greenhouse gas emitting sources,British Columbia,59,90.90725
2015,Hydraulic turbine,Canada,,63.248
2015,Nuclear steam turbine,Canada,,16.6659166666667
2015,Solar,Canada,,0.0455
2015,Tidal power turbine,Canada,,0.00225
2015,Wind power turbine,Canada,,1.48258333333333
2015,Hydraulic turbine,Manitoba,46,98.4231666666667
2015,Total renewable and non-greenhouse gas emitting sources,Manitoba,46,99.5596666666667
2015,Wind power turbine,Manitoba,46,1.1365
2015,Hydraulic turbine,New Brunswick,13,20.7531666666667
2015,Nuclear steam turbine,New Brunswick,13,30.69575
2015,Total renewable and non-greenhouse gas emitting sources,New Brunswick,13,56.2025833333333
2015,Wind power turbine,New Brunswick,13,4.75341666666667
2015,Hydraulic turbine,Newfoundland and Labrador,10,95.7331666666667
2015,Total renewable and non-greenhouse gas emitting sources,Newfoundland and Labrador,10,95.9671666666667
2015,Wind power turbine,Newfoundland and Labrador,10,0.233916666666667
2015,Hydraulic turbine,Northwest Territories,61,24.9920833333333
2015,Total renewable and non-greenhouse gas emitting sources,Northwest Territories,61,28.3309166666667
2015,Wind power turbine,Northwest Territories,61,3.33866666666667
2015,Hydraulic turbine,Nova Scotia,12,10.3128333333333
2015,Tidal power turbine,Nova Scotia,12,0.1475
2015,Total renewable and non-greenhouse gas emitting sources,Nova Scotia,12,15.50875
2015,Wind power turbine,Nova Scotia,12,5.04841666666667
2015,Hydraulic turbine,Nunavut,62,
2015,Total renewable and non-greenhouse gas emitting sources,Nunavut,62,
2015,Hydraulic turbine,Ontario,35,25.1178333333333
2015,Nuclear steam turbine,Ontario,35,65.6689166666667
2015,Solar,Ontario,35,0.18475
2015,Total renewable and non-greenhouse gas emitting sources,Ontario,35,93.0966666666667
2015,Wind power turbine,Ontario,35,2.12541666666667
2015,Total renewable and non-greenhouse gas emitting sources,Prince Edward Island,11,98.5833333333333
2015,Wind power turbine,Prince Edward Island,11,98.5833333333333
2015,Hydraulic turbine,Quebec,24,98.9861666666667
2015,Nuclear steam turbine,Quebec,24,
2015,Total renewable and non-greenhouse gas emitting sources,Quebec,24,
2015,Wind power turbine,Quebec,24,0.389083333333333
2015,Hydraulic turbine,Saskatchewan,47,14.4148333333333
2015,Total renewable and non-greenhouse gas emitting sources,Saskatchewan,47,17.7575
2015,Wind power turbine,Saskatchewan,47,3.34241666666667
2015,Hydraulic turbine,Yukon,60,94.1393333333333
2015,Total renewable and non-greenhouse gas emitting sources,Yukon,60,
2015,Wind power turbine,Yukon,60,
2016,Hydraulic turbine,Alberta,48,2.49233333333333
2016,Solar,Alberta,48,0.0023333333333333
2016,Total renewable and non-greenhouse gas emitting sources,Alberta,48,8.28666666666667
2016,Wind power turbine,Alberta,48,5.79183333333333
2016,Hydraulic turbine,British Columbia,59,88.5699166666667
2016,Solar,British Columbia,59,0.0
2016,Tidal power turbine,British Columbia,59,0.0
2016,Total renewable and non-greenhouse gas emitting sources,British Columbia,59,90.3863333333333
2016,Wind power turbine,British Columbia,59,1.81625
2016,Hydraulic turbine,Canada,,58.9220833333333
2016,Nuclear steam turbine,Canada,,14.86625
2016,Solar,Canada,,0.2895
2016,Tidal power turbine,Canada,,0.0029166666666666
2016,Wind power turbine,Canada,,4.68483333333333
2016,Hydraulic turbine,Manitoba,46,97.0074166666667
2016,Solar,Manitoba,46,0.0
2016,Total renewable and non-greenhouse gas emitting sources,Manitoba,46,99.5995
2016,Wind power turbine,Manitoba,46,2.59191666666667
2016,Hydraulic turbine,New Brunswick,13,21.95675
2016,Nuclear steam turbine,New Brunswick,13,29.3716666666667
2016,Solar,New Brunswick,13,0.0
2016,Tidal power turbine,New Brunswick,13,0.0
2016,Total renewable and non-greenhouse gas emitting sources,New Brunswick,13,56.4218333333333
2016,Wind power turbine,New Brunswick,13,5.09358333333333
2016,Hydraulic turbine,Newfoundland and Labrador,10,94.4795833333333
2016,Solar,Newfoundland and Labrador,10,0.0
2016,Tidal power turbine,Newfoundland and Labrador,10,0.0
2016,Total renewable and non-greenhouse gas emitting sources,Newfoundland and Labrador,10,94.95125
2016,Wind power turbine,Newfoundland and Labrador,10,0.471833333333333
2016,Hydraulic turbine,Northwest Territories,61,30.0719166666667
2016,Solar,Northwest Territories,61,0.0335833333333333
2016,Total renewable and non-greenhouse gas emitting sources,Northwest Territories,61,31.95225
2016,Wind power turbine,Northwest Territories,61,1.84666666666667
2016,Hydraulic turbine,Nova Scotia,12,8.00425
2016,Solar,Nova Scotia,12,0.0
2016,Tidal power turbine,Nova Scotia,12,0.192
2016,Total renewable and non-greenhouse gas emitting sources,Nova Scotia,12,18.3453333333333
2016,Wind power turbine,Nova Scotia,12,10.14925
2016,Hydraulic turbine,Nunavut,62,0.0
2016,Solar,Nunavut,62,0.0
2016,Total renewable and non-greenhouse gas emitting sources,Nunavut,62,0.0
2016,Wind power turbine,Nunavut,62,0.0
2016,Hydraulic turbine,Ontario,35,23.4065
2016,Nuclear steam turbine,Ontario,35,57.9466666666667
2016,Solar,Ontario,35,1.15266666666667
2016,Total renewable and non-greenhouse gas emitting sources,Ontario,35,89.2259166666667
2016,Wind power turbine,Ontario,35,6.72008333333333
2016,Hydraulic turbine,Prince Edward Island,11,0.0
2016,Solar,Prince Edward Island,11,0.0
2016,Tidal power turbine,Prince Edward Island,11,0.0
2016,Total renewable and non-greenhouse gas emitting sources,Prince Edward Island,11,98.4853333333333
2016,Wind power turbine,Prince Edward Island,11,98.4853333333333
2016,Hydraulic turbine,Quebec,24,94.2465
2016,Nuclear steam turbine,Quebec,24,
2016,Solar,Quebec,24,0.0006666666666666
2016,Total renewable and non-greenhouse gas emitting sources,Quebec,24,
2016,Wind power turbine,Quebec,24,4.65116666666667
2016,Hydraulic turbine,Saskatchewan,47,13.358
2016,Solar,Saskatchewan,47,0.0
2016,Total renewable and non-greenhouse gas emitting sources,Saskatchewan,47,16.34675
2016,Wind power turbine,Saskatchewan,47,2.98858333333333
2016,Hydraulic turbine,Yukon,60,93.87675
2016,Solar,Yukon,60,0.0
2016,Total renewable and non-greenhouse gas emitting sources,Yukon,60,94.0088333333333
2016,Wind power turbine,Yukon,60,0.132083333333333
2017,Hydraulic turbine,Alberta,48,2.58133333333333
2017,Solar,Alberta,48,0.00225
2017,Total renewable and non-greenhouse gas emitting sources,Alberta,48,8.1665
2017,Wind power turbine,Alberta,48,5.58283333333333
2017,Hydraulic turbine,British Columbia,59,89.2139166666667
2017,Solar,British Columbia,59,0.0
2017,Tidal power turbine,British Columbia,59,0.0
2017,Total renewable and non-greenhouse gas emitting sources,British Columbia,59,91.3654166666667
2017,Wind power turbine,British Columbia,59,2.15141666666667
2017,Hydraulic turbine,Canada,,60.03475
2017,Nuclear steam turbine,Canada,,14.85775
2017,Solar,Canada,,0.329916666666667
2017,Tidal power turbine,Canada,,0.001
2017,Wind power turbine,Canada,,4.75208333333333
2017,Hydraulic turbine,Manitoba,46,97.0401666666667
2017,Solar,Manitoba,46,0.0
2017,Total renewable and non-greenhouse gas emitting sources,Manitoba,46,99.5669166666667
2017,Wind power turbine,Manitoba,46,2.527
2017,Hydraulic turbine,New Brunswick,13,19.3854166666667
2017,Nuclear steam turbine,New Brunswick,13,39.0595833333333
2017,Solar,New Brunswick,13,0.0
2017,Tidal power turbine,New Brunswick,13,0.0
2017,Total renewable and non-greenhouse gas emitting sources,New Brunswick,13,64.5709166666667
2017,Wind power turbine,New Brunswick,13,6.12575
2017,Hydraulic turbine,Newfoundland and Labrador,10,94.0179166666667
2017,Solar,Newfoundland and Labrador,10,0.0
2017,Tidal power turbine,Newfoundland and Labrador,10,0.0
2017,Total renewable and non-greenhouse gas emitting sources,Newfoundland and Labrador,10,94.52425
2017,Wind power turbine,Newfoundland and Labrador,10,0.506416666666667
2017,Hydraulic turbine,Northwest Territories,61,33.0955833333333
2017,Solar,Northwest Territories,61,0.04175
2017,Total renewable and non-greenhouse gas emitting sources,Northwest Territories,61,35.4229166666667
2017,Wind power turbine,Northwest Territories,61,2.28558333333333
2017,Hydraulic turbine,Nova Scotia,12,8.33058333333333
2017,Solar,Nova Scotia,12,0.0
2017,Tidal power turbine,Nova Scotia,12,0.0564166666666667
2017,Total renewable and non-greenhouse gas emitting sources,Nova Scotia,12,21.6275833333333
2017,Wind power turbine,Nova Scotia,12,13.2405
2017,Hydraulic turbine,Nunavut,62,0.0
2017,Solar,Nunavut,62,0.0
2017,Total renewable and non-greenhouse gas emitting sources,Nunavut,62,0.0
2017,Wind power turbine,Nunavut,62,0.0
2017,Hydraulic turbine,Ontario,35,25.8678333333333
2017,Nuclear steam turbine,Ontario,35,59.3138333333333
2017,Solar,Ontario,35,1.35533333333333
2017,Total renewable and non-greenhouse gas emitting sources,Ontario,35,93.2818333333333
2017,Wind power turbine,Ontario,35,6.74475
2017,Hydraulic turbine,Prince Edward Island,11,0.0
2017,Solar,Prince Edward Island,11,0.0
2017,Tidal power turbine,Prince Edward Island,11,0.0
2017,Total renewable and non-greenhouse gas emitting sources,Prince Edward Island,11,98.3309166666667
2017,Wind power turbine,Prince Edward Island,11,98.3309166666667
2017,Hydraulic turbine,Quebec,24,94.1486666666667
2017,Nuclear steam turbine,Quebec,24,
2017,Solar,Quebec,24,0.0006666666666666
2017,Total renewable and non-greenhouse gas emitting sources,Quebec,24,
2017,Wind power turbine,Quebec,24,4.66591666666667
2017,Hydraulic turbine,Saskatchewan,47,15.8660833333333
2017,Solar,Saskatchewan,47,0.0
2017,Total renewable and non-greenhouse gas emitting sources,Saskatchewan,47,18.86225
2017,Wind power turbine,Saskatchewan,47,2.99608333333333
2017,Hydraulic turbine,Yukon,60,92.8296666666667
2017,Solar,Yukon,60,0.0
2017,Total renewable and non-greenhouse gas emitting sources,Yukon,60,92.8371666666667
2017,Wind power turbine,Yukon,60,0.0075
2018,Hydraulic turbine,Alberta,48,2.55725
2018,Solar,Alberta,48,0.0334166666666667
2018,Total renewable and non-greenhouse gas emitting sources,Alberta,48,7.77291666666667
2018,Wind power turbine,Alberta,48,5.18241666666667
2018,Hydraulic turbine,British Columbia,59,89.5359166666667
2018,Solar,British Columbia,59,0.0024166666666666
2018,Tidal power turbine,British Columbia,59,0.0
2018,Total renewable and non-greenhouse gas emitting sources,British Columbia,59,91.66575
2018,Wind power turbine,British Columbia,59,2.1275
2018,Hydraulic turbine,Canada,,59.3869166666667
2018,Nuclear steam turbine,Canada,,14.9130833333333
2018,Solar,Canada,,0.35925
2018,Tidal power turbine,Canada,,0.0030833333333333
2018,Wind power turbine,Canada,,4.9345
2018,Hydraulic turbine,Manitoba,46,97.0689166666667
2018,Solar,Manitoba,46,0.0
2018,Total renewable and non-greenhouse gas emitting sources,Manitoba,46,99.7161666666667
2018,Wind power turbine,Manitoba,46,2.647
2018,Hydraulic turbine,New Brunswick,13,19.2150833333333
2018,Nuclear steam turbine,New Brunswick,13,35.5803333333333
2018,Solar,New Brunswick,13,0.0
2018,Tidal power turbine,New Brunswick,13,0.0
2018,Total renewable and non-greenhouse gas emitting sources,New Brunswick,13,60.9021666666667
2018,Wind power turbine,New Brunswick,13,6.10675
2018,Hydraulic turbine,Newfoundland and Labrador,10,95.6725
2018,Solar,Newfoundland and Labrador,10,0.0
2018,Tidal power turbine,Newfoundland and Labrador,10,0.0
2018,Total renewable and non-greenhouse gas emitting sources,Newfoundland and Labrador,10,96.1585
2018,Wind power turbine,Newfoundland and Labrador,10,0.48625
2018,Hydraulic turbine,Northwest Territories,61,33.6513333333333
2018,Solar,Northwest Territories,61,0.04475
2018,Total renewable and non-greenhouse gas emitting sources,Northwest Territories,61,36.1483333333333
2018,Wind power turbine,Northwest Territories,61,2.45216666666667
2018,Hydraulic turbine,Nova Scotia,12,8.78566666666667
2018,Solar,Nova Scotia,12,0.0
2018,Tidal power turbine,Nova Scotia,12,0.19975
2018,Total renewable and non-greenhouse gas emitting sources,Nova Scotia,12,20.6898333333333
2018,Wind power turbine,Nova Scotia,12,11.7044166666667
2018,Hydraulic turbine,Nunavut,62,0.0
2018,Solar,Nunavut,62,0.0
2018,Total renewable and non-greenhouse gas emitting sources,Nunavut,62,0.0
2018,Wind power turbine,Nunavut,62,0.0
2018,Hydraulic turbine,Ontario,35,24.428
2018,Nuclear steam turbine,Ontario,35,58.3465
2018,Solar,Ontario,35,1.42175
2018,Total renewable and non-greenhouse gas emitting sources,Ontario,35,91.4605833333333
2018,Wind power turbine,Ontario,35,7.26433333333333
2018,Hydraulic turbine,Prince Edward Island,11,0.0
2018,Solar,Prince Edward Island,11,0.0500833333333333
2018,Tidal power turbine,Prince Edward Island,11,0.0
2018,Total renewable and non-greenhouse gas emitting sources,Prince Edward Island,11,96.79925
2018,Wind power turbine,Prince Edward Island,11,96.7493333333333
2018,Hydraulic turbine,Quebec,24,93.95575
2018,Nuclear steam turbine,Quebec,24,
2018,Solar,Quebec,24,0.0006666666666666
2018,Total renewable and non-greenhouse gas emitting sources,Quebec,24,
2018,Wind power turbine,Quebec,24,5.00558333333333
2018,Hydraulic turbine,Saskatchewan,47,14.5316666666667
2018,Solar,Saskatchewan,47,0.0
2018,Total renewable and non-greenhouse gas emitting sources,Saskatchewan,47,17.304
2018,Wind power turbine,Saskatchewan,47,2.77233333333333
2018,Hydraulic turbine,Yukon,60,88.3024166666667
2018,Solar,Yukon,60,0.0
2018,Total renewable and non-greenhouse gas emitting sources,Yukon,60,88.3024166666667
2018,Wind power turbine,Yukon,60,0.0
2019,Hydraulic turbine,Alberta,48,3.18133333333333
2019,Solar,Alberta,48,0.0293333333333333
2019,Total renewable and non-greenhouse gas emitting sources,Alberta,48,8.13483333333333
2019,Wind power turbine,Alberta,48,4.92391666666667
2019,Hydraulic turbine,British Columbia,59,87.0198333333333
2019,Solar,British Columbia,59,0.0025
2019,Tidal power turbine,British Columbia,59,0.0
2019,Total renewable and non-greenhouse gas emitting sources,British Columbia,59,89.415
2019,Wind power turbine,British Columbia,59,2.39283333333333
2019,Hydraulic turbine,Canada,,58.7754166666667
2019,Nuclear steam turbine,Canada,,15.1144166666667
2019,Solar,Canada,,0.402583333333333
2019,Tidal power turbine,Canada,,8.33333333333e-05
2019,Wind power turbine,Canada,,5.0675
2019,Hydraulic turbine,Manitoba,46,97.0645833333333
2019,Solar,Manitoba,46,0.0
2019,Total renewable and non-greenhouse gas emitting sources,Manitoba,46,99.6865
2019,Wind power turbine,Manitoba,46,2.62208333333333
2019,Hydraulic turbine,New Brunswick,13,22.635
2019,Nuclear steam turbine,New Brunswick,13,37.2910833333333
2019,Solar,New Brunswick,13,0.0
2019,Tidal power turbine,New Brunswick,13,0.0
2019,Total renewable and non-greenhouse gas emitting sources,New Brunswick,13,66.3528333333333
2019,Wind power turbine,New Brunswick,13,6.42691666666667
2019,Hydraulic turbine,Newfoundland and Labrador,10,95.7478333333333
2019,Solar,Newfoundland and Labrador,10,0.0
2019,Tidal power turbine,Newfoundland and Labrador,10,0.0
2019,Total renewable and non-greenhouse gas emitting sources,Newfoundland and Labrador,10,96.1803333333333
2019,Wind power turbine,Newfoundland and Labrador,10,0.43275
2019,Hydraulic turbine,Northwest Territories,61,32.8993333333333
2019,Solar,Northwest Territories,61,0.03825
2019,Total renewable and non-greenhouse gas emitting sources,Northwest Territories,61,35.24975
2019,Wind power turbine,Northwest Territories,61,2.31225
2019,Hydraulic turbine,Nova Scotia,12,10.6388333333333
2019,Solar,Nova Scotia,12,0.0
2019,Tidal power turbine,Nova Scotia,12,0.007
2019,Total renewable and non-greenhouse gas emitting sources,Nova Scotia,12,21.949
2019,Wind power turbine,Nova Scotia,12,11.3035833333333
2019,Hydraulic turbine,Nunavut,62,0.0
2019,Solar,Nunavut,62,0.0
2019,Total renewable and non-greenhouse gas emitting sources,Nunavut,62,0.0
2019,Wind power turbine,Nunavut,62,0.0
2019,Hydraulic turbine,Ontario,35,24.5893333333333
2019,Nuclear steam turbine,Ontario,35,57.9318333333333
2019,Solar,Ontario,35,1.56141666666667
2019,Total renewable and non-greenhouse gas emitting sources,Ontario,35,91.42275
2019,Wind power turbine,Ontario,35,7.34
2019,Hydraulic turbine,Prince Edward Island,11,0.0
2019,Solar,Prince Edward Island,11,0.10825
2019,Tidal power turbine,Prince Edward Island,11,0.0
2019,Total renewable and non-greenhouse gas emitting sources,Prince Edward Island,11,99.0403333333333
2019,Wind power turbine,Prince Edward Island,11,98.9320833333333
2019,Hydraulic turbine,Quebec,24,93.73075
2019,Nuclear steam turbine,Quebec,24,
2019,Solar,Quebec,24,0.0006666666666666
2019,Total renewable and non-greenhouse gas emitting sources,Quebec,24,
2019,Wind power turbine,Quebec,24,5.31458333333333
2019,Hydraulic turbine,Saskatchewan,47,14.9886666666667
2019,Solar,Saskatchewan,47,0.0
2019,Total renewable and non-greenhouse gas emitting sources,Saskatchewan,47,18.1233333333333
2019,Wind power turbine,Saskatchewan,47,3.13441666666667
2019,Hydraulic turbine,Yukon,60,81.2930833333333
2019,Solar,Yukon,60,0.0
2019,Total renewable and non-greenhouse gas emitting sources,Yukon,60,81.2930833333333
2019,Wind power turbine,Yukon,60,0.0
2020,Hydraulic turbine,Alberta,48,3.34025
2020,Solar,Alberta,48,0.03625
2020,Total electricity production from biomass,Alberta,48,2.21766666666667
2020,Total renewable and non-greenhouse gas emitting sources,Alberta,48,12.5108333333333
2020,Wind power turbine,Alberta,48,6.9165
2020,Hydraulic turbine,British Columbia,59,87.8710833333333
2020,Solar,British Columbia,59,0.0025833333333333
2020,Tidal power turbine,British Columbia,59,0.0
2020,Total electricity production from biomass,British Columbia,59,5.75325
2020,Total renewable and non-greenhouse gas emitting sources,British Columbia,59,97.771
2020,Wind power turbine,British Columbia,59,4.14416666666667
2020,Hydraulic turbine,Canada,,60.0711666666667
2020,Nuclear steam turbine,Canada,,14.6818333333333
2020,Solar,Canada,,0.422416666666667
2020,Tidal power turbine,Canada,,0.0
2020,Total electricity production from biomass,Canada,,1.44966666666667
2020,Wind power turbine,Canada,,5.71066666666667
2020,Hydraulic turbine,Manitoba,46,97.1031666666667
2020,Solar,Manitoba,46,0.0011666666666666
2020,Total electricity production from biomass,Manitoba,46,0.225833333333333
2020,Total renewable and non-greenhouse gas emitting sources,Manitoba,46,99.9325833333333
2020,Wind power turbine,Manitoba,46,2.60266666666667
2020,Hydraulic turbine,New Brunswick,13,21.1395833333333
2020,Nuclear steam turbine,New Brunswick,13,38.63425
2020,Solar,New Brunswick,13,0.0
2020,Tidal power turbine,New Brunswick,13,0.0
2020,Total electricity production from biomass,New Brunswick,13,4.88666666666667
2020,Total renewable and non-greenhouse gas emitting sources,New Brunswick,13,72.3045
2020,Wind power turbine,New Brunswick,13,7.64375
2020,Hydraulic turbine,Newfoundland and Labrador,10,96.0599166666667
2020,Solar,Newfoundland and Labrador,10,0.0
2020,Tidal power turbine,Newfoundland and Labrador,10,0.0
2020,Total electricity production from biomass,Newfoundland and Labrador,10,0.0944166666666667
2020,Total renewable and non-greenhouse gas emitting sources,Newfoundland and Labrador,10,96.6253333333333
2020,Wind power turbine,Newfoundland and Labrador,10,0.470916666666667
2020,Hydraulic turbine,Northwest Territories,61,36.9848333333333
2020,Solar,Northwest Territories,61,0.15125
2020,Total electricity production from biomass,Northwest Territories,61,0.0
2020,Total renewable and non-greenhouse gas emitting sources,Northwest Territories,61,40.0358333333333
2020,Wind power turbine,Northwest Territories,61,2.9
2020,Hydraulic turbine,Nova Scotia,12,8.1535
2020,Solar,Nova Scotia,12,0.0
2020,Tidal power turbine,Nova Scotia,12,0.0
2020,Total electricity production from biomass,Nova Scotia,12,2.90691666666667
2020,Total renewable and non-greenhouse gas emitting sources,Nova Scotia,12,21.3064166666667
2020,Wind power turbine,Nova Scotia,12,10.24575
2020,Hydraulic turbine,Nunavut,62,0.0
2020,Solar,Nunavut,62,0.0
2020,Total electricity production from biomass,Nunavut,62,0.0
2020,Total renewable and non-greenhouse gas emitting sources,Nunavut,62,0.0
2020,Wind power turbine,Nunavut,62,0.0
2020,Hydraulic turbine,Ontario,35,25.1896666666667
2020,Nuclear steam turbine,Ontario,35,56.5970833333333
2020,Solar,Ontario,35,1.64491666666667
2020,Total electricity production from biomass,Ontario,35,0.786416666666667
2020,Total renewable and non-greenhouse gas emitting sources,Ontario,35,92.4654166666667
2020,Wind power turbine,Ontario,35,8.24708333333333
2020,Hydraulic turbine,Prince Edward Island,11,0.0
2020,Solar,Prince Edward Island,11,0.10425
2020,Tidal power turbine,Prince Edward Island,11,0.0
2020,Total electricity production from biomass,Prince Edward Island,11,0.6735
2020,Total renewable and non-greenhouse gas emitting sources,Prince Edward Island,11,99.79675
2020,Wind power turbine,Prince Edward Island,11,99.0188333333333
2020,Hydraulic turbine,Quebec,24,93.6759166666667
2020,Nuclear steam turbine,Quebec,24,
2020,Solar,Quebec,24,0.0006666666666666
2020,Total electricity production from biomass,Quebec,24,0.58025
2020,Total renewable and non-greenhouse gas emitting sources,Quebec,24,
2020,Wind power turbine,Quebec,24,5.33108333333333
2020,Hydraulic turbine,Saskatchewan,47,18.2745
2020,Solar,Saskatchewan,47,0.0
2020,Total electricity production from biomass,Saskatchewan,47,0.0505
2020,Total renewable and non-greenhouse gas emitting sources,Saskatchewan,47,21.6505833333333
2020,Wind power turbine,Saskatchewan,47,3.32566666666667
2020,Hydraulic turbine,Yukon,60,84.0875833333333
2020,Solar,Yukon,60,0.0
2020,Total electricity production from biomass,Yukon,60,0.0
2020,Total renewable and non-greenhouse gas emitting sources,Yukon,60,84.0875833333333
2020,Wind power turbine,Yukon,60,0.0
2021,Hydraulic turbine,Alberta,48,2.87383333333333
2021,Solar,Alberta,48,0.342583333333333
2021,Total electricity production from biomass,Alberta,48,2.51841666666667
2021,Total renewable and non-greenhouse gas emitting sources,Alberta,48,14.7560833333333
2021,Wind power turbine,Alberta,48,9.021
2021,Hydraulic turbine,British Columbia,59,88.48775
2021,Solar,British Columbia,59,0.00625
2021,Tidal power turbine,British Columbia,59,0.0
2021,Total electricity production from biomass,British Columbia,59,5.7465
2021,Total renewable and non-greenhouse gas emitting sources,British Columbia,59,96.98025
2021,Wind power turbine,British Columbia,59,2.7395
2021,Hydraulic turbine,Canada,,59.8419166666667
2021,Nuclear steam turbine,Canada,,14.0814166666667
2021,Solar,Canada,,0.45275
2021,Tidal power turbine,Canada,,0.0
2021,Total electricity production from biomass,Canada,,1.51925
2021,Wind power turbine,Canada,,5.75383333333333
2021,Hydraulic turbine,Manitoba,46,96.1283333333333
2021,Solar,Manitoba,46,0.0071666666666666
2021,Total electricity production from biomass,Manitoba,46,0.283166666666667
2021,Total renewable and non-greenhouse gas emitting sources,Manitoba,46,99.90375
2021,Wind power turbine,Manitoba,46,3.48541666666667
2021,Hydraulic turbine,New Brunswick,13,20.872
2021,Nuclear steam turbine,New Brunswick,13,36.25525
2021,Solar,New Brunswick,13,0.0
2021,Tidal power turbine,New Brunswick,13,0.0
2021,Total electricity production from biomass,New Brunswick,13,4.88066666666667
2021,Total renewable and non-greenhouse gas emitting sources,New Brunswick,13,67.7191666666667
2021,Wind power turbine,New Brunswick,13,5.71125
2021,Hydraulic turbine,Newfoundland and Labrador,10,96.5419166666667
2021,Solar,Newfoundland and Labrador,10,0.0
2021,Tidal power turbine,Newfoundland and Labrador,10,0.0
2021,Total electricity production from biomass,Newfoundland and Labrador,10,0.0839166666666667
2021,Total renewable and non-greenhouse gas emitting sources,Newfoundland and Labrador,10,97.0115833333333
2021,Wind power turbine,Newfoundland and Labrador,10,0.385583333333333
2021,Hydraulic turbine,Northwest Territories,61,37.9534166666667
2021,Solar,Northwest Territories,61,0.0325833333333333
2021,Total electricity production from biomass,Northwest Territories,61,0.0
2021,Total renewable and non-greenhouse gas emitting sources,Northwest Territories,61,40.5001666666667
2021,Wind power turbine,Northwest Territories,61,2.51408333333333
2021,Hydraulic turbine,Nova Scotia,12,8.5075
2021,Solar,Nova Scotia,12,0.0
2021,Tidal power turbine,Nova Scotia,12,0.0
2021,Total electricity production from biomass,Nova Scotia,12,3.788
2021,Total renewable and non-greenhouse gas emitting sources,Nova Scotia,12,24.6906666666667
2021,Wind power turbine,Nova Scotia,12,12.3955
2021,Hydraulic turbine,Nunavut,62,0.0
2021,Solar,Nunavut,62,0.0
2021,Total electricity production from biomass,Nunavut,62,0.0
2021,Total renewable and non-greenhouse gas emitting sources,Nunavut,62,0.0
2021,Wind power turbine,Nunavut,62,0.0
2021,Hydraulic turbine,Ontario,35,23.8316666666667
2021,Nuclear steam turbine,Ontario,35,55.68375
2021,Solar,Ontario,35,1.67733333333333
2021,Total electricity production from biomass,Ontario,35,0.848833333333333
2021,Total renewable and non-greenhouse gas emitting sources,Ontario,35,90.5604166666667
2021,Wind power turbine,Ontario,35,8.5185
2021,Hydraulic turbine,Prince Edward Island,11,0.0
2021,Solar,Prince Edward Island,11,0.105666666666667
2021,Tidal power turbine,Prince Edward Island,11,0.0
2021,Total electricity production from biomass,Prince Edward Island,11,0.616
2021,Total renewable and non-greenhouse gas emitting sources,Prince Edward Island,11,99.5296666666667
2021,Wind power turbine,Prince Edward Island,11,98.8080833333333
2021,Hydraulic turbine,Quebec,24,94.10125
2021,Nuclear steam turbine,Quebec,24,
2021,Solar,Quebec,24,0.002
2021,Total electricity production from biomass,Quebec,24,0.570333333333333
2021,Total renewable and non-greenhouse gas emitting sources,Quebec,24,
2021,Wind power turbine,Quebec,24,4.91008333333333
2021,Hydraulic turbine,Saskatchewan,47,11.9995833333333
2021,Solar,Saskatchewan,47,0.01725
2021,Total electricity production from biomass,Saskatchewan,47,0.0470833333333333
2021,Total renewable and non-greenhouse gas emitting sources,Saskatchewan,47,15.5405
2021,Wind power turbine,Saskatchewan,47,3.47633333333333
2021,Hydraulic turbine,Yukon,60,89.8835833333333
2021,Solar,Yukon,60,0.0203333333333333
2021,Total electricity production from biomass,Yukon,60,0.0
2021,Total renewable and non-greenhouse gas emitting sources,Yukon,60,89.9039166666667
2021,Wind power turbine,Yukon,60,0.0
2022,Hydraulic turbine,Alberta,48,3.03841666666667
2022,Solar,Alberta,48,1.12641666666667
2022,Total electricity production from biomass,Alberta,48,2.43725
2022,Total renewable and non-greenhouse gas emitting sources,Alberta,48,16.261
2022,Wind power turbine,Alberta,48,9.65875
2022,Hydraulic turbine,British Columbia,59,90.8576666666667
2022,Solar,British Columbia,59,0.0079166666666666
2022,Tidal power turbine,British Columbia,59,0.0
2022,Total electricity production from biomass,British Columbia,59,4.61908333333333
2022,Total renewable and non-greenhouse gas emitting sources,British Columbia,59,97.5804166666667
2022,Wind power turbine,British Columbia,59,2.09541666666667
2022,Hydraulic turbine,Canada,,61.23825
2022,Nuclear steam turbine,Canada,,12.921
2022,Solar,Canada,,0.518583333333333
2022,Tidal power turbine,Canada,,0.0
2022,Total electricity production from biomass,Canada,,1.28075
2022,Wind power turbine,Canada,,6.09633333333333
2022,Hydraulic turbine,Manitoba,46,96.9493333333333
2022,Solar,Manitoba,46,0.0005
2022,Total electricity production from biomass,Manitoba,46,0.230416666666667
2022,Total renewable and non-greenhouse gas emitting sources,Manitoba,46,99.9196666666667
2022,Wind power turbine,Manitoba,46,2.7395
2022,Hydraulic turbine,New Brunswick,13,30.5780833333333
2022,Nuclear steam turbine,New Brunswick,13,26.5741666666667
2022,Solar,New Brunswick,13,0.0
2022,Tidal power turbine,New Brunswick,13,0.0
2022,Total electricity production from biomass,New Brunswick,13,4.97508333333333
2022,Total renewable and non-greenhouse gas emitting sources,New Brunswick,13,66.8755833333333
2022,Wind power turbine,New Brunswick,13,4.74833333333333
2022,Hydraulic turbine,Newfoundland and Labrador,10,96.8325833333333
2022,Solar,Newfoundland and Labrador,10,0.0
2022,Tidal power turbine,Newfoundland and Labrador,10,0.0
2022,Total electricity production from biomass,Newfoundland and Labrador,10,0.06825
2022,Total renewable and non-greenhouse gas emitting sources,Newfoundland and Labrador,10,97.32325
2022,Wind power turbine,Newfoundland and Labrador,10,0.422166666666667
2022,Hydraulic turbine,Northwest Territories,61,33.84625
2022,Solar,Northwest Territories,61,0.0363333333333333
2022,Total electricity production from biomass,Northwest Territories,61,0.0
2022,Total renewable and non-greenhouse gas emitting sources,Northwest Territories,61,36.32
2022,Wind power turbine,Northwest Territories,61,2.43741666666667
2022,Hydraulic turbine,Nova Scotia,12,9.30458333333333
2022,Solar,Nova Scotia,12,0.0
2022,Tidal power turbine,Nova Scotia,12,0.0
2022,Total electricity production from biomass,Nova Scotia,12,1.863
2022,Total renewable and non-greenhouse gas emitting sources,Nova Scotia,12,26.9090833333333
2022,Wind power turbine,Nova Scotia,12,15.7415
2022,Hydraulic turbine,Nunavut,62,0.0
2022,Solar,Nunavut,62,0.0
2022,Total electricity production from biomass,Nunavut,62,0.0
2022,Total renewable and non-greenhouse gas emitting sources,Nunavut,62,0.0
2022,Wind power turbine,Nunavut,62,0.0
2022,Hydraulic turbine,Ontario,35,25.9284166666667
2022,Nuclear steam turbine,Ontario,35,51.29375
2022,Solar,Ontario,35,1.51183333333333
2022,Total electricity production from biomass,Ontario,35,0.695166666666667
2022,Total renewable and non-greenhouse gas emitting sources,Ontario,35,88.804
2022,Wind power turbine,Ontario,35,9.37475
2022,Hydraulic turbine,Prince Edward Island,11,0.0
2022,Solar,Prince Edward Island,11,0.135833333333333
2022,Tidal power turbine,Prince Edward Island,11,0.0
2022,Total electricity production from biomass,Prince Edward Island,11,0.75675
2022,Total renewable and non-greenhouse gas emitting sources,Prince Edward Island,11,99.5554166666667
2022,Wind power turbine,Prince Edward Island,11,98.6629166666667
2022,Hydraulic turbine,Quebec,24,93.9564166666667
2022,Nuclear steam turbine,Quebec,24,
2022,Solar,Quebec,24,0.00725
2022,Total electricity production from biomass,Quebec,24,0.59525
2022,Total renewable and non-greenhouse gas emitting sources,Quebec,24,
2022,Wind power turbine,Quebec,24,5.07075
2022,Hydraulic turbine,Saskatchewan,47,13.66775
2022,Solar,Saskatchewan,47,0.126166666666667
2022,Total electricity production from biomass,Saskatchewan,47,0.117083333333333
2022,Total renewable and non-greenhouse gas emitting sources,Saskatchewan,47,20.4545833333333
2022,Wind power turbine,Saskatchewan,47,6.54341666666667
2022,Hydraulic turbine,Yukon,60,89.6308333333333
2022,Solar,Yukon,60,0.156666666666667
2022,Total electricity production from biomass,Yukon,60,0.0
2022,Total renewable and non-greenhouse gas emitting sources,Yukon,60,89.7873333333333
2022,Wind power turbine,Yukon,60,0.0
2023,Hydraulic turbine,Alberta,48,2.58666666666667
2023,Solar,Alberta,48,3.05625
2023,Total electricity production from biomass,Alberta,48,2.4725
2023,Total renewable and non-greenhouse gas emitting sources,Alberta,48,21.4050833333333
2023,Wind power turbine,Alberta,48,13.2898333333333
2023,Hydraulic turbine,British Columbia,59,87.54225
2023,Solar,British Columbia,59,0.0066666666666666
2023,Tidal power turbine,British Columbia,59,0.0
2023,Total electricity production from biomass,British Columbia,59,6.83258333333333
2023,Total renewable and non-greenhouse gas emitting sources,British Columbia,59,97.4055
2023,Wind power turbine,British Columbia,59,3.02408333333333
2023,Hydraulic turbine,Canada,,58.1390833333333
2023,Nuclear steam turbine,Canada,,13.8736666666667
2023,Solar,Canada,,0.78975
2023,Tidal power turbine,Canada,,0.0
2023,Total electricity production from biomass,Canada,,1.51483333333333
2023,Wind power turbine,Canada,,6.41141666666667
2023,Hydraulic turbine,Manitoba,46,97.0039166666667
2023,Solar,Manitoba,46,0.00425
2023,Total electricity production from biomass,Manitoba,46,0.29675
2023,Total renewable and non-greenhouse gas emitting sources,Manitoba,46,99.91125
2023,Wind power turbine,Manitoba,46,2.60616666666667
2023,Hydraulic turbine,New Brunswick,13,24.2236666666667
2023,Nuclear steam turbine,New Brunswick,13,29.5399166666667
2023,Solar,New Brunswick,13,0.0046666666666666
2023,Tidal power turbine,New Brunswick,13,0.0
2023,Total electricity production from biomass,New Brunswick,13,3.27583333333333
2023,Total renewable and non-greenhouse gas emitting sources,New Brunswick,13,61.0328333333333
2023,Wind power turbine,New Brunswick,13,3.98833333333333
2023,Hydraulic turbine,Newfoundland and Labrador,10,97.5994166666667
2023,Solar,Newfoundland and Labrador,10,0.0
2023,Tidal power turbine,Newfoundland and Labrador,10,0.0
2023,Total electricity production from biomass,Newfoundland and Labrador,10,0.0468333333333333
2023,Total renewable and non-greenhouse gas emitting sources,Newfoundland and Labrador,10,98.0223333333333
2023,Wind power turbine,Newfoundland and Labrador,10,0.376166666666667
2023,Hydraulic turbine,Northwest Territories,61,25.4205
2023,Solar,Northwest Territories,61,0.0363333333333333
2023,Total electricity production from biomass,Northwest Territories,61,0.0
2023,Total renewable and non-greenhouse gas emitting sources,Northwest Territories,61,27.9975833333333
2023,Wind power turbine,Northwest Territories,61,2.54083333333333
2023,Hydraulic turbine,Nova Scotia,12,11.3456666666667
2023,Solar,Nova Scotia,12,0.03575
2023,Tidal power turbine,Nova Scotia,12,0.0
2023,Total electricity production from biomass,Nova Scotia,12,3.87525
2023,Total renewable and non-greenhouse gas emitting sources,Nova Scotia,12,31.3678333333333
2023,Wind power turbine,Nova Scotia,12,16.1114166666667
2023,Hydraulic turbine,Nunavut,62,0.0
2023,Solar,Nunavut,62,0.0506666666666667
2023,Total electricity production from biomass,Nunavut,62,0.0
2023,Total renewable and non-greenhouse gas emitting sources,Nunavut,62,0.0506666666666667
2023,Wind power turbine,Nunavut,62,0.0
2023,Hydraulic turbine,Ontario,35,24.9075
2023,Nuclear steam turbine,Ontario,35,51.1328333333333
2023,Solar,Ontario,35,1.49425
2023,Total electricity production from biomass,Ontario,35,0.852583333333333
2023,Total renewable and non-greenhouse gas emitting sources,Ontario,35,86.4849166666667
2023,Wind power turbine,Ontario,35,8.09808333333333
2023,Hydraulic turbine,Prince Edward Island,11,0.0
2023,Solar,Prince Edward Island,11,0.132416666666667
2023,Tidal power turbine,Prince Edward Island,11,0.0
2023,Total electricity production from biomass,Prince Edward Island,11,0.818
2023,Total renewable and non-greenhouse gas emitting sources,Prince Edward Island,11,99.6584166666667
2023,Wind power turbine,Prince Edward Island,11,98.7079166666667
2023,Hydraulic turbine,Quebec,24,94.019
2023,Nuclear steam turbine,Quebec,24,
2023,Solar,Quebec,24,0.007
2023,Total electricity production from biomass,Quebec,24,0.66925
2023,Total renewable and non-greenhouse gas emitting sources,Quebec,24,
2023,Wind power turbine,Quebec,24,4.95666666666667
2023,Hydraulic turbine,Saskatchewan,47,10.9474166666667
2023,Solar,Saskatchewan,47,0.199916666666667
2023,Total electricity production from biomass,Saskatchewan,47,0.212833333333333
2023,Total renewable and non-greenhouse gas emitting sources,Saskatchewan,47,19.3415
2023,Wind power turbine,Saskatchewan,47,7.98133333333333
2023,Hydraulic turbine,Yukon,60,87.6964166666667
2023,Solar,Yukon,60,0.149583333333333
2023,Total electricity production from biomass,Yukon,60,0.0
2023,Total renewable and non-greenhouse gas emitting sources,Yukon,60,87.9281666666667
2023,Wind power turbine,Yukon,60,0.0824166666666667
2024,Hydraulic turbine,Alberta,48,2.25875
2024,Solar,Alberta,48,3.57183333333333
2024,Total electricity production from biomass,Alberta,48,1.79608333333333
2024,Total renewable and non-greenhouse gas emitting sources,Alberta,48,23.59875
2024,Wind power turbine,Alberta,48,15.9721666666667
2024,Hydraulic turbine,British Columbia,59,87.4779166666667
2024,Solar,British Columbia,59,0.0061666666666666
2024,Tidal power turbine,British Columbia,59,0.0
2024,Total electricity production from biomass,British Columbia,59,6.7145
2024,Total renewable and non-greenhouse gas emitting sources,British Columbia,59,97.2605833333333
2024,Wind power turbine,British Columbia,59,3.06158333333333
2024,Hydraulic turbine,Canada,,55.9711666666667
2024,Nuclear steam turbine,Canada,,13.4455833333333
2024,Solar,Canada,,0.897166666666667
2024,Tidal power turbine,Canada,,0.0
2024,Total electricity production from biomass,Canada,,1.53325
2024,Wind power turbine,Canada,,7.55108333333333
2024,Hydraulic turbine,Manitoba,46,96.55325
2024,Solar,Manitoba,46,0.0060833333333333
2024,Total electricity production from biomass,Manitoba,46,0.277
2024,Total renewable and non-greenhouse gas emitting sources,Manitoba,46,99.9095
2024,Wind power turbine,Manitoba,46,3.07366666666667
2024,Hydraulic turbine,New Brunswick,13,22.69675
2024,Nuclear steam turbine,New Brunswick,13,11.4359166666667
2024,Solar,New Brunswick,13,0.0258333333333333
2024,Tidal power turbine,New Brunswick,13,0.0
2024,Total electricity production from biomass,New Brunswick,13,5.61575
2024,Total renewable and non-greenhouse gas emitting sources,New Brunswick,13,48.9240833333333
2024,Wind power turbine,New Brunswick,13,9.14991666666667
2024,Hydraulic turbine,Newfoundland and Labrador,10,96.9439166666667
2024,Solar,Newfoundland and Labrador,10,0.0
2024,Tidal power turbine,Newfoundland and Labrador,10,0.0
2024,Total electricity production from biomass,Newfoundland and Labrador,10,0.00275
2024,Total renewable and non-greenhouse gas emitting sources,Newfoundland and Labrador,10,97.3744166666667
2024,Wind power turbine,Newfoundland and Labrador,10,0.428
2024,Hydraulic turbine,Northwest Territories,61,20.228
2024,Solar,Northwest Territories,61,0.517916666666667
2024,Total electricity production from biomass,Northwest Territories,61,0.0
2024,Total renewable and non-greenhouse gas emitting sources,Northwest Territories,61,23.5594166666667
2024,Wind power turbine,Northwest Territories,61,2.8135
2024,Hydraulic turbine,Nova Scotia,12,8.09216666666667
2024,Solar,Nova Scotia,12,0.0338333333333333
2024,Tidal power turbine,Nova Scotia,12,0.0
2024,Total electricity production from biomass,Nova Scotia,12,4.1085
2024,Total renewable and non-greenhouse gas emitting sources,Nova Scotia,12,30.6275
2024,Wind power turbine,Nova Scotia,12,18.3933333333333
2024,Hydraulic turbine,Nunavut,62,0.0
2024,Solar,Nunavut,62,0.0465833333333333
2024,Total electricity production from biomass,Nunavut,62,0.0
2024,Total renewable and non-greenhouse gas emitting sources,Nunavut,62,0.0465833333333333
2024,Wind power turbine,Nunavut,62,0.0
2024,Hydraulic turbine,Ontario,35,24.04225
2024,Nuclear steam turbine,Ontario,35,48.5806666666667
2024,Solar,Ontario,35,1.44583333333333
2024,Total electricity production from biomass,Ontario,35,0.808083333333333
2024,Total renewable and non-greenhouse gas emitting sources,Ontario,35,83.3935833333333
2024,Wind power turbine,Ontario,35,8.51675
2024,Hydraulic turbine,Prince Edward Island,11,0.0
2024,Solar,Prince Edward Island,11,7.12133333333333
2024,Tidal power turbine,Prince Edward Island,11,0.0
2024,Total electricity production from biomass,Prince Edward Island,11,0.681
2024,Total renewable and non-greenhouse gas emitting sources,Prince Edward Island,11,99.7079166666667
2024,Wind power turbine,Prince Edward Island,11,91.9053333333333
2024,Hydraulic turbine,Quebec,24,92.73725
2024,Nuclear steam turbine,Quebec,24,
2024,Solar,Quebec,24,0.0085
2024,Total electricity production from biomass,Quebec,24,0.849916666666667
2024,Total renewable and non-greenhouse gas emitting sources,Quebec,24,
2024,Wind power turbine,Quebec,24,5.98558333333333
2024,Hydraulic turbine,Saskatchewan,47,9.80558333333333
2024,Solar,Saskatchewan,47,0.23125
2024,Total electricity production from biomass,Saskatchewan,47,0.260416666666667
2024,Total renewable and non-greenhouse gas emitting sources,Saskatchewan,47,18.9129166666667
2024,Wind power turbine,Saskatchewan,47,8.61541666666667
2024,Hydraulic turbine,Yukon,60,79.4155
2024,Solar,Yukon,60,0.177333333333333
2024,Total electricity production from biomass,Yukon,60,0.0
2024,Total renewable and non-greenhouse gas emitting sources,Yukon,60,80.6615833333333
2024,Wind power turbine,Yukon,60,1.06883333333333
