Value,en,fr,Disaggregation combinations using this value,Number of indicators
-1.0,-1.0,-1.0,45,1
0.5732,0.5732,0.5732,1,1
0.5774,0.5774,0.5774,1,1
0.6255,0.6255,0.6255,1,1
0.6269,0.6269,0.6269,1,1
0.6278,0.6278,0.6278,1,1
0.6301,0.6301,0.6301,1,1
0.6317,0.6317,0.6317,1,1
0.6442,0.6442,0.6442,1,1
0.6579,0.6579,0.6579,1,1
0.6711,0.6711,0.6711,1,1
0.6756,0.6756,0.6756,1,1
0.684,0.684,0.684,1,1
0.687,0.687,0.687,1,1
0.69,0.69,0.69,1,1
0.6934,0.6934,0.6934,1,1
0.6968,0.6968,0.6968,1,1
0.7012,0.7012,0.7012,1,1
0.7015,0.7015,0.7015,1,1
0.7019,0.7019,0.7019,1,1
0.7153,0.7153,0.7153,1,1
0.7155,0.7155,0.7155,1,1
0.7183,0.7183,0.7183,1,1
0.7192,0.7192,0.7192,1,1
0.727,0.727,0.727,1,1
0.7275,0.7275,0.7275,1,1
0.7308,0.7308,0.7308,1,1
0.732,0.732,0.732,1,1
0.7321,0.7321,0.7321,1,1
0.7345,0.7345,0.7345,1,1
0.7368,0.7368,0.7368,1,1
0.7399,0.7399,0.7399,1,1
0.7445,0.7445,0.7445,1,1
0.7506,0.7506,0.7506,1,1
0.7559,0.7559,0.7559,1,1
0.7612,0.7612,0.7612,1,1
0.7624,0.7624,0.7624,1,1
0.7642,0.7642,0.7642,1,1
0.7679,0.7679,0.7679,1,1
0.7714,0.7714,0.7714,1,1
0.772,0.772,0.772,1,1
0.7731,0.7731,0.7731,1,1
0.7784,0.7784,0.7784,1,1
0.7807,0.7807,0.7807,1,1
0.7859,0.7859,0.7859,1,1
0.791,0.791,0.791,1,1
0.7964,0.7964,0.7964,1,1
0.7965,0.7965,0.7965,1,1
0.8018,0.8018,0.8018,1,1
0.8045,0.8045,0.8045,1,1
0.8164,0.8164,0.8164,1,1
0.8176,0.8176,0.8176,1,1
0.8203,0.8203,0.8203,1,1
0.8243,0.8243,0.8243,1,1
0.8306,0.8306,0.8306,1,1
0.8312,0.8312,0.8312,1,1
0.8331,0.8331,0.8331,1,1
0.8351,0.8351,0.8351,1,1
0.8361,0.8361,0.8361,1,1
0.8384,0.8384,0.8384,1,1
0.8407,0.8407,0.8407,1,1
0.8477,0.8477,0.8477,1,1
0.8539,0.8539,0.8539,1,1
0.857,0.857,0.857,1,1
0.8575,0.8575,0.8575,1,1
0.8579,0.8579,0.8579,1,1
0.8645,0.8645,0.8645,1,1
0.8656,0.8656,0.8656,1,1
0.8672,0.8672,0.8672,1,1
0.8703,0.8703,0.8703,1,1
0.8761,0.8761,0.8761,1,1
0.8851,0.8851,0.8851,1,1
0.8888,0.8888,0.8888,1,1
0.8918,0.8918,0.8918,1,1
0.8977,0.8977,0.8977,1,1
0.9023,0.9023,0.9023,1,1
0.9027,0.9027,0.9027,1,1
0.9078,0.9078,0.9078,1,1
0.9079,0.9079,0.9079,1,1
0.9119,0.9119,0.9119,1,1
0.9145,0.9145,0.9145,1,1
0.9151,0.9151,0.9151,1,1
0.9186,0.9186,0.9186,1,1
0.9205,0.9205,0.9205,1,1
0.9239,0.9239,0.9239,1,1
0.9252,0.9252,0.9252,2,1
0.9253,0.9253,0.9253,1,1
0.9257,0.9257,0.9257,2,1
0.9272,0.9272,0.9272,1,1
0.9286,0.9286,0.9286,1,1
0.9291,0.9291,0.9291,1,1
0.9301,0.9301,0.9301,1,1
0.9319,0.9319,0.9319,1,1
0.9336,0.9336,0.9336,2,1
0.9339,0.9339,0.9339,2,1
0.9356,0.9356,0.9356,2,1
0.9358,0.9358,0.9358,1,1
0.936,0.936,0.936,1,1
0.9373,0.9373,0.9373,1,1
0.939,0.939,0.939,1,1
0.9414,0.9414,0.9414,2,1
0.9512,0.9512,0.9512,1,1
0.954,0.954,0.954,1,1
0.9565,0.9565,0.9565,1,1
0.9568,0.9568,0.9568,2,1
0.9587,0.9587,0.9587,1,1
0.9601,0.9601,0.9601,1,1
0.9644,0.9644,0.9644,1,1
0.968,0.968,0.968,1,1
0.9709,0.9709,0.9709,1,1
0.9741,0.9741,0.9741,2,1
0.976,0.976,0.976,1,1
0.9778,0.9778,0.9778,1,1
0.9795,0.9795,0.9795,1,1
0.9807,0.9807,0.9807,1,1
0.981,0.981,0.981,1,1
0.9848,0.9848,0.9848,1,1
0.9872,0.9872,0.9872,2,1
0.9878,0.9878,0.9878,1,1
0.9879,0.9879,0.9879,1,1
0.9885,0.9885,0.9885,1,1
0.991,0.991,0.991,1,1
0.9924,0.9924,0.9924,2,1
0.9957,0.9957,0.9957,1,1
0.996,0.996,0.996,1,1
0.9965,0.9965,0.9965,1,1
0.9986,0.9986,0.9986,2,1
0.9996,0.9996,0.9996,1,1
0.9997,0.9997,0.9997,1,1
1.0,1.0,1.0,50,3
10.0,10.0,10.0,48,2
1.0007,1.0007,1.0007,1,1
100.1,100.1,100.1,1,1
100166354.96,100166354.96,100166354.96,1,1
100282.36,100282.36,100282.36,1,1
100.3,100.3,100.3,1,1
1.0043,1.0043,1.0043,2,1
100519795.44,100519795.44,100519795.44,1,1
1.0059,1.0059,1.0059,1,1
100633509.31,100633509.31,100633509.31,1,1
1.0065,1.0065,1.0065,1,1
100691322.9,100691322.9,100691322.9,1,1
1.0079,1.0079,1.0079,1,1
1.0089,1.0089,1.0089,1,1
10.1,10.1,10.1,58,2
1.0107,1.0107,1.0107,2,1
1.0117,1.0117,1.0117,2,1
1.0123,1.0123,1.0123,1,1
101243343.98,101243343.98,101243343.98,1,1
1.0127,1.0127,1.0127,1,1
101.3,101.3,101.3,1,1
101300.57,101300.57,101300.57,1,1
1.0132,1.0132,1.0132,2,1
1.0134,1.0134,1.0134,1,1
101396116.14,101396116.14,101396116.14,1,1
101.4,101.4,101.4,1,1
1.0145,1.0145,1.0145,3,1
101476361.63,101476361.63,101476361.63,1,1
1.0159,1.0159,1.0159,2,1
1.016,1.016,1.016,1,1
101.7,101.7,101.7,1,1
1.0173,1.0173,1.0173,1,1
101.8,101.8,101.8,1,1
1.0193,1.0193,1.0193,1,1
1.0197,1.0197,1.0197,1,1
10.2,10.2,10.2,52,2
1.0207,1.0207,1.0207,2,1
1.0212,1.0212,1.0212,1,1
1.0214,1.0214,1.0214,1,1
102224355.46,102224355.46,102224355.46,1,1
1.0244,1.0244,1.0244,1,1
1.0257,1.0257,1.0257,1,1
102583.23,102583.23,102583.23,1,1
1.0266,1.0266,1.0266,2,1
1.0272,1.0272,1.0272,1,1
1.0277,1.0277,1.0277,2,1
102884682.46,102884682.46,102884682.46,1,1
1.0295,1.0295,1.0295,1,1
10.3,10.3,10.3,44,2
1.0308,1.0308,1.0308,1,1
103105810.4,103105810.4,103105810.4,1,1
1.0325,1.0325,1.0325,1,1
1.0327,1.0327,1.0327,1,1
1.0331,1.0331,1.0331,2,1
1.03462153850223,1.03462153850223,1.03462153850223,2,1
1.0348,1.0348,1.0348,1,1
1.0352,1.0352,1.0352,2,1
1.036,1.036,1.036,1,1
1.0361,1.0361,1.0361,1,1
1.0363,1.0363,1.0363,1,1
103636.69,103636.69,103636.69,1,1
1.03701465548778,1.03701465548778,1.03701465548778,1,1
1.0372,1.0372,1.0372,1,1
1.0379,1.0379,1.0379,1,1
1.03812229224546,1.03812229224546,1.03812229224546,2,1
1.0393,1.0393,1.0393,1,1
1.0394013095422,1.0394013095422,1.0394013095422,2,1
1.0396,1.0396,1.0396,1,1
103973644.64,103973644.64,103973644.64,1,1
1.0398,1.0398,1.0398,2,1
1.03999996185303,1.03999996185303,1.03999996185303,1,1
10.4,10.4,10.4,60,2
1.04166668994973,1.04166668994973,1.04166668994973,1,1
1.0417,1.0417,1.0417,2,1
1.0424,1.0424,1.0424,1,1
1.0431,1.0431,1.0431,1,1
1.0439,1.0439,1.0439,1,1
1.04467010447002,1.04467010447002,1.04467010447002,1,1
1.0453,1.0453,1.0453,2,1
1.04626405239105,1.04626405239105,1.04626405239105,1,1
1.04738215810589,1.04738215810589,1.04738215810589,1,1
1.04761056139202,1.04761056139202,1.04761056139202,1,1
1.0477,1.0477,1.0477,1,1
1.0479315221139,1.0479315221139,1.0479315221139,1,1
1.0484,1.0484,1.0484,1,1
1.0485,1.0485,1.0485,2,1
1.0488,1.0488,1.0488,1,1
1.04999995231628,1.04999995231628,1.04999995231628,2,1
10.5,10.5,10.5,60,2
1.0503,1.0503,1.0503,2,1
1.051,1.051,1.051,1,1
1.05109839736279,1.05109839736279,1.05109839736279,1,1
105173.34,105173.34,105173.34,1,1
1.0526,1.0526,1.0526,1,1
1.05263159215615,1.05263159215615,1.05263159215615,1,1
1.0527,1.0527,1.0527,2,1
1.0536,1.0536,1.0536,1,1
1.0537,1.0537,1.0537,1,1
1.0537537967927,1.0537537967927,1.0537537967927,1,1
1.0551,1.0551,1.0551,1,1
1.0558,1.0558,1.0558,1,1
1.0559,1.0559,1.0559,2,1
1.0567,1.0567,1.0567,2,1
1.0568,1.0568,1.0568,1,1
1.0573,1.0573,1.0573,1,1
1.0579,1.0579,1.0579,1,1
1.05873429083701,1.05873429083701,1.05873429083701,1,1
1.0594,1.0594,1.0594,1,1
1.05999994277954,1.05999994277954,1.05999994277954,1,1
10.6,10.6,10.6,56,2
106060584.73,106060584.73,106060584.73,1,1
1.0608,1.0608,1.0608,1,1
1.063,1.063,1.063,2,1
1.0634,1.0634,1.0634,2,1
1.06382978993231,1.06382978993231,1.06382978993231,2,1
106385473.59,106385473.59,106385473.59,1,1
1.0641742673454,1.0641742673454,1.0641742673454,1,1
1.065,1.065,1.065,2,1
1.0652,1.0652,1.0652,2,1
1.0658,1.0658,1.0658,2,1
106649945.13,106649945.13,106649945.13,1,1
1.0667,1.0667,1.0667,1,1
1.0674,1.0674,1.0674,1,1
1.0685693025589,1.0685693025589,1.0685693025589,1,1
1.0691774762719,1.0691774762719,1.0691774762719,1,1
1.0695,1.0695,1.0695,2,1
1.0696,1.0696,1.0696,2,1
10.7,10.7,10.7,50,2
1.07000005245209,1.07000005245209,1.07000005245209,2,1
1.0707,1.0707,1.0707,2,1
1.0711,1.0711,1.0711,1,1
1.0715,1.0715,1.0715,2,1
107192982.46,107192982.46,107192982.46,1,1
1.0723,1.0723,1.0723,2,1
1.0725,1.0725,1.0725,2,1
1.07280941798766,1.07280941798766,1.07280941798766,1,1
1.07348994837667,1.07348994837667,1.07348994837667,1,1
1.07526880893449,1.07526880893449,1.07526880893449,1,1
1.0756,1.0756,1.0756,1,1
107677710.84,107677710.84,107677710.84,1,1
1.077,1.077,1.077,1,1
10.8,10.8,10.8,68,2
1.0801,1.0801,1.0801,2,1
1.0803,1.0803,1.0803,2,1
1.0806,1.0806,1.0806,2,1
1.0811,1.0811,1.0811,2,1
1.08117420410113,1.08117420410113,1.08117420410113,1,1
108177115.99,108177115.99,108177115.99,1,1
1.08243952046465,1.08243952046465,1.08243952046465,1,1
1.0825,1.0825,1.0825,1,1
108307893.59,108307893.59,108307893.59,1,1
1.08336304169038,1.08336304169038,1.08336304169038,1,1
1.0836,1.0836,1.0836,1,1
1.0847,1.0847,1.0847,1,1
1.08587451805117,1.08587451805117,1.08587451805117,1,1
1.0859,1.0859,1.0859,1,1
1.08732443731021,1.08732443731021,1.08732443731021,1,1
1.0878,1.0878,1.0878,1,1
1.0883,1.0883,1.0883,1,1
1.0885,1.0885,1.0885,2,1
1.0889,1.0889,1.0889,1,1
1.0897,1.0897,1.0897,2,1
10.9,10.9,10.9,48,2
1.09063853591857,1.09063853591857,1.09063853591857,1,1
1.09091019630432,1.09091019630432,1.09091019630432,1,1
1.09096818796728,1.09096818796728,1.09096818796728,1,1
1.0911,1.0911,1.0911,1,1
1.0923,1.0923,1.0923,1,1
1.0929,1.0929,1.0929,1,1
1.0931,1.0931,1.0931,1,1
1.09367270254666,1.09367270254666,1.09367270254666,1,1
1.0942,1.0942,1.0942,1,1
1.0955,1.0955,1.0955,1,1
1.0964527462203,1.0964527462203,1.0964527462203,1,1
1.097,1.097,1.097,2,1
109.7,109.7,109.7,1,1
109872071.52,109872071.52,109872071.52,1,1
1.09890106723096,1.09890106723096,1.09890106723096,1,1
109.9,109.9,109.9,1,1
1.0993,1.0993,1.0993,1,1
1.0996,1.0996,1.0996,1,1
11.0,11.0,11.0,50,2
1.10000002384186,1.10000002384186,1.10000002384186,1,1
1.1002,1.1002,1.1002,2,1
1.1005,1.1005,1.1005,1,1
1.10051534167466,1.10051534167466,1.10051534167466,1,1
110142026.61,110142026.61,110142026.61,1,1
110325394.57,110325394.57,110325394.57,1,1
1.1034,1.1034,1.1034,1,1
1.1037,1.1037,1.1037,1,1
1.1053,1.1053,1.1053,1,1
1.10550887808998,1.10550887808998,1.10550887808998,1,1
1.1066,1.1066,1.1066,1,1
1.1069642720733,1.1069642720733,1.1069642720733,1,1
1.10703529766277,1.10703529766277,1.10703529766277,1,1
1.1083,1.1083,1.1083,1,1
110907803.65,110907803.65,110907803.65,1,1
1.1097,1.1097,1.1097,1,1
11.1,11.1,11.1,62,2
1.11000001430511,1.11000001430511,1.11000001430511,1,1
1.1101213296487,1.1101213296487,1.1101213296487,1,1
111101874.24,111101874.24,111101874.24,1,1
1.1111,1.1111,1.1111,1,1
1.1111111405455,1.1111111405455,1.1111111405455,1,1
1.1112,1.1112,1.1112,1,1
111150550.8,111150550.8,111150550.8,1,1
1.11159771362158,1.11159771362158,1.11159771362158,1,1
1.1119,1.1119,1.1119,1,1
1.1136,1.1136,1.1136,1,1
111378105.26,111378105.26,111378105.26,1,1
1.1145909008527,1.1145909008527,1.1145909008527,1,1
1.1151,1.1151,1.1151,1,1
1.1157,1.1157,1.1157,1,1
1.11646375950327,1.11646375950327,1.11646375950327,1,1
1.1170883422998,1.1170883422998,1.1170883422998,1,1
1.11715839800036,1.11715839800036,1.11715839800036,1,1
1.11718804071646,1.11718804071646,1.11718804071646,1,1
1.1178,1.1178,1.1178,1,1
111841035.4,111841035.4,111841035.4,1,1
1.11940298507463,1.11940298507463,1.11940298507463,1,1
111951415.76,111951415.76,111951415.76,1,1
11.2,11.2,11.2,24,2
1.12000000476837,1.12000000476837,1.12000000476837,1,1
1.1208,1.1208,1.1208,1,1
1.1211,1.1211,1.1211,1,1
1.12177485994813,1.12177485994813,1.12177485994813,1,1
1.12359552367771,1.12359552367771,1.12359552367771,2,1
1.12378627664025,1.12378627664025,1.12378627664025,1,1
1.125,1.125,1.125,1,1
1.1251,1.1251,1.1251,1,1
1.126,1.126,1.126,1,1
1.12606624891939,1.12606624891939,1.12606624891939,1,1
1.1288,1.1288,1.1288,1,1
1.12914790105838,1.12914790105838,1.12914790105838,1,1
1.1293,1.1293,1.1293,1,1
11.3,11.3,11.3,40,2
1.1319,1.1319,1.1319,1,1
1.1321,1.1321,1.1321,1,1
1.13385077439925,1.13385077439925,1.13385077439925,1,1
1.136,1.136,1.136,1,1
1.13603130058076,1.13603130058076,1.13603130058076,1,1
1.13636364252114,1.13636364252114,1.13636364252114,2,1
1.13675213675214,1.13675213675214,1.13675213675214,1,1
1.137,1.137,1.137,1,1
1.13810433678271,1.13810433678271,1.13810433678271,1,1
1.1382,1.1382,1.1382,1,1
1.13999998569489,1.13999998569489,1.13999998569489,1,1
11.4,11.4,11.4,50,2
1.14066140693035,1.14066140693035,1.14066140693035,1,1
1.1409,1.1409,1.1409,1,1
1.1415,1.1415,1.1415,1,1
1.142,1.142,1.142,1,1
1.14433599571112,1.14433599571112,1.14433599571112,1,1
1.1451,1.1451,1.1451,1,1
114512655.37,114512655.37,114512655.37,1,1
1.14687396205219,1.14687396205219,1.14687396205219,1,1
1.14786857548566,1.14786857548566,1.14786857548566,1,1
1.14788732394366,1.14788732394366,1.14788732394366,1,1
1.1479,1.1479,1.1479,1,1
1.1488,1.1488,1.1488,1,1
114974478.69,114974478.69,114974478.69,1,1
1.14,1.14,1.14,2,1
11.5,11.5,11.5,56,2
1.1501,1.1501,1.1501,1,1
1.1512,1.1512,1.1512,1,1
115149911.52,115149911.52,115149911.52,1,1
1.15151515151515,1.15151515151515,1.15151515151515,2,1
1.1524,1.1524,1.1524,1,1
1.1528,1.1528,1.1528,1,1
1.154,1.154,1.154,1,1
1.15484909173479,1.15484909173479,1.15484909173479,1,1
115635418.46,115635418.46,115635418.46,1,1
1.1569,1.1569,1.1569,1,1
115706251.35,115706251.35,115706251.35,1,1
1.1593,1.1593,1.1593,1,1
1.1599999666214,1.1599999666214,1.1599999666214,1,1
11.6,11.6,11.6,34,2
116043858.66,116043858.66,116043858.66,1,1
1.16122586829361,1.16122586829361,1.16122586829361,1,1
1.16279067833273,1.16279067833273,1.16279067833273,3,1
1.16294541197563,1.16294541197563,1.16294541197563,1,1
1.16346153846154,1.16346153846154,1.16346153846154,1,1
1.164,1.164,1.164,1,1
1.1644,1.1644,1.1644,1,1
1.1647,1.1647,1.1647,1,1
116505789.34,116505789.34,116505789.34,1,1
116515224.09,116515224.09,116515224.09,1,1
1.166,1.166,1.166,1,1
116606803.53,116606803.53,116606803.53,1,1
1.16666666666667,1.16666666666667,1.16666666666667,1,1
1.167,1.167,1.167,1,1
1.1679,1.1679,1.1679,1,1
1.168,1.168,1.168,1,1
1.1685,1.1685,1.1685,1,1
1.16944755629932,1.16944755629932,1.16944755629932,1,1
1.1695,1.1695,1.1695,1,1
116963376.52,116963376.52,116963376.52,1,1
1.16997655046194,1.16997655046194,1.16997655046194,1,1
1.16999995708466,1.16999995708466,1.16999995708466,1,1
1.16,1.16,1.16,3,1
11.7,11.7,11.7,40,2
1.1708,1.1708,1.1708,1,1
1.17139456989498,1.17139456989498,1.17139456989498,1,1
1.1721,1.1721,1.1721,1,1
117218719.6,117218719.6,117218719.6,1,1
117308407.26,117308407.26,117308407.26,1,1
1.1732,1.1732,1.1732,1,1
117334916.16,117334916.16,117334916.16,1,1
1.17355371900826,1.17355371900826,1.17355371900826,1,1
1.17405742289421,1.17405742289421,1.17405742289421,1,1
117526847.33,117526847.33,117526847.33,1,1
117571231.54,117571231.54,117571231.54,1,1
1.17605633802817,1.17605633802817,1.17605633802817,1,1
1.17647055523618,1.17647055523618,1.17647055523618,1,1
117677062.04,117677062.04,117677062.04,1,1
1.17699115044248,1.17699115044248,1.17699115044248,2,1
1.1771,1.1771,1.1771,1,1
1.1772,1.1772,1.1772,1,1
117796607.36,117796607.36,117796607.36,1,1
1.1783,1.1783,1.1783,1,1
117878439.39,117878439.39,117878439.39,1,1
1.1798,1.1798,1.1798,1,1
1.17,1.17,1.17,1,1
11.8,11.8,11.8,36,2
1.1803,1.1803,1.1803,1,1
118096881.8,118096881.8,118096881.8,1,1
1.1813,1.1813,1.1813,1,1
1.18181818181818,1.18181818181818,1.18181818181818,1,1
1.1819,1.1819,1.1819,1,1
1.1827,1.1827,1.1827,1,1
1.18353718641201,1.18353718641201,1.18353718641201,1,1
1.1838,1.1838,1.1838,1,1
1.1849,1.1849,1.1849,1,1
1.1856,1.1856,1.1856,1,1
1.18796992481203,1.18796992481203,1.18796992481203,3,1
118911996.88,118911996.88,118911996.88,1,1
118929883.32,118929883.32,118929883.32,1,1
11.9,11.9,11.9,28,2
119026571.09,119026571.09,119026571.09,1,1
1.19047619047619,1.19047619047619,1.19047619047619,7,1
1.19047622764462,1.19047622764462,1.19047622764462,1,1
1.19118259329544,1.19118259329544,1.19118259329544,1,1
1.19444444444444,1.19444444444444,1.19444444444444,2,1
12.0,12.0,12.0,32,2
1.20192307692308,1.20192307692308,1.20192307692308,2,1
1.2021,1.2021,1.2021,1,1
12.1,12.1,12.1,36,2
1.21052631578947,1.21052631578947,1.21052631578947,1,1
1.21262454773814,1.21262454773814,1.21262454773814,1,1
1.21875,1.21875,1.21875,2,1
12.2,12.2,12.2,54,2
1.22087228520994,1.22087228520994,1.22087228520994,1,1
1.22413793103448,1.22413793103448,1.22413793103448,1,1
1.22556390977444,1.22556390977444,1.22556390977444,1,1
1.2256,1.2256,1.2256,1,1
1.22826086956522,1.22826086956522,1.22826086956522,1,1
12.3,12.3,12.3,34,2
1.232,1.232,1.232,1,1
1.23529411764706,1.23529411764706,1.23529411764706,10,1
1.23542636130421,1.23542636130421,1.23542636130421,1,1
1.23913043478261,1.23913043478261,1.23913043478261,1,1
12.4,12.4,12.4,32,2
1.24038461538462,1.24038461538462,1.24038461538462,2,1
1.2485,1.2485,1.2485,1,1
1.24999998137355,1.24999998137355,1.24999998137355,1,1
12.5,12.5,12.5,44,2
1.25301204819277,1.25301204819277,1.25301204819277,2,1
1.25563909774436,1.25563909774436,1.25563909774436,2,1
1.25,1.25,1.25,1,1
12.6,12.6,12.6,28,2
1.26041666666667,1.26041666666667,1.26041666666667,2,1
1.26086956521739,1.26086956521739,1.26086956521739,1,1
1.26305566306284,1.26305566306284,1.26305566306284,1,1
1.26356589147287,1.26356589147287,1.26356589147287,1,1
1.26582278481013,1.26582278481013,1.26582278481013,1,1
12.7,12.7,12.7,36,2
1.2716,1.2716,1.2716,1,1
1.27272727272727,1.27272727272727,1.27272727272727,3,1
1.27806136178939,1.27806136178939,1.27806136178939,1,1
12.8,12.8,12.8,26,2
1.28123661472404,1.28123661472404,1.28123661472404,1,1
1.28277087502386,1.28277087502386,1.28277087502386,1,1
1.28409090909091,1.28409090909091,1.28409090909091,1,1
1.28625381964094,1.28625381964094,1.28625381964094,1,1
1.28798237666548,1.28798237666548,1.28798237666548,1,1
1.28999996185303,1.28999996185303,1.28999996185303,1,1
1.28,1.28,1.28,2,1
12.9,12.9,12.9,26,2
1.29203539823009,1.29203539823009,1.29203539823009,1,1
1.2924,1.2924,1.2924,1,1
1.29310344827586,1.29310344827586,1.29310344827586,1,1
1.29457364341085,1.29457364341085,1.29457364341085,1,1
1.29577464788732,1.29577464788732,1.29577464788732,1,1
13.0,13.0,13.0,26,2
1.30120481927711,1.30120481927711,1.30120481927711,1,1
1.30578512396694,1.30578512396694,1.30578512396694,1,1
1.30769230769231,1.30769230769231,1.30769230769231,15,1
1.30999994277954,1.30999994277954,1.30999994277954,1,1
13.1,13.1,13.1,38,2
1.31034482758621,1.31034482758621,1.31034482758621,1,1
1.31056621335261,1.31056621335261,1.31056621335261,1,1
1.3114,1.3114,1.3114,1,1
1.31521739130435,1.31521739130435,1.31521739130435,1,1
1.31578947368421,1.31578947368421,1.31578947368421,3,1
1.31578949019519,1.31578949019519,1.31578949019519,1,1
131590432.23,131590432.23,131590432.23,1,1
1.31623931623932,1.31623931623932,1.31623931623932,1,1
13.2,13.2,13.2,16,2
1.32000005245209,1.32000005245209,1.32000005245209,2,1
1.32004076107509,1.32004076107509,1.32004076107509,1,1
1.3204,1.3204,1.3204,1,1
1.32126262458731,1.32126262458731,1.32126262458731,1,1
1.3247,1.3247,1.3247,1,1
1.32558139534884,1.32558139534884,1.32558139534884,1,1
1.32608695652174,1.32608695652174,1.32608695652174,1,1
1.3261,1.3261,1.3261,1,1
1.32692307692308,1.32692307692308,1.32692307692308,1,1
13.3,13.3,13.3,24,2
1.33002025676523,1.33002025676523,1.33002025676523,1,1
1.333,1.333,1.333,1,1
1.33333333333333,1.33333333333333,1.33333333333333,3,2
1.33,1.33,1.33,2,1
13.4,13.4,13.4,24,2
1.34375,1.34375,1.34375,1,1
1.34375497222709,1.34375497222709,1.34375497222709,1,1
1.34710743801653,1.34710743801653,1.34710743801653,2,1
13.5,13.5,13.5,34,2
1.35042735042735,1.35042735042735,1.35042735042735,2,1
1.35185185185185,1.35185185185185,1.35185185185185,1,1
1.35211267605634,1.35211267605634,1.35211267605634,1,1
135629589.83,135629589.83,135629589.83,1,1
13.6,13.6,13.6,40,2
1.36100268146693,1.36100268146693,1.36100268146693,1,1
136230737.19,136230737.19,136230737.19,1,1
1.36283185840708,1.36283185840708,1.36283185840708,2,1
1.3652,1.3652,1.3652,1,1
1.36538461538462,1.36538461538462,1.36538461538462,1,1
1.3656,1.3656,1.3656,1,1
1.36756401969512,1.36756401969512,1.36756401969512,1,1
1.368,1.368,1.368,2,1
1.36879127164433,1.36879127164433,1.36879127164433,1,1
1.3695652173913,1.3695652173913,1.3695652173913,1,1
13.7,13.7,13.7,14,2
1.3703,1.3703,1.3703,1,1
1.37176476882011,1.37176476882011,1.37176476882011,1,1
1.37452567098064,1.37452567098064,1.37452567098064,1,1
137485055.51,137485055.51,137485055.51,1,1
1.3756,1.3756,1.3756,1,1
1.3771,1.3771,1.3771,1,1
1.3783,1.3783,1.3783,1,1
13.8,13.8,13.8,18,2
1.3801652892562,1.3801652892562,1.3801652892562,1,1
1.38095238095238,1.38095238095238,1.38095238095238,3,1
1.3827,1.3827,1.3827,1,1
138449160.04,138449160.04,138449160.04,1,1
1.38666666666667,1.38666666666667,1.38666666666667,3,1
13.9,13.9,13.9,20,2
1.39316239316239,1.39316239316239,1.39316239316239,2,1
139426127.25,139426127.25,139426127.25,1,1
1.3967,1.3967,1.3967,1,1
1.3968253968254,1.3968253968254,1.3968253968254,1,1
1.3987,1.3987,1.3987,1,1
14.0,14.0,14.0,26,2
1.40217391304348,1.40217391304348,1.40217391304348,2,1
1.40384615384615,1.40384615384615,1.40384615384615,1,1
140534787.12,140534787.12,140534787.12,1,1
1.40845070422535,1.40845070422535,1.40845070422535,3,1
1.40845074679165,1.40845074679165,1.40845074679165,1,1
1.40963855421687,1.40963855421687,1.40963855421687,1,1
14.1,14.1,14.1,22,2
141220757.12,141220757.12,141220757.12,1,1
141376849.43,141376849.43,141376849.43,1,1
141575809.2,141575809.2,141575809.2,1,1
1.4163,1.4163,1.4163,1,1
1.4176,1.4176,1.4176,1,1
1.4185,1.4185,1.4185,1,1
1.4193,1.4193,1.4193,1,1
14.2,14.2,14.2,28,2
1.4255,1.4255,1.4255,1,1
1.42592592592593,1.42592592592593,1.42592592592593,2,1
142602237.3,142602237.3,142602237.3,1,1
1.42621625989979,1.42621625989979,1.42621625989979,1,1
142679111.11,142679111.11,142679111.11,1,1
1.42735042735043,1.42735042735043,1.42735042735043,1,1
1.4289,1.4289,1.4289,1,1
1.42,1.42,1.42,1,1
14.3,14.3,14.3,18,2
1.43037974683544,1.43037974683544,1.43037974683544,1,1
1.43283582089552,1.43283582089552,1.43283582089552,2,1
1.4336579623434,1.4336579623434,1.4336579623434,1,1
1.4343,1.4343,1.4343,1,1
1.4354,1.4354,1.4354,1,1
1.436,1.436,1.436,1,1
1.43706805683941,1.43706805683941,1.43706805683941,1,1
14.4,14.4,14.4,28,2
144017543.86,144017543.86,144017543.86,1,1
1.44230769230769,1.44230769230769,1.44230769230769,1,1
1.44247787610619,1.44247787610619,1.44247787610619,1,1
144.3,144.3,144.3,1,1
1.4434,1.4434,1.4434,1,1
144355980.18,144355980.18,144355980.18,1,1
1.4446,1.4446,1.4446,1,1
144634945.18,144634945.18,144634945.18,1,1
1.4467,1.4467,1.4467,1,1
1.4483,1.4483,1.4483,1,1
1.44927536732658,1.44927536732658,1.44927536732658,1,1
1.4499,1.4499,1.4499,1,1
1.44,1.44,1.44,1,1
14.5,14.5,14.5,24,2
1.4504,1.4504,1.4504,1,1
1.4509,1.4509,1.4509,1,1
1.454,1.454,1.454,1,1
145528943.88,145528943.88,145528943.88,1,1
1.45652173913044,1.45652173913044,1.45652173913044,1,1
1.4578313253012,1.4578313253012,1.4578313253012,1,1
145872945.36,145872945.36,145872945.36,1,1
14.6,14.6,14.6,22,2
146057889.13,146057889.13,146057889.13,1,1
1.46296296296296,1.46296296296296,1.46296296296296,2,1
146331945.16,146331945.16,146331945.16,1,1
1.46478873239437,1.46478873239437,1.46478873239437,2,1
146518990.16,146518990.16,146518990.16,1,1
1.4697,1.4697,1.4697,1,1
14.7,14.7,14.7,28,2
1.47058823529412,1.47058823529412,1.47058823529412,7,1
147161570.16,147161570.16,147161570.16,1,1
1.4762,1.4762,1.4762,1,1
147674016.43,147674016.43,147674016.43,1,1
1.47787610619469,1.47787610619469,1.47787610619469,1,1
1.47957216646554,1.47957216646554,1.47957216646554,1,1
147999151.1,147999151.1,147999151.1,1,1
14.8,14.8,14.8,26,2
1.48101265822785,1.48101265822785,1.48101265822785,1,1
148540564.37,148540564.37,148540564.37,1,1
148714517.62,148714517.62,148714517.62,1,1
14.9,14.9,14.9,16,2
1.49253731343284,1.49253731343284,1.49253731343284,2,1
1.4931,1.4931,1.4931,1,1
1.4957264957265,1.4957264957265,1.4957264957265,2,1
149618039.58,149618039.58,149618039.58,1,1
149772809.23,149772809.23,149772809.23,1,1
1.5,1.5,1.5,3,1
15.0,15.0,15.0,12,2
1.50925925925926,1.50925925925926,1.50925925925926,2,1
15.1,15.1,15.1,20,2
1.51239669421488,1.51239669421488,1.51239669421488,1,1
1.51724137931034,1.51724137931034,1.51724137931034,1,1
1.51923076923077,1.51923076923077,1.51923076923077,1,1
15.2,15.2,15.2,12,2
1.52380952380952,1.52380952380952,1.52380952380952,1,1
1.52991452991453,1.52991452991453,1.52991452991453,1,1
15.3,15.3,15.3,24,2
1.53846159489197,1.53846159489197,1.53846159489197,2,1
15.4,15.4,15.4,22,2
1.54347826086957,1.54347826086957,1.54347826086957,1,1
15.5,15.5,15.5,18,2
1.55223880597015,1.55223880597015,1.55223880597015,1,1
15.6,15.6,15.6,14,2
1.56410256410256,1.56410256410256,1.56410256410256,1,1
1.56730769230769,1.56730769230769,1.56730769230769,1,1
15.7,15.7,15.7,20,2
1.57142857142857,1.57142857142857,1.57142857142857,1,1
15.8,15.8,15.8,12,2
1.58620689655172,1.58620689655172,1.58620689655172,2,1
1.58730159931563,1.58730159931563,1.58730159931563,1,1
15.9,15.9,15.9,22,2
16.0,16.0,16.0,24,2
1.60264900662252,1.60264900662252,1.60264900662252,1,1
1.60416666666667,1.60416666666667,1.60416666666667,1,1
16.1,16.1,16.1,14,2
1.61290321340174,1.61290321340174,1.61290321340174,1,1
1.61538461538462,1.61538461538462,1.61538461538462,19,1
16.2,16.2,16.2,16,2
1.62037037037037,1.62037037037037,1.62037037037037,1,1
1.625,1.625,1.625,6,1
16.3,16.3,16.3,18,2
1.63157894736842,1.63157894736842,1.63157894736842,1,1
1.632,1.632,1.632,1,1
1.63636363636364,1.63636363636364,1.63636363636364,1,1
1.63,1.63,1.63,1,1
16.4,16.4,16.4,26,2
1.64583333333333,1.64583333333333,1.64583333333333,1,1
16.5,16.5,16.5,8,2
1.65079365079365,1.65079365079365,1.65079365079365,1,1
1.65740740740741,1.65740740740741,1.65740740740741,1,1
1.65789473684211,1.65789473684211,1.65789473684211,1,1
16.6,16.6,16.6,20,2
1.66,1.66,1.66,3,1
16.7,16.7,16.7,38,2
16.8,16.8,16.8,12,2
16.9,16.9,16.9,14,2
1.69047619047619,1.69047619047619,1.69047619047619,1,1
1.69791666666667,1.69791666666667,1.69791666666667,1,1
17.0,17.0,17.0,8,2
1.7037037037037,1.7037037037037,1.7037037037037,2,1
1.70422535211268,1.70422535211268,1.70422535211268,1,1
1.70588235294118,1.70588235294118,1.70588235294118,4,1
17.1,17.1,17.1,20,2
1.71084337349398,1.71084337349398,1.71084337349398,1,1
1.71428571428571,1.71428571428571,1.71428571428571,1,1
1.71739130434783,1.71739130434783,1.71739130434783,1,1
17.2,17.2,17.2,10,2
1.72115384615385,1.72115384615385,1.72115384615385,1,1
1.72413793103448,1.72413793103448,1.72413793103448,2,1
1.72413798064596,1.72413798064596,1.72413798064596,1,1
17.3,17.3,17.3,6,2
1.73451327433628,1.73451327433628,1.73451327433628,1,1
17.4,17.4,17.4,18,2
17.5,17.5,17.5,8,2
1.75187969924812,1.75187969924812,1.75187969924812,1,1
1.75438598692692,1.75438598692692,1.75438598692692,1,1
1.75757575757576,1.75757575757576,1.75757575757576,1,1
1.75961538461538,1.75961538461538,1.75961538461538,1,1
17.6,17.6,17.6,20,2
1.76056338028169,1.76056338028169,1.76056338028169,1,1
1.76991150442478,1.76991150442478,1.76991150442478,1,1
17.7,17.7,17.7,16,2
17.8,17.8,17.8,12,2
1.78571427811165,1.78571427811165,1.78571427811165,1,1
17.9,17.9,17.9,10,2
1.79545454545455,1.79545454545455,1.79545454545455,2,1
18.0,18.0,18.0,18,2
1.80434782608696,1.80434782608696,1.80434782608696,1,1
1.80952380952381,1.80952380952381,1.80952380952381,4,1
18.1,18.1,18.1,8,2
1.81818177877379,1.81818177877379,1.81818177877379,1,1
18.2,18.2,18.2,14,2
18.3,18.3,18.3,18,2
18.4,18.4,18.4,8,2
18.5,18.5,18.5,8,2
1.85185185185185,1.85185185185185,1.85185185185185,1,1
1.85227272727273,1.85227272727273,1.85227272727273,1,1
1.85869565217391,1.85869565217391,1.85869565217391,1,1
18.6,18.6,18.6,2,2
1.86842105263158,1.86842105263158,1.86842105263158,1,1
18.7,18.7,18.7,12,2
18.8,18.8,18.8,10,2
1.88095238095238,1.88095238095238,1.88095238095238,1,1
18.9,18.9,18.9,6,2
19.0,19.0,19.0,20,2
1.90909090909091,1.90909090909091,1.90909090909091,2,1
19.1,19.1,19.1,2,2
19.2,19.2,19.2,14,2
1.92307692307692,1.92307692307692,1.92307692307692,5,1
19.3,19.3,19.3,2,2
19.4,19.4,19.4,12,2
1.94117647058824,1.94117647058824,1.94117647058824,1,1
19.5,19.5,19.5,14,2
19.6,19.6,19.6,8,2
19.7,19.7,19.7,4,2
19.8,19.8,19.8,6,2
19.9,19.9,19.9,6,2
2.0,2.0,2.0,9,2
20.0,20.0,20.0,12,2
20.1,20.1,20.1,12,2
20.2,20.2,20.2,4,2
20.3,20.3,20.3,4,2
20.4,20.4,20.4,2,2
20.5,20.5,20.5,6,2
2.05633802816901,2.05633802816901,2.05633802816901,1,1
20.6,20.6,20.6,2,2
20.7,20.7,20.7,6,2
20.8,20.8,20.8,16,2
20.9,20.9,20.9,2,2
21.0,21.0,21.0,2,2
21.1,21.1,21.1,4,2
21.2,21.2,21.2,4,2
2.125,2.125,2.125,6,1
2.12765957986461,2.12765957986461,2.12765957986461,1,1
21.3,21.3,21.3,10,2
21.4,21.4,21.4,12,2
21.5,21.5,21.5,2,2
21.6,21.6,21.6,4,2
2.16,2.16,2.16,1,1
21.7,21.7,21.7,6,2
2.17241379310345,2.17241379310345,2.17241379310345,1,1
2.1739130040423,2.1739130040423,2.1739130040423,1,1
21.8,21.8,21.8,6,2
21.9,21.9,21.9,4,2
2.19047619047619,2.19047619047619,2.19047619047619,1,1
22.1,22.1,22.1,4,2
2.21518987341772,2.21518987341772,2.21518987341772,1,1
22.2,22.2,22.2,6,2
2.22222228109101,2.22222228109101,2.22222228109101,1,1
2.22535211267606,2.22535211267606,2.22535211267606,1,1
2.22666666666667,2.22666666666667,2.22666666666667,1,1
22.3,22.3,22.3,8,2
2.23076923076923,2.23076923076923,2.23076923076923,1,1
22.4,22.4,22.4,2,2
22.6,22.6,22.6,4,2
22.7,22.7,22.7,6,2
22.8,22.8,22.8,6,2
22.9,22.9,22.9,2,2
23.0,23.0,23.0,4,2
23.1,23.1,23.1,8,2
2.31325301204819,2.31325301204819,2.31325301204819,1,1
23.2,23.2,23.2,2,2
2.32558135666546,2.32558135666546,2.32558135666546,1,1
2.32,2.32,2.32,1,1
23.4,23.4,23.4,2,2
23.5,23.5,23.5,2,2
23.6,23.6,23.6,2,2
23.8,23.8,23.8,4,2
2.38095238095238,2.38095238095238,2.38095238095238,1,1
2.38095245528924,2.38095245528924,2.38095245528924,2,1
23.9,23.9,23.9,2,2
2.39393939393939,2.39393939393939,2.39393939393939,1,1
24.0,24.0,24.0,4,2
24.1,24.1,24.1,2,2
24.2,24.2,24.2,2,2
24.4,24.4,24.4,2,2
2.44827586206897,2.44827586206897,2.44827586206897,1,1
24.7,24.7,24.7,2,2
24.9,24.9,24.9,2,2
2.4999999627471,2.4999999627471,2.4999999627471,1,1
25.0,25.0,25.0,6,2
25.2,25.2,25.2,2,2
25.3,25.3,25.3,2,2
2.56410265815329,2.56410265815329,2.56410265815329,1,1
25.7,25.7,25.7,2,2
25.9,25.9,25.9,2,2
26.1,26.1,26.1,2,2
2.625,2.625,2.625,5,1
2.63157898039039,2.63157898039039,2.63157898039039,1,1
26.4,26.4,26.4,2,2
2.70270266787165,2.70270266787165,2.70270266787165,1,1
2.77777766739881,2.77777766739881,2.77777766739881,1,1
29.2,29.2,29.2,2,2
2.94117647058824,2.94117647058824,2.94117647058824,3,1
29.6,29.6,29.6,2,2
29.8,29.8,29.8,2,2
3.0,3.0,3.0,33,3
30.1,30.1,30.1,2,2
3.1,3.1,3.1,26,2
3.2,3.2,3.2,42,2
3.23076923076923,3.23076923076923,3.23076923076923,1,1
3.25,3.25,3.25,1,1
3.3,3.3,3.3,56,2
3.4,3.4,3.4,94,2
3.41176470588235,3.41176470588235,3.41176470588235,1,1
3.5,3.5,3.5,70,2
3.6,3.6,3.6,104,2
3.625,3.625,3.625,1,1
3.7,3.7,3.7,96,2
3.8,3.8,3.8,150,2
3.9,3.9,3.9,134,2
4.0,4.0,4.0,164,2
4.1,4.1,4.1,192,2
4.125,4.125,4.125,1,1
4.17647058823529,4.17647058823529,4.17647058823529,1,1
4.2,4.2,4.2,190,2
4.25,4.25,4.25,1,1
4.3,4.3,4.3,188,2
43910.23,43910.23,43910.23,1,1
43989.49,43989.49,43989.49,1,1
43990.63,43990.63,43990.63,1,1
4.4,4.4,4.4,208,2
4.41176470588235,4.41176470588235,4.41176470588235,1,1
44162.0,44162.0,44162.0,1,1
4.46153846153846,4.46153846153846,4.46153846153846,1,1
44663.06,44663.06,44663.06,1,1
4.5,4.5,4.5,212,2
45102.57,45102.57,45102.57,1,1
45176.86,45176.86,45176.86,1,1
45351.94,45351.94,45351.94,1,1
45356.92,45356.92,45356.92,1,1
45490.3,45490.3,45490.3,1,1
45676.78,45676.78,45676.78,1,1
45798.5,45798.5,45798.5,1,1
45814.66,45814.66,45814.66,1,1
4.6,4.6,4.6,232,2
46237.24,46237.24,46237.24,1,1
46294.26,46294.26,46294.26,1,1
46356.68,46356.68,46356.68,1,1
46409.88,46409.88,46409.88,1,1
46426.9,46426.9,46426.9,1,1
46579.04,46579.04,46579.04,1,1
46708.02,46708.02,46708.02,1,1
46716.59,46716.59,46716.59,1,1
46730.33,46730.33,46730.33,1,1
46989.61,46989.61,46989.61,1,1
4.7,4.7,4.7,224,2
47006.02,47006.02,47006.02,1,1
47130.63,47130.63,47130.63,1,1
47161.4,47161.4,47161.4,1,1
47214.58,47214.58,47214.58,1,1
4.8,4.8,4.8,224,2
48999.95,48999.95,48999.95,1,1
4.9,4.9,4.9,212,2
49285.5,49285.5,49285.5,1,1
49487.44,49487.44,49487.44,1,1
5.0,5.0,5.0,240,2
50486.37,50486.37,50486.37,1,1
5.1,5.1,5.1,228,2
51077.0,51077.0,51077.0,1,1
51299.21,51299.21,51299.21,1,1
51366.31,51366.31,51366.31,1,1
5.2,5.2,5.2,200,2
52080.68,52080.68,52080.68,1,1
52154.34,52154.34,52154.34,1,1
52518.76,52518.76,52518.76,1,1
52591.3,52591.3,52591.3,1,1
52730.74,52730.74,52730.74,1,1
52744.36,52744.36,52744.36,1,1
5.3,5.3,5.3,250,2
53147.71,53147.71,53147.71,1,1
53407.65,53407.65,53407.65,1,1
53651.99,53651.99,53651.99,1,1
53706.44,53706.44,53706.44,1,1
53872.37,53872.37,53872.37,1,1
5.4,5.4,5.4,170,2
5.5,5.5,5.5,228,2
55508.25,55508.25,55508.25,1,1
55935.81,55935.81,55935.81,1,1
55968.56,55968.56,55968.56,1,1
5.6,5.6,5.6,262,2
56137.81,56137.81,56137.81,1,1
56244.12,56244.12,56244.12,1,1
5.7,5.7,5.7,216,2
57209.45,57209.45,57209.45,1,1
57323.6,57323.6,57323.6,1,1
57534.31,57534.31,57534.31,1,1
57590.92,57590.92,57590.92,1,1
57821.86,57821.86,57821.86,1,1
5.8,5.8,5.8,222,2
58188.15,58188.15,58188.15,1,1
58192.24,58192.24,58192.24,1,1
58575.36,58575.36,58575.36,1,1
58598.51,58598.51,58598.51,1,1
58668.7,58668.7,58668.7,1,1
58971.42,58971.42,58971.42,1,1
5.9,5.9,5.9,172,2
59325.67,59325.67,59325.67,1,1
59333.18,59333.18,59333.18,1,1
59471.22,59471.22,59471.22,1,1
59511.87,59511.87,59511.87,1,1
59580.56,59580.56,59580.56,1,1
59682.86,59682.86,59682.86,1,1
59703.3,59703.3,59703.3,1,1
59877.76,59877.76,59877.76,1,1
6.0,6.0,6.0,154,2
60218.17,60218.17,60218.17,1,1
60343.36,60343.36,60343.36,1,1
60556.66,60556.66,60556.66,1,1
60603.27,60603.27,60603.27,1,1
60730.72,60730.72,60730.72,1,1
6.1,6.1,6.1,176,2
6.11764705882353,6.11764705882353,6.11764705882353,1,1
61706.18,61706.18,61706.18,1,1
61908.06,61908.06,61908.06,1,1
6.2,6.2,6.2,144,2
62142.08,62142.08,62142.08,1,1
62300.78,62300.78,62300.78,1,1
62692.37,62692.37,62692.37,1,1
6.3,6.3,6.3,134,2
63595.11,63595.11,63595.11,1,1
6.4,6.4,6.4,148,2
64735.06,64735.06,64735.06,1,1
64846.52,64846.52,64846.52,1,1
6.5,6.5,6.5,176,2
6.6,6.6,6.6,170,2
66611.22,66611.22,66611.22,1,1
6.7,6.7,6.7,140,2
6.8,6.8,6.8,138,2
68721.18,68721.18,68721.18,1,1
68896.76,68896.76,68896.76,1,1
68904.63,68904.63,68904.63,1,1
6.9,6.9,6.9,132,2
69764.13,69764.13,69764.13,1,1
69766.8,69766.8,69766.8,1,1
69854.75,69854.75,69854.75,1,1
69952.02,69952.02,69952.02,1,1
7.0,7.0,7.0,164,2
70004.51,70004.51,70004.51,1,1
70566.77,70566.77,70566.77,1,1
70594.4,70594.4,70594.4,1,1
70701.92,70701.92,70701.92,1,1
70953.23,70953.23,70953.23,1,1
7.1,7.1,7.1,148,2
7.2,7.2,7.2,118,2
72446.52,72446.52,72446.52,1,1
72926.42,72926.42,72926.42,1,1
7.3,7.3,7.3,128,2
73063.88,73063.88,73063.88,1,1
73464.94,73464.94,73464.94,1,1
7.4,7.4,7.4,126,2
74255.83,74255.83,74255.83,1,1
7.5,7.5,7.5,144,2
75393.96,75393.96,75393.96,1,1
75785.13,75785.13,75785.13,1,1
7.6,7.6,7.6,116,2
76157.53,76157.53,76157.53,1,1
7.7,7.7,7.7,108,2
77301.17,77301.17,77301.17,1,1
77667.55,77667.55,77667.55,1,1
77899.34,77899.34,77899.34,1,1
7.8,7.8,7.8,100,2
78412.01,78412.01,78412.01,1,1
78965.77,78965.77,78965.77,1,1
7.9,7.9,7.9,100,2
79271.07,79271.07,79271.07,1,1
79354.3,79354.3,79354.3,1,1
8.0,8.0,8.0,84,2
80518.38,80518.38,80518.38,1,1
8.1,8.1,8.1,114,2
8.2,8.2,8.2,120,2
82720.11,82720.11,82720.11,1,1
8.3,8.3,8.3,88,2
8.4,8.4,8.4,86,2
8.5,8.5,8.5,96,2
8.6,8.6,8.6,94,2
8.7,8.7,8.7,98,2
87359009.63,87359009.63,87359009.63,1,1
87952.83,87952.83,87952.83,1,1
8.8,8.8,8.8,86,2
88477.42,88477.42,88477.42,1,1
8.9,8.9,8.9,108,2
89972260.75,89972260.75,89972260.75,1,1
9.0,9.0,9.0,82,2
90279955.21,90279955.21,90279955.21,1,1
90749014.45,90749014.45,90749014.45,1,1
9.1,9.1,9.1,80,2
91522911.05,91522911.05,91522911.05,1,1
91902887.14,91902887.14,91902887.14,1,1
9.2,9.2,9.2,74,2
92059.14,92059.14,92059.14,1,1
92471190.78,92471190.78,92471190.78,1,1
92900.26,92900.26,92900.26,1,1
9.3,9.3,9.3,78,2
93185.36,93185.36,93185.36,1,1
93769322.24,93769322.24,93769322.24,1,1
9.4,9.4,9.4,70,2
94361054.77,94361054.77,94361054.77,1,1
94400000.0,94400000.0,94400000.0,1,1
9.5,9.5,9.5,86,2
95067.18,95067.18,95067.18,1,1
9.6,9.6,9.6,80,2
96191.65,96191.65,96191.65,1,1
96245756.96,96245756.96,96245756.96,1,1
96673263.41,96673263.41,96673263.41,1,1
96909.2,96909.2,96909.2,1,1
9.7,9.7,9.7,68,2
97300983.9,97300983.9,97300983.9,1,1
97313554.16,97313554.16,97313554.16,1,1
97350157.73,97350157.73,97350157.73,1,1
97378597.12,97378597.12,97378597.12,1,1
97504.14,97504.14,97504.14,1,1
97710042.12,97710042.12,97710042.12,1,1
97760067.11,97760067.11,97760067.11,1,1
97769946.43,97769946.43,97769946.43,1,1
9.8,9.8,9.8,70,2
98288055.2,98288055.2,98288055.2,1,1
9.9,9.9,9.9,82,2
99114525.35,99114525.35,99114525.35,1,1
99423571.8,99423571.8,99423571.8,1,1
99688369.5,99688369.5,99688369.5,1,1
