Year,Géographie,Personnes à faible revenu,GeoCode,Value
2015,,,,14.5
2016,,,,12.9
2017,,,,11.9
2018,,,,11.2
2019,,,,10.3
2020,,,,6.4
2021,,,,7.4
2022,,,,9.9
2015,Alberta,Toutes les personnes,48,9.4
2016,Alberta,Toutes les personnes,48,10.1
2017,Alberta,Toutes les personnes,48,8.5
2018,Alberta,Toutes les personnes,48,8.8
2019,Alberta,Toutes les personnes,48,7.7
2020,Alberta,Toutes les personnes,48,5.5
2021,Alberta,Toutes les personnes,48,7.8
2022,Alberta,Toutes les personnes,48,9.7
2015,Alberta,Femmes,48,9.9
2016,Alberta,Femmes,48,10.5
2017,Alberta,Femmes,48,9.3
2018,Alberta,Femmes,48,8.7
2019,Alberta,Femmes,48,7.7
2020,Alberta,Femmes,48,5.5
2021,Alberta,Femmes,48,8.1
2022,Alberta,Femmes,48,10.2
2015,Alberta,"Femmes, 18 à 64 ans",48,9.5
2016,Alberta,"Femmes, 18 à 64 ans",48,11.6
2017,Alberta,"Femmes, 18 à 64 ans",48,10.8
2018,Alberta,"Femmes, 18 à 64 ans",48,9.9
2019,Alberta,"Femmes, 18 à 64 ans",48,9.1
2020,Alberta,"Femmes, 18 à 64 ans",48,6.5
2021,Alberta,"Femmes, 18 à 64 ans",48,8.6
2022,Alberta,"Femmes, 18 à 64 ans",48,10.5
2015,Alberta,"Femmes, 65 ans et plus",48,3.2
2016,Alberta,"Femmes, 65 ans et plus",48,4.1
2017,Alberta,"Femmes, 65 ans et plus",48,3.0
2018,Alberta,"Femmes, 65 ans et plus",48,4.3
2019,Alberta,"Femmes, 65 ans et plus",48,2.7
2020,Alberta,"Femmes, 65 ans et plus",48,3.5
2021,Alberta,"Femmes, 65 ans et plus",48,6.3
2022,Alberta,"Femmes, 65 ans et plus",48,5.9
2015,Alberta,"Femmes, moins de 18 ans",48,15.0
2016,Alberta,"Femmes, moins de 18 ans",48,10.8
2017,Alberta,"Femmes, moins de 18 ans",48,8.4
2018,Alberta,"Femmes, moins de 18 ans",48,8.1
2019,Alberta,"Femmes, moins de 18 ans",48,6.7
2020,Alberta,"Femmes, moins de 18 ans",48,4.2
2021,Alberta,"Femmes, moins de 18 ans",48,8.1
2022,Alberta,"Femmes, moins de 18 ans",48,12.4
2015,Alberta,Hommes,48,8.9
2016,Alberta,Hommes,48,9.8
2017,Alberta,Hommes,48,7.8
2018,Alberta,Hommes,48,8.9
2019,Alberta,Hommes,48,7.8
2020,Alberta,Hommes,48,5.5
2021,Alberta,Hommes,48,7.5
2022,Alberta,Hommes,48,9.3
2015,Alberta,"Hommes, 18 à 64 ans",48,9.6
2016,Alberta,"Hommes, 18 à 64 ans",48,10.3
2017,Alberta,"Hommes, 18 à 64 ans",48,8.8
2018,Alberta,"Hommes, 18 à 64 ans",48,9.9
2019,Alberta,"Hommes, 18 à 64 ans",48,8.6
2020,Alberta,"Hommes, 18 à 64 ans",48,6.6
2021,Alberta,"Hommes, 18 à 64 ans",48,8.1
2022,Alberta,"Hommes, 18 à 64 ans",48,9.8
2016,Alberta,"Hommes, 65 ans et plus",48,4.5
2017,Alberta,"Hommes, 65 ans et plus",48,2.7
2018,Alberta,"Hommes, 65 ans et plus",48,2.4
2019,Alberta,"Hommes, 65 ans et plus",48,4.5
2020,Alberta,"Hommes, 65 ans et plus",48,2.3
2021,Alberta,"Hommes, 65 ans et plus",48,5.5
2022,Alberta,"Hommes, 65 ans et plus",48,5.3
2015,Alberta,"Hommes, moins de 18 ans",48,9.8
2016,Alberta,"Hommes, moins de 18 ans",48,10.8
2017,Alberta,"Hommes, moins de 18 ans",48,7.2
2018,Alberta,"Hommes, moins de 18 ans",48,9.4
2019,Alberta,"Hommes, moins de 18 ans",48,7.1
2020,Alberta,"Hommes, moins de 18 ans",48,4.3
2021,Alberta,"Hommes, moins de 18 ans",48,6.9
2022,Alberta,"Hommes, moins de 18 ans",48,10.1
2015,Alberta,Personnes de 18 à 64 ans,48,9.5
2016,Alberta,Personnes de 18 à 64 ans,48,10.9
2017,Alberta,Personnes de 18 à 64 ans,48,9.8
2018,Alberta,Personnes de 18 à 64 ans,48,9.9
2019,Alberta,Personnes de 18 à 64 ans,48,8.9
2020,Alberta,Personnes de 18 à 64 ans,48,6.5
2021,Alberta,Personnes de 18 à 64 ans,48,8.3
2022,Alberta,Personnes de 18 à 64 ans,48,10.2
2015,Alberta,Personnes de 65 ans et plus,48,3.1
2016,Alberta,Personnes de 65 ans et plus,48,4.3
2017,Alberta,Personnes de 65 ans et plus,48,2.9
2018,Alberta,Personnes de 65 ans et plus,48,3.4
2019,Alberta,Personnes de 65 ans et plus,48,3.5
2020,Alberta,Personnes de 65 ans et plus,48,2.9
2021,Alberta,Personnes de 65 ans et plus,48,5.9
2022,Alberta,Personnes de 65 ans et plus,48,5.6
2015,Alberta,Personnes de moins de 18 ans,48,12.3
2016,Alberta,Personnes de moins de 18 ans,48,10.8
2017,Alberta,Personnes de moins de 18 ans,48,7.8
2018,Alberta,Personnes de moins de 18 ans,48,8.8
2019,Alberta,Personnes de moins de 18 ans,48,6.9
2020,Alberta,Personnes de moins de 18 ans,48,4.2
2021,Alberta,Personnes de moins de 18 ans,48,7.5
2022,Alberta,Personnes de moins de 18 ans,48,11.2
2015,Provinces de l'Atlantique,Toutes les personnes,,15.7
2016,Provinces de l'Atlantique,Toutes les personnes,,14.5
2017,Provinces de l'Atlantique,Toutes les personnes,,13.5
2018,Provinces de l'Atlantique,Toutes les personnes,,12.3
2019,Provinces de l'Atlantique,Toutes les personnes,,11.2
2020,Provinces de l'Atlantique,Toutes les personnes,,7.5
2021,Provinces de l'Atlantique,Toutes les personnes,,7.8
2022,Provinces de l'Atlantique,Toutes les personnes,,11.5
2015,Provinces de l'Atlantique,Femmes,,16.3
2016,Provinces de l'Atlantique,Femmes,,15.0
2017,Provinces de l'Atlantique,Femmes,,14.6
2018,Provinces de l'Atlantique,Femmes,,12.5
2019,Provinces de l'Atlantique,Femmes,,12.4
2020,Provinces de l'Atlantique,Femmes,,8.1
2021,Provinces de l'Atlantique,Femmes,,8.8
2022,Provinces de l'Atlantique,Femmes,,11.8
2015,Provinces de l'Atlantique,"Femmes, 18 à 64 ans",,16.7
2016,Provinces de l'Atlantique,"Femmes, 18 à 64 ans",,16.3
2017,Provinces de l'Atlantique,"Femmes, 18 à 64 ans",,16.0
2018,Provinces de l'Atlantique,"Femmes, 18 à 64 ans",,13.7
2019,Provinces de l'Atlantique,"Femmes, 18 à 64 ans",,13.5
2020,Provinces de l'Atlantique,"Femmes, 18 à 64 ans",,9.5
2021,Provinces de l'Atlantique,"Femmes, 18 à 64 ans",,9.4
2022,Provinces de l'Atlantique,"Femmes, 18 à 64 ans",,12.7
2015,Provinces de l'Atlantique,"Femmes, 65 ans et plus",,12.4
2016,Provinces de l'Atlantique,"Femmes, 65 ans et plus",,9.7
2017,Provinces de l'Atlantique,"Femmes, 65 ans et plus",,8.3
2018,Provinces de l'Atlantique,"Femmes, 65 ans et plus",,8.7
2019,Provinces de l'Atlantique,"Femmes, 65 ans et plus",,8.8
2020,Provinces de l'Atlantique,"Femmes, 65 ans et plus",,5.0
2021,Provinces de l'Atlantique,"Femmes, 65 ans et plus",,7.6
2022,Provinces de l'Atlantique,"Femmes, 65 ans et plus",,9.7
2015,Provinces de l'Atlantique,"Femmes, moins de 18 ans",,19.3
2016,Provinces de l'Atlantique,"Femmes, moins de 18 ans",,16.4
2017,Provinces de l'Atlantique,"Femmes, moins de 18 ans",,17.5
2018,Provinces de l'Atlantique,"Femmes, moins de 18 ans",,12.9
2019,Provinces de l'Atlantique,"Femmes, moins de 18 ans",,13.2
2020,Provinces de l'Atlantique,"Femmes, moins de 18 ans",,7.3
2021,Provinces de l'Atlantique,"Femmes, moins de 18 ans",,8.3
2022,Provinces de l'Atlantique,"Femmes, moins de 18 ans",,11.8
2015,Provinces de l'Atlantique,Hommes,,15.0
2016,Provinces de l'Atlantique,Hommes,,14.0
2017,Provinces de l'Atlantique,Hommes,,12.3
2018,Provinces de l'Atlantique,Hommes,,12.1
2019,Provinces de l'Atlantique,Hommes,,9.9
2020,Provinces de l'Atlantique,Hommes,,6.9
2021,Provinces de l'Atlantique,Hommes,,6.7
2022,Provinces de l'Atlantique,Hommes,,11.1
2015,Provinces de l'Atlantique,"Hommes, 18 à 64 ans",,15.8
2016,Provinces de l'Atlantique,"Hommes, 18 à 64 ans",,14.7
2017,Provinces de l'Atlantique,"Hommes, 18 à 64 ans",,13.4
2018,Provinces de l'Atlantique,"Hommes, 18 à 64 ans",,13.8
2019,Provinces de l'Atlantique,"Hommes, 18 à 64 ans",,10.9
2020,Provinces de l'Atlantique,"Hommes, 18 à 64 ans",,8.4
2021,Provinces de l'Atlantique,"Hommes, 18 à 64 ans",,7.3
2022,Provinces de l'Atlantique,"Hommes, 18 à 64 ans",,12.1
2015,Provinces de l'Atlantique,"Hommes, 65 ans et plus",,8.2
2016,Provinces de l'Atlantique,"Hommes, 65 ans et plus",,7.4
2017,Provinces de l'Atlantique,"Hommes, 65 ans et plus",,5.6
2018,Provinces de l'Atlantique,"Hommes, 65 ans et plus",,5.2
2019,Provinces de l'Atlantique,"Hommes, 65 ans et plus",,4.8
2020,Provinces de l'Atlantique,"Hommes, 65 ans et plus",,3.8
2021,Provinces de l'Atlantique,"Hommes, 65 ans et plus",,5.8
2022,Provinces de l'Atlantique,"Hommes, 65 ans et plus",,7.2
2015,Provinces de l'Atlantique,"Hommes, moins de 18 ans",,18.7
2016,Provinces de l'Atlantique,"Hommes, moins de 18 ans",,17.9
2017,Provinces de l'Atlantique,"Hommes, moins de 18 ans",,15.6
2018,Provinces de l'Atlantique,"Hommes, moins de 18 ans",,13.9
2019,Provinces de l'Atlantique,"Hommes, moins de 18 ans",,11.9
2020,Provinces de l'Atlantique,"Hommes, moins de 18 ans",,5.4
2021,Provinces de l'Atlantique,"Hommes, moins de 18 ans",,6.0
2022,Provinces de l'Atlantique,"Hommes, moins de 18 ans",,12.4
2015,Provinces de l'Atlantique,Personnes de 18 à 64 ans,,16.3
2016,Provinces de l'Atlantique,Personnes de 18 à 64 ans,,15.6
2017,Provinces de l'Atlantique,Personnes de 18 à 64 ans,,14.7
2018,Provinces de l'Atlantique,Personnes de 18 à 64 ans,,13.7
2019,Provinces de l'Atlantique,Personnes de 18 à 64 ans,,12.2
2020,Provinces de l'Atlantique,Personnes de 18 à 64 ans,,9.0
2021,Provinces de l'Atlantique,Personnes de 18 à 64 ans,,8.4
2022,Provinces de l'Atlantique,Personnes de 18 à 64 ans,,12.4
2015,Provinces de l'Atlantique,Personnes de 65 ans et plus,,10.5
2016,Provinces de l'Atlantique,Personnes de 65 ans et plus,,8.6
2017,Provinces de l'Atlantique,Personnes de 65 ans et plus,,7.0
2018,Provinces de l'Atlantique,Personnes de 65 ans et plus,,7.0
2019,Provinces de l'Atlantique,Personnes de 65 ans et plus,,6.9
2020,Provinces de l'Atlantique,Personnes de 65 ans et plus,,4.4
2021,Provinces de l'Atlantique,Personnes de 65 ans et plus,,6.8
2022,Provinces de l'Atlantique,Personnes de 65 ans et plus,,8.5
2015,Provinces de l'Atlantique,Personnes de moins de 18 ans,,19.0
2016,Provinces de l'Atlantique,Personnes de moins de 18 ans,,17.2
2017,Provinces de l'Atlantique,Personnes de moins de 18 ans,,16.5
2018,Provinces de l'Atlantique,Personnes de moins de 18 ans,,13.4
2019,Provinces de l'Atlantique,Personnes de moins de 18 ans,,12.6
2020,Provinces de l'Atlantique,Personnes de moins de 18 ans,,6.3
2021,Provinces de l'Atlantique,Personnes de moins de 18 ans,,7.1
2022,Provinces de l'Atlantique,Personnes de moins de 18 ans,,12.1
2015,Colombie-Britannique,Toutes les personnes,59,18.6
2016,Colombie-Britannique,Toutes les personnes,59,16.0
2017,Colombie-Britannique,Toutes les personnes,59,14.6
2018,Colombie-Britannique,Toutes les personnes,59,13.3
2019,Colombie-Britannique,Toutes les personnes,59,11.9
2020,Colombie-Britannique,Toutes les personnes,59,7.6
2021,Colombie-Britannique,Toutes les personnes,59,8.8
2022,Colombie-Britannique,Toutes les personnes,59,11.6
2015,Colombie-Britannique,Femmes,59,18.7
2016,Colombie-Britannique,Femmes,59,15.9
2017,Colombie-Britannique,Femmes,59,14.8
2018,Colombie-Britannique,Femmes,59,13.2
2019,Colombie-Britannique,Femmes,59,12.6
2020,Colombie-Britannique,Femmes,59,7.6
2021,Colombie-Britannique,Femmes,59,9.7
2022,Colombie-Britannique,Femmes,59,11.7
2015,Colombie-Britannique,"Femmes, 18 à 64 ans",59,20.4
2016,Colombie-Britannique,"Femmes, 18 à 64 ans",59,17.1
2017,Colombie-Britannique,"Femmes, 18 à 64 ans",59,16.8
2018,Colombie-Britannique,"Femmes, 18 à 64 ans",59,15.2
2019,Colombie-Britannique,"Femmes, 18 à 64 ans",59,15.5
2020,Colombie-Britannique,"Femmes, 18 à 64 ans",59,9.3
2021,Colombie-Britannique,"Femmes, 18 à 64 ans",59,10.9
2022,Colombie-Britannique,"Femmes, 18 à 64 ans",59,12.9
2015,Colombie-Britannique,"Femmes, 65 ans et plus",59,12.0
2016,Colombie-Britannique,"Femmes, 65 ans et plus",59,10.3
2017,Colombie-Britannique,"Femmes, 65 ans et plus",59,10.1
2018,Colombie-Britannique,"Femmes, 65 ans et plus",59,9.2
2019,Colombie-Britannique,"Femmes, 65 ans et plus",59,7.1
2020,Colombie-Britannique,"Femmes, 65 ans et plus",59,4.5
2021,Colombie-Britannique,"Femmes, 65 ans et plus",59,7.8
2022,Colombie-Britannique,"Femmes, 65 ans et plus",59,8.8
2015,Colombie-Britannique,"Femmes, moins de 18 ans",59,18.8
2016,Colombie-Britannique,"Femmes, moins de 18 ans",59,17.3
2017,Colombie-Britannique,"Femmes, moins de 18 ans",59,12.0
2018,Colombie-Britannique,"Femmes, moins de 18 ans",59,9.6
2019,Colombie-Britannique,"Femmes, moins de 18 ans",59,7.6
2020,Colombie-Britannique,"Femmes, moins de 18 ans",59,4.6
2021,Colombie-Britannique,"Femmes, moins de 18 ans",59,7.5
2022,Colombie-Britannique,"Femmes, moins de 18 ans",59,11.0
2015,Colombie-Britannique,Hommes,59,18.5
2016,Colombie-Britannique,Hommes,59,16.1
2017,Colombie-Britannique,Hommes,59,14.5
2018,Colombie-Britannique,Hommes,59,13.4
2019,Colombie-Britannique,Hommes,59,11.3
2020,Colombie-Britannique,Hommes,59,7.6
2021,Colombie-Britannique,Hommes,59,7.7
2022,Colombie-Britannique,Hommes,59,11.4
2015,Colombie-Britannique,"Hommes, 18 à 64 ans",59,21.2
2016,Colombie-Britannique,"Hommes, 18 à 64 ans",59,17.8
2017,Colombie-Britannique,"Hommes, 18 à 64 ans",59,15.8
2018,Colombie-Britannique,"Hommes, 18 à 64 ans",59,15.2
2019,Colombie-Britannique,"Hommes, 18 à 64 ans",59,14.0
2020,Colombie-Britannique,"Hommes, 18 à 64 ans",59,9.6
2021,Colombie-Britannique,"Hommes, 18 à 64 ans",59,8.1
2022,Colombie-Britannique,"Hommes, 18 à 64 ans",59,12.3
2015,Colombie-Britannique,"Hommes, 65 ans et plus",59,11.3
2016,Colombie-Britannique,"Hommes, 65 ans et plus",59,7.9
2017,Colombie-Britannique,"Hommes, 65 ans et plus",59,9.1
2018,Colombie-Britannique,"Hommes, 65 ans et plus",59,7.7
2019,Colombie-Britannique,"Hommes, 65 ans et plus",59,5.7
2020,Colombie-Britannique,"Hommes, 65 ans et plus",59,2.9
2021,Colombie-Britannique,"Hommes, 65 ans et plus",59,6.1
2022,Colombie-Britannique,"Hommes, 65 ans et plus",59,8.5
2015,Colombie-Britannique,"Hommes, moins de 18 ans",59,14.9
2016,Colombie-Britannique,"Hommes, moins de 18 ans",59,17.5
2017,Colombie-Britannique,"Hommes, moins de 18 ans",59,14.8
2018,Colombie-Britannique,"Hommes, moins de 18 ans",59,12.6
2019,Colombie-Britannique,"Hommes, moins de 18 ans",59,7.0
2020,Colombie-Britannique,"Hommes, moins de 18 ans",59,5.4
2021,Colombie-Britannique,"Hommes, moins de 18 ans",59,8.3
2022,Colombie-Britannique,"Hommes, moins de 18 ans",59,11.0
2015,Colombie-Britannique,Personnes de 18 à 64 ans,59,20.8
2016,Colombie-Britannique,Personnes de 18 à 64 ans,59,17.4
2017,Colombie-Britannique,Personnes de 18 à 64 ans,59,16.3
2018,Colombie-Britannique,Personnes de 18 à 64 ans,59,15.2
2019,Colombie-Britannique,Personnes de 18 à 64 ans,59,14.8
2020,Colombie-Britannique,Personnes de 18 à 64 ans,59,9.5
2021,Colombie-Britannique,Personnes de 18 à 64 ans,59,9.5
2022,Colombie-Britannique,Personnes de 18 à 64 ans,59,12.6
2015,Colombie-Britannique,Personnes de 65 ans et plus,59,11.7
2016,Colombie-Britannique,Personnes de 65 ans et plus,59,9.1
2017,Colombie-Britannique,Personnes de 65 ans et plus,59,9.7
2018,Colombie-Britannique,Personnes de 65 ans et plus,59,8.5
2019,Colombie-Britannique,Personnes de 65 ans et plus,59,6.4
2020,Colombie-Britannique,Personnes de 65 ans et plus,59,3.7
2021,Colombie-Britannique,Personnes de 65 ans et plus,59,7.0
2022,Colombie-Britannique,Personnes de 65 ans et plus,59,8.7
2015,Colombie-Britannique,Personnes de moins de 18 ans,59,16.8
2016,Colombie-Britannique,Personnes de moins de 18 ans,59,17.4
2017,Colombie-Britannique,Personnes de moins de 18 ans,59,13.4
2018,Colombie-Britannique,Personnes de moins de 18 ans,59,11.1
2019,Colombie-Britannique,Personnes de moins de 18 ans,59,7.3
2020,Colombie-Britannique,Personnes de moins de 18 ans,59,5.0
2021,Colombie-Britannique,Personnes de moins de 18 ans,59,7.9
2022,Colombie-Britannique,Personnes de moins de 18 ans,59,11.0
2015,"Calgary, Alberta",Toutes les personnes,,11.5
2016,"Calgary, Alberta",Toutes les personnes,,11.1
2017,"Calgary, Alberta",Toutes les personnes,,8.0
2018,"Calgary, Alberta",Toutes les personnes,,11.3
2019,"Calgary, Alberta",Toutes les personnes,,5.2
2020,"Calgary, Alberta",Toutes les personnes,,6.8
2021,"Calgary, Alberta",Toutes les personnes,,8.0
2022,"Calgary, Alberta",Toutes les personnes,,10.2
2015,"Calgary, Alberta",Femmes,,11.9
2016,"Calgary, Alberta",Femmes,,11.9
2017,"Calgary, Alberta",Femmes,,7.9
2018,"Calgary, Alberta",Femmes,,10.5
2019,"Calgary, Alberta",Femmes,,5.5
2020,"Calgary, Alberta",Femmes,,6.7
2021,"Calgary, Alberta",Femmes,,8.3
2022,"Calgary, Alberta",Femmes,,10.4
2015,"Calgary, Alberta","Femmes, 18 à 64 ans",,11.1
2016,"Calgary, Alberta","Femmes, 18 à 64 ans",,13.1
2017,"Calgary, Alberta","Femmes, 18 à 64 ans",,8.5
2018,"Calgary, Alberta","Femmes, 18 à 64 ans",,11.9
2019,"Calgary, Alberta","Femmes, 18 à 64 ans",,6.3
2020,"Calgary, Alberta","Femmes, 18 à 64 ans",,7.8
2021,"Calgary, Alberta","Femmes, 18 à 64 ans",,8.4
2022,"Calgary, Alberta","Femmes, 18 à 64 ans",,10.3
2021,"Calgary, Alberta","Femmes, 65 ans et plus",,9.1
2022,"Calgary, Alberta","Femmes, 65 ans et plus",,6.2
2015,"Calgary, Alberta","Femmes, moins de 18 ans",,19.0
2016,"Calgary, Alberta","Femmes, moins de 18 ans",,12.8
2017,"Calgary, Alberta","Femmes, moins de 18 ans",,9.4
2021,"Calgary, Alberta","Femmes, moins de 18 ans",,7.6
2022,"Calgary, Alberta","Femmes, moins de 18 ans",,13.5
2015,"Calgary, Alberta",Hommes,,11.2
2016,"Calgary, Alberta",Hommes,,10.3
2017,"Calgary, Alberta",Hommes,,8.1
2018,"Calgary, Alberta",Hommes,,12.1
2019,"Calgary, Alberta",Hommes,,5.0
2020,"Calgary, Alberta",Hommes,,6.9
2021,"Calgary, Alberta",Hommes,,7.7
2022,"Calgary, Alberta",Hommes,,9.9
2015,"Calgary, Alberta","Hommes, 18 à 64 ans",,11.9
2016,"Calgary, Alberta","Hommes, 18 à 64 ans",,10.8
2017,"Calgary, Alberta","Hommes, 18 à 64 ans",,9.5
2018,"Calgary, Alberta","Hommes, 18 à 64 ans",,13.3
2019,"Calgary, Alberta","Hommes, 18 à 64 ans",,5.5
2020,"Calgary, Alberta","Hommes, 18 à 64 ans",,7.9
2021,"Calgary, Alberta","Hommes, 18 à 64 ans",,7.3
2022,"Calgary, Alberta","Hommes, 18 à 64 ans",,10.8
2022,"Calgary, Alberta","Hommes, 65 ans et plus",,5.1
2016,"Calgary, Alberta","Hommes, moins de 18 ans",,10.8
2017,"Calgary, Alberta","Hommes, moins de 18 ans",,6.2
2018,"Calgary, Alberta","Hommes, moins de 18 ans",,13.6
2021,"Calgary, Alberta","Hommes, moins de 18 ans",,9.9
2022,"Calgary, Alberta","Hommes, moins de 18 ans",,9.8
2015,"Calgary, Alberta",Personnes de 18 à 64 ans,,11.5
2016,"Calgary, Alberta",Personnes de 18 à 64 ans,,12.0
2017,"Calgary, Alberta",Personnes de 18 à 64 ans,,9.0
2018,"Calgary, Alberta",Personnes de 18 à 64 ans,,12.6
2019,"Calgary, Alberta",Personnes de 18 à 64 ans,,5.9
2020,"Calgary, Alberta",Personnes de 18 à 64 ans,,7.8
2021,"Calgary, Alberta",Personnes de 18 à 64 ans,,7.8
2022,"Calgary, Alberta",Personnes de 18 à 64 ans,,10.6
2021,"Calgary, Alberta",Personnes de 65 ans et plus,,7.7
2022,"Calgary, Alberta",Personnes de 65 ans et plus,,5.7
2015,"Calgary, Alberta",Personnes de moins de 18 ans,,15.4
2016,"Calgary, Alberta",Personnes de moins de 18 ans,,11.7
2017,"Calgary, Alberta",Personnes de moins de 18 ans,,8.0
2018,"Calgary, Alberta",Personnes de moins de 18 ans,,11.8
2021,"Calgary, Alberta",Personnes de moins de 18 ans,,8.7
2022,"Calgary, Alberta",Personnes de moins de 18 ans,,11.6
2015,Canada,Femmes,,14.8
2016,Canada,Femmes,,13.4
2017,Canada,Femmes,,12.1
2018,Canada,Femmes,,11.1
2019,Canada,Femmes,,10.7
2020,Canada,Femmes,,6.4
2021,Canada,Femmes,,7.7
2022,Canada,Femmes,,10.0
2015,Canada,"Femmes, 18 à 64 ans",,16.0
2016,Canada,"Femmes, 18 à 64 ans",,14.5
2017,Canada,"Femmes, 18 à 64 ans",,13.7
2018,Canada,"Femmes, 18 à 64 ans",,12.7
2019,Canada,"Femmes, 18 à 64 ans",,12.3
2020,Canada,"Femmes, 18 à 64 ans",,7.8
2021,Canada,"Femmes, 18 à 64 ans",,8.5
2022,Canada,"Femmes, 18 à 64 ans",,11.2
2015,Canada,"Femmes, 65 ans et plus",,8.0
2016,Canada,"Femmes, 65 ans et plus",,7.6
2017,Canada,"Femmes, 65 ans et plus",,6.7
2018,Canada,"Femmes, 65 ans et plus",,6.6
2019,Canada,"Femmes, 65 ans et plus",,6.3
2020,Canada,"Femmes, 65 ans et plus",,3.5
2021,Canada,"Femmes, 65 ans et plus",,6.1
2022,Canada,"Femmes, 65 ans et plus",,6.3
2015,Canada,"Femmes, moins de 18 ans",,16.6
2016,Canada,"Femmes, moins de 18 ans",,14.9
2017,Canada,"Femmes, moins de 18 ans",,12.0
2018,Canada,"Femmes, moins de 18 ans",,9.9
2019,Canada,"Femmes, moins de 18 ans",,9.4
2020,Canada,"Femmes, moins de 18 ans",,4.7
2021,Canada,"Femmes, moins de 18 ans",,6.6
2022,Canada,"Femmes, moins de 18 ans",,9.9
2015,Canada,Hommes,,14.1
2016,Canada,Hommes,,12.4
2017,Canada,Hommes,,11.7
2018,Canada,Hommes,,11.3
2019,Canada,Hommes,,9.9
2020,Canada,Hommes,,6.3
2021,Canada,Hommes,,7.0
2022,Canada,Hommes,,9.9
2015,Canada,"Hommes, 18 à 64 ans",,15.4
2016,Canada,"Hommes, 18 à 64 ans",,13.6
2017,Canada,"Hommes, 18 à 64 ans",,13.2
2018,Canada,"Hommes, 18 à 64 ans",,12.8
2019,Canada,"Hommes, 18 à 64 ans",,11.3
2020,Canada,"Hommes, 18 à 64 ans",,7.8
2021,Canada,"Hommes, 18 à 64 ans",,7.9
2022,Canada,"Hommes, 18 à 64 ans",,11.0
2015,Canada,"Hommes, 65 ans et plus",,6.1
2016,Canada,"Hommes, 65 ans et plus",,6.4
2017,Canada,"Hommes, 65 ans et plus",,5.5
2018,Canada,"Hommes, 65 ans et plus",,5.3
2019,Canada,"Hommes, 65 ans et plus",,5.1
2020,Canada,"Hommes, 65 ans et plus",,2.7
2021,Canada,"Hommes, 65 ans et plus",,4.9
2022,Canada,"Hommes, 65 ans et plus",,5.6
2015,Canada,"Hommes, moins de 18 ans",,15.9
2016,Canada,"Hommes, moins de 18 ans",,13.0
2017,Canada,"Hommes, moins de 18 ans",,11.5
2018,Canada,"Hommes, moins de 18 ans",,11.2
2019,Canada,"Hommes, moins de 18 ans",,9.4
2020,Canada,"Hommes, moins de 18 ans",,4.7
2021,Canada,"Hommes, moins de 18 ans",,6.1
2022,Canada,"Hommes, moins de 18 ans",,9.9
2015,Canada,Personnes de 18 à 64 ans,,15.7
2016,Canada,Personnes de 18 à 64 ans,,14.0
2017,Canada,Personnes de 18 à 64 ans,,13.4
2018,Canada,Personnes de 18 à 64 ans,,12.8
2019,Canada,Personnes de 18 à 64 ans,,11.8
2020,Canada,Personnes de 18 à 64 ans,,7.8
2021,Canada,Personnes de 18 à 64 ans,,8.2
2022,Canada,Personnes de 18 à 64 ans,,11.1
2015,Canada,Personnes de 65 ans et plus,,7.1
2016,Canada,Personnes de 65 ans et plus,,7.1
2017,Canada,Personnes de 65 ans et plus,,6.1
2018,Canada,Personnes de 65 ans et plus,,6.0
2019,Canada,Personnes de 65 ans et plus,,5.7
2020,Canada,Personnes de 65 ans et plus,,3.1
2021,Canada,Personnes de 65 ans et plus,,5.6
2022,Canada,Personnes de 65 ans et plus,,6.0
2015,Canada,Personnes de moins de 18 ans,,16.3
2016,Canada,Personnes de moins de 18 ans,,13.9
2017,Canada,Personnes de moins de 18 ans,,11.7
2018,Canada,Personnes de moins de 18 ans,,10.6
2019,Canada,Personnes de moins de 18 ans,,9.4
2020,Canada,Personnes de moins de 18 ans,,4.7
2021,Canada,Personnes de moins de 18 ans,,6.4
2022,Canada,Personnes de moins de 18 ans,,9.9
2015,"Edmonton, Alberta",Toutes les personnes,,7.6
2016,"Edmonton, Alberta",Toutes les personnes,,8.5
2017,"Edmonton, Alberta",Toutes les personnes,,9.7
2018,"Edmonton, Alberta",Toutes les personnes,,7.2
2019,"Edmonton, Alberta",Toutes les personnes,,9.8
2020,"Edmonton, Alberta",Toutes les personnes,,5.2
2021,"Edmonton, Alberta",Toutes les personnes,,7.1
2022,"Edmonton, Alberta",Toutes les personnes,,10.0
2015,"Edmonton, Alberta",Femmes,,7.9
2016,"Edmonton, Alberta",Femmes,,8.4
2017,"Edmonton, Alberta",Femmes,,11.2
2018,"Edmonton, Alberta",Femmes,,8.0
2019,"Edmonton, Alberta",Femmes,,10.0
2020,"Edmonton, Alberta",Femmes,,5.0
2021,"Edmonton, Alberta",Femmes,,7.1
2022,"Edmonton, Alberta",Femmes,,10.5
2015,"Edmonton, Alberta","Femmes, 18 à 64 ans",,7.0
2016,"Edmonton, Alberta","Femmes, 18 à 64 ans",,9.7
2017,"Edmonton, Alberta","Femmes, 18 à 64 ans",,13.1
2018,"Edmonton, Alberta","Femmes, 18 à 64 ans",,9.4
2019,"Edmonton, Alberta","Femmes, 18 à 64 ans",,11.4
2020,"Edmonton, Alberta","Femmes, 18 à 64 ans",,5.8
2021,"Edmonton, Alberta","Femmes, 18 à 64 ans",,7.1
2022,"Edmonton, Alberta","Femmes, 18 à 64 ans",,10.8
2021,"Edmonton, Alberta","Femmes, 65 ans et plus",,5.5
2022,"Edmonton, Alberta","Femmes, 65 ans et plus",,5.7
2018,"Edmonton, Alberta","Femmes, moins de 18 ans",,6.6
2022,"Edmonton, Alberta","Femmes, moins de 18 ans",,13.1
2015,"Edmonton, Alberta",Hommes,,7.4
2016,"Edmonton, Alberta",Hommes,,8.6
2017,"Edmonton, Alberta",Hommes,,8.2
2018,"Edmonton, Alberta",Hommes,,6.5
2019,"Edmonton, Alberta",Hommes,,9.5
2020,"Edmonton, Alberta",Hommes,,5.3
2021,"Edmonton, Alberta",Hommes,,7.1
2022,"Edmonton, Alberta",Hommes,,9.6
2015,"Edmonton, Alberta","Hommes, 18 à 64 ans",,8.2
2016,"Edmonton, Alberta","Hommes, 18 à 64 ans",,9.6
2017,"Edmonton, Alberta","Hommes, 18 à 64 ans",,9.0
2018,"Edmonton, Alberta","Hommes, 18 à 64 ans",,7.2
2019,"Edmonton, Alberta","Hommes, 18 à 64 ans",,10.3
2020,"Edmonton, Alberta","Hommes, 18 à 64 ans",,6.3
2021,"Edmonton, Alberta","Hommes, 18 à 64 ans",,7.9
2022,"Edmonton, Alberta","Hommes, 18 à 64 ans",,10.1
2022,"Edmonton, Alberta","Hommes, 65 ans et plus",,6.1
2018,"Edmonton, Alberta","Hommes, moins de 18 ans",,6.3
2019,"Edmonton, Alberta","Hommes, moins de 18 ans",,9.8
2022,"Edmonton, Alberta","Hommes, moins de 18 ans",,10.5
2015,"Edmonton, Alberta",Personnes de 18 à 64 ans,,7.6
2016,"Edmonton, Alberta",Personnes de 18 à 64 ans,,9.7
2017,"Edmonton, Alberta",Personnes de 18 à 64 ans,,11.1
2018,"Edmonton, Alberta",Personnes de 18 à 64 ans,,8.3
2019,"Edmonton, Alberta",Personnes de 18 à 64 ans,,10.8
2020,"Edmonton, Alberta",Personnes de 18 à 64 ans,,6.0
2021,"Edmonton, Alberta",Personnes de 18 à 64 ans,,7.5
2022,"Edmonton, Alberta",Personnes de 18 à 64 ans,,10.4
2017,"Edmonton, Alberta",Personnes de 65 ans et plus,,4.4
2020,"Edmonton, Alberta",Personnes de 65 ans et plus,,4.1
2021,"Edmonton, Alberta",Personnes de 65 ans et plus,,5.2
2022,"Edmonton, Alberta",Personnes de 65 ans et plus,,5.9
2015,"Edmonton, Alberta",Personnes de moins de 18 ans,,10.2
2016,"Edmonton, Alberta",Personnes de moins de 18 ans,,8.0
2017,"Edmonton, Alberta",Personnes de moins de 18 ans,,8.3
2018,"Edmonton, Alberta",Personnes de moins de 18 ans,,6.5
2020,"Edmonton, Alberta",Personnes de moins de 18 ans,,3.2
2022,"Edmonton, Alberta",Personnes de moins de 18 ans,,11.8
2015,Manitoba,Toutes les personnes,46,14.1
2016,Manitoba,Toutes les personnes,46,12.4
2017,Manitoba,Toutes les personnes,46,11.2
2018,Manitoba,Toutes les personnes,46,11.1
2019,Manitoba,Toutes les personnes,46,11.5
2020,Manitoba,Toutes les personnes,46,6.8
2021,Manitoba,Toutes les personnes,46,8.8
2022,Manitoba,Toutes les personnes,46,11.5
2015,Manitoba,Femmes,46,13.7
2016,Manitoba,Femmes,46,12.2
2017,Manitoba,Femmes,46,11.5
2018,Manitoba,Femmes,46,11.1
2019,Manitoba,Femmes,46,11.0
2020,Manitoba,Femmes,46,6.5
2021,Manitoba,Femmes,46,9.1
2022,Manitoba,Femmes,46,11.8
2015,Manitoba,"Femmes, 18 à 64 ans",46,14.5
2016,Manitoba,"Femmes, 18 à 64 ans",46,13.3
2017,Manitoba,"Femmes, 18 à 64 ans",46,12.2
2018,Manitoba,"Femmes, 18 à 64 ans",46,11.8
2019,Manitoba,"Femmes, 18 à 64 ans",46,12.0
2020,Manitoba,"Femmes, 18 à 64 ans",46,7.9
2021,Manitoba,"Femmes, 18 à 64 ans",46,9.2
2022,Manitoba,"Femmes, 18 à 64 ans",46,12.7
2015,Manitoba,"Femmes, 65 ans et plus",46,7.6
2016,Manitoba,"Femmes, 65 ans et plus",46,5.7
2017,Manitoba,"Femmes, 65 ans et plus",46,6.0
2018,Manitoba,"Femmes, 65 ans et plus",46,6.8
2019,Manitoba,"Femmes, 65 ans et plus",46,5.9
2020,Manitoba,"Femmes, 65 ans et plus",46,3.0
2021,Manitoba,"Femmes, 65 ans et plus",46,7.0
2022,Manitoba,"Femmes, 65 ans et plus",46,7.1
2015,Manitoba,"Femmes, moins de 18 ans",46,15.7
2016,Manitoba,"Femmes, moins de 18 ans",46,14.2
2017,Manitoba,"Femmes, moins de 18 ans",46,13.9
2018,Manitoba,"Femmes, moins de 18 ans",46,12.3
2019,Manitoba,"Femmes, moins de 18 ans",46,12.0
2020,Manitoba,"Femmes, moins de 18 ans",46,5.2
2021,Manitoba,"Femmes, moins de 18 ans",46,10.2
2022,Manitoba,"Femmes, moins de 18 ans",46,13.2
2015,Manitoba,Hommes,46,14.5
2016,Manitoba,Hommes,46,12.5
2017,Manitoba,Hommes,46,10.9
2018,Manitoba,Hommes,46,11.2
2019,Manitoba,Hommes,46,12.0
2020,Manitoba,Hommes,46,7.0
2021,Manitoba,Hommes,46,8.6
2022,Manitoba,Hommes,46,11.2
2015,Manitoba,"Hommes, 18 à 64 ans",46,13.8
2016,Manitoba,"Hommes, 18 à 64 ans",46,12.9
2017,Manitoba,"Hommes, 18 à 64 ans",46,12.1
2018,Manitoba,"Hommes, 18 à 64 ans",46,11.6
2019,Manitoba,"Hommes, 18 à 64 ans",46,12.5
2020,Manitoba,"Hommes, 18 à 64 ans",46,8.5
2021,Manitoba,"Hommes, 18 à 64 ans",46,9.7
2022,Manitoba,"Hommes, 18 à 64 ans",46,11.9
2015,Manitoba,"Hommes, 65 ans et plus",46,3.8
2016,Manitoba,"Hommes, 65 ans et plus",46,3.9
2017,Manitoba,"Hommes, 65 ans et plus",46,4.7
2018,Manitoba,"Hommes, 65 ans et plus",46,5.2
2019,Manitoba,"Hommes, 65 ans et plus",46,5.3
2020,Manitoba,"Hommes, 65 ans et plus",46,1.4
2021,Manitoba,"Hommes, 65 ans et plus",46,4.4
2022,Manitoba,"Hommes, 65 ans et plus",46,5.4
2015,Manitoba,"Hommes, moins de 18 ans",46,22.8
2016,Manitoba,"Hommes, moins de 18 ans",46,16.7
2017,Manitoba,"Hommes, moins de 18 ans",46,11.7
2018,Manitoba,"Hommes, moins de 18 ans",46,13.8
2019,Manitoba,"Hommes, moins de 18 ans",46,14.8
2020,Manitoba,"Hommes, moins de 18 ans",46,6.8
2021,Manitoba,"Hommes, moins de 18 ans",46,8.8
2022,Manitoba,"Hommes, moins de 18 ans",46,13.3
2015,Manitoba,Personnes de 18 à 64 ans,46,14.2
2016,Manitoba,Personnes de 18 à 64 ans,46,13.1
2017,Manitoba,Personnes de 18 à 64 ans,46,12.1
2018,Manitoba,Personnes de 18 à 64 ans,46,11.7
2019,Manitoba,Personnes de 18 à 64 ans,46,12.2
2020,Manitoba,Personnes de 18 à 64 ans,46,8.2
2021,Manitoba,Personnes de 18 à 64 ans,46,9.5
2022,Manitoba,Personnes de 18 à 64 ans,46,12.3
2015,Manitoba,Personnes de 65 ans et plus,46,5.9
2016,Manitoba,Personnes de 65 ans et plus,46,4.9
2017,Manitoba,Personnes de 65 ans et plus,46,5.4
2018,Manitoba,Personnes de 65 ans et plus,46,6.1
2019,Manitoba,Personnes de 65 ans et plus,46,5.6
2020,Manitoba,Personnes de 65 ans et plus,46,2.3
2021,Manitoba,Personnes de 65 ans et plus,46,5.8
2022,Manitoba,Personnes de 65 ans et plus,46,6.3
2015,Manitoba,Personnes de moins de 18 ans,46,19.3
2016,Manitoba,Personnes de moins de 18 ans,46,15.5
2017,Manitoba,Personnes de moins de 18 ans,46,12.8
2018,Manitoba,Personnes de moins de 18 ans,46,13.1
2019,Manitoba,Personnes de moins de 18 ans,46,13.5
2020,Manitoba,Personnes de moins de 18 ans,46,6.0
2021,Manitoba,Personnes de moins de 18 ans,46,9.5
2022,Manitoba,Personnes de moins de 18 ans,46,13.3
2015,"Montréal, Québec",Toutes les personnes,,17.2
2016,"Montréal, Québec",Toutes les personnes,,13.2
2017,"Montréal, Québec",Toutes les personnes,,14.1
2018,"Montréal, Québec",Toutes les personnes,,11.3
2019,"Montréal, Québec",Toutes les personnes,,10.4
2020,"Montréal, Québec",Toutes les personnes,,5.4
2021,"Montréal, Québec",Toutes les personnes,,5.7
2022,"Montréal, Québec",Toutes les personnes,,7.4
2015,"Montréal, Québec",Femmes,,17.6
2016,"Montréal, Québec",Femmes,,12.9
2017,"Montréal, Québec",Femmes,,14.0
2018,"Montréal, Québec",Femmes,,11.7
2019,"Montréal, Québec",Femmes,,9.8
2020,"Montréal, Québec",Femmes,,6.0
2021,"Montréal, Québec",Femmes,,6.2
2022,"Montréal, Québec",Femmes,,6.7
2015,"Montréal, Québec","Femmes, 18 à 64 ans",,19.7
2016,"Montréal, Québec","Femmes, 18 à 64 ans",,13.3
2017,"Montréal, Québec","Femmes, 18 à 64 ans",,14.6
2018,"Montréal, Québec","Femmes, 18 à 64 ans",,13.6
2019,"Montréal, Québec","Femmes, 18 à 64 ans",,11.8
2020,"Montréal, Québec","Femmes, 18 à 64 ans",,7.5
2021,"Montréal, Québec","Femmes, 18 à 64 ans",,6.4
2022,"Montréal, Québec","Femmes, 18 à 64 ans",,8.2
2015,"Montréal, Québec","Femmes, 65 ans et plus",,7.8
2016,"Montréal, Québec","Femmes, 65 ans et plus",,9.5
2017,"Montréal, Québec","Femmes, 65 ans et plus",,10.2
2018,"Montréal, Québec","Femmes, 65 ans et plus",,8.0
2019,"Montréal, Québec","Femmes, 65 ans et plus",,7.2
2020,"Montréal, Québec","Femmes, 65 ans et plus",,3.3
2021,"Montréal, Québec","Femmes, 65 ans et plus",,7.4
2022,"Montréal, Québec","Femmes, 65 ans et plus",,3.3
2015,"Montréal, Québec","Femmes, moins de 18 ans",,18.4
2016,"Montréal, Québec","Femmes, moins de 18 ans",,14.7
2017,"Montréal, Québec","Femmes, moins de 18 ans",,15.2
2018,"Montréal, Québec","Femmes, moins de 18 ans",,8.9
2019,"Montréal, Québec","Femmes, moins de 18 ans",,5.8
2021,"Montréal, Québec","Femmes, moins de 18 ans",,4.4
2022,"Montréal, Québec","Femmes, moins de 18 ans",,5.3
2015,"Montréal, Québec",Hommes,,16.8
2016,"Montréal, Québec",Hommes,,13.5
2017,"Montréal, Québec",Hommes,,14.2
2018,"Montréal, Québec",Hommes,,11.0
2019,"Montréal, Québec",Hommes,,11.0
2020,"Montréal, Québec",Hommes,,4.9
2021,"Montréal, Québec",Hommes,,5.1
2022,"Montréal, Québec",Hommes,,8.2
2015,"Montréal, Québec","Hommes, 18 à 64 ans",,18.1
2016,"Montréal, Québec","Hommes, 18 à 64 ans",,14.5
2017,"Montréal, Québec","Hommes, 18 à 64 ans",,15.4
2018,"Montréal, Québec","Hommes, 18 à 64 ans",,12.7
2019,"Montréal, Québec","Hommes, 18 à 64 ans",,12.7
2020,"Montréal, Québec","Hommes, 18 à 64 ans",,6.2
2021,"Montréal, Québec","Hommes, 18 à 64 ans",,5.9
2022,"Montréal, Québec","Hommes, 18 à 64 ans",,10.0
2016,"Montréal, Québec","Hommes, 65 ans et plus",,10.0
2017,"Montréal, Québec","Hommes, 65 ans et plus",,8.2
2018,"Montréal, Québec","Hommes, 65 ans et plus",,5.8
2021,"Montréal, Québec","Hommes, 65 ans et plus",,4.7
2022,"Montréal, Québec","Hommes, 65 ans et plus",,4.5
2015,"Montréal, Québec","Hommes, moins de 18 ans",,20.4
2016,"Montréal, Québec","Hommes, moins de 18 ans",,12.6
2017,"Montréal, Québec","Hommes, moins de 18 ans",,14.3
2018,"Montréal, Québec","Hommes, moins de 18 ans",,9.1
2019,"Montréal, Québec","Hommes, moins de 18 ans",,8.8
2022,"Montréal, Québec","Hommes, moins de 18 ans",,5.4
2015,"Montréal, Québec",Personnes de 18 à 64 ans,,18.9
2016,"Montréal, Québec",Personnes de 18 à 64 ans,,13.9
2017,"Montréal, Québec",Personnes de 18 à 64 ans,,15.0
2018,"Montréal, Québec",Personnes de 18 à 64 ans,,13.2
2019,"Montréal, Québec",Personnes de 18 à 64 ans,,12.3
2020,"Montréal, Québec",Personnes de 18 à 64 ans,,6.8
2021,"Montréal, Québec",Personnes de 18 à 64 ans,,6.1
2022,"Montréal, Québec",Personnes de 18 à 64 ans,,9.1
2015,"Montréal, Québec",Personnes de 65 ans et plus,,7.2
2016,"Montréal, Québec",Personnes de 65 ans et plus,,9.7
2017,"Montréal, Québec",Personnes de 65 ans et plus,,9.3
2018,"Montréal, Québec",Personnes de 65 ans et plus,,7.0
2019,"Montréal, Québec",Personnes de 65 ans et plus,,6.8
2020,"Montréal, Québec",Personnes de 65 ans et plus,,2.9
2021,"Montréal, Québec",Personnes de 65 ans et plus,,6.1
2022,"Montréal, Québec",Personnes de 65 ans et plus,,3.8
2015,"Montréal, Québec",Personnes de moins de 18 ans,,19.3
2016,"Montréal, Québec",Personnes de moins de 18 ans,,13.6
2017,"Montréal, Québec",Personnes de moins de 18 ans,,14.7
2018,"Montréal, Québec",Personnes de moins de 18 ans,,9.0
2019,"Montréal, Québec",Personnes de moins de 18 ans,,7.4
2021,"Montréal, Québec",Personnes de moins de 18 ans,,3.8
2022,"Montréal, Québec",Personnes de moins de 18 ans,,5.3
2015,Nouveau-Brunswick,Toutes les personnes,13,16.2
2016,Nouveau-Brunswick,Toutes les personnes,13,13.9
2017,Nouveau-Brunswick,Toutes les personnes,13,12.6
2018,Nouveau-Brunswick,Toutes les personnes,13,10.8
2019,Nouveau-Brunswick,Toutes les personnes,13,9.9
2020,Nouveau-Brunswick,Toutes les personnes,13,7.6
2021,Nouveau-Brunswick,Toutes les personnes,13,6.7
2022,Nouveau-Brunswick,Toutes les personnes,13,10.9
2015,Nouveau-Brunswick,Femmes,13,16.4
2016,Nouveau-Brunswick,Femmes,13,15.2
2017,Nouveau-Brunswick,Femmes,13,13.5
2018,Nouveau-Brunswick,Femmes,13,11.1
2019,Nouveau-Brunswick,Femmes,13,11.6
2020,Nouveau-Brunswick,Femmes,13,8.0
2021,Nouveau-Brunswick,Femmes,13,7.6
2022,Nouveau-Brunswick,Femmes,13,11.3
2015,Nouveau-Brunswick,"Femmes, 18 à 64 ans",13,16.8
2016,Nouveau-Brunswick,"Femmes, 18 à 64 ans",13,16.1
2017,Nouveau-Brunswick,"Femmes, 18 à 64 ans",13,14.7
2018,Nouveau-Brunswick,"Femmes, 18 à 64 ans",13,12.3
2019,Nouveau-Brunswick,"Femmes, 18 à 64 ans",13,11.5
2020,Nouveau-Brunswick,"Femmes, 18 à 64 ans",13,9.1
2021,Nouveau-Brunswick,"Femmes, 18 à 64 ans",13,7.6
2022,Nouveau-Brunswick,"Femmes, 18 à 64 ans",13,11.9
2015,Nouveau-Brunswick,"Femmes, 65 ans et plus",13,13.3
2016,Nouveau-Brunswick,"Femmes, 65 ans et plus",13,12.3
2017,Nouveau-Brunswick,"Femmes, 65 ans et plus",13,7.7
2018,Nouveau-Brunswick,"Femmes, 65 ans et plus",13,6.6
2019,Nouveau-Brunswick,"Femmes, 65 ans et plus",13,8.5
2020,Nouveau-Brunswick,"Femmes, 65 ans et plus",13,6.3
2021,Nouveau-Brunswick,"Femmes, 65 ans et plus",13,7.1
2022,Nouveau-Brunswick,"Femmes, 65 ans et plus",13,10.1
2015,Nouveau-Brunswick,"Femmes, moins de 18 ans",13,18.3
2016,Nouveau-Brunswick,"Femmes, moins de 18 ans",13,15.7
2017,Nouveau-Brunswick,"Femmes, moins de 18 ans",13,16.2
2018,Nouveau-Brunswick,"Femmes, moins de 18 ans",13,12.4
2019,Nouveau-Brunswick,"Femmes, moins de 18 ans",13,15.9
2020,Nouveau-Brunswick,"Femmes, moins de 18 ans",13,6.3
2021,Nouveau-Brunswick,"Femmes, moins de 18 ans",13,8.1
2022,Nouveau-Brunswick,"Femmes, moins de 18 ans",13,10.8
2015,Nouveau-Brunswick,Hommes,13,16.0
2016,Nouveau-Brunswick,Hommes,13,12.5
2017,Nouveau-Brunswick,Hommes,13,11.7
2018,Nouveau-Brunswick,Hommes,13,10.5
2019,Nouveau-Brunswick,Hommes,13,8.1
2020,Nouveau-Brunswick,Hommes,13,7.3
2021,Nouveau-Brunswick,Hommes,13,5.8
2022,Nouveau-Brunswick,Hommes,13,10.4
2015,Nouveau-Brunswick,"Hommes, 18 à 64 ans",13,16.4
2016,Nouveau-Brunswick,"Hommes, 18 à 64 ans",13,12.6
2017,Nouveau-Brunswick,"Hommes, 18 à 64 ans",13,12.8
2018,Nouveau-Brunswick,"Hommes, 18 à 64 ans",13,12.0
2019,Nouveau-Brunswick,"Hommes, 18 à 64 ans",13,9.5
2020,Nouveau-Brunswick,"Hommes, 18 à 64 ans",13,8.8
2021,Nouveau-Brunswick,"Hommes, 18 à 64 ans",13,6.4
2022,Nouveau-Brunswick,"Hommes, 18 à 64 ans",13,11.5
2015,Nouveau-Brunswick,"Hommes, 65 ans et plus",13,8.9
2016,Nouveau-Brunswick,"Hommes, 65 ans et plus",13,7.4
2017,Nouveau-Brunswick,"Hommes, 65 ans et plus",13,5.4
2018,Nouveau-Brunswick,"Hommes, 65 ans et plus",13,5.0
2019,Nouveau-Brunswick,"Hommes, 65 ans et plus",13,3.4
2020,Nouveau-Brunswick,"Hommes, 65 ans et plus",13,3.8
2021,Nouveau-Brunswick,"Hommes, 65 ans et plus",13,3.9
2022,Nouveau-Brunswick,"Hommes, 65 ans et plus",13,6.2
2015,Nouveau-Brunswick,"Hommes, moins de 18 ans",13,21.5
2016,Nouveau-Brunswick,"Hommes, moins de 18 ans",13,17.1
2017,Nouveau-Brunswick,"Hommes, moins de 18 ans",13,14.7
2018,Nouveau-Brunswick,"Hommes, moins de 18 ans",13,11.4
2019,Nouveau-Brunswick,"Hommes, moins de 18 ans",13,8.8
2020,Nouveau-Brunswick,"Hommes, moins de 18 ans",13,6.0
2021,Nouveau-Brunswick,"Hommes, moins de 18 ans",13,6.3
2022,Nouveau-Brunswick,"Hommes, moins de 18 ans",13,11.7
2015,Nouveau-Brunswick,Personnes de 18 à 64 ans,13,16.6
2016,Nouveau-Brunswick,Personnes de 18 à 64 ans,13,14.3
2017,Nouveau-Brunswick,Personnes de 18 à 64 ans,13,13.8
2018,Nouveau-Brunswick,Personnes de 18 à 64 ans,13,12.2
2019,Nouveau-Brunswick,Personnes de 18 à 64 ans,13,10.5
2020,Nouveau-Brunswick,Personnes de 18 à 64 ans,13,9.0
2021,Nouveau-Brunswick,Personnes de 18 à 64 ans,13,7.0
2022,Nouveau-Brunswick,Personnes de 18 à 64 ans,13,11.7
2015,Nouveau-Brunswick,Personnes de 65 ans et plus,13,11.2
2016,Nouveau-Brunswick,Personnes de 65 ans et plus,13,10.0
2017,Nouveau-Brunswick,Personnes de 65 ans et plus,13,6.6
2018,Nouveau-Brunswick,Personnes de 65 ans et plus,13,5.9
2019,Nouveau-Brunswick,Personnes de 65 ans et plus,13,6.1
2020,Nouveau-Brunswick,Personnes de 65 ans et plus,13,5.1
2021,Nouveau-Brunswick,Personnes de 65 ans et plus,13,5.6
2022,Nouveau-Brunswick,Personnes de 65 ans et plus,13,8.2
2015,Nouveau-Brunswick,Personnes de moins de 18 ans,13,19.9
2016,Nouveau-Brunswick,Personnes de moins de 18 ans,13,16.4
2017,Nouveau-Brunswick,Personnes de moins de 18 ans,13,15.5
2018,Nouveau-Brunswick,Personnes de moins de 18 ans,13,11.9
2019,Nouveau-Brunswick,Personnes de moins de 18 ans,13,12.4
2020,Nouveau-Brunswick,Personnes de moins de 18 ans,13,6.1
2021,Nouveau-Brunswick,Personnes de moins de 18 ans,13,7.2
2022,Nouveau-Brunswick,Personnes de moins de 18 ans,13,11.3
2015,Terre-Neuve-et-Labrador,Toutes les personnes,10,13.0
2016,Terre-Neuve-et-Labrador,Toutes les personnes,10,12.2
2017,Terre-Neuve-et-Labrador,Toutes les personnes,10,11.3
2018,Terre-Neuve-et-Labrador,Toutes les personnes,10,11.4
2019,Terre-Neuve-et-Labrador,Toutes les personnes,10,11.2
2020,Terre-Neuve-et-Labrador,Toutes les personnes,10,7.0
2021,Terre-Neuve-et-Labrador,Toutes les personnes,10,8.1
2022,Terre-Neuve-et-Labrador,Toutes les personnes,10,9.8
2015,Terre-Neuve-et-Labrador,Femmes,10,14.5
2016,Terre-Neuve-et-Labrador,Femmes,10,13.4
2017,Terre-Neuve-et-Labrador,Femmes,10,12.6
2018,Terre-Neuve-et-Labrador,Femmes,10,11.1
2019,Terre-Neuve-et-Labrador,Femmes,10,12.1
2020,Terre-Neuve-et-Labrador,Femmes,10,7.4
2021,Terre-Neuve-et-Labrador,Femmes,10,9.4
2022,Terre-Neuve-et-Labrador,Femmes,10,10.6
2015,Terre-Neuve-et-Labrador,"Femmes, 18 à 64 ans",10,15.2
2016,Terre-Neuve-et-Labrador,"Femmes, 18 à 64 ans",10,15.1
2017,Terre-Neuve-et-Labrador,"Femmes, 18 à 64 ans",10,14.2
2018,Terre-Neuve-et-Labrador,"Femmes, 18 à 64 ans",10,12.6
2019,Terre-Neuve-et-Labrador,"Femmes, 18 à 64 ans",10,13.0
2020,Terre-Neuve-et-Labrador,"Femmes, 18 à 64 ans",10,8.4
2021,Terre-Neuve-et-Labrador,"Femmes, 18 à 64 ans",10,10.4
2022,Terre-Neuve-et-Labrador,"Femmes, 18 à 64 ans",10,12.1
2015,Terre-Neuve-et-Labrador,"Femmes, 65 ans et plus",10,10.4
2016,Terre-Neuve-et-Labrador,"Femmes, 65 ans et plus",10,8.6
2017,Terre-Neuve-et-Labrador,"Femmes, 65 ans et plus",10,8.3
2018,Terre-Neuve-et-Labrador,"Femmes, 65 ans et plus",10,5.9
2019,Terre-Neuve-et-Labrador,"Femmes, 65 ans et plus",10,7.5
2020,Terre-Neuve-et-Labrador,"Femmes, 65 ans et plus",10,3.7
2021,Terre-Neuve-et-Labrador,"Femmes, 65 ans et plus",10,4.6
2022,Terre-Neuve-et-Labrador,"Femmes, 65 ans et plus",10,6.2
2015,Terre-Neuve-et-Labrador,"Femmes, moins de 18 ans",10,16.5
2016,Terre-Neuve-et-Labrador,"Femmes, moins de 18 ans",10,12.4
2017,Terre-Neuve-et-Labrador,"Femmes, moins de 18 ans",10,12.1
2018,Terre-Neuve-et-Labrador,"Femmes, moins de 18 ans",10,12.0
2019,Terre-Neuve-et-Labrador,"Femmes, moins de 18 ans",10,14.8
2020,Terre-Neuve-et-Labrador,"Femmes, moins de 18 ans",10,9.1
2021,Terre-Neuve-et-Labrador,"Femmes, moins de 18 ans",10,12.5
2022,Terre-Neuve-et-Labrador,"Femmes, moins de 18 ans",10,11.9
2015,Terre-Neuve-et-Labrador,Hommes,10,11.5
2016,Terre-Neuve-et-Labrador,Hommes,10,11.1
2017,Terre-Neuve-et-Labrador,Hommes,10,9.9
2018,Terre-Neuve-et-Labrador,Hommes,10,11.7
2019,Terre-Neuve-et-Labrador,Hommes,10,10.3
2020,Terre-Neuve-et-Labrador,Hommes,10,6.5
2021,Terre-Neuve-et-Labrador,Hommes,10,6.8
2022,Terre-Neuve-et-Labrador,Hommes,10,8.9
2015,Terre-Neuve-et-Labrador,"Hommes, 18 à 64 ans",10,12.1
2016,Terre-Neuve-et-Labrador,"Hommes, 18 à 64 ans",10,11.5
2017,Terre-Neuve-et-Labrador,"Hommes, 18 à 64 ans",10,11.0
2018,Terre-Neuve-et-Labrador,"Hommes, 18 à 64 ans",10,14.8
2019,Terre-Neuve-et-Labrador,"Hommes, 18 à 64 ans",10,10.8
2020,Terre-Neuve-et-Labrador,"Hommes, 18 à 64 ans",10,7.7
2021,Terre-Neuve-et-Labrador,"Hommes, 18 à 64 ans",10,7.3
2022,Terre-Neuve-et-Labrador,"Hommes, 18 à 64 ans",10,10.2
2015,Terre-Neuve-et-Labrador,"Hommes, 65 ans et plus",10,6.9
2016,Terre-Neuve-et-Labrador,"Hommes, 65 ans et plus",10,7.4
2017,Terre-Neuve-et-Labrador,"Hommes, 65 ans et plus",10,5.2
2018,Terre-Neuve-et-Labrador,"Hommes, 65 ans et plus",10,2.7
2019,Terre-Neuve-et-Labrador,"Hommes, 65 ans et plus",10,4.3
2020,Terre-Neuve-et-Labrador,"Hommes, 65 ans et plus",10,3.0
2021,Terre-Neuve-et-Labrador,"Hommes, 65 ans et plus",10,4.8
2022,Terre-Neuve-et-Labrador,"Hommes, 65 ans et plus",10,4.7
2015,Terre-Neuve-et-Labrador,"Hommes, moins de 18 ans",10,14.1
2016,Terre-Neuve-et-Labrador,"Hommes, moins de 18 ans",10,13.5
2017,Terre-Neuve-et-Labrador,"Hommes, moins de 18 ans",10,11.0
2018,Terre-Neuve-et-Labrador,"Hommes, moins de 18 ans",10,10.9
2019,Terre-Neuve-et-Labrador,"Hommes, moins de 18 ans",10,15.8
2021,Terre-Neuve-et-Labrador,"Hommes, moins de 18 ans",10,7.5
2022,Terre-Neuve-et-Labrador,"Hommes, moins de 18 ans",10,10.2
2015,Terre-Neuve-et-Labrador,Personnes de 18 à 64 ans,10,13.7
2016,Terre-Neuve-et-Labrador,Personnes de 18 à 64 ans,10,13.3
2017,Terre-Neuve-et-Labrador,Personnes de 18 à 64 ans,10,12.6
2018,Terre-Neuve-et-Labrador,Personnes de 18 à 64 ans,10,13.7
2019,Terre-Neuve-et-Labrador,Personnes de 18 à 64 ans,10,11.9
2020,Terre-Neuve-et-Labrador,Personnes de 18 à 64 ans,10,8.1
2021,Terre-Neuve-et-Labrador,Personnes de 18 à 64 ans,10,8.9
2022,Terre-Neuve-et-Labrador,Personnes de 18 à 64 ans,10,11.2
2015,Terre-Neuve-et-Labrador,Personnes de 65 ans et plus,10,8.8
2016,Terre-Neuve-et-Labrador,Personnes de 65 ans et plus,10,8.0
2017,Terre-Neuve-et-Labrador,Personnes de 65 ans et plus,10,6.9
2018,Terre-Neuve-et-Labrador,Personnes de 65 ans et plus,10,4.4
2019,Terre-Neuve-et-Labrador,Personnes de 65 ans et plus,10,6.0
2020,Terre-Neuve-et-Labrador,Personnes de 65 ans et plus,10,3.4
2021,Terre-Neuve-et-Labrador,Personnes de 65 ans et plus,10,4.7
2022,Terre-Neuve-et-Labrador,Personnes de 65 ans et plus,10,5.5
2015,Terre-Neuve-et-Labrador,Personnes de moins de 18 ans,10,15.2
2016,Terre-Neuve-et-Labrador,Personnes de moins de 18 ans,10,13.0
2017,Terre-Neuve-et-Labrador,Personnes de moins de 18 ans,10,11.5
2018,Terre-Neuve-et-Labrador,Personnes de moins de 18 ans,10,11.5
2019,Terre-Neuve-et-Labrador,Personnes de moins de 18 ans,10,15.3
2020,Terre-Neuve-et-Labrador,Personnes de moins de 18 ans,10,7.9
2021,Terre-Neuve-et-Labrador,Personnes de moins de 18 ans,10,9.9
2022,Terre-Neuve-et-Labrador,Personnes de moins de 18 ans,10,11.0
2018,Territoires du Nord-Ouest,Toutes les personnes,61,17.5
2019,Territoires du Nord-Ouest,Toutes les personnes,61,12.5
2015,Nouvelle-Écosse,Toutes les personnes,12,16.8
2016,Nouvelle-Écosse,Toutes les personnes,12,16.4
2017,Nouvelle-Écosse,Toutes les personnes,12,15.1
2018,Nouvelle-Écosse,Toutes les personnes,12,13.8
2019,Nouvelle-Écosse,Toutes les personnes,12,12.0
2020,Nouvelle-Écosse,Toutes les personnes,12,7.7
2021,Nouvelle-Écosse,Toutes les personnes,12,8.6
2022,Nouvelle-Écosse,Toutes les personnes,12,13.1
2015,Nouvelle-Écosse,Femmes,12,17.3
2016,Nouvelle-Écosse,Femmes,12,15.6
2017,Nouvelle-Écosse,Femmes,12,16.6
2018,Nouvelle-Écosse,Femmes,12,14.2
2019,Nouvelle-Écosse,Femmes,12,13.2
2020,Nouvelle-Écosse,Femmes,12,8.8
2021,Nouvelle-Écosse,Femmes,12,9.6
2022,Nouvelle-Écosse,Femmes,12,13.2
2015,Nouvelle-Écosse,"Femmes, 18 à 64 ans",12,17.7
2016,Nouvelle-Écosse,"Femmes, 18 à 64 ans",12,17.4
2017,Nouvelle-Écosse,"Femmes, 18 à 64 ans",12,17.8
2018,Nouvelle-Écosse,"Femmes, 18 à 64 ans",12,15.3
2019,Nouvelle-Écosse,"Femmes, 18 à 64 ans",12,15.1
2020,Nouvelle-Écosse,"Femmes, 18 à 64 ans",12,10.6
2021,Nouvelle-Écosse,"Femmes, 18 à 64 ans",12,10.2
2022,Nouvelle-Écosse,"Femmes, 18 à 64 ans",12,13.9
2015,Nouvelle-Écosse,"Femmes, 65 ans et plus",12,12.2
2016,Nouvelle-Écosse,"Femmes, 65 ans et plus",12,7.8
2017,Nouvelle-Écosse,"Femmes, 65 ans et plus",12,8.6
2018,Nouvelle-Écosse,"Femmes, 65 ans et plus",12,11.0
2019,Nouvelle-Écosse,"Femmes, 65 ans et plus",12,9.8
2020,Nouvelle-Écosse,"Femmes, 65 ans et plus",12,4.9
2021,Nouvelle-Écosse,"Femmes, 65 ans et plus",12,9.9
2022,Nouvelle-Écosse,"Femmes, 65 ans et plus",12,11.3
2015,Nouvelle-Écosse,"Femmes, moins de 18 ans",12,22.0
2016,Nouvelle-Écosse,"Femmes, moins de 18 ans",12,18.3
2017,Nouvelle-Écosse,"Femmes, moins de 18 ans",12,21.9
2018,Nouvelle-Écosse,"Femmes, moins de 18 ans",12,14.1
2019,Nouvelle-Écosse,"Femmes, moins de 18 ans",12,10.5
2020,Nouvelle-Écosse,"Femmes, moins de 18 ans",12,7.1
2021,Nouvelle-Écosse,"Femmes, moins de 18 ans",12,7.1
2022,Nouvelle-Écosse,"Femmes, moins de 18 ans",12,13.1
2015,Nouvelle-Écosse,Hommes,12,16.2
2016,Nouvelle-Écosse,Hommes,12,17.3
2017,Nouvelle-Écosse,Hommes,12,13.6
2018,Nouvelle-Écosse,Hommes,12,13.4
2019,Nouvelle-Écosse,Hommes,12,10.7
2020,Nouvelle-Écosse,Hommes,12,6.6
2021,Nouvelle-Écosse,Hommes,12,7.5
2022,Nouvelle-Écosse,Hommes,12,13.0
2015,Nouvelle-Écosse,"Hommes, 18 à 64 ans",12,17.5
2016,Nouvelle-Écosse,"Hommes, 18 à 64 ans",12,18.8
2017,Nouvelle-Écosse,"Hommes, 18 à 64 ans",12,14.9
2018,Nouvelle-Écosse,"Hommes, 18 à 64 ans",12,14.5
2019,Nouvelle-Écosse,"Hommes, 18 à 64 ans",12,12.1
2020,Nouvelle-Écosse,"Hommes, 18 à 64 ans",12,8.3
2021,Nouvelle-Écosse,"Hommes, 18 à 64 ans",12,7.9
2022,Nouvelle-Écosse,"Hommes, 18 à 64 ans",12,13.7
2015,Nouvelle-Écosse,"Hommes, 65 ans et plus",12,8.2
2016,Nouvelle-Écosse,"Hommes, 65 ans et plus",12,8.1
2017,Nouvelle-Écosse,"Hommes, 65 ans et plus",12,5.0
2018,Nouvelle-Écosse,"Hommes, 65 ans et plus",12,6.3
2019,Nouvelle-Écosse,"Hommes, 65 ans et plus",12,6.0
2020,Nouvelle-Écosse,"Hommes, 65 ans et plus",12,4.0
2021,Nouvelle-Écosse,"Hommes, 65 ans et plus",12,8.1
2022,Nouvelle-Écosse,"Hommes, 65 ans et plus",12,9.3
2015,Nouvelle-Écosse,"Hommes, moins de 18 ans",12,19.3
2016,Nouvelle-Écosse,"Hommes, moins de 18 ans",12,21.4
2017,Nouvelle-Écosse,"Hommes, moins de 18 ans",12,18.1
2018,Nouvelle-Écosse,"Hommes, moins de 18 ans",12,17.5
2019,Nouvelle-Écosse,"Hommes, moins de 18 ans",12,11.3
2020,Nouvelle-Écosse,"Hommes, moins de 18 ans",12,4.1
2021,Nouvelle-Écosse,"Hommes, moins de 18 ans",12,5.2
2022,Nouvelle-Écosse,"Hommes, moins de 18 ans",12,14.9
2015,Nouvelle-Écosse,Personnes de 18 à 64 ans,12,17.6
2016,Nouvelle-Écosse,Personnes de 18 à 64 ans,12,18.1
2017,Nouvelle-Écosse,Personnes de 18 à 64 ans,12,16.4
2018,Nouvelle-Écosse,Personnes de 18 à 64 ans,12,14.9
2019,Nouvelle-Écosse,Personnes de 18 à 64 ans,12,13.6
2020,Nouvelle-Écosse,Personnes de 18 à 64 ans,12,9.5
2021,Nouvelle-Écosse,Personnes de 18 à 64 ans,12,9.1
2022,Nouvelle-Écosse,Personnes de 18 à 64 ans,12,13.8
2015,Nouvelle-Écosse,Personnes de 65 ans et plus,12,10.4
2016,Nouvelle-Écosse,Personnes de 65 ans et plus,12,7.9
2017,Nouvelle-Écosse,Personnes de 65 ans et plus,12,6.9
2018,Nouvelle-Écosse,Personnes de 65 ans et plus,12,8.8
2019,Nouvelle-Écosse,Personnes de 65 ans et plus,12,8.0
2020,Nouvelle-Écosse,Personnes de 65 ans et plus,12,4.5
2021,Nouvelle-Écosse,Personnes de 65 ans et plus,12,9.1
2022,Nouvelle-Écosse,Personnes de 65 ans et plus,12,10.4
2015,Nouvelle-Écosse,Personnes de moins de 18 ans,12,20.6
2016,Nouvelle-Écosse,Personnes de moins de 18 ans,12,19.9
2017,Nouvelle-Écosse,Personnes de moins de 18 ans,12,20.0
2018,Nouvelle-Écosse,Personnes de moins de 18 ans,12,15.8
2019,Nouvelle-Écosse,Personnes de moins de 18 ans,12,10.9
2020,Nouvelle-Écosse,Personnes de moins de 18 ans,12,5.5
2021,Nouvelle-Écosse,Personnes de moins de 18 ans,12,6.1
2022,Nouvelle-Écosse,Personnes de moins de 18 ans,12,14.0
2018,Nunavut,Toutes les personnes,62,43.2
2019,Nunavut,Toutes les personnes,62,38.7
2020,Nunavut,Toutes les personnes,62,37.5
2021,Nunavut,Toutes les personnes,62,39.7
2018,Nunavut,Personnes de 18 à 64 ans,62,36.2
2019,Nunavut,Personnes de 18 à 64 ans,62,35.5
2020,Nunavut,Personnes de 18 à 64 ans,62,32.0
2021,Nunavut,Personnes de 18 à 64 ans,62,36.1
2018,Nunavut,Personnes de 65 ans et plus,62,43.1
2019,Nunavut,Personnes de 65 ans et plus,62,26.8
2018,Nunavut,Personnes de moins de 18 ans,62,53.9
2019,Nunavut,Personnes de moins de 18 ans,62,45.0
2020,Nunavut,Personnes de moins de 18 ans,62,47.9
2021,Nunavut,Personnes de moins de 18 ans,62,46.5
2015,Ontario,Toutes les personnes,35,15.1
2016,Ontario,Toutes les personnes,35,13.7
2017,Ontario,Toutes les personnes,35,12.3
2018,Ontario,Toutes les personnes,35,11.8
2019,Ontario,Toutes les personnes,35,10.9
2020,Ontario,Toutes les personnes,35,6.8
2021,Ontario,Toutes les personnes,35,7.7
2022,Ontario,Toutes les personnes,35,10.9
2015,Ontario,Femmes,35,15.4
2016,Ontario,Femmes,35,14.7
2017,Ontario,Femmes,35,12.4
2018,Ontario,Femmes,35,11.4
2019,Ontario,Femmes,35,11.7
2020,Ontario,Femmes,35,6.7
2021,Ontario,Femmes,35,7.8
2022,Ontario,Femmes,35,11.0
2015,Ontario,"Femmes, 18 à 64 ans",35,16.7
2016,Ontario,"Femmes, 18 à 64 ans",35,16.0
2017,Ontario,"Femmes, 18 à 64 ans",35,14.1
2018,Ontario,"Femmes, 18 à 64 ans",35,13.1
2019,Ontario,"Femmes, 18 à 64 ans",35,12.9
2020,Ontario,"Femmes, 18 à 64 ans",35,8.0
2021,Ontario,"Femmes, 18 à 64 ans",35,8.8
2022,Ontario,"Femmes, 18 à 64 ans",35,12.3
2015,Ontario,"Femmes, 65 ans et plus",35,7.2
2016,Ontario,"Femmes, 65 ans et plus",35,7.2
2017,Ontario,"Femmes, 65 ans et plus",35,5.8
2018,Ontario,"Femmes, 65 ans et plus",35,5.8
2019,Ontario,"Femmes, 65 ans et plus",35,6.8
2020,Ontario,"Femmes, 65 ans et plus",35,3.3
2021,Ontario,"Femmes, 65 ans et plus",35,5.4
2022,Ontario,"Femmes, 65 ans et plus",35,7.2
2015,Ontario,"Femmes, moins de 18 ans",35,18.2
2016,Ontario,"Femmes, moins de 18 ans",35,17.5
2017,Ontario,"Femmes, moins de 18 ans",35,12.7
2018,Ontario,"Femmes, moins de 18 ans",35,11.3
2019,Ontario,"Femmes, moins de 18 ans",35,12.1
2020,Ontario,"Femmes, moins de 18 ans",35,5.7
2021,Ontario,"Femmes, moins de 18 ans",35,7.0
2022,Ontario,"Femmes, moins de 18 ans",35,10.7
2015,Ontario,Hommes,35,14.7
2016,Ontario,Hommes,35,12.6
2017,Ontario,Hommes,35,12.3
2018,Ontario,Hommes,35,12.2
2019,Ontario,Hommes,35,10.1
2020,Ontario,Hommes,35,6.9
2021,Ontario,Hommes,35,7.6
2022,Ontario,Hommes,35,10.7
2015,Ontario,"Hommes, 18 à 64 ans",35,16.0
2016,Ontario,"Hommes, 18 à 64 ans",35,14.0
2017,Ontario,"Hommes, 18 à 64 ans",35,14.1
2018,Ontario,"Hommes, 18 à 64 ans",35,13.6
2019,Ontario,"Hommes, 18 à 64 ans",35,11.2
2020,Ontario,"Hommes, 18 à 64 ans",35,8.2
2021,Ontario,"Hommes, 18 à 64 ans",35,8.6
2022,Ontario,"Hommes, 18 à 64 ans",35,11.7
2015,Ontario,"Hommes, 65 ans et plus",35,4.7
2016,Ontario,"Hommes, 65 ans et plus",35,6.0
2017,Ontario,"Hommes, 65 ans et plus",35,5.3
2018,Ontario,"Hommes, 65 ans et plus",35,5.6
2019,Ontario,"Hommes, 65 ans et plus",35,5.1
2020,Ontario,"Hommes, 65 ans et plus",35,3.2
2021,Ontario,"Hommes, 65 ans et plus",35,4.8
2022,Ontario,"Hommes, 65 ans et plus",35,6.0
2015,Ontario,"Hommes, moins de 18 ans",35,17.8
2016,Ontario,"Hommes, moins de 18 ans",35,12.9
2017,Ontario,"Hommes, moins de 18 ans",35,11.7
2018,Ontario,"Hommes, moins de 18 ans",35,12.7
2019,Ontario,"Hommes, moins de 18 ans",35,10.8
2020,Ontario,"Hommes, moins de 18 ans",35,5.5
2021,Ontario,"Hommes, moins de 18 ans",35,6.6
2022,Ontario,"Hommes, moins de 18 ans",35,11.6
2015,Ontario,Personnes de 18 à 64 ans,35,16.4
2016,Ontario,Personnes de 18 à 64 ans,35,15.0
2017,Ontario,Personnes de 18 à 64 ans,35,14.1
2018,Ontario,Personnes de 18 à 64 ans,35,13.3
2019,Ontario,Personnes de 18 à 64 ans,35,12.1
2020,Ontario,Personnes de 18 à 64 ans,35,8.1
2021,Ontario,Personnes de 18 à 64 ans,35,8.7
2022,Ontario,Personnes de 18 à 64 ans,35,12.0
2015,Ontario,Personnes de 65 ans et plus,35,6.1
2016,Ontario,Personnes de 65 ans et plus,35,6.7
2017,Ontario,Personnes de 65 ans et plus,35,5.6
2018,Ontario,Personnes de 65 ans et plus,35,5.7
2019,Ontario,Personnes de 65 ans et plus,35,6.0
2020,Ontario,Personnes de 65 ans et plus,35,3.3
2021,Ontario,Personnes de 65 ans et plus,35,5.1
2022,Ontario,Personnes de 65 ans et plus,35,6.7
2015,Ontario,Personnes de moins de 18 ans,35,18.0
2016,Ontario,Personnes de moins de 18 ans,35,15.2
2017,Ontario,Personnes de moins de 18 ans,35,12.2
2018,Ontario,Personnes de moins de 18 ans,35,12.0
2019,Ontario,Personnes de moins de 18 ans,35,11.5
2020,Ontario,Personnes de moins de 18 ans,35,5.6
2021,Ontario,Personnes de moins de 18 ans,35,6.8
2022,Ontario,Personnes de moins de 18 ans,35,11.2
2015,"Ottawa-Gatineau, Ontario/Québec",Toutes les personnes,,13.4
2016,"Ottawa-Gatineau, Ontario/Québec",Toutes les personnes,,10.7
2017,"Ottawa-Gatineau, Ontario/Québec",Toutes les personnes,,10.9
2018,"Ottawa-Gatineau, Ontario/Québec",Toutes les personnes,,11.4
2019,"Ottawa-Gatineau, Ontario/Québec",Toutes les personnes,,8.4
2020,"Ottawa-Gatineau, Ontario/Québec",Toutes les personnes,,5.5
2021,"Ottawa-Gatineau, Ontario/Québec",Toutes les personnes,,6.5
2022,"Ottawa-Gatineau, Ontario/Québec",Toutes les personnes,,9.1
2015,"Ottawa-Gatineau, Ontario/Québec",Femmes,,14.4
2016,"Ottawa-Gatineau, Ontario/Québec",Femmes,,10.7
2017,"Ottawa-Gatineau, Ontario/Québec",Femmes,,10.8
2018,"Ottawa-Gatineau, Ontario/Québec",Femmes,,10.4
2019,"Ottawa-Gatineau, Ontario/Québec",Femmes,,8.0
2020,"Ottawa-Gatineau, Ontario/Québec",Femmes,,4.8
2021,"Ottawa-Gatineau, Ontario/Québec",Femmes,,7.1
2022,"Ottawa-Gatineau, Ontario/Québec",Femmes,,9.0
2015,"Ottawa-Gatineau, Ontario/Québec","Femmes, 18 à 64 ans",,16.1
2016,"Ottawa-Gatineau, Ontario/Québec","Femmes, 18 à 64 ans",,12.3
2017,"Ottawa-Gatineau, Ontario/Québec","Femmes, 18 à 64 ans",,13.1
2018,"Ottawa-Gatineau, Ontario/Québec","Femmes, 18 à 64 ans",,11.9
2019,"Ottawa-Gatineau, Ontario/Québec","Femmes, 18 à 64 ans",,8.9
2020,"Ottawa-Gatineau, Ontario/Québec","Femmes, 18 à 64 ans",,6.0
2021,"Ottawa-Gatineau, Ontario/Québec","Femmes, 18 à 64 ans",,8.1
2022,"Ottawa-Gatineau, Ontario/Québec","Femmes, 18 à 64 ans",,10.7
2018,"Ottawa-Gatineau, Ontario/Québec","Femmes, 65 ans et plus",,5.4
2019,"Ottawa-Gatineau, Ontario/Québec","Femmes, 65 ans et plus",,6.9
2021,"Ottawa-Gatineau, Ontario/Québec","Femmes, 65 ans et plus",,4.9
2022,"Ottawa-Gatineau, Ontario/Québec","Femmes, 65 ans et plus",,4.8
2015,"Ottawa-Gatineau, Ontario/Québec","Femmes, moins de 18 ans",,14.7
2016,"Ottawa-Gatineau, Ontario/Québec","Femmes, moins de 18 ans",,11.2
2017,"Ottawa-Gatineau, Ontario/Québec","Femmes, moins de 18 ans",,7.1
2018,"Ottawa-Gatineau, Ontario/Québec","Femmes, moins de 18 ans",,9.7
2022,"Ottawa-Gatineau, Ontario/Québec","Femmes, moins de 18 ans",,7.6
2015,"Ottawa-Gatineau, Ontario/Québec",Hommes,,12.3
2016,"Ottawa-Gatineau, Ontario/Québec",Hommes,,10.7
2017,"Ottawa-Gatineau, Ontario/Québec",Hommes,,11.0
2018,"Ottawa-Gatineau, Ontario/Québec",Hommes,,12.4
2019,"Ottawa-Gatineau, Ontario/Québec",Hommes,,8.8
2020,"Ottawa-Gatineau, Ontario/Québec",Hommes,,6.2
2021,"Ottawa-Gatineau, Ontario/Québec",Hommes,,6.0
2022,"Ottawa-Gatineau, Ontario/Québec",Hommes,,9.2
2015,"Ottawa-Gatineau, Ontario/Québec","Hommes, 18 à 64 ans",,13.9
2016,"Ottawa-Gatineau, Ontario/Québec","Hommes, 18 à 64 ans",,12.7
2017,"Ottawa-Gatineau, Ontario/Québec","Hommes, 18 à 64 ans",,12.1
2018,"Ottawa-Gatineau, Ontario/Québec","Hommes, 18 à 64 ans",,14.4
2019,"Ottawa-Gatineau, Ontario/Québec","Hommes, 18 à 64 ans",,9.6
2020,"Ottawa-Gatineau, Ontario/Québec","Hommes, 18 à 64 ans",,8.3
2021,"Ottawa-Gatineau, Ontario/Québec","Hommes, 18 à 64 ans",,7.6
2022,"Ottawa-Gatineau, Ontario/Québec","Hommes, 18 à 64 ans",,11.0
2018,"Ottawa-Gatineau, Ontario/Québec","Hommes, 65 ans et plus",,5.3
2022,"Ottawa-Gatineau, Ontario/Québec","Hommes, 65 ans et plus",,5.4
2015,"Ottawa-Gatineau, Ontario/Québec","Hommes, moins de 18 ans",,13.6
2017,"Ottawa-Gatineau, Ontario/Québec","Hommes, moins de 18 ans",,10.7
2018,"Ottawa-Gatineau, Ontario/Québec","Hommes, moins de 18 ans",,10.7
2019,"Ottawa-Gatineau, Ontario/Québec","Hommes, moins de 18 ans",,8.6
2022,"Ottawa-Gatineau, Ontario/Québec","Hommes, moins de 18 ans",,7.2
2015,"Ottawa-Gatineau, Ontario/Québec",Personnes de 18 à 64 ans,,15.0
2016,"Ottawa-Gatineau, Ontario/Québec",Personnes de 18 à 64 ans,,12.5
2017,"Ottawa-Gatineau, Ontario/Québec",Personnes de 18 à 64 ans,,12.6
2018,"Ottawa-Gatineau, Ontario/Québec",Personnes de 18 à 64 ans,,13.2
2019,"Ottawa-Gatineau, Ontario/Québec",Personnes de 18 à 64 ans,,9.3
2020,"Ottawa-Gatineau, Ontario/Québec",Personnes de 18 à 64 ans,,7.1
2021,"Ottawa-Gatineau, Ontario/Québec",Personnes de 18 à 64 ans,,7.9
2022,"Ottawa-Gatineau, Ontario/Québec",Personnes de 18 à 64 ans,,10.9
2017,"Ottawa-Gatineau, Ontario/Québec",Personnes de 65 ans et plus,,5.8
2018,"Ottawa-Gatineau, Ontario/Québec",Personnes de 65 ans et plus,,5.4
2019,"Ottawa-Gatineau, Ontario/Québec",Personnes de 65 ans et plus,,6.0
2020,"Ottawa-Gatineau, Ontario/Québec",Personnes de 65 ans et plus,,3.4
2021,"Ottawa-Gatineau, Ontario/Québec",Personnes de 65 ans et plus,,3.8
2022,"Ottawa-Gatineau, Ontario/Québec",Personnes de 65 ans et plus,,5.1
2015,"Ottawa-Gatineau, Ontario/Québec",Personnes de moins de 18 ans,,14.2
2016,"Ottawa-Gatineau, Ontario/Québec",Personnes de moins de 18 ans,,9.6
2017,"Ottawa-Gatineau, Ontario/Québec",Personnes de moins de 18 ans,,8.9
2018,"Ottawa-Gatineau, Ontario/Québec",Personnes de moins de 18 ans,,10.2
2019,"Ottawa-Gatineau, Ontario/Québec",Personnes de moins de 18 ans,,7.5
2022,"Ottawa-Gatineau, Ontario/Québec",Personnes de moins de 18 ans,,7.4
2015,Provinces des Prairies,Toutes les personnes,,10.8
2016,Provinces des Prairies,Toutes les personnes,,10.7
2017,Provinces des Prairies,Toutes les personnes,,9.6
2018,Provinces des Prairies,Toutes les personnes,,9.6
2019,Provinces des Prairies,Toutes les personnes,,9.1
2020,Provinces des Prairies,Toutes les personnes,,6.0
2021,Provinces des Prairies,Toutes les personnes,,8.2
2022,Provinces des Prairies,Toutes les personnes,,10.3
2015,Provinces des Prairies,Femmes,,11.3
2016,Provinces des Prairies,Femmes,,11.0
2017,Provinces des Prairies,Femmes,,10.2
2018,Provinces des Prairies,Femmes,,9.6
2019,Provinces des Prairies,Femmes,,8.9
2020,Provinces des Prairies,Femmes,,5.8
2021,Provinces des Prairies,Femmes,,8.5
2022,Provinces des Prairies,Femmes,,10.7
2015,Provinces des Prairies,"Femmes, 18 à 64 ans",,11.1
2016,Provinces des Prairies,"Femmes, 18 à 64 ans",,12.1
2017,Provinces des Prairies,"Femmes, 18 à 64 ans",,11.4
2018,Provinces des Prairies,"Femmes, 18 à 64 ans",,10.6
2019,Provinces des Prairies,"Femmes, 18 à 64 ans",,10.2
2020,Provinces des Prairies,"Femmes, 18 à 64 ans",,6.9
2021,Provinces des Prairies,"Femmes, 18 à 64 ans",,9.0
2022,Provinces des Prairies,"Femmes, 18 à 64 ans",,11.1
2015,Provinces des Prairies,"Femmes, 65 ans et plus",,5.1
2016,Provinces des Prairies,"Femmes, 65 ans et plus",,5.1
2017,Provinces des Prairies,"Femmes, 65 ans et plus",,4.3
2018,Provinces des Prairies,"Femmes, 65 ans et plus",,5.2
2019,Provinces des Prairies,"Femmes, 65 ans et plus",,3.9
2020,Provinces des Prairies,"Femmes, 65 ans et plus",,3.3
2021,Provinces des Prairies,"Femmes, 65 ans et plus",,6.5
2022,Provinces des Prairies,"Femmes, 65 ans et plus",,6.1
2015,Provinces des Prairies,"Femmes, moins de 18 ans",,15.7
2016,Provinces des Prairies,"Femmes, moins de 18 ans",,11.9
2017,Provinces des Prairies,"Femmes, moins de 18 ans",,10.5
2018,Provinces des Prairies,"Femmes, moins de 18 ans",,9.7
2019,Provinces des Prairies,"Femmes, moins de 18 ans",,8.6
2020,Provinces des Prairies,"Femmes, moins de 18 ans",,4.6
2021,Provinces des Prairies,"Femmes, moins de 18 ans",,8.4
2022,Provinces des Prairies,"Femmes, moins de 18 ans",,12.6
2015,Provinces des Prairies,Hommes,,10.3
2016,Provinces des Prairies,Hommes,,10.4
2017,Provinces des Prairies,Hommes,,9.0
2018,Provinces des Prairies,Hommes,,9.6
2019,Provinces des Prairies,Hommes,,9.3
2020,Provinces des Prairies,Hommes,,6.1
2021,Provinces des Prairies,Hommes,,8.0
2022,Provinces des Prairies,Hommes,,9.9
2015,Provinces des Prairies,"Hommes, 18 à 64 ans",,10.5
2016,Provinces des Prairies,"Hommes, 18 à 64 ans",,10.9
2017,Provinces des Prairies,"Hommes, 18 à 64 ans",,10.0
2018,Provinces des Prairies,"Hommes, 18 à 64 ans",,10.6
2019,Provinces des Prairies,"Hommes, 18 à 64 ans",,10.1
2020,Provinces des Prairies,"Hommes, 18 à 64 ans",,7.2
2021,Provinces des Prairies,"Hommes, 18 à 64 ans",,8.7
2022,Provinces des Prairies,"Hommes, 18 à 64 ans",,10.5
2015,Provinces des Prairies,"Hommes, 65 ans et plus",,3.4
2016,Provinces des Prairies,"Hommes, 65 ans et plus",,4.7
2017,Provinces des Prairies,"Hommes, 65 ans et plus",,3.5
2018,Provinces des Prairies,"Hommes, 65 ans et plus",,3.1
2019,Provinces des Prairies,"Hommes, 65 ans et plus",,5.0
2020,Provinces des Prairies,"Hommes, 65 ans et plus",,2.2
2021,Provinces des Prairies,"Hommes, 65 ans et plus",,5.0
2022,Provinces des Prairies,"Hommes, 65 ans et plus",,5.1
2015,Provinces des Prairies,"Hommes, moins de 18 ans",,13.2
2016,Provinces des Prairies,"Hommes, moins de 18 ans",,12.2
2017,Provinces des Prairies,"Hommes, moins de 18 ans",,9.3
2018,Provinces des Prairies,"Hommes, moins de 18 ans",,10.5
2019,Provinces des Prairies,"Hommes, moins de 18 ans",,9.7
2020,Provinces des Prairies,"Hommes, moins de 18 ans",,5.4
2021,Provinces des Prairies,"Hommes, moins de 18 ans",,7.8
2022,Provinces des Prairies,"Hommes, moins de 18 ans",,11.4
2015,Provinces des Prairies,Personnes de 18 à 64 ans,,10.8
2016,Provinces des Prairies,Personnes de 18 à 64 ans,,11.4
2017,Provinces des Prairies,Personnes de 18 à 64 ans,,10.7
2018,Provinces des Prairies,Personnes de 18 à 64 ans,,10.6
2019,Provinces des Prairies,Personnes de 18 à 64 ans,,10.2
2020,Provinces des Prairies,Personnes de 18 à 64 ans,,7.0
2021,Provinces des Prairies,Personnes de 18 à 64 ans,,8.9
2022,Provinces des Prairies,Personnes de 18 à 64 ans,,10.8
2015,Provinces des Prairies,Personnes de 65 ans et plus,,4.3
2016,Provinces des Prairies,Personnes de 65 ans et plus,,4.9
2017,Provinces des Prairies,Personnes de 65 ans et plus,,3.9
2018,Provinces des Prairies,Personnes de 65 ans et plus,,4.2
2019,Provinces des Prairies,Personnes de 65 ans et plus,,4.4
2020,Provinces des Prairies,Personnes de 65 ans et plus,,2.8
2021,Provinces des Prairies,Personnes de 65 ans et plus,,5.8
2022,Provinces des Prairies,Personnes de 65 ans et plus,,5.6
2015,Provinces des Prairies,Personnes de moins de 18 ans,,14.4
2016,Provinces des Prairies,Personnes de moins de 18 ans,,12.0
2017,Provinces des Prairies,Personnes de moins de 18 ans,,9.9
2018,Provinces des Prairies,Personnes de moins de 18 ans,,10.1
2019,Provinces des Prairies,Personnes de moins de 18 ans,,9.2
2020,Provinces des Prairies,Personnes de moins de 18 ans,,5.0
2021,Provinces des Prairies,Personnes de moins de 18 ans,,8.1
2022,Provinces des Prairies,Personnes de moins de 18 ans,,12.0
2015,Île-du-Prince-Édouard,Toutes les personnes,11,15.7
2016,Île-du-Prince-Édouard,Toutes les personnes,11,13.9
2017,Île-du-Prince-Édouard,Toutes les personnes,11,15.4
2018,Île-du-Prince-Édouard,Toutes les personnes,11,13.4
2019,Île-du-Prince-Édouard,Toutes les personnes,11,12.3
2020,Île-du-Prince-Édouard,Toutes les personnes,11,7.6
2021,Île-du-Prince-Édouard,Toutes les personnes,11,7.4
2022,Île-du-Prince-Édouard,Toutes les personnes,11,9.8
2015,Île-du-Prince-Édouard,Femmes,11,16.3
2016,Île-du-Prince-Édouard,Femmes,11,15.9
2017,Île-du-Prince-Édouard,Femmes,11,15.4
2018,Île-du-Prince-Édouard,Femmes,11,13.4
2019,Île-du-Prince-Édouard,Femmes,11,12.8
2020,Île-du-Prince-Édouard,Femmes,11,7.2
2021,Île-du-Prince-Édouard,Femmes,11,8.4
2022,Île-du-Prince-Édouard,Femmes,11,10.2
2015,Île-du-Prince-Édouard,"Femmes, 18 à 64 ans",11,15.6
2016,Île-du-Prince-Édouard,"Femmes, 18 à 64 ans",11,15.4
2017,Île-du-Prince-Édouard,"Femmes, 18 à 64 ans",11,17.3
2018,Île-du-Prince-Édouard,"Femmes, 18 à 64 ans",11,13.9
2019,Île-du-Prince-Édouard,"Femmes, 18 à 64 ans",11,14.9
2020,Île-du-Prince-Édouard,"Femmes, 18 à 64 ans",11,8.3
2021,Île-du-Prince-Édouard,"Femmes, 18 à 64 ans",11,10.3
2022,Île-du-Prince-Édouard,"Femmes, 18 à 64 ans",11,10.8
2015,Île-du-Prince-Édouard,"Femmes, 65 ans et plus",11,16.6
2016,Île-du-Prince-Édouard,"Femmes, 65 ans et plus",11,12.3
2017,Île-du-Prince-Édouard,"Femmes, 65 ans et plus",11,9.6
2018,Île-du-Prince-Édouard,"Femmes, 65 ans et plus",11,14.2
2019,Île-du-Prince-Édouard,"Femmes, 65 ans et plus",11,8.2
2020,Île-du-Prince-Édouard,"Femmes, 65 ans et plus",11,3.2
2021,Île-du-Prince-Édouard,"Femmes, 65 ans et plus",11,6.6
2022,Île-du-Prince-Édouard,"Femmes, 65 ans et plus",11,9.4
2015,Île-du-Prince-Édouard,"Femmes, moins de 18 ans",11,18.3
2016,Île-du-Prince-Édouard,"Femmes, moins de 18 ans",11,21.4
2017,Île-du-Prince-Édouard,"Femmes, moins de 18 ans",11,15.4
2018,Île-du-Prince-Édouard,"Femmes, moins de 18 ans",11,10.9
2019,Île-du-Prince-Édouard,"Femmes, moins de 18 ans",11,11.0
2020,Île-du-Prince-Édouard,"Femmes, moins de 18 ans",11,8.3
2022,Île-du-Prince-Édouard,"Femmes, moins de 18 ans",11,9.3
2015,Île-du-Prince-Édouard,Hommes,11,15.0
2016,Île-du-Prince-Édouard,Hommes,11,11.7
2017,Île-du-Prince-Édouard,Hommes,11,15.3
2018,Île-du-Prince-Édouard,Hommes,11,13.4
2019,Île-du-Prince-Édouard,Hommes,11,11.7
2020,Île-du-Prince-Édouard,Hommes,11,7.9
2021,Île-du-Prince-Édouard,Hommes,11,6.3
2022,Île-du-Prince-Édouard,Hommes,11,9.3
2015,Île-du-Prince-Édouard,"Hommes, 18 à 64 ans",11,16.1
2016,Île-du-Prince-Édouard,"Hommes, 18 à 64 ans",11,12.7
2017,Île-du-Prince-Édouard,"Hommes, 18 à 64 ans",11,15.0
2018,Île-du-Prince-Édouard,"Hommes, 18 à 64 ans",11,14.7
2019,Île-du-Prince-Édouard,"Hommes, 18 à 64 ans",11,11.5
2020,Île-du-Prince-Édouard,"Hommes, 18 à 64 ans",11,9.1
2021,Île-du-Prince-Édouard,"Hommes, 18 à 64 ans",11,7.3
2022,Île-du-Prince-Édouard,"Hommes, 18 à 64 ans",11,10.3
2015,Île-du-Prince-Édouard,"Hommes, 65 ans et plus",11,9.3
2017,Île-du-Prince-Édouard,"Hommes, 65 ans et plus",11,12.0
2018,Île-du-Prince-Édouard,"Hommes, 65 ans et plus",11,8.5
2020,Île-du-Prince-Édouard,"Hommes, 65 ans et plus",11,6.0
2022,Île-du-Prince-Édouard,"Hommes, 65 ans et plus",11,7.8
2015,Île-du-Prince-Édouard,"Hommes, moins de 18 ans",11,16.8
2016,Île-du-Prince-Édouard,"Hommes, moins de 18 ans",11,15.6
2017,Île-du-Prince-Édouard,"Hommes, moins de 18 ans",11,19.0
2018,Île-du-Prince-Édouard,"Hommes, moins de 18 ans",11,14.1
2019,Île-du-Prince-Édouard,"Hommes, moins de 18 ans",11,17.9
2020,Île-du-Prince-Édouard,"Hommes, moins de 18 ans",11,6.1
2022,Île-du-Prince-Édouard,"Hommes, moins de 18 ans",11,7.2
2015,Île-du-Prince-Édouard,Personnes de 18 à 64 ans,11,15.8
2016,Île-du-Prince-Édouard,Personnes de 18 à 64 ans,11,14.1
2017,Île-du-Prince-Édouard,Personnes de 18 à 64 ans,11,16.2
2018,Île-du-Prince-Édouard,Personnes de 18 à 64 ans,11,14.3
2019,Île-du-Prince-Édouard,Personnes de 18 à 64 ans,11,13.2
2020,Île-du-Prince-Édouard,Personnes de 18 à 64 ans,11,8.7
2021,Île-du-Prince-Édouard,Personnes de 18 à 64 ans,11,8.8
2022,Île-du-Prince-Édouard,Personnes de 18 à 64 ans,11,10.6
2015,Île-du-Prince-Édouard,Personnes de 65 ans et plus,11,13.2
2016,Île-du-Prince-Édouard,Personnes de 65 ans et plus,11,8.3
2017,Île-du-Prince-Édouard,Personnes de 65 ans et plus,11,10.7
2018,Île-du-Prince-Édouard,Personnes de 65 ans et plus,11,11.5
2019,Île-du-Prince-Édouard,Personnes de 65 ans et plus,11,6.9
2020,Île-du-Prince-Édouard,Personnes de 65 ans et plus,11,4.5
2021,Île-du-Prince-Édouard,Personnes de 65 ans et plus,11,5.7
2022,Île-du-Prince-Édouard,Personnes de 65 ans et plus,11,8.6
2015,Île-du-Prince-Édouard,Personnes de moins de 18 ans,11,17.6
2016,Île-du-Prince-Édouard,Personnes de moins de 18 ans,11,18.5
2017,Île-du-Prince-Édouard,Personnes de moins de 18 ans,11,17.3
2018,Île-du-Prince-Édouard,Personnes de moins de 18 ans,11,12.5
2019,Île-du-Prince-Édouard,Personnes de moins de 18 ans,11,14.6
2020,Île-du-Prince-Édouard,Personnes de moins de 18 ans,11,7.2
2021,Île-du-Prince-Édouard,Personnes de moins de 18 ans,11,4.4
2022,Île-du-Prince-Édouard,Personnes de moins de 18 ans,11,8.3
2015,Québec,Toutes les personnes,24,13.5
2016,Québec,Toutes les personnes,24,11.0
2017,Québec,Toutes les personnes,24,10.9
2018,Québec,Toutes les personnes,24,9.8
2019,Québec,Toutes les personnes,24,8.9
2020,Québec,Toutes les personnes,24,4.8
2021,Québec,Toutes les personnes,24,5.2
2022,Québec,Toutes les personnes,24,6.6
2015,Québec,Femmes,24,13.7
2016,Québec,Femmes,24,10.8
2017,Québec,Femmes,24,10.9
2018,Québec,Femmes,24,9.9
2019,Québec,Femmes,24,8.6
2020,Québec,Femmes,24,5.0
2021,Québec,Femmes,24,5.4
2022,Québec,Femmes,24,6.1
2015,Québec,"Femmes, 18 à 64 ans",24,15.8
2016,Québec,"Femmes, 18 à 64 ans",24,11.6
2017,Québec,"Femmes, 18 à 64 ans",24,12.2
2018,Québec,"Femmes, 18 à 64 ans",24,11.8
2019,Québec,"Femmes, 18 à 64 ans",24,10.5
2020,Québec,"Femmes, 18 à 64 ans",24,6.6
2021,Québec,"Femmes, 18 à 64 ans",24,5.9
2022,Québec,"Femmes, 18 à 64 ans",24,7.8
2015,Québec,"Femmes, 65 ans et plus",24,7.5
2016,Québec,"Femmes, 65 ans et plus",24,7.7
2017,Québec,"Femmes, 65 ans et plus",24,7.0
2018,Québec,"Femmes, 65 ans et plus",24,6.4
2019,Québec,"Femmes, 65 ans et plus",24,5.9
2020,Québec,"Femmes, 65 ans et plus",24,2.7
2021,Québec,"Femmes, 65 ans et plus",24,5.7
2022,Québec,"Femmes, 65 ans et plus",24,2.5
2015,Québec,"Femmes, moins de 18 ans",24,12.9
2016,Québec,"Femmes, moins de 18 ans",24,11.5
2017,Québec,"Femmes, moins de 18 ans",24,10.6
2018,Québec,"Femmes, moins de 18 ans",24,7.2
2019,Québec,"Femmes, moins de 18 ans",24,5.2
2020,Québec,"Femmes, moins de 18 ans",24,2.6
2021,Québec,"Femmes, moins de 18 ans",24,3.2
2022,Québec,"Femmes, moins de 18 ans",24,5.1
2015,Québec,Hommes,24,13.4
2016,Québec,Hommes,24,11.1
2017,Québec,Hommes,24,10.9
2018,Québec,Hommes,24,9.8
2019,Québec,Hommes,24,9.3
2020,Québec,Hommes,24,4.6
2021,Québec,Hommes,24,5.0
2022,Québec,Hommes,24,7.0
2015,Québec,"Hommes, 18 à 64 ans",24,14.8
2016,Québec,"Hommes, 18 à 64 ans",24,12.4
2017,Québec,"Hommes, 18 à 64 ans",24,12.7
2018,Québec,"Hommes, 18 à 64 ans",24,11.7
2019,Québec,"Hommes, 18 à 64 ans",24,11.1
2020,Québec,"Hommes, 18 à 64 ans",24,6.3
2021,Québec,"Hommes, 18 à 64 ans",24,6.1
2022,Québec,"Hommes, 18 à 64 ans",24,9.1
2015,Québec,"Hommes, 65 ans et plus",24,6.0
2016,Québec,"Hommes, 65 ans et plus",24,6.9
2017,Québec,"Hommes, 65 ans et plus",24,4.8
2018,Québec,"Hommes, 65 ans et plus",24,4.8
2019,Québec,"Hommes, 65 ans et plus",24,4.8
2020,Québec,"Hommes, 65 ans et plus",24,1.8
2021,Québec,"Hommes, 65 ans et plus",24,4.0
2022,Québec,"Hommes, 65 ans et plus",24,3.3
2015,Québec,"Hommes, moins de 18 ans",24,14.9
2016,Québec,"Hommes, moins de 18 ans",24,10.2
2017,Québec,"Hommes, moins de 18 ans",24,10.2
2018,Québec,"Hommes, moins de 18 ans",24,7.9
2019,Québec,"Hommes, moins de 18 ans",24,7.3
2021,Québec,"Hommes, moins de 18 ans",24,2.7
2022,Québec,"Hommes, moins de 18 ans",24,4.5
2015,Québec,Personnes de 18 à 64 ans,24,15.3
2016,Québec,Personnes de 18 à 64 ans,24,12.0
2017,Québec,Personnes de 18 à 64 ans,24,12.5
2018,Québec,Personnes de 18 à 64 ans,24,11.8
2019,Québec,Personnes de 18 à 64 ans,24,10.8
2020,Québec,Personnes de 18 à 64 ans,24,6.4
2021,Québec,Personnes de 18 à 64 ans,24,6.0
2022,Québec,Personnes de 18 à 64 ans,24,8.4
2015,Québec,Personnes de 65 ans et plus,24,6.8
2016,Québec,Personnes de 65 ans et plus,24,7.3
2017,Québec,Personnes de 65 ans et plus,24,6.0
2018,Québec,Personnes de 65 ans et plus,24,5.7
2019,Québec,Personnes de 65 ans et plus,24,5.4
2020,Québec,Personnes de 65 ans et plus,24,2.3
2021,Québec,Personnes de 65 ans et plus,24,4.9
2022,Québec,Personnes de 65 ans et plus,24,2.9
2015,Québec,Personnes de moins de 18 ans,24,13.9
2016,Québec,Personnes de moins de 18 ans,24,10.9
2017,Québec,Personnes de moins de 18 ans,24,10.4
2018,Québec,Personnes de moins de 18 ans,24,7.6
2019,Québec,Personnes de moins de 18 ans,24,6.3
2020,Québec,Personnes de moins de 18 ans,24,2.3
2021,Québec,Personnes de moins de 18 ans,24,3.0
2022,Québec,Personnes de moins de 18 ans,24,4.8
2015,"Québec, Québec",Toutes les personnes,,8.2
2016,"Québec, Québec",Toutes les personnes,,6.7
2017,"Québec, Québec",Toutes les personnes,,5.7
2018,"Québec, Québec",Toutes les personnes,,8.6
2019,"Québec, Québec",Toutes les personnes,,8.2
2020,"Québec, Québec",Toutes les personnes,,3.2
2021,"Québec, Québec",Toutes les personnes,,3.9
2022,"Québec, Québec",Toutes les personnes,,5.6
2015,"Québec, Québec",Femmes,,8.0
2016,"Québec, Québec",Femmes,,7.4
2017,"Québec, Québec",Femmes,,5.3
2018,"Québec, Québec",Femmes,,8.0
2019,"Québec, Québec",Femmes,,7.7
2020,"Québec, Québec",Femmes,,3.1
2021,"Québec, Québec",Femmes,,3.6
2022,"Québec, Québec",Femmes,,4.7
2015,"Québec, Québec","Femmes, 18 à 64 ans",,9.3
2016,"Québec, Québec","Femmes, 18 à 64 ans",,7.5
2017,"Québec, Québec","Femmes, 18 à 64 ans",,6.5
2018,"Québec, Québec","Femmes, 18 à 64 ans",,10.0
2019,"Québec, Québec","Femmes, 18 à 64 ans",,10.0
2020,"Québec, Québec","Femmes, 18 à 64 ans",,4.5
2021,"Québec, Québec","Femmes, 18 à 64 ans",,4.5
2022,"Québec, Québec","Femmes, 18 à 64 ans",,6.2
2016,"Québec, Québec","Femmes, 65 ans et plus",,5.8
2021,"Québec, Québec","Femmes, 65 ans et plus",,3.8
2022,"Québec, Québec","Femmes, 65 ans et plus",,2.1
2022,"Québec, Québec","Femmes, moins de 18 ans",,3.4
2015,"Québec, Québec",Hommes,,8.4
2016,"Québec, Québec",Hommes,,5.9
2017,"Québec, Québec",Hommes,,6.1
2018,"Québec, Québec",Hommes,,9.1
2019,"Québec, Québec",Hommes,,8.7
2020,"Québec, Québec",Hommes,,3.3
2021,"Québec, Québec",Hommes,,4.2
2022,"Québec, Québec",Hommes,,6.5
2015,"Québec, Québec","Hommes, 18 à 64 ans",,9.9
2016,"Québec, Québec","Hommes, 18 à 64 ans",,6.8
2017,"Québec, Québec","Hommes, 18 à 64 ans",,6.1
2018,"Québec, Québec","Hommes, 18 à 64 ans",,10.0
2019,"Québec, Québec","Hommes, 18 à 64 ans",,9.8
2020,"Québec, Québec","Hommes, 18 à 64 ans",,4.6
2021,"Québec, Québec","Hommes, 18 à 64 ans",,5.2
2022,"Québec, Québec","Hommes, 18 à 64 ans",,8.6
2022,"Québec, Québec","Hommes, 65 ans et plus",,3.5
2018,"Québec, Québec","Hommes, moins de 18 ans",,9.5
2022,"Québec, Québec","Hommes, moins de 18 ans",,3.1
2015,"Québec, Québec",Personnes de 18 à 64 ans,,9.6
2016,"Québec, Québec",Personnes de 18 à 64 ans,,7.2
2017,"Québec, Québec",Personnes de 18 à 64 ans,,6.3
2018,"Québec, Québec",Personnes de 18 à 64 ans,,10.0
2019,"Québec, Québec",Personnes de 18 à 64 ans,,9.9
2020,"Québec, Québec",Personnes de 18 à 64 ans,,4.5
2021,"Québec, Québec",Personnes de 18 à 64 ans,,4.8
2022,"Québec, Québec",Personnes de 18 à 64 ans,,7.4
2015,"Québec, Québec",Personnes de 65 ans et plus,,9.3
2016,"Québec, Québec",Personnes de 65 ans et plus,,5.4
2017,"Québec, Québec",Personnes de 65 ans et plus,,4.7
2018,"Québec, Québec",Personnes de 65 ans et plus,,5.8
2019,"Québec, Québec",Personnes de 65 ans et plus,,9.3
2021,"Québec, Québec",Personnes de 65 ans et plus,,3.9
2022,"Québec, Québec",Personnes de 65 ans et plus,,2.8
2022,"Québec, Québec",Personnes de moins de 18 ans,,3.3
2015,Saskatchewan,Toutes les personnes,47,12.2
2016,Saskatchewan,Toutes les personnes,47,11.1
2017,Saskatchewan,Toutes les personnes,47,11.9
2018,Saskatchewan,Toutes les personnes,47,10.8
2019,Saskatchewan,Toutes les personnes,47,11.9
2020,Saskatchewan,Toutes les personnes,47,6.7
2021,Saskatchewan,Toutes les personnes,47,9.1
2022,Saskatchewan,Toutes les personnes,47,11.1
2015,Saskatchewan,Femmes,47,13.7
2016,Saskatchewan,Femmes,47,11.9
2017,Saskatchewan,Femmes,47,12.2
2018,Saskatchewan,Femmes,47,11.2
2019,Saskatchewan,Femmes,47,11.4
2020,Saskatchewan,Femmes,47,6.2
2021,Saskatchewan,Femmes,47,9.1
2022,Saskatchewan,Femmes,47,11.1
2015,Saskatchewan,"Femmes, 18 à 64 ans",47,13.7
2016,Saskatchewan,"Femmes, 18 à 64 ans",47,12.5
2017,Saskatchewan,"Femmes, 18 à 64 ans",47,13.0
2018,Saskatchewan,"Femmes, 18 à 64 ans",47,12.1
2019,Saskatchewan,"Femmes, 18 à 64 ans",47,12.8
2020,Saskatchewan,"Femmes, 18 à 64 ans",47,7.4
2021,Saskatchewan,"Femmes, 18 à 64 ans",47,10.6
2022,Saskatchewan,"Femmes, 18 à 64 ans",47,12.1
2015,Saskatchewan,"Femmes, 65 ans et plus",47,7.6
2016,Saskatchewan,"Femmes, 65 ans et plus",47,7.5
2017,Saskatchewan,"Femmes, 65 ans et plus",47,6.2
2018,Saskatchewan,"Femmes, 65 ans et plus",47,6.0
2019,Saskatchewan,"Femmes, 65 ans et plus",47,5.6
2020,Saskatchewan,"Femmes, 65 ans et plus",47,3.1
2021,Saskatchewan,"Femmes, 65 ans et plus",47,6.6
2022,Saskatchewan,"Femmes, 65 ans et plus",47,5.6
2015,Saskatchewan,"Femmes, moins de 18 ans",47,18.0
2016,Saskatchewan,"Femmes, moins de 18 ans",47,13.3
2017,Saskatchewan,"Femmes, moins de 18 ans",47,14.5
2018,Saskatchewan,"Femmes, moins de 18 ans",47,12.5
2019,Saskatchewan,"Femmes, moins de 18 ans",47,12.0
2020,Saskatchewan,"Femmes, moins de 18 ans",47,5.4
2021,Saskatchewan,"Femmes, moins de 18 ans",47,7.3
2022,Saskatchewan,"Femmes, moins de 18 ans",47,13.1
2015,Saskatchewan,Hommes,47,10.8
2016,Saskatchewan,Hommes,47,10.3
2017,Saskatchewan,Hommes,47,11.6
2018,Saskatchewan,Hommes,47,10.4
2019,Saskatchewan,Hommes,47,12.4
2020,Saskatchewan,Hommes,47,7.2
2021,Saskatchewan,Hommes,47,9.1
2022,Saskatchewan,Hommes,47,11.1
2015,Saskatchewan,"Hommes, 18 à 64 ans",47,10.5
2016,Saskatchewan,"Hommes, 18 à 64 ans",47,10.7
2017,Saskatchewan,"Hommes, 18 à 64 ans",47,12.1
2018,Saskatchewan,"Hommes, 18 à 64 ans",47,12.1
2019,Saskatchewan,"Hommes, 18 à 64 ans",47,13.5
2020,Saskatchewan,"Hommes, 18 à 64 ans",47,8.0
2021,Saskatchewan,"Hommes, 18 à 64 ans",47,10.2
2022,Saskatchewan,"Hommes, 18 à 64 ans",47,11.8
2015,Saskatchewan,"Hommes, 65 ans et plus",47,4.3
2016,Saskatchewan,"Hommes, 65 ans et plus",47,6.2
2017,Saskatchewan,"Hommes, 65 ans et plus",47,4.8
2018,Saskatchewan,"Hommes, 65 ans et plus",47,3.1
2019,Saskatchewan,"Hommes, 65 ans et plus",47,6.3
2020,Saskatchewan,"Hommes, 65 ans et plus",47,2.8
2021,Saskatchewan,"Hommes, 65 ans et plus",47,4.2
2022,Saskatchewan,"Hommes, 65 ans et plus",47,4.1
2015,Saskatchewan,"Hommes, moins de 18 ans",47,15.5
2016,Saskatchewan,"Hommes, moins de 18 ans",47,11.7
2017,Saskatchewan,"Hommes, moins de 18 ans",47,14.3
2018,Saskatchewan,"Hommes, moins de 18 ans",47,10.5
2019,Saskatchewan,"Hommes, moins de 18 ans",47,13.3
2020,Saskatchewan,"Hommes, moins de 18 ans",47,7.8
2021,Saskatchewan,"Hommes, moins de 18 ans",47,9.7
2022,Saskatchewan,"Hommes, moins de 18 ans",47,14.1
2015,Saskatchewan,Personnes de 18 à 64 ans,47,12.0
2016,Saskatchewan,Personnes de 18 à 64 ans,47,11.6
2017,Saskatchewan,Personnes de 18 à 64 ans,47,12.5
2018,Saskatchewan,Personnes de 18 à 64 ans,47,12.1
2019,Saskatchewan,Personnes de 18 à 64 ans,47,13.2
2020,Saskatchewan,Personnes de 18 à 64 ans,47,7.7
2021,Saskatchewan,Personnes de 18 à 64 ans,47,10.4
2022,Saskatchewan,Personnes de 18 à 64 ans,47,11.9
2015,Saskatchewan,Personnes de 65 ans et plus,47,6.1
2016,Saskatchewan,Personnes de 65 ans et plus,47,6.9
2017,Saskatchewan,Personnes de 65 ans et plus,47,5.5
2018,Saskatchewan,Personnes de 65 ans et plus,47,4.6
2019,Saskatchewan,Personnes de 65 ans et plus,47,5.9
2020,Saskatchewan,Personnes de 65 ans et plus,47,2.9
2021,Saskatchewan,Personnes de 65 ans et plus,47,5.5
2022,Saskatchewan,Personnes de 65 ans et plus,47,4.9
2015,Saskatchewan,Personnes de moins de 18 ans,47,16.7
2016,Saskatchewan,Personnes de moins de 18 ans,47,12.5
2017,Saskatchewan,Personnes de moins de 18 ans,47,14.4
2018,Saskatchewan,Personnes de moins de 18 ans,47,11.5
2019,Saskatchewan,Personnes de moins de 18 ans,47,12.7
2020,Saskatchewan,Personnes de moins de 18 ans,47,6.6
2021,Saskatchewan,Personnes de moins de 18 ans,47,8.5
2022,Saskatchewan,Personnes de moins de 18 ans,47,13.6
2015,"Toronto, Ontario",Toutes les personnes,,19.2
2016,"Toronto, Ontario",Toutes les personnes,,17.6
2017,"Toronto, Ontario",Toutes les personnes,,14.4
2018,"Toronto, Ontario",Toutes les personnes,,14.2
2019,"Toronto, Ontario",Toutes les personnes,,13.1
2020,"Toronto, Ontario",Toutes les personnes,,8.6
2021,"Toronto, Ontario",Toutes les personnes,,9.4
2022,"Toronto, Ontario",Toutes les personnes,,12.6
2015,"Toronto, Ontario",Femmes,,19.8
2016,"Toronto, Ontario",Femmes,,19.1
2017,"Toronto, Ontario",Femmes,,14.5
2018,"Toronto, Ontario",Femmes,,13.2
2019,"Toronto, Ontario",Femmes,,14.0
2020,"Toronto, Ontario",Femmes,,8.5
2021,"Toronto, Ontario",Femmes,,9.6
2022,"Toronto, Ontario",Femmes,,12.8
2015,"Toronto, Ontario","Femmes, 18 à 64 ans",,20.3
2016,"Toronto, Ontario","Femmes, 18 à 64 ans",,19.7
2017,"Toronto, Ontario","Femmes, 18 à 64 ans",,15.5
2018,"Toronto, Ontario","Femmes, 18 à 64 ans",,14.5
2019,"Toronto, Ontario","Femmes, 18 à 64 ans",,14.3
2020,"Toronto, Ontario","Femmes, 18 à 64 ans",,9.3
2021,"Toronto, Ontario","Femmes, 18 à 64 ans",,10.3
2022,"Toronto, Ontario","Femmes, 18 à 64 ans",,13.6
2015,"Toronto, Ontario","Femmes, 65 ans et plus",,10.2
2016,"Toronto, Ontario","Femmes, 65 ans et plus",,8.8
2017,"Toronto, Ontario","Femmes, 65 ans et plus",,6.8
2018,"Toronto, Ontario","Femmes, 65 ans et plus",,7.1
2019,"Toronto, Ontario","Femmes, 65 ans et plus",,8.4
2020,"Toronto, Ontario","Femmes, 65 ans et plus",,4.1
2021,"Toronto, Ontario","Femmes, 65 ans et plus",,7.1
2022,"Toronto, Ontario","Femmes, 65 ans et plus",,10.0
2015,"Toronto, Ontario","Femmes, moins de 18 ans",,24.9
2016,"Toronto, Ontario","Femmes, moins de 18 ans",,25.0
2017,"Toronto, Ontario","Femmes, moins de 18 ans",,16.8
2018,"Toronto, Ontario","Femmes, moins de 18 ans",,14.1
2019,"Toronto, Ontario","Femmes, moins de 18 ans",,17.7
2020,"Toronto, Ontario","Femmes, moins de 18 ans",,9.2
2021,"Toronto, Ontario","Femmes, moins de 18 ans",,9.5
2022,"Toronto, Ontario","Femmes, moins de 18 ans",,12.4
2015,"Toronto, Ontario",Hommes,,18.6
2016,"Toronto, Ontario",Hommes,,15.9
2017,"Toronto, Ontario",Hommes,,14.3
2018,"Toronto, Ontario",Hommes,,15.1
2019,"Toronto, Ontario",Hommes,,12.2
2020,"Toronto, Ontario",Hommes,,8.6
2021,"Toronto, Ontario",Hommes,,9.1
2022,"Toronto, Ontario",Hommes,,12.5
2015,"Toronto, Ontario","Hommes, 18 à 64 ans",,19.4
2016,"Toronto, Ontario","Hommes, 18 à 64 ans",,16.7
2017,"Toronto, Ontario","Hommes, 18 à 64 ans",,15.7
2018,"Toronto, Ontario","Hommes, 18 à 64 ans",,16.2
2019,"Toronto, Ontario","Hommes, 18 à 64 ans",,12.0
2020,"Toronto, Ontario","Hommes, 18 à 64 ans",,9.5
2021,"Toronto, Ontario","Hommes, 18 à 64 ans",,9.7
2022,"Toronto, Ontario","Hommes, 18 à 64 ans",,13.0
2015,"Toronto, Ontario","Hommes, 65 ans et plus",,6.5
2016,"Toronto, Ontario","Hommes, 65 ans et plus",,11.0
2017,"Toronto, Ontario","Hommes, 65 ans et plus",,7.7
2018,"Toronto, Ontario","Hommes, 65 ans et plus",,8.5
2019,"Toronto, Ontario","Hommes, 65 ans et plus",,7.9
2020,"Toronto, Ontario","Hommes, 65 ans et plus",,4.3
2021,"Toronto, Ontario","Hommes, 65 ans et plus",,7.2
2022,"Toronto, Ontario","Hommes, 65 ans et plus",,7.6
2015,"Toronto, Ontario","Hommes, moins de 18 ans",,22.9
2016,"Toronto, Ontario","Hommes, moins de 18 ans",,16.8
2017,"Toronto, Ontario","Hommes, moins de 18 ans",,14.0
2018,"Toronto, Ontario","Hommes, moins de 18 ans",,15.9
2019,"Toronto, Ontario","Hommes, moins de 18 ans",,16.0
2020,"Toronto, Ontario","Hommes, moins de 18 ans",,8.9
2021,"Toronto, Ontario","Hommes, moins de 18 ans",,8.7
2022,"Toronto, Ontario","Hommes, moins de 18 ans",,14.4
2015,"Toronto, Ontario",Personnes de 18 à 64 ans,,19.9
2016,"Toronto, Ontario",Personnes de 18 à 64 ans,,18.2
2017,"Toronto, Ontario",Personnes de 18 à 64 ans,,15.6
2018,"Toronto, Ontario",Personnes de 18 à 64 ans,,15.4
2019,"Toronto, Ontario",Personnes de 18 à 64 ans,,13.2
2020,"Toronto, Ontario",Personnes de 18 à 64 ans,,9.4
2021,"Toronto, Ontario",Personnes de 18 à 64 ans,,10.0
2022,"Toronto, Ontario",Personnes de 18 à 64 ans,,13.3
2015,"Toronto, Ontario",Personnes de 65 ans et plus,,8.6
2016,"Toronto, Ontario",Personnes de 65 ans et plus,,9.8
2017,"Toronto, Ontario",Personnes de 65 ans et plus,,7.2
2018,"Toronto, Ontario",Personnes de 65 ans et plus,,7.8
2019,"Toronto, Ontario",Personnes de 65 ans et plus,,8.2
2020,"Toronto, Ontario",Personnes de 65 ans et plus,,4.2
2021,"Toronto, Ontario",Personnes de 65 ans et plus,,7.1
2022,"Toronto, Ontario",Personnes de 65 ans et plus,,8.9
2015,"Toronto, Ontario",Personnes de moins de 18 ans,,23.9
2016,"Toronto, Ontario",Personnes de moins de 18 ans,,21.0
2017,"Toronto, Ontario",Personnes de moins de 18 ans,,15.4
2018,"Toronto, Ontario",Personnes de moins de 18 ans,,15.0
2019,"Toronto, Ontario",Personnes de moins de 18 ans,,16.9
2020,"Toronto, Ontario",Personnes de moins de 18 ans,,9.0
2021,"Toronto, Ontario",Personnes de moins de 18 ans,,9.1
2022,"Toronto, Ontario",Personnes de moins de 18 ans,,13.4
2015,"Vancouver, Colombie-Britannique",Toutes les personnes,,19.5
2016,"Vancouver, Colombie-Britannique",Toutes les personnes,,15.6
2017,"Vancouver, Colombie-Britannique",Toutes les personnes,,16.0
2018,"Vancouver, Colombie-Britannique",Toutes les personnes,,13.6
2019,"Vancouver, Colombie-Britannique",Toutes les personnes,,11.5
2020,"Vancouver, Colombie-Britannique",Toutes les personnes,,7.8
2021,"Vancouver, Colombie-Britannique",Toutes les personnes,,9.2
2022,"Vancouver, Colombie-Britannique",Toutes les personnes,,12.4
2015,"Vancouver, Colombie-Britannique",Femmes,,19.9
2016,"Vancouver, Colombie-Britannique",Femmes,,15.4
2017,"Vancouver, Colombie-Britannique",Femmes,,15.7
2018,"Vancouver, Colombie-Britannique",Femmes,,13.2
2019,"Vancouver, Colombie-Britannique",Femmes,,12.5
2020,"Vancouver, Colombie-Britannique",Femmes,,7.5
2021,"Vancouver, Colombie-Britannique",Femmes,,10.4
2022,"Vancouver, Colombie-Britannique",Femmes,,12.3
2015,"Vancouver, Colombie-Britannique","Femmes, 18 à 64 ans",,21.2
2016,"Vancouver, Colombie-Britannique","Femmes, 18 à 64 ans",,15.9
2017,"Vancouver, Colombie-Britannique","Femmes, 18 à 64 ans",,17.7
2018,"Vancouver, Colombie-Britannique","Femmes, 18 à 64 ans",,15.4
2019,"Vancouver, Colombie-Britannique","Femmes, 18 à 64 ans",,16.0
2020,"Vancouver, Colombie-Britannique","Femmes, 18 à 64 ans",,8.9
2021,"Vancouver, Colombie-Britannique","Femmes, 18 à 64 ans",,11.1
2022,"Vancouver, Colombie-Britannique","Femmes, 18 à 64 ans",,13.1
2015,"Vancouver, Colombie-Britannique","Femmes, 65 ans et plus",,14.3
2016,"Vancouver, Colombie-Britannique","Femmes, 65 ans et plus",,11.4
2017,"Vancouver, Colombie-Britannique","Femmes, 65 ans et plus",,13.0
2018,"Vancouver, Colombie-Britannique","Femmes, 65 ans et plus",,9.3
2020,"Vancouver, Colombie-Britannique","Femmes, 65 ans et plus",,5.2
2021,"Vancouver, Colombie-Britannique","Femmes, 65 ans et plus",,9.8
2022,"Vancouver, Colombie-Britannique","Femmes, 65 ans et plus",,10.4
2015,"Vancouver, Colombie-Britannique","Femmes, moins de 18 ans",,19.4
2016,"Vancouver, Colombie-Britannique","Femmes, moins de 18 ans",,17.4
2017,"Vancouver, Colombie-Britannique","Femmes, moins de 18 ans",,10.5
2018,"Vancouver, Colombie-Britannique","Femmes, moins de 18 ans",,8.0
2020,"Vancouver, Colombie-Britannique","Femmes, moins de 18 ans",,4.5
2022,"Vancouver, Colombie-Britannique","Femmes, moins de 18 ans",,11.1
2015,"Vancouver, Colombie-Britannique",Hommes,,19.0
2016,"Vancouver, Colombie-Britannique",Hommes,,15.8
2017,"Vancouver, Colombie-Britannique",Hommes,,16.2
2018,"Vancouver, Colombie-Britannique",Hommes,,13.9
2019,"Vancouver, Colombie-Britannique",Hommes,,10.6
2020,"Vancouver, Colombie-Britannique",Hommes,,8.0
2021,"Vancouver, Colombie-Britannique",Hommes,,8.0
2022,"Vancouver, Colombie-Britannique",Hommes,,12.5
2015,"Vancouver, Colombie-Britannique","Hommes, 18 à 64 ans",,20.1
2016,"Vancouver, Colombie-Britannique","Hommes, 18 à 64 ans",,16.5
2017,"Vancouver, Colombie-Britannique","Hommes, 18 à 64 ans",,16.8
2018,"Vancouver, Colombie-Britannique","Hommes, 18 à 64 ans",,15.4
2019,"Vancouver, Colombie-Britannique","Hommes, 18 à 64 ans",,13.3
2020,"Vancouver, Colombie-Britannique","Hommes, 18 à 64 ans",,9.8
2021,"Vancouver, Colombie-Britannique","Hommes, 18 à 64 ans",,7.9
2022,"Vancouver, Colombie-Britannique","Hommes, 18 à 64 ans",,13.2
2015,"Vancouver, Colombie-Britannique","Hommes, 65 ans et plus",,16.4
2016,"Vancouver, Colombie-Britannique","Hommes, 65 ans et plus",,8.5
2017,"Vancouver, Colombie-Britannique","Hommes, 65 ans et plus",,13.0
2018,"Vancouver, Colombie-Britannique","Hommes, 65 ans et plus",,8.6
2019,"Vancouver, Colombie-Britannique","Hommes, 65 ans et plus",,6.1
2020,"Vancouver, Colombie-Britannique","Hommes, 65 ans et plus",,3.5
2021,"Vancouver, Colombie-Britannique","Hommes, 65 ans et plus",,7.3
2022,"Vancouver, Colombie-Britannique","Hommes, 65 ans et plus",,10.3
2015,"Vancouver, Colombie-Britannique","Hommes, moins de 18 ans",,17.3
2016,"Vancouver, Colombie-Britannique","Hommes, moins de 18 ans",,19.2
2017,"Vancouver, Colombie-Britannique","Hommes, moins de 18 ans",,16.2
2018,"Vancouver, Colombie-Britannique","Hommes, moins de 18 ans",,12.9
2021,"Vancouver, Colombie-Britannique","Hommes, moins de 18 ans",,9.2
2022,"Vancouver, Colombie-Britannique","Hommes, moins de 18 ans",,11.6
2015,"Vancouver, Colombie-Britannique",Personnes de 18 à 64 ans,,20.7
2016,"Vancouver, Colombie-Britannique",Personnes de 18 à 64 ans,,16.2
2017,"Vancouver, Colombie-Britannique",Personnes de 18 à 64 ans,,17.3
2018,"Vancouver, Colombie-Britannique",Personnes de 18 à 64 ans,,15.4
2019,"Vancouver, Colombie-Britannique",Personnes de 18 à 64 ans,,14.7
2020,"Vancouver, Colombie-Britannique",Personnes de 18 à 64 ans,,9.4
2021,"Vancouver, Colombie-Britannique",Personnes de 18 à 64 ans,,9.6
2022,"Vancouver, Colombie-Britannique",Personnes de 18 à 64 ans,,13.2
2015,"Vancouver, Colombie-Britannique",Personnes de 65 ans et plus,,15.3
2016,"Vancouver, Colombie-Britannique",Personnes de 65 ans et plus,,10.0
2017,"Vancouver, Colombie-Britannique",Personnes de 65 ans et plus,,13.0
2018,"Vancouver, Colombie-Britannique",Personnes de 65 ans et plus,,9.0
2019,"Vancouver, Colombie-Britannique",Personnes de 65 ans et plus,,5.6
2020,"Vancouver, Colombie-Britannique",Personnes de 65 ans et plus,,4.4
2021,"Vancouver, Colombie-Britannique",Personnes de 65 ans et plus,,8.6
2022,"Vancouver, Colombie-Britannique",Personnes de 65 ans et plus,,10.4
2015,"Vancouver, Colombie-Britannique",Personnes de moins de 18 ans,,18.3
2016,"Vancouver, Colombie-Britannique",Personnes de moins de 18 ans,,18.4
2017,"Vancouver, Colombie-Britannique",Personnes de moins de 18 ans,,13.5
2018,"Vancouver, Colombie-Britannique",Personnes de moins de 18 ans,,10.5
2019,"Vancouver, Colombie-Britannique",Personnes de moins de 18 ans,,4.6
2020,"Vancouver, Colombie-Britannique",Personnes de moins de 18 ans,,4.7
2021,"Vancouver, Colombie-Britannique",Personnes de moins de 18 ans,,8.4
2022,"Vancouver, Colombie-Britannique",Personnes de moins de 18 ans,,11.4
2015,"Winnipeg, Manitoba",Toutes les personnes,,15.7
2016,"Winnipeg, Manitoba",Toutes les personnes,,13.6
2017,"Winnipeg, Manitoba",Toutes les personnes,,12.6
2018,"Winnipeg, Manitoba",Toutes les personnes,,12.4
2019,"Winnipeg, Manitoba",Toutes les personnes,,11.9
2020,"Winnipeg, Manitoba",Toutes les personnes,,6.6
2021,"Winnipeg, Manitoba",Toutes les personnes,,9.3
2022,"Winnipeg, Manitoba",Toutes les personnes,,11.3
2015,"Winnipeg, Manitoba",Femmes,,15.4
2016,"Winnipeg, Manitoba",Femmes,,13.4
2017,"Winnipeg, Manitoba",Femmes,,12.7
2018,"Winnipeg, Manitoba",Femmes,,12.7
2019,"Winnipeg, Manitoba",Femmes,,11.1
2020,"Winnipeg, Manitoba",Femmes,,5.8
2021,"Winnipeg, Manitoba",Femmes,,10.2
2022,"Winnipeg, Manitoba",Femmes,,11.8
2015,"Winnipeg, Manitoba","Femmes, 18 à 64 ans",,16.5
2016,"Winnipeg, Manitoba","Femmes, 18 à 64 ans",,14.0
2017,"Winnipeg, Manitoba","Femmes, 18 à 64 ans",,13.3
2018,"Winnipeg, Manitoba","Femmes, 18 à 64 ans",,13.4
2019,"Winnipeg, Manitoba","Femmes, 18 à 64 ans",,12.1
2020,"Winnipeg, Manitoba","Femmes, 18 à 64 ans",,7.0
2021,"Winnipeg, Manitoba","Femmes, 18 à 64 ans",,9.7
2022,"Winnipeg, Manitoba","Femmes, 18 à 64 ans",,12.6
2015,"Winnipeg, Manitoba","Femmes, 65 ans et plus",,8.4
2016,"Winnipeg, Manitoba","Femmes, 65 ans et plus",,6.3
2017,"Winnipeg, Manitoba","Femmes, 65 ans et plus",,6.7
2018,"Winnipeg, Manitoba","Femmes, 65 ans et plus",,7.6
2019,"Winnipeg, Manitoba","Femmes, 65 ans et plus",,7.0
2020,"Winnipeg, Manitoba","Femmes, 65 ans et plus",,3.3
2021,"Winnipeg, Manitoba","Femmes, 65 ans et plus",,8.6
2022,"Winnipeg, Manitoba","Femmes, 65 ans et plus",,8.3
2015,"Winnipeg, Manitoba","Femmes, moins de 18 ans",,17.4
2016,"Winnipeg, Manitoba","Femmes, moins de 18 ans",,16.8
2017,"Winnipeg, Manitoba","Femmes, moins de 18 ans",,15.7
2018,"Winnipeg, Manitoba","Femmes, moins de 18 ans",,14.5
2019,"Winnipeg, Manitoba","Femmes, moins de 18 ans",,11.4
2020,"Winnipeg, Manitoba","Femmes, moins de 18 ans",,4.0
2021,"Winnipeg, Manitoba","Femmes, moins de 18 ans",,12.9
2022,"Winnipeg, Manitoba","Femmes, moins de 18 ans",,12.4
2015,"Winnipeg, Manitoba",Hommes,,16.0
2016,"Winnipeg, Manitoba",Hommes,,13.8
2017,"Winnipeg, Manitoba",Hommes,,12.4
2018,"Winnipeg, Manitoba",Hommes,,12.1
2019,"Winnipeg, Manitoba",Hommes,,12.7
2020,"Winnipeg, Manitoba",Hommes,,7.4
2021,"Winnipeg, Manitoba",Hommes,,8.5
2022,"Winnipeg, Manitoba",Hommes,,10.9
2015,"Winnipeg, Manitoba","Hommes, 18 à 64 ans",,15.8
2016,"Winnipeg, Manitoba","Hommes, 18 à 64 ans",,14.2
2017,"Winnipeg, Manitoba","Hommes, 18 à 64 ans",,13.7
2018,"Winnipeg, Manitoba","Hommes, 18 à 64 ans",,12.8
2019,"Winnipeg, Manitoba","Hommes, 18 à 64 ans",,13.2
2020,"Winnipeg, Manitoba","Hommes, 18 à 64 ans",,9.1
2021,"Winnipeg, Manitoba","Hommes, 18 à 64 ans",,9.4
2022,"Winnipeg, Manitoba","Hommes, 18 à 64 ans",,11.6
2016,"Winnipeg, Manitoba","Hommes, 65 ans et plus",,3.7
2017,"Winnipeg, Manitoba","Hommes, 65 ans et plus",,6.0
2018,"Winnipeg, Manitoba","Hommes, 65 ans et plus",,5.1
2019,"Winnipeg, Manitoba","Hommes, 65 ans et plus",,7.1
2020,"Winnipeg, Manitoba","Hommes, 65 ans et plus",,1.6
2021,"Winnipeg, Manitoba","Hommes, 65 ans et plus",,4.1
2022,"Winnipeg, Manitoba","Hommes, 65 ans et plus",,5.8
2015,"Winnipeg, Manitoba","Hommes, moins de 18 ans",,24.7
2016,"Winnipeg, Manitoba","Hommes, moins de 18 ans",,18.3
2017,"Winnipeg, Manitoba","Hommes, moins de 18 ans",,12.2
2018,"Winnipeg, Manitoba","Hommes, moins de 18 ans",,14.7
2019,"Winnipeg, Manitoba","Hommes, moins de 18 ans",,15.0
2020,"Winnipeg, Manitoba","Hommes, moins de 18 ans",,6.6
2021,"Winnipeg, Manitoba","Hommes, moins de 18 ans",,8.9
2022,"Winnipeg, Manitoba","Hommes, moins de 18 ans",,12.7
2015,"Winnipeg, Manitoba",Personnes de 18 à 64 ans,,16.1
2016,"Winnipeg, Manitoba",Personnes de 18 à 64 ans,,14.1
2017,"Winnipeg, Manitoba",Personnes de 18 à 64 ans,,13.5
2018,"Winnipeg, Manitoba",Personnes de 18 à 64 ans,,13.1
2019,"Winnipeg, Manitoba",Personnes de 18 à 64 ans,,12.7
2020,"Winnipeg, Manitoba",Personnes de 18 à 64 ans,,8.0
2021,"Winnipeg, Manitoba",Personnes de 18 à 64 ans,,9.5
2022,"Winnipeg, Manitoba",Personnes de 18 à 64 ans,,12.1
2015,"Winnipeg, Manitoba",Personnes de 65 ans et plus,,5.8
2016,"Winnipeg, Manitoba",Personnes de 65 ans et plus,,5.1
2017,"Winnipeg, Manitoba",Personnes de 65 ans et plus,,6.4
2018,"Winnipeg, Manitoba",Personnes de 65 ans et plus,,6.4
2019,"Winnipeg, Manitoba",Personnes de 65 ans et plus,,7.0
2020,"Winnipeg, Manitoba",Personnes de 65 ans et plus,,2.5
2021,"Winnipeg, Manitoba",Personnes de 65 ans et plus,,6.5
2022,"Winnipeg, Manitoba",Personnes de 65 ans et plus,,7.1
2015,"Winnipeg, Manitoba",Personnes de moins de 18 ans,,21.0
2016,"Winnipeg, Manitoba",Personnes de moins de 18 ans,,17.6
2017,"Winnipeg, Manitoba",Personnes de moins de 18 ans,,14.0
2018,"Winnipeg, Manitoba",Personnes de moins de 18 ans,,14.6
2019,"Winnipeg, Manitoba",Personnes de moins de 18 ans,,13.2
2020,"Winnipeg, Manitoba",Personnes de moins de 18 ans,,5.3
2021,"Winnipeg, Manitoba",Personnes de moins de 18 ans,,10.9
2022,"Winnipeg, Manitoba",Personnes de moins de 18 ans,,12.6
2018,Yukon,Toutes les personnes,60,11.1
2019,Yukon,Toutes les personnes,60,9.0
2018,Yukon and Northwest Territories,Toutes les personnes,,14.5
2019,Yukon and Northwest Territories,Toutes les personnes,,10.8
2018,Yukon and Northwest Territories,Personnes de 18 à 64 ans,,12.6
2019,Yukon and Northwest Territories,Personnes de 18 à 64 ans,,9.0
2018,Yukon and Northwest Territories,Personnes de 65 ans et plus,,21.3
2019,Yukon and Northwest Territories,Personnes de 65 ans et plus,,17.7
2018,Yukon and Northwest Territories,Personnes de moins de 18 ans,,17.0
2019,Yukon and Northwest Territories,Personnes de moins de 18 ans,,13.1
