Year,Series,Units,Services de base,Sources des déchets à des fins d'élimination,Niveau de compétence,Sexe,Géographie,GeoCode,Value
2000,Accès aux services d’eau potable de base,Pourcentage (%),,,,,,,98.2
2001,Accès aux services d’eau potable de base,Pourcentage (%),,,,,,,98.2
2002,Accès aux services d’eau potable de base,Pourcentage (%),,,,,,,98.2
2003,Accès aux services d’eau potable de base,Pourcentage (%),,,,,,,98.2
2004,Accès aux services d’eau potable de base,Pourcentage (%),,,,,,,98.2
2005,Accès aux services d’eau potable de base,Pourcentage (%),,,,,,,98.2
2006,Accès aux services d’eau potable de base,Pourcentage (%),,,,,,,98.3
2007,Accès aux services d’eau potable de base,Pourcentage (%),,,,,,,98.4
2008,Accès aux services d’eau potable de base,Pourcentage (%),,,,,,,98.4
2009,Accès aux services d’eau potable de base,Pourcentage (%),,,,,,,98.5
2010,Accès aux services d’eau potable de base,Pourcentage (%),,,,,,,98.5
2011,Accès aux services d’eau potable de base,Pourcentage (%),,,,,,,98.6
2012,Accès aux services d’eau potable de base,Pourcentage (%),,,,,,,98.7
2013,Accès aux services d’eau potable de base,Pourcentage (%),,,,,,,98.7
2014,Accès aux services d’eau potable de base,Pourcentage (%),,,,,,,98.8
2015,Accès aux services d’eau potable de base,Pourcentage (%),,,,,,,98.8
2016,Accès aux services d’eau potable de base,Pourcentage (%),,,,,,,98.9
2017,Accès aux services d’eau potable de base,Pourcentage (%),,,,,,,98.9
2018,Accès aux services d’eau potable de base,Pourcentage (%),,,,,,,99.0
2019,Accès aux services d’eau potable de base,Pourcentage (%),,,,,,,99.0
2020,Accès aux services d’eau potable de base,Pourcentage (%),,,,,,,99.0
2021,Accès aux services d’eau potable de base,Pourcentage (%),,,,,,,99.0
2022,Accès aux services d’eau potable de base,Pourcentage (%),,,,,,,99.0
2000,Accès aux services d’assainissement de base,Pourcentage (%),,,,,,,77.4
2001,Accès aux services d’assainissement de base,Pourcentage (%),,,,,,,77.4
2002,Accès aux services d’assainissement de base,Pourcentage (%),,,,,,,77.4
2003,Accès aux services d’assainissement de base,Pourcentage (%),,,,,,,77.8
2004,Accès aux services d’assainissement de base,Pourcentage (%),,,,,,,78.3
2005,Accès aux services d’assainissement de base,Pourcentage (%),,,,,,,78.7
2006,Accès aux services d’assainissement de base,Pourcentage (%),,,,,,,79.2
2007,Accès aux services d’assainissement de base,Pourcentage (%),,,,,,,79.6
2008,Accès aux services d’assainissement de base,Pourcentage (%),,,,,,,79.9
2009,Accès aux services d’assainissement de base,Pourcentage (%),,,,,,,80.3
2010,Accès aux services d’assainissement de base,Pourcentage (%),,,,,,,80.7
2011,Accès aux services d’assainissement de base,Pourcentage (%),,,,,,,81.1
2012,Accès aux services d’assainissement de base,Pourcentage (%),,,,,,,81.4
2013,Accès aux services d’assainissement de base,Pourcentage (%),,,,,,,81.8
2014,Accès aux services d’assainissement de base,Pourcentage (%),,,,,,,82.2
2015,Accès aux services d’assainissement de base,Pourcentage (%),,,,,,,82.6
2016,Accès aux services d’assainissement de base,Pourcentage (%),,,,,,,82.9
2017,Accès aux services d’assainissement de base,Pourcentage (%),,,,,,,83.3
2018,Accès aux services d’assainissement de base,Pourcentage (%),,,,,,,83.7
2019,Accès aux services d’assainissement de base,Pourcentage (%),,,,,,,84.1
2020,Accès aux services d’assainissement de base,Pourcentage (%),,,,,,,84.0
2021,Accès aux services d’assainissement de base,Pourcentage (%),,,,,,,83.9
2022,Accès aux services d’assainissement de base,Pourcentage (%),,,,,,,83.9
2015,Accès à des carburants et technologies propres,Pourcentage (%),,,,,,,100.0
2016,Accès à des carburants et technologies propres,Pourcentage (%),,,,,,,100.0
2017,Accès à des carburants et technologies propres,Pourcentage (%),,,,,,,100.0
2018,Accès à des carburants et technologies propres,Pourcentage (%),,,,,,,100.0
2019,Accès à des carburants et technologies propres,Pourcentage (%),,,,,,,100.0
2020,Accès à des carburants et technologies propres,Pourcentage (%),,,,,,,100.0
2021,Accès à des carburants et technologies propres,Pourcentage (%),,,,,,,100.0
2022,Accès à des carburants et technologies propres,Pourcentage (%),,,,,,,100.0
2021,Accès à la mobilité de base,Pourcentage (%),Proportion de la population rurale vivant à moins de 2 km d’une route praticable toute l’année,,,,,,97.7
2021,Accès à la mobilité de base,Pourcentage (%),Proportion de la population rurale vivant à moins de 2 km d’une route praticable toute l’année,,,,Terre-Neuve-et-Labrador,10,96.1
2021,Accès à la mobilité de base,Pourcentage (%),Proportion de la population rurale vivant à moins de 2 km d’une route praticable toute l’année,,,,Île-du-Prince-Édouard,11,99.9
2021,Accès à la mobilité de base,Pourcentage (%),Proportion de la population rurale vivant à moins de 2 km d’une route praticable toute l’année,,,,Nouvelle-Écosse,12,97.7
2021,Accès à la mobilité de base,Pourcentage (%),Proportion de la population rurale vivant à moins de 2 km d’une route praticable toute l’année,,,,Nouveau-Brunswick,13,97.1
2021,Accès à la mobilité de base,Pourcentage (%),Proportion de la population rurale vivant à moins de 2 km d’une route praticable toute l’année,,,,Québec,24,98.0
2021,Accès à la mobilité de base,Pourcentage (%),Proportion de la population rurale vivant à moins de 2 km d’une route praticable toute l’année,,,,Ontario,35,98.8
2021,Accès à la mobilité de base,Pourcentage (%),Proportion de la population rurale vivant à moins de 2 km d’une route praticable toute l’année,,,,Manitoba,46,97.2
2021,Accès à la mobilité de base,Pourcentage (%),Proportion de la population rurale vivant à moins de 2 km d’une route praticable toute l’année,,,,Saskatchewan,47,98.2
2021,Accès à la mobilité de base,Pourcentage (%),Proportion de la population rurale vivant à moins de 2 km d’une route praticable toute l’année,,,,Alberta,48,98.0
2021,Accès à la mobilité de base,Pourcentage (%),Proportion de la population rurale vivant à moins de 2 km d’une route praticable toute l’année,,,,Colombie-Britannique,59,95.0
2021,Accès à la mobilité de base,Pourcentage (%),Proportion de la population rurale vivant à moins de 2 km d’une route praticable toute l’année,,,,Yukon,60,88.2
2021,Accès à la mobilité de base,Pourcentage (%),Proportion de la population rurale vivant à moins de 2 km d’une route praticable toute l’année,,,,Territoires du Nord-Ouest,61,91.8
2021,Accès à la mobilité de base,Pourcentage (%),Proportion de la population rurale vivant à moins de 2 km d’une route praticable toute l’année,,,,Nunavut,62,82.2
2023,Accès à la mobilité de base,Pourcentage (%),Proportion de la population située dans un rayon de 500 mètres d’un arrêt de transport en commun,,,,,,75.1
2016,Accès à la mobilité de base,Pourcentage (%),Proportion de la population située dans un rayon de 500 mètres d’un arrêt de transport en commun,,,,Terre-Neuve-et-Labrador,10,26.7
2016,Accès à la mobilité de base,Pourcentage (%),Proportion de la population située dans un rayon de 500 mètres d’un arrêt de transport en commun,,,,"St. John's, Terre-Neuve-et-Labrador",,59.9
2016,Accès à la mobilité de base,Pourcentage (%),Proportion de la population située dans un rayon de 500 mètres d’un arrêt de transport en commun,,,,Île-du-Prince-Édouard,11,16.9
2016,Accès à la mobilité de base,Pourcentage (%),Proportion de la population située dans un rayon de 500 mètres d’un arrêt de transport en commun,,,,Nouvelle-Écosse,12,37.6
2016,Accès à la mobilité de base,Pourcentage (%),Proportion de la population située dans un rayon de 500 mètres d’un arrêt de transport en commun,,,,"Halifax, Nouvelle-Écosse",,70.9
2016,Accès à la mobilité de base,Pourcentage (%),Proportion de la population située dans un rayon de 500 mètres d’un arrêt de transport en commun,,,,Nouveau-Brunswick,13,28.8
2016,Accès à la mobilité de base,Pourcentage (%),Proportion de la population située dans un rayon de 500 mètres d’un arrêt de transport en commun,,,,"Moncton, Nouveau-Brunswick",,65.4
2016,Accès à la mobilité de base,Pourcentage (%),Proportion de la population située dans un rayon de 500 mètres d’un arrêt de transport en commun,,,,"Saint John, Nouveau-Brunswick",,49.1
2016,Accès à la mobilité de base,Pourcentage (%),Proportion de la population située dans un rayon de 500 mètres d’un arrêt de transport en commun,,,,Québec,24,66.6
2016,Accès à la mobilité de base,Pourcentage (%),Proportion de la population située dans un rayon de 500 mètres d’un arrêt de transport en commun,,,,"Ottawa - Gatineau (partie du Québec), Québec",,77.2
2016,Accès à la mobilité de base,Pourcentage (%),Proportion de la population située dans un rayon de 500 mètres d’un arrêt de transport en commun,,,,"Saguenay, Québec",,75.4
2016,Accès à la mobilité de base,Pourcentage (%),Proportion de la population située dans un rayon de 500 mètres d’un arrêt de transport en commun,,,,"Sherbrooke, Québec",,76.4
2016,Accès à la mobilité de base,Pourcentage (%),Proportion de la population située dans un rayon de 500 mètres d’un arrêt de transport en commun,,,,Ontario,35,75.2
2016,Accès à la mobilité de base,Pourcentage (%),Proportion de la population située dans un rayon de 500 mètres d’un arrêt de transport en commun,,,,"Barrie, Ontario",,66.8
2016,Accès à la mobilité de base,Pourcentage (%),Proportion de la population située dans un rayon de 500 mètres d’un arrêt de transport en commun,,,,"Belleville, Ontario",,57.1
2016,Accès à la mobilité de base,Pourcentage (%),Proportion de la population située dans un rayon de 500 mètres d’un arrêt de transport en commun,,,,"Brantford, Ontario",,69.6
2016,Accès à la mobilité de base,Pourcentage (%),Proportion de la population située dans un rayon de 500 mètres d’un arrêt de transport en commun,,,,"Greater Sudbury / Grand Sudbury, Ontario",,66.5
2016,Accès à la mobilité de base,Pourcentage (%),Proportion de la population située dans un rayon de 500 mètres d’un arrêt de transport en commun,,,,"Guelph, Ontario",,83.5
2016,Accès à la mobilité de base,Pourcentage (%),Proportion de la population située dans un rayon de 500 mètres d’un arrêt de transport en commun,,,,"Hamilton, Ontario",,81.1
2016,Accès à la mobilité de base,Pourcentage (%),Proportion de la population située dans un rayon de 500 mètres d’un arrêt de transport en commun,,,,"Kingston, Ontario",,69.4
2016,Accès à la mobilité de base,Pourcentage (%),Proportion de la population située dans un rayon de 500 mètres d’un arrêt de transport en commun,,,,"Kitchener - Cambridge - Waterloo, Ontario",,86.2
2016,Accès à la mobilité de base,Pourcentage (%),Proportion de la population située dans un rayon de 500 mètres d’un arrêt de transport en commun,,,,"London, Ontario",,77.7
2016,Accès à la mobilité de base,Pourcentage (%),Proportion de la population située dans un rayon de 500 mètres d’un arrêt de transport en commun,,,,"Oshawa, Ontario",,88.7
2016,Accès à la mobilité de base,Pourcentage (%),Proportion de la population située dans un rayon de 500 mètres d’un arrêt de transport en commun,,,,"Ottawa - Gatineau (partie de l'Ontario), Ontario",,85.0
2016,Accès à la mobilité de base,Pourcentage (%),Proportion de la population située dans un rayon de 500 mètres d’un arrêt de transport en commun,,,,"Peterborough, Ontario",,62.7
2016,Accès à la mobilité de base,Pourcentage (%),Proportion de la population située dans un rayon de 500 mètres d’un arrêt de transport en commun,,,,"St. Catharines - Niagara, Ontario",,80.9
2016,Accès à la mobilité de base,Pourcentage (%),Proportion de la population située dans un rayon de 500 mètres d’un arrêt de transport en commun,,,,"Thunder Bay, Ontario",,76.3
2016,Accès à la mobilité de base,Pourcentage (%),Proportion de la population située dans un rayon de 500 mètres d’un arrêt de transport en commun,,,,"Toronto, Ontario",,93.0
2016,Accès à la mobilité de base,Pourcentage (%),Proportion de la population située dans un rayon de 500 mètres d’un arrêt de transport en commun,,,,"Windsor, Ontario",,67.1
2016,Accès à la mobilité de base,Pourcentage (%),Proportion de la population située dans un rayon de 500 mètres d’un arrêt de transport en commun,,,,Manitoba,46,57.4
2016,Accès à la mobilité de base,Pourcentage (%),Proportion de la population située dans un rayon de 500 mètres d’un arrêt de transport en commun,,,,"Winnipeg, Manitoba",,88.2
2016,Accès à la mobilité de base,Pourcentage (%),Proportion de la population située dans un rayon de 500 mètres d’un arrêt de transport en commun,,,,Saskatchewan,47,50.3
2016,Accès à la mobilité de base,Pourcentage (%),Proportion de la population située dans un rayon de 500 mètres d’un arrêt de transport en commun,,,,"Regina, Saskatchewan",,90.4
2016,Accès à la mobilité de base,Pourcentage (%),Proportion de la population située dans un rayon de 500 mètres d’un arrêt de transport en commun,,,,"Saskatoon, Saskatchewan",,82.6
2016,Accès à la mobilité de base,Pourcentage (%),Proportion de la population située dans un rayon de 500 mètres d’un arrêt de transport en commun,,,,Alberta,48,67.9
2016,Accès à la mobilité de base,Pourcentage (%),Proportion de la population située dans un rayon de 500 mètres d’un arrêt de transport en commun,,,,"Calgary, Alberta",,88.9
2016,Accès à la mobilité de base,Pourcentage (%),Proportion de la population située dans un rayon de 500 mètres d’un arrêt de transport en commun,,,,"Edmonton, Alberta",,82.7
2016,Accès à la mobilité de base,Pourcentage (%),Proportion de la population située dans un rayon de 500 mètres d’un arrêt de transport en commun,,,,"Lethbridge, Alberta",,71.6
2016,Accès à la mobilité de base,Pourcentage (%),Proportion de la population située dans un rayon de 500 mètres d’un arrêt de transport en commun,,,,Colombie-Britannique,59,78.4
2016,Accès à la mobilité de base,Pourcentage (%),Proportion de la population située dans un rayon de 500 mètres d’un arrêt de transport en commun,,,,"Abbotsford - Mission, Colombie-Britannique",,79.3
2016,Accès à la mobilité de base,Pourcentage (%),Proportion de la population située dans un rayon de 500 mètres d’un arrêt de transport en commun,,,,"Kelowna, Colombie-Britannique",,73.7
2016,Accès à la mobilité de base,Pourcentage (%),Proportion de la population située dans un rayon de 500 mètres d’un arrêt de transport en commun,,,,"Vancouver, Colombie-Britannique",,92.7
2016,Accès à la mobilité de base,Pourcentage (%),Proportion de la population située dans un rayon de 500 mètres d’un arrêt de transport en commun,,,,"Victoria, Colombie-Britannique",,90.4
2016,Accès à la mobilité de base,Pourcentage (%),Proportion de la population située dans un rayon de 500 mètres d’un arrêt de transport en commun,,,,Yukon,60,56.3
2016,Accès à la mobilité de base,Pourcentage (%),Proportion de la population située dans un rayon de 500 mètres d’un arrêt de transport en commun,,,,Territoires du Nord-Ouest,61,41.4
2016,Accès à la mobilité de base,Pourcentage (%),Proportion de la population située dans un rayon de 500 mètres d’un arrêt de transport en commun,,,,Nunavut,62,0.0
2023,Accès à la mobilité de base,Pourcentage (%),Proportion de la population située dans un rayon de 500 mètres d’un arrêt de transport en commun,,,,Terre-Neuve-et-Labrador,10,54.5
2023,Accès à la mobilité de base,Pourcentage (%),Proportion de la population située dans un rayon de 500 mètres d’un arrêt de transport en commun,,,,"St. John's, Terre-Neuve-et-Labrador",,54.7
2023,Accès à la mobilité de base,Pourcentage (%),Proportion de la population située dans un rayon de 500 mètres d’un arrêt de transport en commun,,,,Île-du-Prince-Édouard,11,40.4
2023,Accès à la mobilité de base,Pourcentage (%),Proportion de la population située dans un rayon de 500 mètres d’un arrêt de transport en commun,,,,Nouvelle-Écosse,12,58.3
2023,Accès à la mobilité de base,Pourcentage (%),Proportion de la population située dans un rayon de 500 mètres d’un arrêt de transport en commun,,,,"Halifax, Nouvelle-Écosse",,65.0
2023,Accès à la mobilité de base,Pourcentage (%),Proportion de la population située dans un rayon de 500 mètres d’un arrêt de transport en commun,,,,Nouveau-Brunswick,13,51.1
2023,Accès à la mobilité de base,Pourcentage (%),Proportion de la population située dans un rayon de 500 mètres d’un arrêt de transport en commun,,,,"Moncton, Nouveau-Brunswick",,62.7
2023,Accès à la mobilité de base,Pourcentage (%),Proportion de la population située dans un rayon de 500 mètres d’un arrêt de transport en commun,,,,"Saint John, Nouveau-Brunswick",,42.3
2023,Accès à la mobilité de base,Pourcentage (%),Proportion de la population située dans un rayon de 500 mètres d’un arrêt de transport en commun,,,,Québec,24,79.2
2023,Accès à la mobilité de base,Pourcentage (%),Proportion de la population située dans un rayon de 500 mètres d’un arrêt de transport en commun,,,,"Saguenay, Québec",,79.2
2023,Accès à la mobilité de base,Pourcentage (%),Proportion de la population située dans un rayon de 500 mètres d’un arrêt de transport en commun,,,,"Sherbrooke, Québec",,72.7
2023,Accès à la mobilité de base,Pourcentage (%),Proportion de la population située dans un rayon de 500 mètres d’un arrêt de transport en commun,,,,Ontario,35,73.8
2023,Accès à la mobilité de base,Pourcentage (%),Proportion de la population située dans un rayon de 500 mètres d’un arrêt de transport en commun,,,,"Barrie, Ontario",,56.3
2023,Accès à la mobilité de base,Pourcentage (%),Proportion de la population située dans un rayon de 500 mètres d’un arrêt de transport en commun,,,,"Belleville, Ontario",,55.9
2023,Accès à la mobilité de base,Pourcentage (%),Proportion de la population située dans un rayon de 500 mètres d’un arrêt de transport en commun,,,,"Brantford, Ontario",,65.2
2023,Accès à la mobilité de base,Pourcentage (%),Proportion de la population située dans un rayon de 500 mètres d’un arrêt de transport en commun,,,,"Greater Sudbury / Grand Sudbury, Ontario",,67.5
2023,Accès à la mobilité de base,Pourcentage (%),Proportion de la population située dans un rayon de 500 mètres d’un arrêt de transport en commun,,,,"Guelph, Ontario",,76.7
2023,Accès à la mobilité de base,Pourcentage (%),Proportion de la population située dans un rayon de 500 mètres d’un arrêt de transport en commun,,,,"Hamilton, Ontario",,71.5
2023,Accès à la mobilité de base,Pourcentage (%),Proportion de la population située dans un rayon de 500 mètres d’un arrêt de transport en commun,,,,"Kingston, Ontario",,67.0
2023,Accès à la mobilité de base,Pourcentage (%),Proportion de la population située dans un rayon de 500 mètres d’un arrêt de transport en commun,,,,"Kitchener - Cambridge - Waterloo, Ontario",,76.7
2023,Accès à la mobilité de base,Pourcentage (%),Proportion de la population située dans un rayon de 500 mètres d’un arrêt de transport en commun,,,,"London, Ontario",,69.5
2023,Accès à la mobilité de base,Pourcentage (%),Proportion de la population située dans un rayon de 500 mètres d’un arrêt de transport en commun,,,,"Oshawa, Ontario",,62.5
2023,Accès à la mobilité de base,Pourcentage (%),Proportion de la population située dans un rayon de 500 mètres d’un arrêt de transport en commun,,,,"Ottawa - Gatineau (partie de l'Ontario), Ontario",,76.4
2023,Accès à la mobilité de base,Pourcentage (%),Proportion de la population située dans un rayon de 500 mètres d’un arrêt de transport en commun,,,,"Peterborough, Ontario",,61.3
2023,Accès à la mobilité de base,Pourcentage (%),Proportion de la population située dans un rayon de 500 mètres d’un arrêt de transport en commun,,,,"St. Catharines - Niagara, Ontario",,60.6
2023,Accès à la mobilité de base,Pourcentage (%),Proportion de la population située dans un rayon de 500 mètres d’un arrêt de transport en commun,,,,"Thunder Bay, Ontario",,74.8
2023,Accès à la mobilité de base,Pourcentage (%),Proportion de la population située dans un rayon de 500 mètres d’un arrêt de transport en commun,,,,"Toronto, Ontario",,82.9
2023,Accès à la mobilité de base,Pourcentage (%),Proportion de la population située dans un rayon de 500 mètres d’un arrêt de transport en commun,,,,"Windsor, Ontario",,50.1
2023,Accès à la mobilité de base,Pourcentage (%),Proportion de la population située dans un rayon de 500 mètres d’un arrêt de transport en commun,,,,Manitoba,46,82.7
2023,Accès à la mobilité de base,Pourcentage (%),Proportion de la population située dans un rayon de 500 mètres d’un arrêt de transport en commun,,,,"Winnipeg, Manitoba",,83.2
2023,Accès à la mobilité de base,Pourcentage (%),Proportion de la population située dans un rayon de 500 mètres d’un arrêt de transport en commun,,,,Saskatchewan,47,79.7
2023,Accès à la mobilité de base,Pourcentage (%),Proportion de la population située dans un rayon de 500 mètres d’un arrêt de transport en commun,,,,"Regina, Saskatchewan",,86.4
2023,Accès à la mobilité de base,Pourcentage (%),Proportion de la population située dans un rayon de 500 mètres d’un arrêt de transport en commun,,,,"Saskatoon, Saskatchewan",,79.8
2023,Accès à la mobilité de base,Pourcentage (%),Proportion de la population située dans un rayon de 500 mètres d’un arrêt de transport en commun,,,,Alberta,48,76.4
2023,Accès à la mobilité de base,Pourcentage (%),Proportion de la population située dans un rayon de 500 mètres d’un arrêt de transport en commun,,,,"Calgary, Alberta",,80.1
2023,Accès à la mobilité de base,Pourcentage (%),Proportion de la population située dans un rayon de 500 mètres d’un arrêt de transport en commun,,,,"Edmonton, Alberta",,75.2
2023,Accès à la mobilité de base,Pourcentage (%),Proportion de la population située dans un rayon de 500 mètres d’un arrêt de transport en commun,,,,"Lethbridge, Alberta",,55.7
2023,Accès à la mobilité de base,Pourcentage (%),Proportion de la population située dans un rayon de 500 mètres d’un arrêt de transport en commun,,,,Colombie-Britannique,59,75.9
2023,Accès à la mobilité de base,Pourcentage (%),Proportion de la population située dans un rayon de 500 mètres d’un arrêt de transport en commun,,,,"Abbotsford - Mission, Colombie-Britannique",,74.0
2023,Accès à la mobilité de base,Pourcentage (%),Proportion de la population située dans un rayon de 500 mètres d’un arrêt de transport en commun,,,,"Kelowna, Colombie-Britannique",,64.2
2023,Accès à la mobilité de base,Pourcentage (%),Proportion de la population située dans un rayon de 500 mètres d’un arrêt de transport en commun,,,,"Vancouver, Colombie-Britannique",,84.0
2023,Accès à la mobilité de base,Pourcentage (%),Proportion de la population située dans un rayon de 500 mètres d’un arrêt de transport en commun,,,,"Victoria, Colombie-Britannique",,84.8
2023,Accès à la mobilité de base,Pourcentage (%),Proportion de la population située dans un rayon de 500 mètres d’un arrêt de transport en commun,,,,Yukon,60,75.5
2023,Accès à la mobilité de base,Pourcentage (%),Proportion de la population située dans un rayon de 500 mètres d’un arrêt de transport en commun,,,,Territoires du Nord-Ouest,61,87.9
2002,Access to basic waste collection services,Tonnes,,,,,,,24081371.0
2004,Access to basic waste collection services,Tonnes,,,,,,,25226766.0
2006,Access to basic waste collection services,Tonnes,,,,,,,26417011.0
2008,Access to basic waste collection services,Tonnes,,,,,,,25926476.0
2010,Access to basic waste collection services,Tonnes,,,,,,,24952415.0
2012,Access to basic waste collection services,Tonnes,,,,,,,24681474.0
2014,Access to basic waste collection services,Tonnes,,,,,,,24766650.0
2016,Access to basic waste collection services,Tonnes,,,,,,,24940747.0
2018,Access to basic waste collection services,Tonnes,,,,,,,25733021.0
2020,Access to basic waste collection services,Tonnes,,,,,,,26107720.0
2002,Access to basic waste collection services,Tonnes,,Sources de déchets non résidentielles à des fins d'élimination,,,,,8446766.0
2002,Access to basic waste collection services,Tonnes,,Sources de déchets résidentielles à des fins d'élimination,,,,,15634606.0
2002,Access to basic waste collection services,Tonnes,,Toutes les sources de déchets à des fins d'élimination,,,Terre-Neuve-et-Labrador,10,376594.0
2002,Access to basic waste collection services,Tonnes,,Sources de déchets non résidentielles à des fins d'élimination,,,Terre-Neuve-et-Labrador,,216218.0
2002,Access to basic waste collection services,Tonnes,,Sources de déchets résidentielles à des fins d'élimination,,,Terre-Neuve-et-Labrador,,160376.0
2002,Access to basic waste collection services,Tonnes,,Toutes les sources de déchets à des fins d'élimination,,,Île-du-Prince-Édouard,11,
2002,Access to basic waste collection services,Tonnes,,Sources de déchets non résidentielles à des fins d'élimination,,,Île-du-Prince-Édouard,,
2002,Access to basic waste collection services,Tonnes,,Sources de déchets résidentielles à des fins d'élimination,,,Île-du-Prince-Édouard,,
2002,Access to basic waste collection services,Tonnes,,Toutes les sources de déchets à des fins d'élimination,,,Nouvelle-Écosse,12,389194.0
2002,Access to basic waste collection services,Tonnes,,Sources de déchets non résidentielles à des fins d'élimination,,,Nouvelle-Écosse,,169649.0
2002,Access to basic waste collection services,Tonnes,,Sources de déchets résidentielles à des fins d'élimination,,,Nouvelle-Écosse,,219546.0
2002,Access to basic waste collection services,Tonnes,,Toutes les sources de déchets à des fins d'élimination,,,Nouveau-Brunswick,13,413606.0
2002,Access to basic waste collection services,Tonnes,,Sources de déchets non résidentielles à des fins d'élimination,,,Nouveau-Brunswick,,203506.0
2002,Access to basic waste collection services,Tonnes,,Sources de déchets résidentielles à des fins d'élimination,,,Nouveau-Brunswick,,210100.0
2002,Access to basic waste collection services,Tonnes,,Toutes les sources de déchets à des fins d'élimination,,,Québec,24,5846459.0
2002,Access to basic waste collection services,Tonnes,,Sources de déchets non résidentielles à des fins d'élimination,,,Québec,,1875235.0
2002,Access to basic waste collection services,Tonnes,,Sources de déchets résidentielles à des fins d'élimination,,,Québec,,3971225.0
2002,Access to basic waste collection services,Tonnes,,Toutes les sources de déchets à des fins d'élimination,,,Ontario,35,9645633.0
2002,Access to basic waste collection services,Tonnes,,Sources de déchets non résidentielles à des fins d'élimination,,,Ontario,,3438408.0
2002,Access to basic waste collection services,Tonnes,,Sources de déchets résidentielles à des fins d'élimination,,,Ontario,,6207225.0
2002,Access to basic waste collection services,Tonnes,,Toutes les sources de déchets à des fins d'élimination,,,Manitoba,46,896556.0
2002,Access to basic waste collection services,Tonnes,,Sources de déchets non résidentielles à des fins d'élimination,,,Manitoba,,412612.0
2002,Access to basic waste collection services,Tonnes,,Sources de déchets résidentielles à des fins d'élimination,,,Manitoba,,483944.0
2002,Access to basic waste collection services,Tonnes,,Toutes les sources de déchets à des fins d'élimination,,,Saskatchewan,47,795124.0
2002,Access to basic waste collection services,Tonnes,,Sources de déchets non résidentielles à des fins d'élimination,,,Saskatchewan,,278692.0
2002,Access to basic waste collection services,Tonnes,,Sources de déchets résidentielles à des fins d'élimination,,,Saskatchewan,,516432.0
2002,Access to basic waste collection services,Tonnes,,Toutes les sources de déchets à des fins d'élimination,,,Alberta,48,2890294.0
2002,Access to basic waste collection services,Tonnes,,Sources de déchets non résidentielles à des fins d'élimination,,,Alberta,,866398.0
2002,Access to basic waste collection services,Tonnes,,Sources de déchets résidentielles à des fins d'élimination,,,Alberta,,2023896.0
2002,Access to basic waste collection services,Tonnes,,Toutes les sources de déchets à des fins d'élimination,,,Colombie-Britannique,59,2687882.0
2002,Access to basic waste collection services,Tonnes,,Sources de déchets non résidentielles à des fins d'élimination,,,Colombie-Britannique,,929101.0
2002,Access to basic waste collection services,Tonnes,,Sources de déchets résidentielles à des fins d'élimination,,,Colombie-Britannique,,1758781.0
2002,Access to basic waste collection services,Tonnes,,Toutes les sources de déchets à des fins d'élimination,,,"Yukon, Territoires du Nord-Ouest et Nunavut",,
2002,Access to basic waste collection services,Tonnes,,Sources de déchets non résidentielles à des fins d'élimination,,,"Yukon, Territoires du Nord-Ouest et Nunavut",,
2002,Access to basic waste collection services,Tonnes,,Sources de déchets résidentielles à des fins d'élimination,,,"Yukon, Territoires du Nord-Ouest et Nunavut",,
2004,Access to basic waste collection services,Tonnes,,Sources de déchets non résidentielles à des fins d'élimination,,,,,8961583.0
2004,Access to basic waste collection services,Tonnes,,Sources de déchets résidentielles à des fins d'élimination,,,,,16265183.0
2004,Access to basic waste collection services,Tonnes,,Toutes les sources de déchets à des fins d'élimination,,,Terre-Neuve-et-Labrador,10,400048.0
2004,Access to basic waste collection services,Tonnes,,Sources de déchets non résidentielles à des fins d'élimination,,,Terre-Neuve-et-Labrador,,228004.0
2004,Access to basic waste collection services,Tonnes,,Sources de déchets résidentielles à des fins d'élimination,,,Terre-Neuve-et-Labrador,,172044.0
2004,Access to basic waste collection services,Tonnes,,Toutes les sources de déchets à des fins d'élimination,,,Île-du-Prince-Édouard,11,
2004,Access to basic waste collection services,Tonnes,,Sources de déchets non résidentielles à des fins d'élimination,,,Île-du-Prince-Édouard,,
2004,Access to basic waste collection services,Tonnes,,Sources de déchets résidentielles à des fins d'élimination,,,Île-du-Prince-Édouard,,
2004,Access to basic waste collection services,Tonnes,,Toutes les sources de déchets à des fins d'élimination,,,Nouvelle-Écosse,12,399967.0
2004,Access to basic waste collection services,Tonnes,,Sources de déchets non résidentielles à des fins d'élimination,,,Nouvelle-Écosse,,179262.0
2004,Access to basic waste collection services,Tonnes,,Sources de déchets résidentielles à des fins d'élimination,,,Nouvelle-Écosse,,220705.0
2004,Access to basic waste collection services,Tonnes,,Toutes les sources de déchets à des fins d'élimination,,,Nouveau-Brunswick,13,442173.0
2004,Access to basic waste collection services,Tonnes,,Sources de déchets non résidentielles à des fins d'élimination,,,Nouveau-Brunswick,,208120.0
2004,Access to basic waste collection services,Tonnes,,Sources de déchets résidentielles à des fins d'élimination,,,Nouveau-Brunswick,,234053.0
2004,Access to basic waste collection services,Tonnes,,Toutes les sources de déchets à des fins d'élimination,,,Québec,24,6454000.0
2004,Access to basic waste collection services,Tonnes,,Sources de déchets non résidentielles à des fins d'élimination,,,Québec,,2209000.0
2004,Access to basic waste collection services,Tonnes,,Sources de déchets résidentielles à des fins d'élimination,,,Québec,,4245000.0
2004,Access to basic waste collection services,Tonnes,,Toutes les sources de déchets à des fins d'élimination,,,Ontario,35,9809264.0
2004,Access to basic waste collection services,Tonnes,,Sources de déchets non résidentielles à des fins d'élimination,,,Ontario,,3489917.0
2004,Access to basic waste collection services,Tonnes,,Sources de déchets résidentielles à des fins d'élimination,,,Ontario,,6319347.0
2004,Access to basic waste collection services,Tonnes,,Toutes les sources de déchets à des fins d'élimination,,,Manitoba,46,928117.0
2004,Access to basic waste collection services,Tonnes,,Sources de déchets non résidentielles à des fins d'élimination,,,Manitoba,,450658.0
2004,Access to basic waste collection services,Tonnes,,Sources de déchets résidentielles à des fins d'élimination,,,Manitoba,,477459.0
2004,Access to basic waste collection services,Tonnes,,Toutes les sources de déchets à des fins d'élimination,,,Saskatchewan,47,794933.0
2004,Access to basic waste collection services,Tonnes,,Sources de déchets non résidentielles à des fins d'élimination,,,Saskatchewan,,279420.0
2004,Access to basic waste collection services,Tonnes,,Sources de déchets résidentielles à des fins d'élimination,,,Saskatchewan,,515513.0
2004,Access to basic waste collection services,Tonnes,,Toutes les sources de déchets à des fins d'élimination,,,Alberta,48,3077311.0
2004,Access to basic waste collection services,Tonnes,,Sources de déchets non résidentielles à des fins d'élimination,,,Alberta,,943420.0
2004,Access to basic waste collection services,Tonnes,,Sources de déchets résidentielles à des fins d'élimination,,,Alberta,,2133890.0
2004,Access to basic waste collection services,Tonnes,,Toutes les sources de déchets à des fins d'élimination,,,Colombie-Britannique,59,2767657.0
2004,Access to basic waste collection services,Tonnes,,Sources de déchets non résidentielles à des fins d'élimination,,,Colombie-Britannique,,919323.0
2004,Access to basic waste collection services,Tonnes,,Sources de déchets résidentielles à des fins d'élimination,,,Colombie-Britannique,,1848335.0
2004,Access to basic waste collection services,Tonnes,,Toutes les sources de déchets à des fins d'élimination,,,"Yukon, Territoires du Nord-Ouest et Nunavut",,
2004,Access to basic waste collection services,Tonnes,,Sources de déchets non résidentielles à des fins d'élimination,,,"Yukon, Territoires du Nord-Ouest et Nunavut",,
2004,Access to basic waste collection services,Tonnes,,Sources de déchets résidentielles à des fins d'élimination,,,"Yukon, Territoires du Nord-Ouest et Nunavut",,
2006,Access to basic waste collection services,Tonnes,,Sources de déchets non résidentielles à des fins d'élimination,,,,,9748217.0
2006,Access to basic waste collection services,Tonnes,,Sources de déchets résidentielles à des fins d'élimination,,,,,16668793.0
2006,Access to basic waste collection services,Tonnes,,Toutes les sources de déchets à des fins d'élimination,,,Terre-Neuve-et-Labrador,10,428809.0
2006,Access to basic waste collection services,Tonnes,,Sources de déchets non résidentielles à des fins d'élimination,,,Terre-Neuve-et-Labrador,,227618.0
2006,Access to basic waste collection services,Tonnes,,Sources de déchets résidentielles à des fins d'élimination,,,Terre-Neuve-et-Labrador,,201192.0
2006,Access to basic waste collection services,Tonnes,,Toutes les sources de déchets à des fins d'élimination,,,Île-du-Prince-Édouard,11,
2006,Access to basic waste collection services,Tonnes,,Sources de déchets non résidentielles à des fins d'élimination,,,Île-du-Prince-Édouard,,
2006,Access to basic waste collection services,Tonnes,,Sources de déchets résidentielles à des fins d'élimination,,,Île-du-Prince-Édouard,,
2006,Access to basic waste collection services,Tonnes,,Toutes les sources de déchets à des fins d'élimination,,,Nouvelle-Écosse,12,359105.0
2006,Access to basic waste collection services,Tonnes,,Sources de déchets non résidentielles à des fins d'élimination,,,Nouvelle-Écosse,,169337.0
2006,Access to basic waste collection services,Tonnes,,Sources de déchets résidentielles à des fins d'élimination,,,Nouvelle-Écosse,,189768.0
2006,Access to basic waste collection services,Tonnes,,Toutes les sources de déchets à des fins d'élimination,,,Nouveau-Brunswick,13,511706.0
2006,Access to basic waste collection services,Tonnes,,Sources de déchets non résidentielles à des fins d'élimination,,,Nouveau-Brunswick,,263580.0
2006,Access to basic waste collection services,Tonnes,,Sources de déchets résidentielles à des fins d'élimination,,,Nouveau-Brunswick,,248125.0
2006,Access to basic waste collection services,Tonnes,,Toutes les sources de déchets à des fins d'élimination,,,Québec,24,6808440.0
2006,Access to basic waste collection services,Tonnes,,Sources de déchets non résidentielles à des fins d'élimination,,,Québec,,2980427.0
2006,Access to basic waste collection services,Tonnes,,Sources de déchets résidentielles à des fins d'élimination,,,Québec,,3828013.0
2006,Access to basic waste collection services,Tonnes,,Toutes les sources de déchets à des fins d'élimination,,,Ontario,35,9710459.0
2006,Access to basic waste collection services,Tonnes,,Sources de déchets non résidentielles à des fins d'élimination,,,Ontario,,3411642.0
2006,Access to basic waste collection services,Tonnes,,Sources de déchets résidentielles à des fins d'élimination,,,Ontario,,6298818.0
2006,Access to basic waste collection services,Tonnes,,Toutes les sources de déchets à des fins d'élimination,,,Manitoba,46,904272.0
2006,Access to basic waste collection services,Tonnes,,Sources de déchets non résidentielles à des fins d'élimination,,,Manitoba,,425304.0
2006,Access to basic waste collection services,Tonnes,,Sources de déchets résidentielles à des fins d'élimination,,,Manitoba,,478968.0
2006,Access to basic waste collection services,Tonnes,,Toutes les sources de déchets à des fins d'élimination,,,Saskatchewan,47,833753.0
2006,Access to basic waste collection services,Tonnes,,Sources de déchets non résidentielles à des fins d'élimination,,,Saskatchewan,,296062.0
2006,Access to basic waste collection services,Tonnes,,Sources de déchets résidentielles à des fins d'élimination,,,Saskatchewan,,537691.0
2006,Access to basic waste collection services,Tonnes,,Toutes les sources de déchets à des fins d'élimination,,,Alberta,48,3819872.0
2006,Access to basic waste collection services,Tonnes,,Sources de déchets non résidentielles à des fins d'élimination,,,Alberta,,973683.0
2006,Access to basic waste collection services,Tonnes,,Sources de déchets résidentielles à des fins d'élimination,,,Alberta,,2846189.0
2006,Access to basic waste collection services,Tonnes,,Toutes les sources de déchets à des fins d'élimination,,,Colombie-Britannique,59,2917080.0
2006,Access to basic waste collection services,Tonnes,,Sources de déchets non résidentielles à des fins d'élimination,,,Colombie-Britannique,,956968.0
2006,Access to basic waste collection services,Tonnes,,Sources de déchets résidentielles à des fins d'élimination,,,Colombie-Britannique,,1960113.0
2006,Access to basic waste collection services,Tonnes,,Toutes les sources de déchets à des fins d'élimination,,,"Yukon, Territoires du Nord-Ouest et Nunavut",,
2006,Access to basic waste collection services,Tonnes,,Sources de déchets non résidentielles à des fins d'élimination,,,"Yukon, Territoires du Nord-Ouest et Nunavut",,
2006,Access to basic waste collection services,Tonnes,,Sources de déchets résidentielles à des fins d'élimination,,,"Yukon, Territoires du Nord-Ouest et Nunavut",,
2008,Access to basic waste collection services,Tonnes,,Sources de déchets non résidentielles à des fins d'élimination,,,,,9360400.0
2008,Access to basic waste collection services,Tonnes,,Sources de déchets résidentielles à des fins d'élimination,,,,,16566076.0
2008,Access to basic waste collection services,Tonnes,,Toutes les sources de déchets à des fins d'élimination,,,Terre-Neuve-et-Labrador,10,399184.0
2008,Access to basic waste collection services,Tonnes,,Sources de déchets non résidentielles à des fins d'élimination,,,Terre-Neuve-et-Labrador,,210964.0
2008,Access to basic waste collection services,Tonnes,,Sources de déchets résidentielles à des fins d'élimination,,,Terre-Neuve-et-Labrador,,188220.0
2008,Access to basic waste collection services,Tonnes,,Toutes les sources de déchets à des fins d'élimination,,,Île-du-Prince-Édouard,11,
2008,Access to basic waste collection services,Tonnes,,Sources de déchets non résidentielles à des fins d'élimination,,,Île-du-Prince-Édouard,,
2008,Access to basic waste collection services,Tonnes,,Sources de déchets résidentielles à des fins d'élimination,,,Île-du-Prince-Édouard,,
2008,Access to basic waste collection services,Tonnes,,Toutes les sources de déchets à des fins d'élimination,,,Nouvelle-Écosse,12,354231.0
2008,Access to basic waste collection services,Tonnes,,Sources de déchets non résidentielles à des fins d'élimination,,,Nouvelle-Écosse,,148060.0
2008,Access to basic waste collection services,Tonnes,,Sources de déchets résidentielles à des fins d'élimination,,,Nouvelle-Écosse,,206171.0
2008,Access to basic waste collection services,Tonnes,,Toutes les sources de déchets à des fins d'élimination,,,Nouveau-Brunswick,13,479461.0
2008,Access to basic waste collection services,Tonnes,,Sources de déchets non résidentielles à des fins d'élimination,,,Nouveau-Brunswick,,233703.0
2008,Access to basic waste collection services,Tonnes,,Sources de déchets résidentielles à des fins d'élimination,,,Nouveau-Brunswick,,245758.0
2008,Access to basic waste collection services,Tonnes,,Toutes les sources de déchets à des fins d'élimination,,,Québec,24,6146319.0
2008,Access to basic waste collection services,Tonnes,,Sources de déchets non résidentielles à des fins d'élimination,,,Québec,,2848822.0
2008,Access to basic waste collection services,Tonnes,,Sources de déchets résidentielles à des fins d'élimination,,,Québec,,3297497.0
2008,Access to basic waste collection services,Tonnes,,Toutes les sources de déchets à des fins d'élimination,,,Ontario,35,9631559.0
2008,Access to basic waste collection services,Tonnes,,Sources de déchets non résidentielles à des fins d'élimination,,,Ontario,,3231399.0
2008,Access to basic waste collection services,Tonnes,,Sources de déchets résidentielles à des fins d'élimination,,,Ontario,,6400160.0
2008,Access to basic waste collection services,Tonnes,,Toutes les sources de déchets à des fins d'élimination,,,Manitoba,46,945441.0
2008,Access to basic waste collection services,Tonnes,,Sources de déchets non résidentielles à des fins d'élimination,,,Manitoba,,400297.0
2008,Access to basic waste collection services,Tonnes,,Sources de déchets résidentielles à des fins d'élimination,,,Manitoba,,545144.0
2008,Access to basic waste collection services,Tonnes,,Toutes les sources de déchets à des fins d'élimination,,,Saskatchewan,47,902943.0
2008,Access to basic waste collection services,Tonnes,,Sources de déchets non résidentielles à des fins d'élimination,,,Saskatchewan,,289760.0
2008,Access to basic waste collection services,Tonnes,,Sources de déchets résidentielles à des fins d'élimination,,,Saskatchewan,,613182.0
2008,Access to basic waste collection services,Tonnes,,Toutes les sources de déchets à des fins d'élimination,,,Alberta,48,4147558.0
2008,Access to basic waste collection services,Tonnes,,Sources de déchets non résidentielles à des fins d'élimination,,,Alberta,,993976.0
2008,Access to basic waste collection services,Tonnes,,Sources de déchets résidentielles à des fins d'élimination,,,Alberta,,3153581.0
2008,Access to basic waste collection services,Tonnes,,Toutes les sources de déchets à des fins d'élimination,,,Colombie-Britannique,59,2811568.0
2008,Access to basic waste collection services,Tonnes,,Sources de déchets non résidentielles à des fins d'élimination,,,Colombie-Britannique,,960472.0
2008,Access to basic waste collection services,Tonnes,,Sources de déchets résidentielles à des fins d'élimination,,,Colombie-Britannique,,1851097.0
2008,Access to basic waste collection services,Tonnes,,Toutes les sources de déchets à des fins d'élimination,,,"Yukon, Territoires du Nord-Ouest et Nunavut",,
2008,Access to basic waste collection services,Tonnes,,Sources de déchets non résidentielles à des fins d'élimination,,,"Yukon, Territoires du Nord-Ouest et Nunavut",,
2008,Access to basic waste collection services,Tonnes,,Sources de déchets résidentielles à des fins d'élimination,,,"Yukon, Territoires du Nord-Ouest et Nunavut",,
2010,Access to basic waste collection services,Tonnes,,Sources de déchets non résidentielles à des fins d'élimination,,,,,9448165.0
2010,Access to basic waste collection services,Tonnes,,Sources de déchets résidentielles à des fins d'élimination,,,,,15504250.0
2010,Access to basic waste collection services,Tonnes,,Toutes les sources de déchets à des fins d'élimination,,,Terre-Neuve-et-Labrador,10,394235.0
2010,Access to basic waste collection services,Tonnes,,Sources de déchets non résidentielles à des fins d'élimination,,,Terre-Neuve-et-Labrador,,
2010,Access to basic waste collection services,Tonnes,,Sources de déchets résidentielles à des fins d'élimination,,,Terre-Neuve-et-Labrador,,
2010,Access to basic waste collection services,Tonnes,,Toutes les sources de déchets à des fins d'élimination,,,Île-du-Prince-Édouard,11,
2010,Access to basic waste collection services,Tonnes,,Sources de déchets non résidentielles à des fins d'élimination,,,Île-du-Prince-Édouard,,
2010,Access to basic waste collection services,Tonnes,,Sources de déchets résidentielles à des fins d'élimination,,,Île-du-Prince-Édouard,,
2010,Access to basic waste collection services,Tonnes,,Toutes les sources de déchets à des fins d'élimination,,,Nouvelle-Écosse,12,367246.0
2010,Access to basic waste collection services,Tonnes,,Sources de déchets non résidentielles à des fins d'élimination,,,Nouvelle-Écosse,,145589.0
2010,Access to basic waste collection services,Tonnes,,Sources de déchets résidentielles à des fins d'élimination,,,Nouvelle-Écosse,,221657.0
2010,Access to basic waste collection services,Tonnes,,Toutes les sources de déchets à des fins d'élimination,,,Nouveau-Brunswick,13,475265.0
2010,Access to basic waste collection services,Tonnes,,Sources de déchets non résidentielles à des fins d'élimination,,,Nouveau-Brunswick,,219486.0
2010,Access to basic waste collection services,Tonnes,,Sources de déchets résidentielles à des fins d'élimination,,,Nouveau-Brunswick,,255779.0
2010,Access to basic waste collection services,Tonnes,,Toutes les sources de déchets à des fins d'élimination,,,Québec,24,5795707.0
2010,Access to basic waste collection services,Tonnes,,Sources de déchets non résidentielles à des fins d'élimination,,,Québec,,2853189.0
2010,Access to basic waste collection services,Tonnes,,Sources de déchets résidentielles à des fins d'élimination,,,Québec,,2942518.0
2010,Access to basic waste collection services,Tonnes,,Toutes les sources de déchets à des fins d'élimination,,,Ontario,35,9247415.0
2010,Access to basic waste collection services,Tonnes,,Sources de déchets non résidentielles à des fins d'élimination,,,Ontario,,3204264.0
2010,Access to basic waste collection services,Tonnes,,Sources de déchets résidentielles à des fins d'élimination,,,Ontario,,6043151.0
2010,Access to basic waste collection services,Tonnes,,Toutes les sources de déchets à des fins d'élimination,,,Manitoba,46,1020481.0
2010,Access to basic waste collection services,Tonnes,,Sources de déchets non résidentielles à des fins d'élimination,,,Manitoba,,453754.0
2010,Access to basic waste collection services,Tonnes,,Sources de déchets résidentielles à des fins d'élimination,,,Manitoba,,566727.0
2010,Access to basic waste collection services,Tonnes,,Toutes les sources de déchets à des fins d'élimination,,,Saskatchewan,47,937268.0
2010,Access to basic waste collection services,Tonnes,,Sources de déchets non résidentielles à des fins d'élimination,,,Saskatchewan,,283726.0
2010,Access to basic waste collection services,Tonnes,,Sources de déchets résidentielles à des fins d'élimination,,,Saskatchewan,,653541.0
2010,Access to basic waste collection services,Tonnes,,Toutes les sources de déchets à des fins d'élimination,,,Alberta,48,3917492.0
2010,Access to basic waste collection services,Tonnes,,Sources de déchets non résidentielles à des fins d'élimination,,,Alberta,,1093155.0
2010,Access to basic waste collection services,Tonnes,,Sources de déchets résidentielles à des fins d'élimination,,,Alberta,,2824337.0
2010,Access to basic waste collection services,Tonnes,,Toutes les sources de déchets à des fins d'élimination,,,Colombie-Britannique,59,2658271.0
2010,Access to basic waste collection services,Tonnes,,Sources de déchets non résidentielles à des fins d'élimination,,,Colombie-Britannique,,953761.0
2010,Access to basic waste collection services,Tonnes,,Sources de déchets résidentielles à des fins d'élimination,,,Colombie-Britannique,,1704510.0
2010,Access to basic waste collection services,Tonnes,,Toutes les sources de déchets à des fins d'élimination,,,"Yukon, Territoires du Nord-Ouest et Nunavut",,
2010,Access to basic waste collection services,Tonnes,,Sources de déchets non résidentielles à des fins d'élimination,,,"Yukon, Territoires du Nord-Ouest et Nunavut",,
2010,Access to basic waste collection services,Tonnes,,Sources de déchets résidentielles à des fins d'élimination,,,"Yukon, Territoires du Nord-Ouest et Nunavut",,
2012,Access to basic waste collection services,Tonnes,,Sources de déchets non résidentielles à des fins d'élimination,,,,,9684615.0
2012,Access to basic waste collection services,Tonnes,,Sources de déchets résidentielles à des fins d'élimination,,,,,14996859.0
2012,Access to basic waste collection services,Tonnes,,Toutes les sources de déchets à des fins d'élimination,,,Terre-Neuve-et-Labrador,10,391571.0
2012,Access to basic waste collection services,Tonnes,,Sources de déchets non résidentielles à des fins d'élimination,,,Terre-Neuve-et-Labrador,,
2012,Access to basic waste collection services,Tonnes,,Sources de déchets résidentielles à des fins d'élimination,,,Terre-Neuve-et-Labrador,,
2012,Access to basic waste collection services,Tonnes,,Toutes les sources de déchets à des fins d'élimination,,,Île-du-Prince-Édouard,11,
2012,Access to basic waste collection services,Tonnes,,Sources de déchets non résidentielles à des fins d'élimination,,,Île-du-Prince-Édouard,,
2012,Access to basic waste collection services,Tonnes,,Sources de déchets résidentielles à des fins d'élimination,,,Île-du-Prince-Édouard,,
2012,Access to basic waste collection services,Tonnes,,Toutes les sources de déchets à des fins d'élimination,,,Nouvelle-Écosse,12,365079.0
2012,Access to basic waste collection services,Tonnes,,Sources de déchets non résidentielles à des fins d'élimination,,,Nouvelle-Écosse,,145601.0
2012,Access to basic waste collection services,Tonnes,,Sources de déchets résidentielles à des fins d'élimination,,,Nouvelle-Écosse,,219478.0
2012,Access to basic waste collection services,Tonnes,,Toutes les sources de déchets à des fins d'élimination,,,Nouveau-Brunswick,13,492938.0
2012,Access to basic waste collection services,Tonnes,,Sources de déchets non résidentielles à des fins d'élimination,,,Nouveau-Brunswick,,215755.0
2012,Access to basic waste collection services,Tonnes,,Sources de déchets résidentielles à des fins d'élimination,,,Nouveau-Brunswick,,277183.0
2012,Access to basic waste collection services,Tonnes,,Toutes les sources de déchets à des fins d'élimination,,,Québec,24,5584621.0
2012,Access to basic waste collection services,Tonnes,,Sources de déchets non résidentielles à des fins d'élimination,,,Québec,,2803335.0
2012,Access to basic waste collection services,Tonnes,,Sources de déchets résidentielles à des fins d'élimination,,,Québec,,2781286.0
2012,Access to basic waste collection services,Tonnes,,Toutes les sources de déchets à des fins d'élimination,,,Ontario,35,9208839.0
2012,Access to basic waste collection services,Tonnes,,Sources de déchets non résidentielles à des fins d'élimination,,,Ontario,,3388501.0
2012,Access to basic waste collection services,Tonnes,,Sources de déchets résidentielles à des fins d'élimination,,,Ontario,,5820338.0
2012,Access to basic waste collection services,Tonnes,,Toutes les sources de déchets à des fins d'élimination,,,Manitoba,46,1017663.0
2012,Access to basic waste collection services,Tonnes,,Sources de déchets non résidentielles à des fins d'élimination,,,Manitoba,,444227.0
2012,Access to basic waste collection services,Tonnes,,Sources de déchets résidentielles à des fins d'élimination,,,Manitoba,,573436.0
2012,Access to basic waste collection services,Tonnes,,Toutes les sources de déchets à des fins d'élimination,,,Saskatchewan,47,957670.0
2012,Access to basic waste collection services,Tonnes,,Sources de déchets non résidentielles à des fins d'élimination,,,Saskatchewan,,315987.0
2012,Access to basic waste collection services,Tonnes,,Sources de déchets résidentielles à des fins d'élimination,,,Saskatchewan,,641682.0
2012,Access to basic waste collection services,Tonnes,,Toutes les sources de déchets à des fins d'élimination,,,Alberta,48,3913924.0
2012,Access to basic waste collection services,Tonnes,,Sources de déchets non résidentielles à des fins d'élimination,,,Alberta,,1176226.0
2012,Access to basic waste collection services,Tonnes,,Sources de déchets résidentielles à des fins d'élimination,,,Alberta,,2737698.0
2012,Access to basic waste collection services,Tonnes,,Toutes les sources de déchets à des fins d'élimination,,,Colombie-Britannique,59,2604147.0
2012,Access to basic waste collection services,Tonnes,,Sources de déchets non résidentielles à des fins d'élimination,,,Colombie-Britannique,,947542.0
2012,Access to basic waste collection services,Tonnes,,Sources de déchets résidentielles à des fins d'élimination,,,Colombie-Britannique,,1656605.0
2012,Access to basic waste collection services,Tonnes,,Toutes les sources de déchets à des fins d'élimination,,,"Yukon, Territoires du Nord-Ouest et Nunavut",,
2012,Access to basic waste collection services,Tonnes,,Sources de déchets non résidentielles à des fins d'élimination,,,"Yukon, Territoires du Nord-Ouest et Nunavut",,
2012,Access to basic waste collection services,Tonnes,,Sources de déchets résidentielles à des fins d'élimination,,,"Yukon, Territoires du Nord-Ouest et Nunavut",,
2014,Access to basic waste collection services,Tonnes,,Sources de déchets non résidentielles à des fins d'élimination,,,,,9803644.0
2014,Access to basic waste collection services,Tonnes,,Sources de déchets résidentielles à des fins d'élimination,,,,,14963007.0
2014,Access to basic waste collection services,Tonnes,,Toutes les sources de déchets à des fins d'élimination,,,Terre-Neuve-et-Labrador,10,415158.0
2014,Access to basic waste collection services,Tonnes,,Sources de déchets non résidentielles à des fins d'élimination,,,Terre-Neuve-et-Labrador,,
2014,Access to basic waste collection services,Tonnes,,Sources de déchets résidentielles à des fins d'élimination,,,Terre-Neuve-et-Labrador,,
2014,Access to basic waste collection services,Tonnes,,Toutes les sources de déchets à des fins d'élimination,,,Île-du-Prince-Édouard,11,
2014,Access to basic waste collection services,Tonnes,,Sources de déchets non résidentielles à des fins d'élimination,,,Île-du-Prince-Édouard,,
2014,Access to basic waste collection services,Tonnes,,Sources de déchets résidentielles à des fins d'élimination,,,Île-du-Prince-Édouard,,
2014,Access to basic waste collection services,Tonnes,,Toutes les sources de déchets à des fins d'élimination,,,Nouvelle-Écosse,12,364193.0
2014,Access to basic waste collection services,Tonnes,,Sources de déchets non résidentielles à des fins d'élimination,,,Nouvelle-Écosse,,160805.0
2014,Access to basic waste collection services,Tonnes,,Sources de déchets résidentielles à des fins d'élimination,,,Nouvelle-Écosse,,203388.0
2014,Access to basic waste collection services,Tonnes,,Toutes les sources de déchets à des fins d'élimination,,,Nouveau-Brunswick,13,508115.0
2014,Access to basic waste collection services,Tonnes,,Sources de déchets non résidentielles à des fins d'élimination,,,Nouveau-Brunswick,,234534.0
2014,Access to basic waste collection services,Tonnes,,Sources de déchets résidentielles à des fins d'élimination,,,Nouveau-Brunswick,,273581.0
2014,Access to basic waste collection services,Tonnes,,Toutes les sources de déchets à des fins d'élimination,,,Québec,24,5414539.0
2014,Access to basic waste collection services,Tonnes,,Sources de déchets non résidentielles à des fins d'élimination,,,Québec,,2831404.0
2014,Access to basic waste collection services,Tonnes,,Sources de déchets résidentielles à des fins d'élimination,,,Québec,,2583135.0
2014,Access to basic waste collection services,Tonnes,,Toutes les sources de déchets à des fins d'élimination,,,Ontario,35,9165299.0
2014,Access to basic waste collection services,Tonnes,,Sources de déchets non résidentielles à des fins d'élimination,,,Ontario,,3490792.0
2014,Access to basic waste collection services,Tonnes,,Sources de déchets résidentielles à des fins d'élimination,,,Ontario,,5674507.0
2014,Access to basic waste collection services,Tonnes,,Toutes les sources de déchets à des fins d'élimination,,,Manitoba,46,990230.0
2014,Access to basic waste collection services,Tonnes,,Sources de déchets non résidentielles à des fins d'élimination,,,Manitoba,,333008.0
2014,Access to basic waste collection services,Tonnes,,Sources de déchets résidentielles à des fins d'élimination,,,Manitoba,,657222.0
2014,Access to basic waste collection services,Tonnes,,Toutes les sources de déchets à des fins d'élimination,,,Saskatchewan,47,940595.0
2014,Access to basic waste collection services,Tonnes,,Sources de déchets non résidentielles à des fins d'élimination,,,Saskatchewan,,331430.0
2014,Access to basic waste collection services,Tonnes,,Sources de déchets résidentielles à des fins d'élimination,,,Saskatchewan,,609166.0
2014,Access to basic waste collection services,Tonnes,,Toutes les sources de déchets à des fins d'élimination,,,Alberta,48,4097584.0
2014,Access to basic waste collection services,Tonnes,,Sources de déchets non résidentielles à des fins d'élimination,,,Alberta,,1230635.0
2014,Access to basic waste collection services,Tonnes,,Sources de déchets résidentielles à des fins d'élimination,,,Alberta,,2866949.0
2014,Access to basic waste collection services,Tonnes,,Toutes les sources de déchets à des fins d'élimination,,,Colombie-Britannique,59,2721309.0
2014,Access to basic waste collection services,Tonnes,,Sources de déchets non résidentielles à des fins d'élimination,,,Colombie-Britannique,,941345.0
2014,Access to basic waste collection services,Tonnes,,Sources de déchets résidentielles à des fins d'élimination,,,Colombie-Britannique,,1779963.0
2014,Access to basic waste collection services,Tonnes,,Toutes les sources de déchets à des fins d'élimination,,,"Yukon, Territoires du Nord-Ouest et Nunavut",,
2014,Access to basic waste collection services,Tonnes,,Sources de déchets non résidentielles à des fins d'élimination,,,"Yukon, Territoires du Nord-Ouest et Nunavut",,
2014,Access to basic waste collection services,Tonnes,,Sources de déchets résidentielles à des fins d'élimination,,,"Yukon, Territoires du Nord-Ouest et Nunavut",,
2016,Access to basic waste collection services,Tonnes,,Sources de déchets non résidentielles à des fins d'élimination,,,,,10225943.0
2016,Access to basic waste collection services,Tonnes,,Sources de déchets résidentielles à des fins d'élimination,,,,,14714804.0
2016,Access to basic waste collection services,Tonnes,,Toutes les sources de déchets à des fins d'élimination,,,Terre-Neuve-et-Labrador,10,395324.0
2016,Access to basic waste collection services,Tonnes,,Sources de déchets non résidentielles à des fins d'élimination,,,Terre-Neuve-et-Labrador,,
2016,Access to basic waste collection services,Tonnes,,Sources de déchets résidentielles à des fins d'élimination,,,Terre-Neuve-et-Labrador,,
2016,Access to basic waste collection services,Tonnes,,Toutes les sources de déchets à des fins d'élimination,,,Île-du-Prince-Édouard,11,
2016,Access to basic waste collection services,Tonnes,,Sources de déchets non résidentielles à des fins d'élimination,,,Île-du-Prince-Édouard,,
2016,Access to basic waste collection services,Tonnes,,Sources de déchets résidentielles à des fins d'élimination,,,Île-du-Prince-Édouard,,
2016,Access to basic waste collection services,Tonnes,,Toutes les sources de déchets à des fins d'élimination,,,Nouvelle-Écosse,12,375258.0
2016,Access to basic waste collection services,Tonnes,,Sources de déchets non résidentielles à des fins d'élimination,,,Nouvelle-Écosse,,169786.0
2016,Access to basic waste collection services,Tonnes,,Sources de déchets résidentielles à des fins d'élimination,,,Nouvelle-Écosse,,205472.0
2016,Access to basic waste collection services,Tonnes,,Toutes les sources de déchets à des fins d'élimination,,,Nouveau-Brunswick,13,503123.0
2016,Access to basic waste collection services,Tonnes,,Sources de déchets non résidentielles à des fins d'élimination,,,Nouveau-Brunswick,,225893.0
2016,Access to basic waste collection services,Tonnes,,Sources de déchets résidentielles à des fins d'élimination,,,Nouveau-Brunswick,,277230.0
2016,Access to basic waste collection services,Tonnes,,Toutes les sources de déchets à des fins d'élimination,,,Québec,24,5356134.0
2016,Access to basic waste collection services,Tonnes,,Sources de déchets non résidentielles à des fins d'élimination,,,Québec,,3010083.0
2016,Access to basic waste collection services,Tonnes,,Sources de déchets résidentielles à des fins d'élimination,,,Québec,,2346051.0
2016,Access to basic waste collection services,Tonnes,,Toutes les sources de déchets à des fins d'élimination,,,Ontario,35,9475472.0
2016,Access to basic waste collection services,Tonnes,,Sources de déchets non résidentielles à des fins d'élimination,,,Ontario,,3703850.0
2016,Access to basic waste collection services,Tonnes,,Sources de déchets résidentielles à des fins d'élimination,,,Ontario,,5771622.0
2016,Access to basic waste collection services,Tonnes,,Toutes les sources de déchets à des fins d'élimination,,,Manitoba,46,969289.0
2016,Access to basic waste collection services,Tonnes,,Sources de déchets non résidentielles à des fins d'élimination,,,Manitoba,,308517.0
2016,Access to basic waste collection services,Tonnes,,Sources de déchets résidentielles à des fins d'élimination,,,Manitoba,,660772.0
2016,Access to basic waste collection services,Tonnes,,Toutes les sources de déchets à des fins d'élimination,,,Saskatchewan,47,898404.0
2016,Access to basic waste collection services,Tonnes,,Sources de déchets non résidentielles à des fins d'élimination,,,Saskatchewan,,343497.0
2016,Access to basic waste collection services,Tonnes,,Sources de déchets résidentielles à des fins d'élimination,,,Saskatchewan,,554908.0
2016,Access to basic waste collection services,Tonnes,,Toutes les sources de déchets à des fins d'élimination,,,Alberta,48,4206668.0
2016,Access to basic waste collection services,Tonnes,,Sources de déchets non résidentielles à des fins d'élimination,,,Alberta,,1299856.0
2016,Access to basic waste collection services,Tonnes,,Sources de déchets résidentielles à des fins d'élimination,,,Alberta,,2906811.0
2016,Access to basic waste collection services,Tonnes,,Toutes les sources de déchets à des fins d'élimination,,,Colombie-Britannique,59,2614087.0
2016,Access to basic waste collection services,Tonnes,,Sources de déchets non résidentielles à des fins d'élimination,,,Colombie-Britannique,,929476.0
2016,Access to basic waste collection services,Tonnes,,Sources de déchets résidentielles à des fins d'élimination,,,Colombie-Britannique,,1684611.0
2016,Access to basic waste collection services,Tonnes,,Toutes les sources de déchets à des fins d'élimination,,,"Yukon, Territoires du Nord-Ouest et Nunavut",,
2016,Access to basic waste collection services,Tonnes,,Sources de déchets non résidentielles à des fins d'élimination,,,"Yukon, Territoires du Nord-Ouest et Nunavut",,
2016,Access to basic waste collection services,Tonnes,,Sources de déchets résidentielles à des fins d'élimination,,,"Yukon, Territoires du Nord-Ouest et Nunavut",,
2018,Access to basic waste collection services,Tonnes,,Sources de déchets non résidentielles à des fins d'élimination,,,,,10848238.0
2018,Access to basic waste collection services,Tonnes,,Sources de déchets résidentielles à des fins d'élimination,,,,,14884782.0
2018,Access to basic waste collection services,Tonnes,,Toutes les sources de déchets à des fins d'élimination,,,Terre-Neuve-et-Labrador,10,373668.0
2018,Access to basic waste collection services,Tonnes,,Sources de déchets non résidentielles à des fins d'élimination,,,Terre-Neuve-et-Labrador,,158588.0
2018,Access to basic waste collection services,Tonnes,,Sources de déchets résidentielles à des fins d'élimination,,,Terre-Neuve-et-Labrador,,215080.0
2018,Access to basic waste collection services,Tonnes,,Toutes les sources de déchets à des fins d'élimination,,,Île-du-Prince-Édouard,11,53972.0
2018,Access to basic waste collection services,Tonnes,,Sources de déchets non résidentielles à des fins d'élimination,,,Île-du-Prince-Édouard,,20540.0
2018,Access to basic waste collection services,Tonnes,,Sources de déchets résidentielles à des fins d'élimination,,,Île-du-Prince-Édouard,,33432.0
2018,Access to basic waste collection services,Tonnes,,Toutes les sources de déchets à des fins d'élimination,,,Nouvelle-Écosse,12,392328.0
2018,Access to basic waste collection services,Tonnes,,Sources de déchets non résidentielles à des fins d'élimination,,,Nouvelle-Écosse,,157078.0
2018,Access to basic waste collection services,Tonnes,,Sources de déchets résidentielles à des fins d'élimination,,,Nouvelle-Écosse,,235250.0
2018,Access to basic waste collection services,Tonnes,,Toutes les sources de déchets à des fins d'élimination,,,Nouveau-Brunswick,13,507848.0
2018,Access to basic waste collection services,Tonnes,,Sources de déchets non résidentielles à des fins d'élimination,,,Nouveau-Brunswick,,222110.0
2018,Access to basic waste collection services,Tonnes,,Sources de déchets résidentielles à des fins d'élimination,,,Nouveau-Brunswick,,285738.0
2018,Access to basic waste collection services,Tonnes,,Toutes les sources de déchets à des fins d'élimination,,,Québec,24,5563136.0
2018,Access to basic waste collection services,Tonnes,,Sources de déchets non résidentielles à des fins d'élimination,,,Québec,,3231578.0
2018,Access to basic waste collection services,Tonnes,,Sources de déchets résidentielles à des fins d'élimination,,,Québec,,2331557.0
2018,Access to basic waste collection services,Tonnes,,Toutes les sources de déchets à des fins d'élimination,,,Ontario,35,10085613.0
2018,Access to basic waste collection services,Tonnes,,Sources de déchets non résidentielles à des fins d'élimination,,,Ontario,,3980665.0
2018,Access to basic waste collection services,Tonnes,,Sources de déchets résidentielles à des fins d'élimination,,,Ontario,,6104948.0
2018,Access to basic waste collection services,Tonnes,,Toutes les sources de déchets à des fins d'élimination,,,Manitoba,46,963256.0
2018,Access to basic waste collection services,Tonnes,,Sources de déchets non résidentielles à des fins d'élimination,,,Manitoba,,333742.0
2018,Access to basic waste collection services,Tonnes,,Sources de déchets résidentielles à des fins d'élimination,,,Manitoba,,629514.0
2018,Access to basic waste collection services,Tonnes,,Toutes les sources de déchets à des fins d'élimination,,,Saskatchewan,47,864753.0
2018,Access to basic waste collection services,Tonnes,,Sources de déchets non résidentielles à des fins d'élimination,,,Saskatchewan,,381180.0
2018,Access to basic waste collection services,Tonnes,,Sources de déchets résidentielles à des fins d'élimination,,,Saskatchewan,,483573.0
2018,Access to basic waste collection services,Tonnes,,Toutes les sources de déchets à des fins d'élimination,,,Alberta,48,4118081.0
2018,Access to basic waste collection services,Tonnes,,Sources de déchets non résidentielles à des fins d'élimination,,,Alberta,,1336765.0
2018,Access to basic waste collection services,Tonnes,,Sources de déchets résidentielles à des fins d'élimination,,,Alberta,,2781316.0
2018,Access to basic waste collection services,Tonnes,,Toutes les sources de déchets à des fins d'élimination,,,Colombie-Britannique,59,2719877.0
2018,Access to basic waste collection services,Tonnes,,Sources de déchets non résidentielles à des fins d'élimination,,,Colombie-Britannique,,993371.0
2018,Access to basic waste collection services,Tonnes,,Sources de déchets résidentielles à des fins d'élimination,,,Colombie-Britannique,,1726506.0
2018,Access to basic waste collection services,Tonnes,,Toutes les sources de déchets à des fins d'élimination,,,"Yukon, Territoires du Nord-Ouest et Nunavut",,90489.0
2018,Access to basic waste collection services,Tonnes,,Sources de déchets non résidentielles à des fins d'élimination,,,"Yukon, Territoires du Nord-Ouest et Nunavut",,32621.0
2018,Access to basic waste collection services,Tonnes,,Sources de déchets résidentielles à des fins d'élimination,,,"Yukon, Territoires du Nord-Ouest et Nunavut",,57868.0
2020,Access to basic waste collection services,Tonnes,,Sources de déchets non résidentielles à des fins d'élimination,,,,,10862118.0
2020,Access to basic waste collection services,Tonnes,,Sources de déchets résidentielles à des fins d'élimination,,,,,15245602.0
2020,Access to basic waste collection services,Tonnes,,Toutes les sources de déchets à des fins d'élimination,,,Terre-Neuve-et-Labrador,10,365210.0
2020,Access to basic waste collection services,Tonnes,,Sources de déchets non résidentielles à des fins d'élimination,,,Terre-Neuve-et-Labrador,,161147.0
2020,Access to basic waste collection services,Tonnes,,Sources de déchets résidentielles à des fins d'élimination,,,Terre-Neuve-et-Labrador,,204063.0
2020,Access to basic waste collection services,Tonnes,,Toutes les sources de déchets à des fins d'élimination,,,Île-du-Prince-Édouard,11,55803.0
2020,Access to basic waste collection services,Tonnes,,Sources de déchets non résidentielles à des fins d'élimination,,,Île-du-Prince-Édouard,,20174.0
2020,Access to basic waste collection services,Tonnes,,Sources de déchets résidentielles à des fins d'élimination,,,Île-du-Prince-Édouard,,35629.0
2020,Access to basic waste collection services,Tonnes,,Toutes les sources de déchets à des fins d'élimination,,,Nouvelle-Écosse,12,399735.0
2020,Access to basic waste collection services,Tonnes,,Sources de déchets non résidentielles à des fins d'élimination,,,Nouvelle-Écosse,,157740.0
2020,Access to basic waste collection services,Tonnes,,Sources de déchets résidentielles à des fins d'élimination,,,Nouvelle-Écosse,,241995.0
2020,Access to basic waste collection services,Tonnes,,Toutes les sources de déchets à des fins d'élimination,,,Nouveau-Brunswick,13,498839.0
2020,Access to basic waste collection services,Tonnes,,Sources de déchets non résidentielles à des fins d'élimination,,,Nouveau-Brunswick,,215093.0
2020,Access to basic waste collection services,Tonnes,,Sources de déchets résidentielles à des fins d'élimination,,,Nouveau-Brunswick,,283746.0
2020,Access to basic waste collection services,Tonnes,,Toutes les sources de déchets à des fins d'élimination,,,Québec,24,5756149.0
2020,Access to basic waste collection services,Tonnes,,Sources de déchets non résidentielles à des fins d'élimination,,,Québec,,3417649.0
2020,Access to basic waste collection services,Tonnes,,Sources de déchets résidentielles à des fins d'élimination,,,Québec,,2338499.0
2020,Access to basic waste collection services,Tonnes,,Toutes les sources de déchets à des fins d'élimination,,,Ontario,35,10300560.0
2020,Access to basic waste collection services,Tonnes,,Sources de déchets non résidentielles à des fins d'élimination,,,Ontario,,3814211.0
2020,Access to basic waste collection services,Tonnes,,Sources de déchets résidentielles à des fins d'élimination,,,Ontario,,6486350.0
2020,Access to basic waste collection services,Tonnes,,Toutes les sources de déchets à des fins d'élimination,,,Manitoba,46,934437.0
2020,Access to basic waste collection services,Tonnes,,Sources de déchets non résidentielles à des fins d'élimination,,,Manitoba,,325486.0
2020,Access to basic waste collection services,Tonnes,,Sources de déchets résidentielles à des fins d'élimination,,,Manitoba,,608951.0
2020,Access to basic waste collection services,Tonnes,,Toutes les sources de déchets à des fins d'élimination,,,Saskatchewan,47,852445.0
2020,Access to basic waste collection services,Tonnes,,Sources de déchets non résidentielles à des fins d'élimination,,,Saskatchewan,,406635.0
2020,Access to basic waste collection services,Tonnes,,Sources de déchets résidentielles à des fins d'élimination,,,Saskatchewan,,445810.0
2020,Access to basic waste collection services,Tonnes,,Toutes les sources de déchets à des fins d'élimination,,,Alberta,48,4044817.0
2020,Access to basic waste collection services,Tonnes,,Sources de déchets non résidentielles à des fins d'élimination,,,Alberta,,1238331.0
2020,Access to basic waste collection services,Tonnes,,Sources de déchets résidentielles à des fins d'élimination,,,Alberta,,2806486.0
2020,Access to basic waste collection services,Tonnes,,Toutes les sources de déchets à des fins d'élimination,,,Colombie-Britannique,59,2803431.0
2020,Access to basic waste collection services,Tonnes,,Sources de déchets non résidentielles à des fins d'élimination,,,Colombie-Britannique,,1068244.0
2020,Access to basic waste collection services,Tonnes,,Sources de déchets résidentielles à des fins d'élimination,,,Colombie-Britannique,,1735187.0
2020,Access to basic waste collection services,Tonnes,,Toutes les sources de déchets à des fins d'élimination,,,"Yukon, Territoires du Nord-Ouest et Nunavut",,96294.0
2020,Access to basic waste collection services,Tonnes,,Sources de déchets non résidentielles à des fins d'élimination,,,"Yukon, Territoires du Nord-Ouest et Nunavut",,37409.0
2020,Access to basic waste collection services,Tonnes,,Sources de déchets résidentielles à des fins d'élimination,,,"Yukon, Territoires du Nord-Ouest et Nunavut",,58886.0
2015,Accès à l'éducation de base,Pourcentage (%),,,Proportion d’enfants de 4e année atteignant au moins un niveau minimal de compétence en mathématiques,Total,,,92.0
2019,Accès à l'éducation de base,Pourcentage (%),,,Proportion d’enfants de 4e année atteignant au moins un niveau minimal de compétence en mathématiques,Homme,,,94.0
2019,Accès à l'éducation de base,Pourcentage (%),,,Proportion d’enfants de 4e année atteignant au moins un niveau minimal de compétence en mathématiques,Femme,,,91.0
2019,Accès à l'éducation de base,Pourcentage (%),,,Proportion d’enfants de 4e année atteignant au moins un niveau minimal de compétence en mathématiques,Total,,,92.0
2016,Accès à l'éducation de base,Pourcentage (%),,,Proportion d’enfants de 4e année atteignant au moins un niveau minimal de compétence en lecture,Homme,,,95.3
2016,Accès à l'éducation de base,Pourcentage (%),,,Proportion d’enfants de 4e année atteignant au moins un niveau minimal de compétence en lecture,Femme,,,96.3
2016,Accès à l'éducation de base,Pourcentage (%),,,Proportion d’enfants de 4e année atteignant au moins un niveau minimal de compétence en lecture,Total,,,95.6
2018,Accès à l'éducation de base,Pourcentage (%),,,Proportion d’enfants et de jeunes à la fin du premier cycle du secondaire atteignant au moins un niveau minimal de compétence en lecture,Femme,,,90.4
2018,Accès à l'éducation de base,Pourcentage (%),,,Proportion d’enfants et de jeunes à la fin du premier cycle du secondaire atteignant au moins un niveau minimal de compétence en lecture,Homme,,,82.1
2018,Accès à l'éducation de base,Pourcentage (%),,,Proportion d’enfants et de jeunes à la fin du premier cycle du secondaire atteignant au moins un niveau minimal de compétence en lecture,Total,,,86.3
2018,Accès à l'éducation de base,Pourcentage (%),,,Proportion d’enfants et de jeunes à la fin du premier cycle du secondaire atteignant au moins un niveau minimal de compétence en mathématiques,Femme,,,83.9
2018,Accès à l'éducation de base,Pourcentage (%),,,Proportion d’enfants et de jeunes à la fin du premier cycle du secondaire atteignant au moins un niveau minimal de compétence en mathématiques,Homme,,,83.6
2018,Accès à l'éducation de base,Pourcentage (%),,,Proportion d’enfants et de jeunes à la fin du premier cycle du secondaire atteignant au moins un niveau minimal de compétence en mathématiques,Total,,,83.7
2016,Accès aux services d’information de base,Pourcentage (%),Proportion de la population couverte par l’accès haute vitesse évolué par paquets (HSPA+),,,,,,99.5
2017,Accès aux services d’information de base,Pourcentage (%),Proportion de la population couverte par l’accès haute vitesse évolué par paquets (HSPA+),,,,,,99.5
2018,Accès aux services d’information de base,Pourcentage (%),Proportion de la population couverte par l’accès haute vitesse évolué par paquets (HSPA+),,,,,,99.5
2019,Accès aux services d’information de base,Pourcentage (%),Proportion de la population couverte par l’accès haute vitesse évolué par paquets (HSPA+),,,,,,99.5
2020,Accès aux services d’information de base,Pourcentage (%),Proportion de la population couverte par l’accès haute vitesse évolué par paquets (HSPA+),,,,,,99.5
2021,Accès aux services d’information de base,Pourcentage (%),Proportion de la population couverte par l’accès haute vitesse évolué par paquets (HSPA+),,,,,,99.5
2021,Accès aux services d’information de base,Pourcentage (%),Proportion de la population couverte par l’accès haute vitesse évolué par paquets (HSPA+),,,,,,99.6
2022,Accès aux services d’information de base,Pourcentage (%),Proportion de la population couverte par l’accès haute vitesse évolué par paquets (HSPA+),,,,,,99.7
2016,Accès aux services d’information de base,Pourcentage (%),Proportion de la population couverte par l’évolution à long terme - A (LTE-A),,,,,,83.4
2017,Accès aux services d’information de base,Pourcentage (%),Proportion de la population couverte par l’évolution à long terme - A (LTE-A),,,,,,92.4
2018,Accès aux services d’information de base,Pourcentage (%),Proportion de la population couverte par l’évolution à long terme - A (LTE-A),,,,,,94.9
2019,Accès aux services d’information de base,Pourcentage (%),Proportion de la population couverte par l’évolution à long terme - A (LTE-A),,,,,,95.9
2020,Accès aux services d’information de base,Pourcentage (%),Proportion de la population couverte par l’évolution à long terme - A (LTE-A),,,,,,97.5
2021,Accès aux services d’information de base,Pourcentage (%),Proportion de la population couverte par l’évolution à long terme - A (LTE-A),,,,,,97.8
2022,Accès aux services d’information de base,Pourcentage (%),Proportion de la population couverte par l’évolution à long terme - A (LTE-A),,,,,,97.8
2016,Accès aux services d’information de base,Pourcentage (%),Proportion de la population couverte par l’évolution à long terme (LTE),,,,,,98.6
2017,Accès aux services d’information de base,Pourcentage (%),Proportion de la population couverte par l’évolution à long terme (LTE),,,,,,99.1
2018,Accès aux services d’information de base,Pourcentage (%),Proportion de la population couverte par l’évolution à long terme (LTE),,,,,,99.3
2019,Accès aux services d’information de base,Pourcentage (%),Proportion de la population couverte par l’évolution à long terme (LTE),,,,,,99.5
2020,Accès aux services d’information de base,Pourcentage (%),Proportion de la population couverte par l’évolution à long terme (LTE),,,,,,99.5
2021,Accès aux services d’information de base,Pourcentage (%),Proportion de la population couverte par l’évolution à long terme (LTE),,,,,,99.4
2022,Accès aux services d’information de base,Pourcentage (%),Proportion de la population couverte par l’évolution à long terme (LTE),,,,,,99.4
2020,Accès aux services d’information de base,Pourcentage (%),Proportion de la population couverte par la 5G,,,,,,53.3
2021,Accès aux services d’information de base,Pourcentage (%),Proportion de la population couverte par la 5G,,,,,,87.8
2022,Accès aux services d’information de base,Pourcentage (%),Proportion de la population couverte par la 5G,,,,,,91.4
