Year,Series,Services de base,Niveau de compétence,Units,Sexe,Géographie,GeoCode,Value
2000,Accès aux services d’eau potable de base,Proportion de la population utilisant les services d’eau potable de base,Pourcentage (%),,,,98.2,
2001,Accès aux services d’eau potable de base,Proportion de la population utilisant les services d’eau potable de base,Pourcentage (%),,,,98.2,
2002,Accès aux services d’eau potable de base,Proportion de la population utilisant les services d’eau potable de base,Pourcentage (%),,,,98.2,
2003,Accès aux services d’eau potable de base,Proportion de la population utilisant les services d’eau potable de base,Pourcentage (%),,,,98.2,
2004,Accès aux services d’eau potable de base,Proportion de la population utilisant les services d’eau potable de base,Pourcentage (%),,,,98.2,
2005,Accès aux services d’eau potable de base,Proportion de la population utilisant les services d’eau potable de base,Pourcentage (%),,,,98.2,
2006,Accès aux services d’eau potable de base,Proportion de la population utilisant les services d’eau potable de base,Pourcentage (%),,,,98.3,
2007,Accès aux services d’eau potable de base,Proportion de la population utilisant les services d’eau potable de base,Pourcentage (%),,,,98.4,
2008,Accès aux services d’eau potable de base,Proportion de la population utilisant les services d’eau potable de base,Pourcentage (%),,,,98.4,
2009,Accès aux services d’eau potable de base,Proportion de la population utilisant les services d’eau potable de base,Pourcentage (%),,,,98.5,
2010,Accès aux services d’eau potable de base,Proportion de la population utilisant les services d’eau potable de base,Pourcentage (%),,,,98.5,
2011,Accès aux services d’eau potable de base,Proportion de la population utilisant les services d’eau potable de base,Pourcentage (%),,,,98.6,
2012,Accès aux services d’eau potable de base,Proportion de la population utilisant les services d’eau potable de base,Pourcentage (%),,,,98.7,
2013,Accès aux services d’eau potable de base,Proportion de la population utilisant les services d’eau potable de base,Pourcentage (%),,,,98.7,
2014,Accès aux services d’eau potable de base,Proportion de la population utilisant les services d’eau potable de base,Pourcentage (%),,,,98.8,
2015,Accès aux services d’eau potable de base,Proportion de la population utilisant les services d’eau potable de base,Pourcentage (%),,,,98.8,
2016,Accès aux services d’eau potable de base,Proportion de la population utilisant les services d’eau potable de base,Pourcentage (%),,,,98.9,
2017,Accès aux services d’eau potable de base,Proportion de la population utilisant les services d’eau potable de base,Pourcentage (%),,,,98.9,
2018,Accès aux services d’eau potable de base,Proportion de la population utilisant les services d’eau potable de base,Pourcentage (%),,,,99,
2019,Accès aux services d’eau potable de base,Proportion de la population utilisant les services d’eau potable de base,Pourcentage (%),,,,99,
2020,Accès aux services d’eau potable de base,Proportion de la population utilisant les services d’eau potable de base,Pourcentage (%),,,,99,
2021,Accès aux services d’eau potable de base,Proportion de la population utilisant les services d’eau potable de base,Pourcentage (%),,,,99,
2022,Accès aux services d’eau potable de base,Proportion de la population utilisant les services d’eau potable de base,Pourcentage (%),,,,99,
2000,Accès aux services d’assainissement de base,Proportion de la population utilisant les services d’assainissement de base,Pourcentage (%),,,,77.4,
2001,Accès aux services d’assainissement de base,Proportion de la population utilisant les services d’assainissement de base,Pourcentage (%),,,,77.4,
2002,Accès aux services d’assainissement de base,Proportion de la population utilisant les services d’assainissement de base,Pourcentage (%),,,,77.4,
2003,Accès aux services d’assainissement de base,Proportion de la population utilisant les services d’assainissement de base,Pourcentage (%),,,,77.8,
2004,Accès aux services d’assainissement de base,Proportion de la population utilisant les services d’assainissement de base,Pourcentage (%),,,,78.3,
2005,Accès aux services d’assainissement de base,Proportion de la population utilisant les services d’assainissement de base,Pourcentage (%),,,,78.7,
2006,Accès aux services d’assainissement de base,Proportion de la population utilisant les services d’assainissement de base,Pourcentage (%),,,,79.2,
2007,Accès aux services d’assainissement de base,Proportion de la population utilisant les services d’assainissement de base,Pourcentage (%),,,,79.6,
2008,Accès aux services d’assainissement de base,Proportion de la population utilisant les services d’assainissement de base,Pourcentage (%),,,,79.9,
2009,Accès aux services d’assainissement de base,Proportion de la population utilisant les services d’assainissement de base,Pourcentage (%),,,,80.3,
2010,Accès aux services d’assainissement de base,Proportion de la population utilisant les services d’assainissement de base,Pourcentage (%),,,,80.7,
2011,Accès aux services d’assainissement de base,Proportion de la population utilisant les services d’assainissement de base,Pourcentage (%),,,,81.1,
2012,Accès aux services d’assainissement de base,Proportion de la population utilisant les services d’assainissement de base,Pourcentage (%),,,,81.4,
2013,Accès aux services d’assainissement de base,Proportion de la population utilisant les services d’assainissement de base,Pourcentage (%),,,,81.8,
2014,Accès aux services d’assainissement de base,Proportion de la population utilisant les services d’assainissement de base,Pourcentage (%),,,,82.2,
2015,Accès aux services d’assainissement de base,Proportion de la population utilisant les services d’assainissement de base,Pourcentage (%),,,,82.6,
2016,Accès aux services d’assainissement de base,Proportion de la population utilisant les services d’assainissement de base,Pourcentage (%),,,,82.9,
2017,Accès aux services d’assainissement de base,Proportion de la population utilisant les services d’assainissement de base,Pourcentage (%),,,,83.3,
2018,Accès aux services d’assainissement de base,Proportion de la population utilisant les services d’assainissement de base,Pourcentage (%),,,,83.7,
2019,Accès aux services d’assainissement de base,Proportion de la population utilisant les services d’assainissement de base,Pourcentage (%),,,,84.1,
2020,Accès aux services d’assainissement de base,Proportion de la population utilisant les services d’assainissement de base,Pourcentage (%),,,,84,
2021,Accès aux services d’assainissement de base,Proportion de la population utilisant les services d’assainissement de base,Pourcentage (%),,,,83.9,
2022,Accès aux services d’assainissement de base,Proportion de la population utilisant les services d’assainissement de base,Pourcentage (%),,,,83.9,
2015,Accès à des carburants et technologies propres,Proportion de la population qui dépend principalement des combustibles et des technologies propres,Pourcentage (%),,,,100,
2016,Accès à des carburants et technologies propres,Proportion de la population qui dépend principalement des combustibles et des technologies propres,Pourcentage (%),,,,100,
2017,Accès à des carburants et technologies propres,Proportion de la population qui dépend principalement des combustibles et des technologies propres,Pourcentage (%),,,,100,
2018,Accès à des carburants et technologies propres,Proportion de la population qui dépend principalement des combustibles et des technologies propres,Pourcentage (%),,,,100,
2019,Accès à des carburants et technologies propres,Proportion de la population qui dépend principalement des combustibles et des technologies propres,Pourcentage (%),,,,100,
2020,Accès à des carburants et technologies propres,Proportion de la population qui dépend principalement des combustibles et des technologies propres,Pourcentage (%),,,,100,
2021,Accès à des carburants et technologies propres,Proportion de la population qui dépend principalement des combustibles et des technologies propres,Pourcentage (%),,,,100,
2022,Accès à des carburants et technologies propres,Proportion de la population qui dépend principalement des combustibles et des technologies propres,Pourcentage (%),,,,100,
2015,Accès à des carburants et technologies propres,Proportion de la population ayant accès à l’électricité,Pourcentage (%),,,,100,
2016,Accès à des carburants et technologies propres,Proportion de la population ayant accès à l’électricité,Pourcentage (%),,,,100,
2017,Accès à des carburants et technologies propres,Proportion de la population ayant accès à l’électricité,Pourcentage (%),,,,100,
2018,Accès à des carburants et technologies propres,Proportion de la population ayant accès à l’électricité,Pourcentage (%),,,,100,
2019,Accès à des carburants et technologies propres,Proportion de la population ayant accès à l’électricité,Pourcentage (%),,,,100,
2020,Accès à des carburants et technologies propres,Proportion de la population ayant accès à l’électricité,Pourcentage (%),,,,100,
2021,Accès à des carburants et technologies propres,Proportion de la population ayant accès à l’électricité,Pourcentage (%),,,,100,
2021,Accès à la mobilité de base,Proportion de la population rurale vivant à moins de 2 km d’une route praticable toute l’année,Pourcentage (%),,,,97.7,
2021,Accès à la mobilité de base,Proportion de la population rurale vivant à moins de 2 km d’une route praticable toute l’année,Pourcentage (%),,Terre-Neuve-et-Labrador,10.0,96.1,
2021,Accès à la mobilité de base,Proportion de la population rurale vivant à moins de 2 km d’une route praticable toute l’année,Pourcentage (%),,Île-du-Prince-Édouard,11.0,99.9,
2021,Accès à la mobilité de base,Proportion de la population rurale vivant à moins de 2 km d’une route praticable toute l’année,Pourcentage (%),,Nouvelle-Écosse,12.0,97.7,
2021,Accès à la mobilité de base,Proportion de la population rurale vivant à moins de 2 km d’une route praticable toute l’année,Pourcentage (%),,Nouveau-Brunswick,13.0,97.1,
2021,Accès à la mobilité de base,Proportion de la population rurale vivant à moins de 2 km d’une route praticable toute l’année,Pourcentage (%),,Québec,24.0,98,
2021,Accès à la mobilité de base,Proportion de la population rurale vivant à moins de 2 km d’une route praticable toute l’année,Pourcentage (%),,Ontario,35.0,98.8,
2021,Accès à la mobilité de base,Proportion de la population rurale vivant à moins de 2 km d’une route praticable toute l’année,Pourcentage (%),,Manitoba,46.0,97.2,
2021,Accès à la mobilité de base,Proportion de la population rurale vivant à moins de 2 km d’une route praticable toute l’année,Pourcentage (%),,Saskatchewan,47.0,98.2,
2021,Accès à la mobilité de base,Proportion de la population rurale vivant à moins de 2 km d’une route praticable toute l’année,Pourcentage (%),,Alberta,48.0,98,
2021,Accès à la mobilité de base,Proportion de la population rurale vivant à moins de 2 km d’une route praticable toute l’année,Pourcentage (%),,Colombie-Britannique,59.0,95,
2021,Accès à la mobilité de base,Proportion de la population rurale vivant à moins de 2 km d’une route praticable toute l’année,Pourcentage (%),,Yukon,60.0,88.2,
2021,Accès à la mobilité de base,Proportion de la population rurale vivant à moins de 2 km d’une route praticable toute l’année,Pourcentage (%),,Territoires du Nord-Ouest,61.0,91.8,
2021,Accès à la mobilité de base,Proportion de la population rurale vivant à moins de 2 km d’une route praticable toute l’année,Pourcentage (%),,Nunavut,62.0,82.2,
2021,Accès à la mobilité de base,Proportion de la population située dans un rayon de 500 mètres d’un arrêt de transport en commun,Pourcentage (%),,Alberta,48.0,76.4,
2021,Accès à la mobilité de base,Proportion de la population située dans un rayon de 500 mètres d’un arrêt de transport en commun,Pourcentage (%),,Colombie-Britannique,59.0,75.9,
2021,Accès à la mobilité de base,Proportion de la population située dans un rayon de 500 mètres d’un arrêt de transport en commun,Pourcentage (%),,,,75.1,
2021,Accès à la mobilité de base,Proportion de la population située dans un rayon de 500 mètres d’un arrêt de transport en commun,Pourcentage (%),,Manitoba,46.0,82.7,
2021,Accès à la mobilité de base,Proportion de la population située dans un rayon de 500 mètres d’un arrêt de transport en commun,Pourcentage (%),,Nouveau-Brunswick,13.0,51.1,
2021,Accès à la mobilité de base,Proportion de la population située dans un rayon de 500 mètres d’un arrêt de transport en commun,Pourcentage (%),,Terre-Neuve-et-Labrador,10.0,54.5,
2021,Accès à la mobilité de base,Proportion de la population située dans un rayon de 500 mètres d’un arrêt de transport en commun,Pourcentage (%),,Territoires du Nord-Ouest,61.0,87.9,
2021,Accès à la mobilité de base,Proportion de la population située dans un rayon de 500 mètres d’un arrêt de transport en commun,Pourcentage (%),,Nouvelle-Écosse,12.0,58.3,
2021,Accès à la mobilité de base,Proportion de la population située dans un rayon de 500 mètres d’un arrêt de transport en commun,Pourcentage (%),,Ontario,24.0,73.8,
2021,Accès à la mobilité de base,Proportion de la population située dans un rayon de 500 mètres d’un arrêt de transport en commun,Pourcentage (%),,Île-du-Prince-Édouard,11.0,40.8,
2021,Accès à la mobilité de base,Proportion de la population située dans un rayon de 500 mètres d’un arrêt de transport en commun,Pourcentage (%),,Québec,24.0,79.2,
2021,Accès à la mobilité de base,Proportion de la population située dans un rayon de 500 mètres d’un arrêt de transport en commun,Pourcentage (%),,Saskatchewan,47.0,79.7,
2021,Accès à la mobilité de base,Proportion de la population située dans un rayon de 500 mètres d’un arrêt de transport en commun,Pourcentage (%),,Yukon,60.0,75.5,
2015,Access to basic education,,Proportion d’enfants de 4e année atteignant au moins un niveau minimal de compétence en mathématiques,Pourcentage (%),Total,,,92.0
2019,Access to basic education,,Proportion d’enfants de 4e année atteignant au moins un niveau minimal de compétence en mathématiques,Pourcentage (%),Total,,,92.0
2019,Access to basic education,,Proportion d’enfants de 4e année atteignant au moins un niveau minimal de compétence en mathématiques,Pourcentage (%),Homme,,,94.0
2019,Access to basic education,,Proportion d’enfants de 4e année atteignant au moins un niveau minimal de compétence en mathématiques,Pourcentage (%),Femme,,,91.0
2016,Access to basic education,,Proportion d’enfants de 4e année atteignant au moins un niveau minimal de compétence en lecture,Pourcentage (%),Total,,,95.6
2016,Access to basic education,,Proportion d’enfants de 4e année atteignant au moins un niveau minimal de compétence en lecture,Pourcentage (%),Homme,,,95.3
2016,Access to basic education,,Proportion d’enfants de 4e année atteignant au moins un niveau minimal de compétence en lecture,Pourcentage (%),Femme,,,96.3
2018,Access to basic education,,Proportion d’enfants et de jeunes à la fin du premier cycle du secondaire atteignant au moins un niveau minimal de compétence en lecture,Pourcentage (%),Total,,,86.3
2018,Access to basic education,,Proportion d’enfants et de jeunes à la fin du premier cycle du secondaire atteignant au moins un niveau minimal de compétence en lecture,Pourcentage (%),Femme,,,90.4
2018,Access to basic education,,Proportion d’enfants et de jeunes à la fin du premier cycle du secondaire atteignant au moins un niveau minimal de compétence en lecture,Pourcentage (%),Homme,,,82.1
2018,Access to basic education,,Proportion d’enfants et de jeunes à la fin du premier cycle du secondaire atteignant au moins un niveau minimal de compétence en mathématiques,Pourcentage (%),Total,,,83.7
2018,Access to basic education,,Proportion d’enfants et de jeunes à la fin du premier cycle du secondaire atteignant au moins un niveau minimal de compétence en mathématiques,Pourcentage (%),Femme,,,83.9
2018,Access to basic education,,Proportion d’enfants et de jeunes à la fin du premier cycle du secondaire atteignant au moins un niveau minimal de compétence en mathématiques,Pourcentage (%),Homme,,,83.6
2016,Accès aux services d’information de base,Proportion de la population couverte par l’accès haute vitesse évolué par paquets (HSPA+),Pourcentage (%),,,,99.5,
2017,Accès aux services d’information de base,Proportion de la population couverte par l’accès haute vitesse évolué par paquets (HSPA+),Pourcentage (%),,,,99.5,
2018,Accès aux services d’information de base,Proportion de la population couverte par l’accès haute vitesse évolué par paquets (HSPA+),Pourcentage (%),,,,99.5,
2019,Accès aux services d’information de base,Proportion de la population couverte par l’accès haute vitesse évolué par paquets (HSPA+),Pourcentage (%),,,,99.5,
2020,Accès aux services d’information de base,Proportion de la population couverte par l’accès haute vitesse évolué par paquets (HSPA+),Pourcentage (%),,,,99.5,
2021,Accès aux services d’information de base,Proportion de la population couverte par l’accès haute vitesse évolué par paquets (HSPA+),Pourcentage (%),,,,99.5,
2016,Accès aux services d’information de base,Proportion de la population couverte par l’évolution à long terme (LTE),Pourcentage (%),,,,98.6,
2017,Accès aux services d’information de base,Proportion de la population couverte par l’évolution à long terme (LTE),Pourcentage (%),,,,99.1,
2018,Accès aux services d’information de base,Proportion de la population couverte par l’évolution à long terme (LTE),Pourcentage (%),,,,99.3,
2019,Accès aux services d’information de base,Proportion de la population couverte par l’évolution à long terme (LTE),Pourcentage (%),,,,99.5,
2020,Accès aux services d’information de base,Proportion de la population couverte par l’évolution à long terme (LTE),Pourcentage (%),,,,99.5,
2021,Accès aux services d’information de base,Proportion de la population couverte par l’évolution à long terme (LTE),Pourcentage (%),,,,99.4,
2016,Accès aux services d’information de base,Proportion de la population couverte par l’évolution à long terme - A (LTE-A),Pourcentage (%),,,,83.4,
2017,Accès aux services d’information de base,Proportion de la population couverte par l’évolution à long terme - A (LTE-A),Pourcentage (%),,,,92.4,
2018,Accès aux services d’information de base,Proportion de la population couverte par l’évolution à long terme - A (LTE-A),Pourcentage (%),,,,94.9,
2019,Accès aux services d’information de base,Proportion de la population couverte par l’évolution à long terme - A (LTE-A),Pourcentage (%),,,,95.9,
2020,Accès aux services d’information de base,Proportion de la population couverte par l’évolution à long terme - A (LTE-A),Pourcentage (%),,,,97.5,
2021,Accès aux services d’information de base,Proportion de la population couverte par l’évolution à long terme - A (LTE-A),Pourcentage (%),,,,97.8,
2016,Accès aux services d’information de base,Proportion de la population couverte par la 5G,Pourcentage (%),,,,0,
2017,Accès aux services d’information de base,Proportion de la population couverte par la 5G,Pourcentage (%),,,,0,
2018,Accès aux services d’information de base,Proportion de la population couverte par la 5G,Pourcentage (%),,,,0,
2019,Accès aux services d’information de base,Proportion de la population couverte par la 5G,Pourcentage (%),,,,0,
2020,Accès aux services d’information de base,Proportion de la population couverte par la 5G,Pourcentage (%),,,,53.3,
2021,Accès aux services d’information de base,Proportion de la population couverte par la 5G,Pourcentage (%),,,,87.8,
