Year,Poverty reduction aid type,Value
2015,Éducation de base,0.0060488672301134
2015,Santé de base,0.0185572987083026
2015,Distribution d'eau et assainissement,0.0041327682279782
2015,Aide alimentaire dévelopmentale,0.0009608302110491
2015,Aide plurisectorielle pour les services sociaux de base,0.0004740772386149
2016,Éducation de base,0.0048395814000601
2016,Santé de base,0.0203274295980985
2016,Distribution d'eau et assainissement,0.0021060916970587
2016,Aide alimentaire dévelopmentale,0.0027423663200127
2016,Aide plurisectorielle pour les services sociaux de base,0.0002868981334328
2017,Éducation de base,0.0039331209665456
2017,Santé de base,0.0197221709567119
2017,Distribution d'eau et assainissement,0.0024489413997148
2017,Aide alimentaire dévelopmentale,0.0015391132622924
2017,Aide plurisectorielle pour les services sociaux de base,6.13562058982549e-05
2018,Éducation de base,0.003636532400767
2018,Santé de base,0.0173193348815675
2018,Distribution d'eau et assainissement,0.0024183219658618
2018,Aide alimentaire dévelopmentale,0.0008268418303599
2018,Aide plurisectorielle pour les services sociaux de base,0.0019159688851621
2019,Éducation de base,0.0057481547488984
2019,Santé de base,0.0129162425528071
2019,Distribution d'eau et assainissement,0.0016003698669995
2019,Aide alimentaire dévelopmentale,0.0002909761971739
2019,Aide plurisectorielle pour les services sociaux de base,0.001214893237363
2020,Éducation de base,0.0068338749556383
2020,Santé de base,0.0180307761582304
2020,Distribution d'eau et assainissement,0.0014693679331682
2020,Aide alimentaire dévelopmentale,0.0011393685692849
2020,Aide plurisectorielle pour les services sociaux de base,5.57177601118956e-05
2021,Éducation de base,0.0060108202974909
2021,Santé de base,0.0599585101773102
2021,Distribution d'eau et assainissement,0.002126041571149
2021,Aide alimentaire dévelopmentale,0.0007457443780976
2021,Aide plurisectorielle pour les services sociaux de base,0.0007356499149463
2022,Éducation de base,0.0049832238266511
2022,Santé de base,0.0445382665529966
2022,Distribution d'eau et assainissement,0.0016609183210668
2022,Aide alimentaire dévelopmentale,0.0005932564253003
2022,Aide plurisectorielle pour les services sociaux de base,0.0003588291415091
2015,,0.0301738416160583
2016,,0.0303023671486629
2017,,0.027704702791163
2018,,0.0261169999637184
2019,,0.0217706366032421
2020,,0.0275291053764339
2021,,0.0695767663389942
2022,,0.0521344942675242
