Year,Poverty reduction aid type,Value
2018,,0.03%
2019,,0.02%
2020,,0.03%
2021,,0.06%
2018,Éducation de base,0.004%
2019,Éducation de base,0.006%
2020,Éducation de base,0.007%
2021,Éducation de base,0.005%
2018,Santé de base,0.017%
2019,Santé de base,0.013%
2020,Santé de base,0.018%
2021,Santé de base,0.052%
2018,Water supply and sanitation ,0.002%
2019,Water supply and sanitation ,0.002%
2020,Water supply and sanitation ,0.001%
2021,Water supply and sanitation ,0.002%
2018,Aide multisectorielle pour les services sociaux de base,0.002%
2019,Aide multisectorielle pour les services sociaux de base,0.001%
2020,Aide multisectorielle pour les services sociaux de base,0.000%
2021,Aide multisectorielle pour les services sociaux de base,0.001%
2018,Development food aid ,0.001%
2019,Development food aid ,0.000%
2020,Development food aid ,0.001%
2021,Development food aid ,0.001%
