Year,Géographie,Personnes à faible revenu,GeoCode,Value
2015,,,,14.2
2016,,,,13.0
2017,,,,12.6
2018,,,,12.3
2019,,,,12.1
2015,Canada,Personnes de moins de 18 ans,,15.2
2015,Canada,Personnes de 18 à 64 ans,,13.9
2015,Canada,Personnes de 65 ans et plus,,14.3
2015,Canada,Hommes,,13.7
2015,Canada,"Hommes, moins de 18 ans",,15.0
2015,Canada,"Hommes, 18 à 64 ans",,13.6
2015,Canada,"Hommes, 65 ans et plus",,11.9
2015,Canada,Femmes,,14.7
2015,Canada,"Femmes, moins de 18 ans",,15.4
2015,Canada,"Femmes, 18 à 64 ans",,14.1
2015,Canada,"Femmes, 65 ans et plus",,16.3
2015,Provinces de l'Atlantique,Toutes les personnes,,16.7
2015,Provinces de l'Atlantique,Personnes de moins de 18 ans,,17.5
2015,Provinces de l'Atlantique,Personnes de 18 à 64 ans,,14.9
2015,Provinces de l'Atlantique,Personnes de 65 ans et plus,,22.0
2015,Provinces de l'Atlantique,Hommes,,15.5
2015,Provinces de l'Atlantique,"Hommes, moins de 18 ans",,16.8
2015,Provinces de l'Atlantique,"Hommes, 18 à 64 ans",,14.5
2015,Provinces de l'Atlantique,"Hommes, 65 ans et plus",,18.0
2015,Provinces de l'Atlantique,Femmes,,17.9
2015,Provinces de l'Atlantique,"Femmes, moins de 18 ans",,18.2
2015,Provinces de l'Atlantique,"Femmes, 18 à 64 ans",,15.4
2015,Provinces de l'Atlantique,"Femmes, 65 ans et plus",,25.5
2015,Terre-Neuve-et-Labrador,Toutes les personnes,10,15.4
2015,Terre-Neuve-et-Labrador,Personnes de moins de 18 ans,,16.1
2015,Terre-Neuve-et-Labrador,Personnes de 18 à 64 ans,,11.7
2015,Terre-Neuve-et-Labrador,Personnes de 65 ans et plus,,27.6
2015,Terre-Neuve-et-Labrador,Hommes,,13.0
2015,Terre-Neuve-et-Labrador,"Hommes, moins de 18 ans",,15.0
2015,Terre-Neuve-et-Labrador,"Hommes, 18 à 64 ans",,9.8
2015,Terre-Neuve-et-Labrador,"Hommes, 65 ans et plus",,22.9
2015,Terre-Neuve-et-Labrador,Femmes,,17.7
2015,Terre-Neuve-et-Labrador,"Femmes, moins de 18 ans",,17.3
2015,Terre-Neuve-et-Labrador,"Femmes, 18 à 64 ans",,13.6
2015,Terre-Neuve-et-Labrador,"Femmes, 65 ans et plus",,31.8
2015,Île-du-Prince-Édouard,Toutes les personnes,11,15.9
2015,Île-du-Prince-Édouard,Personnes de moins de 18 ans,,16.4
2015,Île-du-Prince-Édouard,Personnes de 18 à 64 ans,,14.5
2015,Île-du-Prince-Édouard,Personnes de 65 ans et plus,,20.1
2015,Île-du-Prince-Édouard,Hommes,,14.4
2015,Île-du-Prince-Édouard,"Hommes, moins de 18 ans",,14.4
2015,Île-du-Prince-Édouard,"Hommes, 18 à 64 ans",,14.9
2015,Île-du-Prince-Édouard,"Hommes, 65 ans et plus",,12.7
2015,Île-du-Prince-Édouard,Femmes,,17.2
2015,Île-du-Prince-Édouard,"Femmes, moins de 18 ans",,18.2
2015,Île-du-Prince-Édouard,"Femmes, 18 à 64 ans",,14.0
2015,Île-du-Prince-Édouard,"Femmes, 65 ans et plus",,26.6
2015,Nouvelle-Écosse,Toutes les personnes,12,17.5
2015,Nouvelle-Écosse,Personnes de moins de 18 ans,,17.6
2015,Nouvelle-Écosse,Personnes de 18 à 64 ans,,16.4
2015,Nouvelle-Écosse,Personnes de 65 ans et plus,,21.0
2015,Nouvelle-Écosse,Hommes,,16.3
2015,Nouvelle-Écosse,"Hommes, moins de 18 ans",,15.9
2015,Nouvelle-Écosse,"Hommes, 18 à 64 ans",,16.1
2015,Nouvelle-Écosse,"Hommes, 65 ans et plus",,17.2
2015,Nouvelle-Écosse,Femmes,,18.6
2015,Nouvelle-Écosse,"Femmes, moins de 18 ans",,19.6
2015,Nouvelle-Écosse,"Femmes, 18 à 64 ans",,16.6
2015,Nouvelle-Écosse,"Femmes, 65 ans et plus",,24.2
2015,Nouveau-Brunswick,Toutes les personnes,13,16.9
2015,Nouveau-Brunswick,Personnes de moins de 18 ans,,18.5
2015,Nouveau-Brunswick,Personnes de 18 à 64 ans,,15.5
2015,Nouveau-Brunswick,Personnes de 65 ans et plus,,19.9
2015,Nouveau-Brunswick,Hommes,,16.5
2015,Nouveau-Brunswick,"Hommes, moins de 18 ans",,19.6
2015,Nouveau-Brunswick,"Hommes, 18 à 64 ans",,15.6
2015,Nouveau-Brunswick,"Hommes, 65 ans et plus",,16.5
2015,Nouveau-Brunswick,Femmes,,17.2
2015,Nouveau-Brunswick,"Femmes, moins de 18 ans",,17.3
2015,Nouveau-Brunswick,"Femmes, 18 à 64 ans",,15.4
2015,Nouveau-Brunswick,"Femmes, 65 ans et plus",,22.8
2015,Québec,Toutes les personnes,24,16.2
2015,Québec,Personnes de moins de 18 ans,,15.5
2015,Québec,Personnes de 18 à 64 ans,,15.8
2015,Québec,Personnes de 65 ans et plus,,18.4
2015,Québec,Hommes,,15.4
2015,Québec,"Hommes, moins de 18 ans",,15.0
2015,Québec,"Hommes, 18 à 64 ans",,15.4
2015,Québec,"Hommes, 65 ans et plus",,15.6
2015,Québec,Femmes,,17.0
2015,Québec,"Femmes, moins de 18 ans",,16.0
2015,Québec,"Femmes, 18 à 64 ans",,16.2
2015,Québec,"Femmes, 65 ans et plus",,20.7
2015,Ontario,Toutes les personnes,35,14.3
2015,Ontario,Personnes de moins de 18 ans,,15.8
2015,Ontario,Personnes de 18 à 64 ans,,14.2
2015,Ontario,Personnes de 65 ans et plus,,12.5
2015,Ontario,Hommes,,13.8
2015,Ontario,"Hommes, moins de 18 ans",,16.7
2015,Ontario,"Hommes, 18 à 64 ans",,13.8
2015,Ontario,"Hommes, 65 ans et plus",,10.0
2015,Ontario,Femmes,,14.7
2015,Ontario,"Femmes, moins de 18 ans",,14.8
2015,Ontario,"Femmes, 18 à 64 ans",,14.7
2015,Ontario,"Femmes, 65 ans et plus",,14.6
2015,Provinces des Prairies,Toutes les personnes,,9.5
2015,Provinces des Prairies,Personnes de moins de 18 ans,,13.9
2015,Provinces des Prairies,Personnes de 18 à 64 ans,,8.3
2015,Provinces des Prairies,Personnes de 65 ans et plus,,7.8
2015,Provinces des Prairies,Hommes,,9.1
2015,Provinces des Prairies,"Hommes, moins de 18 ans",,12.9
2015,Provinces des Prairies,"Hommes, 18 à 64 ans",,8.3
2015,Provinces des Prairies,"Hommes, 65 ans et plus",,6.3
2015,Provinces des Prairies,Femmes,,9.9
2015,Provinces des Prairies,"Femmes, moins de 18 ans",,15.1
2015,Provinces des Prairies,"Femmes, 18 à 64 ans",,8.3
2015,Provinces des Prairies,"Femmes, 65 ans et plus",,9.1
2015,Manitoba,Toutes les personnes,46,15.6
2015,Manitoba,Personnes de moins de 18 ans,,22.4
2015,Manitoba,Personnes de 18 à 64 ans,,13.7
2015,Manitoba,Personnes de 65 ans et plus,,13.4
2015,Manitoba,Hommes,,16.0
2015,Manitoba,"Hommes, moins de 18 ans",,26.2
2015,Manitoba,"Hommes, 18 à 64 ans",,13.9
2015,Manitoba,"Hommes, 65 ans et plus",,9.0
2015,Manitoba,Femmes,,15.2
2015,Manitoba,"Femmes, moins de 18 ans",,18.3
2015,Manitoba,"Femmes, 18 à 64 ans",,13.6
2015,Manitoba,"Femmes, 65 ans et plus",,17.1
2015,Saskatchewan,Toutes les personnes,47,12.6
2015,Saskatchewan,Personnes de moins de 18 ans,,17.7
2015,Saskatchewan,Personnes de 18 à 64 ans,,10.8
2015,Saskatchewan,Personnes de 65 ans et plus,,12.4
2015,Saskatchewan,Hommes,,11.2
2015,Saskatchewan,"Hommes, moins de 18 ans",,17.0
2015,Saskatchewan,"Hommes, 18 à 64 ans",,9.4
2015,Saskatchewan,"Hommes, 65 ans et plus",,10.3
2015,Saskatchewan,Femmes,,14.0
2015,Saskatchewan,"Femmes, moins de 18 ans",,18.5
2015,Saskatchewan,"Femmes, 18 à 64 ans",,12.3
2015,Saskatchewan,"Femmes, 65 ans et plus",,14.2
2015,Alberta,Toutes les personnes,48,6.9
2015,Alberta,Personnes de moins de 18 ans,,10.5
2015,Alberta,Personnes de 18 à 64 ans,,6.2
2015,Alberta,Personnes de 65 ans et plus,,4.1
2015,Alberta,Hommes,,6.6
2015,Alberta,"Hommes, moins de 18 ans",,8.0
2015,Alberta,"Hommes, 18 à 64 ans",,6.5
2015,Alberta,"Hommes, 65 ans et plus",,4.0
2015,Alberta,Femmes,,7.2
2015,Alberta,"Femmes, moins de 18 ans",,13.3
2015,Alberta,"Femmes, 18 à 64 ans",,5.8
2015,Alberta,"Femmes, 65 ans et plus",,4.2
2015,Colombie-Britannique,Toutes les personnes,59,15.8
2015,Colombie-Britannique,Personnes de moins de 18 ans,,14.0
2015,Colombie-Britannique,Personnes de 18 à 64 ans,,16.8
2015,Colombie-Britannique,Personnes de 65 ans et plus,,14.1
2015,Colombie-Britannique,Hommes,,15.7
2015,Colombie-Britannique,"Hommes, moins de 18 ans",,12.8
2015,Colombie-Britannique,"Hommes, 18 à 64 ans",,17.3
2015,Colombie-Britannique,"Hommes, 65 ans et plus",,12.7
2015,Colombie-Britannique,Femmes,,15.9
2015,Colombie-Britannique,"Femmes, moins de 18 ans",,15.2
2015,Colombie-Britannique,"Femmes, 18 à 64 ans",,16.3
2015,Colombie-Britannique,"Femmes, 65 ans et plus",,15.3
2015,"Québec, Québec",Toutes les personnes,,9.9
2015,"Québec, Québec",Personnes de moins de 18 ans,,
2015,"Québec, Québec",Personnes de 18 à 64 ans,,9.0
2015,"Québec, Québec",Personnes de 65 ans et plus,,16.6
2015,"Québec, Québec",Hommes,,10.2
2015,"Québec, Québec","Hommes, moins de 18 ans",,
2015,"Québec, Québec","Hommes, 18 à 64 ans",,9.7
2015,"Québec, Québec","Hommes, 65 ans et plus",,13.9
2015,"Québec, Québec",Femmes,,9.7
2015,"Québec, Québec","Femmes, moins de 18 ans",,
2015,"Québec, Québec","Femmes, 18 à 64 ans",,8.4
2015,"Québec, Québec","Femmes, 65 ans et plus",,18.6
2015,"Montréal, Québec",Toutes les personnes,,18.9
2015,"Montréal, Québec",Personnes de moins de 18 ans,,20.3
2015,"Montréal, Québec",Personnes de 18 à 64 ans,,19.1
2015,"Montréal, Québec",Personnes de 65 ans et plus,,16.1
2015,"Montréal, Québec",Hommes,,18.2
2015,"Montréal, Québec","Hommes, moins de 18 ans",,20.5
2015,"Montréal, Québec","Hommes, 18 à 64 ans",,18.4
2015,"Montréal, Québec","Hommes, 65 ans et plus",,14.4
2015,"Montréal, Québec",Femmes,,19.5
2015,"Montréal, Québec","Femmes, moins de 18 ans",,20.2
2015,"Montréal, Québec","Femmes, 18 à 64 ans",,19.8
2015,"Montréal, Québec","Femmes, 65 ans et plus",,17.4
2015,"Ottawa-Gatineau, Ontario/Québec",Toutes les personnes,,10.8
2015,"Ottawa-Gatineau, Ontario/Québec",Personnes de moins de 18 ans,,10.5
2015,"Ottawa-Gatineau, Ontario/Québec",Personnes de 18 à 64 ans,,11.4
2015,"Ottawa-Gatineau, Ontario/Québec",Personnes de 65 ans et plus,,8.1
2015,"Ottawa-Gatineau, Ontario/Québec",Hommes,,9.8
2015,"Ottawa-Gatineau, Ontario/Québec","Hommes, moins de 18 ans",,
2015,"Ottawa-Gatineau, Ontario/Québec","Hommes, 18 à 64 ans",,10.6
2015,"Ottawa-Gatineau, Ontario/Québec","Hommes, 65 ans et plus",,
2015,"Ottawa-Gatineau, Ontario/Québec",Femmes,,11.7
2015,"Ottawa-Gatineau, Ontario/Québec","Femmes, moins de 18 ans",,
2015,"Ottawa-Gatineau, Ontario/Québec","Femmes, 18 à 64 ans",,12.2
2015,"Ottawa-Gatineau, Ontario/Québec","Femmes, 65 ans et plus",,8.8
2015,"Toronto, Ontario",Toutes les personnes,,16.4
2015,"Toronto, Ontario",Personnes de moins de 18 ans,,18.8
2015,"Toronto, Ontario",Personnes de 18 à 64 ans,,15.8
2015,"Toronto, Ontario",Personnes de 65 ans et plus,,15.9
2015,"Toronto, Ontario",Hommes,,16.0
2015,"Toronto, Ontario","Hommes, moins de 18 ans",,20.3
2015,"Toronto, Ontario","Hommes, 18 à 64 ans",,15.2
2015,"Toronto, Ontario","Hommes, 65 ans et plus",,13.0
2015,"Toronto, Ontario",Femmes,,16.7
2015,"Toronto, Ontario","Femmes, moins de 18 ans",,17.1
2015,"Toronto, Ontario","Femmes, 18 à 64 ans",,16.3
2015,"Toronto, Ontario","Femmes, 65 ans et plus",,18.2
2015,"Winnipeg, Manitoba",Toutes les personnes,,16.4
2015,"Winnipeg, Manitoba",Personnes de moins de 18 ans,,23.8
2015,"Winnipeg, Manitoba",Personnes de 18 à 64 ans,,15.2
2015,"Winnipeg, Manitoba",Personnes de 65 ans et plus,,10.8
2015,"Winnipeg, Manitoba",Hommes,,16.2
2015,"Winnipeg, Manitoba","Hommes, moins de 18 ans",,28.3
2015,"Winnipeg, Manitoba","Hommes, 18 à 64 ans",,14.7
2015,"Winnipeg, Manitoba","Hommes, 65 ans et plus",,4.9
2015,"Winnipeg, Manitoba",Femmes,,16.5
2015,"Winnipeg, Manitoba","Femmes, moins de 18 ans",,19.5
2015,"Winnipeg, Manitoba","Femmes, 18 à 64 ans",,15.8
2015,"Winnipeg, Manitoba","Femmes, 65 ans et plus",,15.6
2015,"Calgary, Alberta",Toutes les personnes,,7.8
2015,"Calgary, Alberta",Personnes de moins de 18 ans,,
2015,"Calgary, Alberta",Personnes de 18 à 64 ans,,6.7
2015,"Calgary, Alberta",Personnes de 65 ans et plus,,
2015,"Calgary, Alberta",Hommes,,7.6
2015,"Calgary, Alberta","Hommes, moins de 18 ans",,
2015,"Calgary, Alberta","Hommes, 18 à 64 ans",,7.2
2015,"Calgary, Alberta","Hommes, 65 ans et plus",,
2015,"Calgary, Alberta",Femmes,,8.0
2015,"Calgary, Alberta","Femmes, moins de 18 ans",,
2015,"Calgary, Alberta","Femmes, 18 à 64 ans",,6.2
2015,"Calgary, Alberta","Femmes, 65 ans et plus",,
2015,"Edmonton, Alberta",Toutes les personnes,,6.1
2015,"Edmonton, Alberta",Personnes de moins de 18 ans,,
2015,"Edmonton, Alberta",Personnes de 18 à 64 ans,,5.6
2015,"Edmonton, Alberta",Personnes de 65 ans et plus,,
2015,"Edmonton, Alberta",Hommes,,5.9
2015,"Edmonton, Alberta","Hommes, moins de 18 ans",,
2015,"Edmonton, Alberta","Hommes, 18 à 64 ans",,6.6
2015,"Edmonton, Alberta","Hommes, 65 ans et plus",,
2015,"Edmonton, Alberta",Femmes,,6.2
2015,"Edmonton, Alberta","Femmes, moins de 18 ans",,
2015,"Edmonton, Alberta","Femmes, 18 à 64 ans",,4.5
2015,"Edmonton, Alberta","Femmes, 65 ans et plus",,
2015,"Vancouver, Colombie-Britannique",Toutes les personnes,,16.1
2015,"Vancouver, Colombie-Britannique",Personnes de moins de 18 ans,,15.1
2015,"Vancouver, Colombie-Britannique",Personnes de 18 à 64 ans,,16.7
2015,"Vancouver, Colombie-Britannique",Personnes de 65 ans et plus,,15.1
2015,"Vancouver, Colombie-Britannique",Hommes,,16.2
2015,"Vancouver, Colombie-Britannique","Hommes, moins de 18 ans",,14.9
2015,"Vancouver, Colombie-Britannique","Hommes, 18 à 64 ans",,16.8
2015,"Vancouver, Colombie-Britannique","Hommes, 65 ans et plus",,15.4
2015,"Vancouver, Colombie-Britannique",Femmes,,16.0
2015,"Vancouver, Colombie-Britannique","Femmes, moins de 18 ans",,15.2
2015,"Vancouver, Colombie-Britannique","Femmes, 18 à 64 ans",,16.5
2015,"Vancouver, Colombie-Britannique","Femmes, 65 ans et plus",,14.9
2016,Canada,Personnes de moins de 18 ans,,14.0
2016,Canada,Personnes de 18 à 64 ans,,12.4
2016,Canada,Personnes de 65 ans et plus,,14.2
2016,Canada,Hommes,,12.2
2016,Canada,"Hommes, moins de 18 ans",,13.5
2016,Canada,"Hommes, 18 à 64 ans",,11.8
2016,Canada,"Hommes, 65 ans et plus",,12.0
2016,Canada,Femmes,,13.8
2016,Canada,"Femmes, moins de 18 ans",,14.5
2016,Canada,"Femmes, 18 à 64 ans",,13.0
2016,Canada,"Femmes, 65 ans et plus",,16.1
2016,Provinces de l'Atlantique,Toutes les personnes,,15.4
2016,Provinces de l'Atlantique,Personnes de moins de 18 ans,,17.6
2016,Provinces de l'Atlantique,Personnes de 18 à 64 ans,,13.4
2016,Provinces de l'Atlantique,Personnes de 65 ans et plus,,20.1
2016,Provinces de l'Atlantique,Hommes,,14.3
2016,Provinces de l'Atlantique,"Hommes, moins de 18 ans",,18.6
2016,Provinces de l'Atlantique,"Hommes, 18 à 64 ans",,12.0
2016,Provinces de l'Atlantique,"Hommes, 65 ans et plus",,18.0
2016,Provinces de l'Atlantique,Femmes,,16.6
2016,Provinces de l'Atlantique,"Femmes, moins de 18 ans",,16.6
2016,Provinces de l'Atlantique,"Femmes, 18 à 64 ans",,14.8
2016,Provinces de l'Atlantique,"Femmes, 65 ans et plus",,21.9
2016,Terre-Neuve-et-Labrador,Toutes les personnes,10,15.6
2016,Terre-Neuve-et-Labrador,Personnes de moins de 18 ans,,16.3
2016,Terre-Neuve-et-Labrador,Personnes de 18 à 64 ans,,12.4
2016,Terre-Neuve-et-Labrador,Personnes de 65 ans et plus,,25.4
2016,Terre-Neuve-et-Labrador,Hommes,,13.6
2016,Terre-Neuve-et-Labrador,"Hommes, moins de 18 ans",,16.5
2016,Terre-Neuve-et-Labrador,"Hommes, 18 à 64 ans",,9.5
2016,Terre-Neuve-et-Labrador,"Hommes, 65 ans et plus",,24.9
2016,Terre-Neuve-et-Labrador,Femmes,,17.6
2016,Terre-Neuve-et-Labrador,"Femmes, moins de 18 ans",,16.1
2016,Terre-Neuve-et-Labrador,"Femmes, 18 à 64 ans",,15.3
2016,Terre-Neuve-et-Labrador,"Femmes, 65 ans et plus",,25.9
2016,Île-du-Prince-Édouard,Toutes les personnes,11,14.4
2016,Île-du-Prince-Édouard,Personnes de moins de 18 ans,,19.8
2016,Île-du-Prince-Édouard,Personnes de 18 à 64 ans,,11.2
2016,Île-du-Prince-Édouard,Personnes de 65 ans et plus,,19.1
2016,Île-du-Prince-Édouard,Hommes,,11.7
2016,Île-du-Prince-Édouard,"Hommes, moins de 18 ans",,16.1
2016,Île-du-Prince-Édouard,"Hommes, 18 à 64 ans",,9.8
2016,Île-du-Prince-Édouard,"Hommes, 65 ans et plus",,13.4
2016,Île-du-Prince-Édouard,Femmes,,16.9
2016,Île-du-Prince-Édouard,"Femmes, moins de 18 ans",,23.9
2016,Île-du-Prince-Édouard,"Femmes, 18 à 64 ans",,12.6
2016,Île-du-Prince-Édouard,"Femmes, 65 ans et plus",,24.1
2016,Nouvelle-Écosse,Toutes les personnes,12,16.1
2016,Nouvelle-Écosse,Personnes de moins de 18 ans,,18.1
2016,Nouvelle-Écosse,Personnes de 18 à 64 ans,,15.6
2016,Nouvelle-Écosse,Personnes de 65 ans et plus,,16.1
2016,Nouvelle-Écosse,Hommes,,15.9
2016,Nouvelle-Écosse,"Hommes, moins de 18 ans",,19.3
2016,Nouvelle-Écosse,"Hommes, 18 à 64 ans",,15.4
2016,Nouvelle-Écosse,"Hommes, 65 ans et plus",,14.4
2016,Nouvelle-Écosse,Femmes,,16.3
2016,Nouvelle-Écosse,"Femmes, moins de 18 ans",,16.7
2016,Nouvelle-Écosse,"Femmes, 18 à 64 ans",,15.8
2016,Nouvelle-Écosse,"Femmes, 65 ans et plus",,17.4
2016,Nouveau-Brunswick,Toutes les personnes,13,14.7
2016,Nouveau-Brunswick,Personnes de moins de 18 ans,,17.5
2016,Nouveau-Brunswick,Personnes de 18 à 64 ans,,11.8
2016,Nouveau-Brunswick,Personnes de 65 ans et plus,,21.5
2016,Nouveau-Brunswick,Hommes,,13.3
2016,Nouveau-Brunswick,"Hommes, moins de 18 ans",,19.7
2016,Nouveau-Brunswick,"Hommes, 18 à 64 ans",,9.9
2016,Nouveau-Brunswick,"Hommes, 65 ans et plus",,18.4
2016,Nouveau-Brunswick,Femmes,,16.1
2016,Nouveau-Brunswick,"Femmes, moins de 18 ans",,15.1
2016,Nouveau-Brunswick,"Femmes, 18 à 64 ans",,13.7
2016,Nouveau-Brunswick,"Femmes, 65 ans et plus",,24.3
2016,Québec,Toutes les personnes,24,14.0
2016,Québec,Personnes de moins de 18 ans,,13.1
2016,Québec,Personnes de 18 à 64 ans,,12.9
2016,Québec,Personnes de 65 ans et plus,,18.9
2016,Québec,Hommes,,13.4
2016,Québec,"Hommes, moins de 18 ans",,13.4
2016,Québec,"Hommes, 18 à 64 ans",,12.7
2016,Québec,"Hommes, 65 ans et plus",,16.0
2016,Québec,Femmes,,14.7
2016,Québec,"Femmes, moins de 18 ans",,12.8
2016,Québec,"Femmes, 18 à 64 ans",,13.2
2016,Québec,"Femmes, 65 ans et plus",,21.3
2016,Ontario,Toutes les personnes,35,13.7
2016,Ontario,Personnes de moins de 18 ans,,16.2
2016,Ontario,Personnes de 18 à 64 ans,,13.2
2016,Ontario,Personnes de 65 ans et plus,,12.3
2016,Ontario,Hommes,,12.2
2016,Ontario,"Hommes, moins de 18 ans",,15.0
2016,Ontario,"Hommes, 18 à 64 ans",,11.9
2016,Ontario,"Hommes, 65 ans et plus",,10.1
2016,Ontario,Femmes,,15.0
2016,Ontario,"Femmes, moins de 18 ans",,17.5
2016,Ontario,"Femmes, 18 à 64 ans",,14.6
2016,Ontario,"Femmes, 65 ans et plus",,14.1
2016,Provinces des Prairies,Toutes les personnes,,9.6
2016,Provinces des Prairies,Personnes de moins de 18 ans,,10.4
2016,Provinces des Prairies,Personnes de 18 à 64 ans,,9.4
2016,Provinces des Prairies,Personnes de 65 ans et plus,,9.6
2016,Provinces des Prairies,Hommes,,9.5
2016,Provinces des Prairies,"Hommes, moins de 18 ans",,10.6
2016,Provinces des Prairies,"Hommes, 18 à 64 ans",,9.2
2016,Provinces des Prairies,"Hommes, 65 ans et plus",,9.1
2016,Provinces des Prairies,Femmes,,9.8
2016,Provinces des Prairies,"Femmes, moins de 18 ans",,10.1
2016,Provinces des Prairies,"Femmes, 18 à 64 ans",,9.7
2016,Provinces des Prairies,"Femmes, 65 ans et plus",,10.0
2016,Manitoba,Toutes les personnes,46,13.3
2016,Manitoba,Personnes de moins de 18 ans,,17.1
2016,Manitoba,Personnes de 18 à 64 ans,,11.8
2016,Manitoba,Personnes de 65 ans et plus,,14.1
2016,Manitoba,Hommes,,13.0
2016,Manitoba,"Hommes, moins de 18 ans",,18.5
2016,Manitoba,"Hommes, 18 à 64 ans",,11.3
2016,Manitoba,"Hommes, 65 ans et plus",,11.5
2016,Manitoba,Femmes,,13.6
2016,Manitoba,"Femmes, moins de 18 ans",,15.6
2016,Manitoba,"Femmes, 18 à 64 ans",,12.3
2016,Manitoba,"Femmes, 65 ans et plus",,16.4
2016,Saskatchewan,Toutes les personnes,47,11.6
2016,Saskatchewan,Personnes de moins de 18 ans,,13.0
2016,Saskatchewan,Personnes de 18 à 64 ans,,10.2
2016,Saskatchewan,Personnes de 65 ans et plus,,15.7
2016,Saskatchewan,Hommes,,10.6
2016,Saskatchewan,"Hommes, moins de 18 ans",,12.1
2016,Saskatchewan,"Hommes, 18 à 64 ans",,9.3
2016,Saskatchewan,"Hommes, 65 ans et plus",,14.5
2016,Saskatchewan,Femmes,,12.7
2016,Saskatchewan,"Femmes, moins de 18 ans",,13.9
2016,Saskatchewan,"Femmes, 18 à 64 ans",,11.1
2016,Saskatchewan,"Femmes, 65 ans et plus",,16.9
2016,Alberta,Toutes les personnes,48,8.1
2016,Alberta,Personnes de moins de 18 ans,,7.7
2016,Alberta,Personnes de 18 à 64 ans,,8.6
2016,Alberta,Personnes de 65 ans et plus,,5.8
2016,Alberta,Hommes,,8.2
2016,Alberta,"Hommes, moins de 18 ans",,7.8
2016,Alberta,"Hommes, 18 à 64 ans",,8.6
2016,Alberta,"Hommes, 65 ans et plus",,6.4
2016,Alberta,Femmes,,7.9
2016,Alberta,"Femmes, moins de 18 ans",,7.7
2016,Alberta,"Femmes, 18 à 64 ans",,8.5
2016,Alberta,"Femmes, 65 ans et plus",,5.3
2016,Colombie-Britannique,Toutes les personnes,59,12.9
2016,Colombie-Britannique,Personnes de moins de 18 ans,,12.8
2016,Colombie-Britannique,Personnes de 18 à 64 ans,,12.9
2016,Colombie-Britannique,Personnes de 65 ans et plus,,12.8
2016,Colombie-Britannique,Hommes,,12.8
2016,Colombie-Britannique,"Hommes, moins de 18 ans",,11.8
2016,Colombie-Britannique,"Hommes, 18 à 64 ans",,13.9
2016,Colombie-Britannique,"Hommes, 65 ans et plus",,9.8
2016,Colombie-Britannique,Femmes,,12.9
2016,Colombie-Britannique,"Femmes, moins de 18 ans",,13.9
2016,Colombie-Britannique,"Femmes, 18 à 64 ans",,11.9
2016,Colombie-Britannique,"Femmes, 65 ans et plus",,15.6
2016,"Québec, Québec",Toutes les personnes,,11.1
2016,"Québec, Québec",Personnes de moins de 18 ans,,7.8
2016,"Québec, Québec",Personnes de 18 à 64 ans,,9.3
2016,"Québec, Québec",Personnes de 65 ans et plus,,19.9
2016,"Québec, Québec",Hommes,,8.7
2016,"Québec, Québec","Hommes, moins de 18 ans",,
2016,"Québec, Québec","Hommes, 18 à 64 ans",,8.3
2016,"Québec, Québec","Hommes, 65 ans et plus",,13.3
2016,"Québec, Québec",Femmes,,13.2
2016,"Québec, Québec","Femmes, moins de 18 ans",,
2016,"Québec, Québec","Femmes, 18 à 64 ans",,10.3
2016,"Québec, Québec","Femmes, 65 ans et plus",,25.0
2016,"Montréal, Québec",Toutes les personnes,,14.9
2016,"Montréal, Québec",Personnes de moins de 18 ans,,15.8
2016,"Montréal, Québec",Personnes de 18 à 64 ans,,14.0
2016,"Montréal, Québec",Personnes de 65 ans et plus,,17.4
2016,"Montréal, Québec",Hommes,,14.7
2016,"Montréal, Québec","Hommes, moins de 18 ans",,15.6
2016,"Montréal, Québec","Hommes, 18 à 64 ans",,13.8
2016,"Montréal, Québec","Hommes, 65 ans et plus",,17.7
2016,"Montréal, Québec",Femmes,,15.1
2016,"Montréal, Québec","Femmes, moins de 18 ans",,16.0
2016,"Montréal, Québec","Femmes, 18 à 64 ans",,14.2
2016,"Montréal, Québec","Femmes, 65 ans et plus",,17.2
2016,"Ottawa-Gatineau, Ontario/Québec",Toutes les personnes,,9.3
2016,"Ottawa-Gatineau, Ontario/Québec",Personnes de moins de 18 ans,,11.1
2016,"Ottawa-Gatineau, Ontario/Québec",Personnes de 18 à 64 ans,,9.2
2016,"Ottawa-Gatineau, Ontario/Québec",Personnes de 65 ans et plus,,7.1
2016,"Ottawa-Gatineau, Ontario/Québec",Hommes,,8.3
2016,"Ottawa-Gatineau, Ontario/Québec","Hommes, moins de 18 ans",,9.6
2016,"Ottawa-Gatineau, Ontario/Québec","Hommes, 18 à 64 ans",,8.7
2016,"Ottawa-Gatineau, Ontario/Québec","Hommes, 65 ans et plus",,
2016,"Ottawa-Gatineau, Ontario/Québec",Femmes,,10.3
2016,"Ottawa-Gatineau, Ontario/Québec","Femmes, moins de 18 ans",,12.4
2016,"Ottawa-Gatineau, Ontario/Québec","Femmes, 18 à 64 ans",,9.8
2016,"Ottawa-Gatineau, Ontario/Québec","Femmes, 65 ans et plus",,9.7
2016,"Toronto, Ontario",Toutes les personnes,,15.6
2016,"Toronto, Ontario",Personnes de moins de 18 ans,,19.3
2016,"Toronto, Ontario",Personnes de 18 à 64 ans,,14.7
2016,"Toronto, Ontario",Personnes de 65 ans et plus,,14.6
2016,"Toronto, Ontario",Hommes,,13.9
2016,"Toronto, Ontario","Hommes, moins de 18 ans",,16.9
2016,"Toronto, Ontario","Hommes, 18 à 64 ans",,12.9
2016,"Toronto, Ontario","Hommes, 65 ans et plus",,14.2
2016,"Toronto, Ontario",Femmes,,17.2
2016,"Toronto, Ontario","Femmes, moins de 18 ans",,21.6
2016,"Toronto, Ontario","Femmes, 18 à 64 ans",,16.4
2016,"Toronto, Ontario","Femmes, 65 ans et plus",,14.9
2016,"Winnipeg, Manitoba",Toutes les personnes,,13.3
2016,"Winnipeg, Manitoba",Personnes de moins de 18 ans,,18.7
2016,"Winnipeg, Manitoba",Personnes de 18 à 64 ans,,12.1
2016,"Winnipeg, Manitoba",Personnes de 65 ans et plus,,11.1
2016,"Winnipeg, Manitoba",Hommes,,13.2
2016,"Winnipeg, Manitoba","Hommes, moins de 18 ans",,20.0
2016,"Winnipeg, Manitoba","Hommes, 18 à 64 ans",,11.7
2016,"Winnipeg, Manitoba","Hommes, 65 ans et plus",,9.6
2016,"Winnipeg, Manitoba",Femmes,,13.4
2016,"Winnipeg, Manitoba","Femmes, moins de 18 ans",,17.4
2016,"Winnipeg, Manitoba","Femmes, 18 à 64 ans",,12.5
2016,"Winnipeg, Manitoba","Femmes, 65 ans et plus",,12.4
2016,"Calgary, Alberta",Toutes les personnes,,6.6
2016,"Calgary, Alberta",Personnes de moins de 18 ans,,5.3
2016,"Calgary, Alberta",Personnes de 18 à 64 ans,,7.0
2016,"Calgary, Alberta",Personnes de 65 ans et plus,,
2016,"Calgary, Alberta",Hommes,,6.7
2016,"Calgary, Alberta","Hommes, moins de 18 ans",,5.8
2016,"Calgary, Alberta","Hommes, 18 à 64 ans",,6.3
2016,"Calgary, Alberta","Hommes, 65 ans et plus",,
2016,"Calgary, Alberta",Femmes,,6.5
2016,"Calgary, Alberta","Femmes, moins de 18 ans",,
2016,"Calgary, Alberta","Femmes, 18 à 64 ans",,7.6
2016,"Calgary, Alberta","Femmes, 65 ans et plus",,
2016,"Edmonton, Alberta",Toutes les personnes,,6.7
2016,"Edmonton, Alberta",Personnes de moins de 18 ans,,
2016,"Edmonton, Alberta",Personnes de 18 à 64 ans,,8.2
2016,"Edmonton, Alberta",Personnes de 65 ans et plus,,
2016,"Edmonton, Alberta",Hommes,,7.2
2016,"Edmonton, Alberta","Hommes, moins de 18 ans",,
2016,"Edmonton, Alberta","Hommes, 18 à 64 ans",,9.1
2016,"Edmonton, Alberta","Hommes, 65 ans et plus",,
2016,"Edmonton, Alberta",Femmes,,6.1
2016,"Edmonton, Alberta","Femmes, moins de 18 ans",,
2016,"Edmonton, Alberta","Femmes, 18 à 64 ans",,7.3
2016,"Edmonton, Alberta","Femmes, 65 ans et plus",,
2016,"Vancouver, Colombie-Britannique",Toutes les personnes,,12.2
2016,"Vancouver, Colombie-Britannique",Personnes de moins de 18 ans,,11.4
2016,"Vancouver, Colombie-Britannique",Personnes de 18 à 64 ans,,12.2
2016,"Vancouver, Colombie-Britannique",Personnes de 65 ans et plus,,12.8
2016,"Vancouver, Colombie-Britannique",Hommes,,11.9
2016,"Vancouver, Colombie-Britannique","Hommes, moins de 18 ans",,10.9
2016,"Vancouver, Colombie-Britannique","Hommes, 18 à 64 ans",,13.1
2016,"Vancouver, Colombie-Britannique","Hommes, 65 ans et plus",,8.8
2016,"Vancouver, Colombie-Britannique",Femmes,,12.4
2016,"Vancouver, Colombie-Britannique","Femmes, moins de 18 ans",,12.0
2016,"Vancouver, Colombie-Britannique","Femmes, 18 à 64 ans",,11.4
2016,"Vancouver, Colombie-Britannique","Femmes, 65 ans et plus",,16.5
2017,Canada,Personnes de moins de 18 ans,,11.9
2017,Canada,Personnes de 18 à 64 ans,,12.2
2017,Canada,Personnes de 65 ans et plus,,15.1
2017,Canada,Hommes,,11.8
2017,Canada,"Hommes, moins de 18 ans",,11.4
2017,Canada,"Hommes, 18 à 64 ans",,11.9
2017,Canada,"Hommes, 65 ans et plus",,11.9
2017,Canada,Femmes,,13.4
2017,Canada,"Femmes, moins de 18 ans",,12.4
2017,Canada,"Femmes, 18 à 64 ans",,12.4
2017,Canada,"Femmes, 65 ans et plus",,17.9
2017,Provinces de l'Atlantique,Toutes les personnes,,16.0
2017,Provinces de l'Atlantique,Personnes de moins de 18 ans,,16.4
2017,Provinces de l'Atlantique,Personnes de 18 à 64 ans,,14.7
2017,Provinces de l'Atlantique,Personnes de 65 ans et plus,,19.4
2017,Provinces de l'Atlantique,Hommes,,14.7
2017,Provinces de l'Atlantique,"Hommes, moins de 18 ans",,15.9
2017,Provinces de l'Atlantique,"Hommes, 18 à 64 ans",,13.6
2017,Provinces de l'Atlantique,"Hommes, 65 ans et plus",,17.1
2017,Provinces de l'Atlantique,Femmes,,17.1
2017,Provinces de l'Atlantique,"Femmes, moins de 18 ans",,16.9
2017,Provinces de l'Atlantique,"Femmes, 18 à 64 ans",,15.7
2017,Provinces de l'Atlantique,"Femmes, 65 ans et plus",,21.5
2017,Terre-Neuve-et-Labrador,Toutes les personnes,10,15.0
2017,Terre-Neuve-et-Labrador,Personnes de moins de 18 ans,,13.1
2017,Terre-Neuve-et-Labrador,Personnes de 18 à 64 ans,,13.3
2017,Terre-Neuve-et-Labrador,Personnes de 65 ans et plus,,22.2
2017,Terre-Neuve-et-Labrador,Hommes,,13.7
2017,Terre-Neuve-et-Labrador,"Hommes, moins de 18 ans",,13.5
2017,Terre-Neuve-et-Labrador,"Hommes, 18 à 64 ans",,11.9
2017,Terre-Neuve-et-Labrador,"Hommes, 65 ans et plus",,19.8
2017,Terre-Neuve-et-Labrador,Femmes,,16.3
2017,Terre-Neuve-et-Labrador,"Femmes, moins de 18 ans",,12.6
2017,Terre-Neuve-et-Labrador,"Femmes, 18 à 64 ans",,14.6
2017,Terre-Neuve-et-Labrador,"Femmes, 65 ans et plus",,24.3
2017,Île-du-Prince-Édouard,Toutes les personnes,11,14.4
2017,Île-du-Prince-Édouard,Personnes de moins de 18 ans,,12.1
2017,Île-du-Prince-Édouard,Personnes de 18 à 64 ans,,13.4
2017,Île-du-Prince-Édouard,Personnes de 65 ans et plus,,19.8
2017,Île-du-Prince-Édouard,Hommes,,14.3
2017,Île-du-Prince-Édouard,"Hommes, moins de 18 ans",,14.0
2017,Île-du-Prince-Édouard,"Hommes, 18 à 64 ans",,13.5
2017,Île-du-Prince-Édouard,"Hommes, 65 ans et plus",,17.6
2017,Île-du-Prince-Édouard,Femmes,,14.5
2017,Île-du-Prince-Édouard,"Femmes, moins de 18 ans",,10.0
2017,Île-du-Prince-Édouard,"Femmes, 18 à 64 ans",,13.4
2017,Île-du-Prince-Édouard,"Femmes, 65 ans et plus",,21.7
2017,Nouvelle-Écosse,Toutes les personnes,12,17.5
2017,Nouvelle-Écosse,Personnes de moins de 18 ans,,19.3
2017,Nouvelle-Écosse,Personnes de 18 à 64 ans,,16.9
2017,Nouvelle-Écosse,Personnes de 65 ans et plus,,17.9
2017,Nouvelle-Écosse,Hommes,,16.1
2017,Nouvelle-Écosse,"Hommes, moins de 18 ans",,17.1
2017,Nouvelle-Écosse,"Hommes, 18 à 64 ans",,15.8
2017,Nouvelle-Écosse,"Hommes, 65 ans et plus",,16.0
2017,Nouvelle-Écosse,Femmes,,18.8
2017,Nouvelle-Écosse,"Femmes, moins de 18 ans",,21.7
2017,Nouvelle-Écosse,"Femmes, 18 à 64 ans",,17.8
2017,Nouvelle-Écosse,"Femmes, 65 ans et plus",,19.6
2017,Nouveau-Brunswick,Toutes les personnes,13,15.0
2017,Nouveau-Brunswick,Personnes de moins de 18 ans,,16.1
2017,Nouveau-Brunswick,Personnes de 18 à 64 ans,,13.2
2017,Nouveau-Brunswick,Personnes de 65 ans et plus,,19.3
2017,Nouveau-Brunswick,Hommes,,13.8
2017,Nouveau-Brunswick,"Hommes, moins de 18 ans",,16.6
2017,Nouveau-Brunswick,"Hommes, 18 à 64 ans",,12.1
2017,Nouveau-Brunswick,"Hommes, 65 ans et plus",,16.4
2017,Nouveau-Brunswick,Femmes,,16.1
2017,Nouveau-Brunswick,"Femmes, moins de 18 ans",,15.7
2017,Nouveau-Brunswick,"Femmes, 18 à 64 ans",,14.3
2017,Nouveau-Brunswick,"Femmes, 65 ans et plus",,21.9
2017,Québec,Toutes les personnes,24,14.4
2017,Québec,Personnes de moins de 18 ans,,10.5
2017,Québec,Personnes de 18 à 64 ans,,13.2
2017,Québec,Personnes de 65 ans et plus,,22.3
2017,Québec,Hommes,,13.1
2017,Québec,"Hommes, moins de 18 ans",,10.5
2017,Québec,"Hommes, 18 à 64 ans",,12.9
2017,Québec,"Hommes, 65 ans et plus",,16.9
2017,Québec,Femmes,,15.7
2017,Québec,"Femmes, moins de 18 ans",,10.6
2017,Québec,"Femmes, 18 à 64 ans",,13.6
2017,Québec,"Femmes, 65 ans et plus",,27.0
2017,Ontario,Toutes les personnes,35,12.7
2017,Ontario,Personnes de moins de 18 ans,,13.0
2017,Ontario,Personnes de 18 à 64 ans,,12.8
2017,Ontario,Personnes de 65 ans et plus,,11.9
2017,Ontario,Hommes,,12.3
2017,Ontario,"Hommes, moins de 18 ans",,12.1
2017,Ontario,"Hommes, 18 à 64 ans",,13.1
2017,Ontario,"Hommes, 65 ans et plus",,9.4
2017,Ontario,Femmes,,13.1
2017,Ontario,"Femmes, moins de 18 ans",,14.0
2017,Ontario,"Femmes, 18 à 64 ans",,12.6
2017,Ontario,"Femmes, 65 ans et plus",,14.0
2017,Provinces des Prairies,Toutes les personnes,,9.6
2017,Provinces des Prairies,Personnes de moins de 18 ans,,10.9
2017,Provinces des Prairies,Personnes de 18 à 64 ans,,9.3
2017,Provinces des Prairies,Personnes de 65 ans et plus,,8.8
2017,Provinces des Prairies,Hommes,,8.7
2017,Provinces des Prairies,"Hommes, moins de 18 ans",,9.8
2017,Provinces des Prairies,"Hommes, 18 à 64 ans",,8.6
2017,Provinces des Prairies,"Hommes, 65 ans et plus",,7.0
2017,Provinces des Prairies,Femmes,,10.5
2017,Provinces des Prairies,"Femmes, moins de 18 ans",,12.0
2017,Provinces des Prairies,"Femmes, 18 à 64 ans",,10.0
2017,Provinces des Prairies,"Femmes, 65 ans et plus",,10.4
2017,Manitoba,Toutes les personnes,46,14.5
2017,Manitoba,Personnes de moins de 18 ans,,19.0
2017,Manitoba,Personnes de 18 à 64 ans,,12.9
2017,Manitoba,Personnes de 65 ans et plus,,15.1
2017,Manitoba,Hommes,,13.2
2017,Manitoba,"Hommes, moins de 18 ans",,16.9
2017,Manitoba,"Hommes, 18 à 64 ans",,12.2
2017,Manitoba,"Hommes, 65 ans et plus",,12.0
2017,Manitoba,Femmes,,15.8
2017,Manitoba,"Femmes, moins de 18 ans",,21.1
2017,Manitoba,"Femmes, 18 à 64 ans",,13.5
2017,Manitoba,"Femmes, 65 ans et plus",,17.7
2017,Saskatchewan,Toutes les personnes,47,13.0
2017,Saskatchewan,Personnes de moins de 18 ans,,15.4
2017,Saskatchewan,Personnes de 18 à 64 ans,,11.6
2017,Saskatchewan,Personnes de 65 ans et plus,,15.4
2017,Saskatchewan,Hommes,,12.3
2017,Saskatchewan,"Hommes, moins de 18 ans",,14.9
2017,Saskatchewan,"Hommes, 18 à 64 ans",,11.3
2017,Saskatchewan,"Hommes, 65 ans et plus",,12.7
2017,Saskatchewan,Femmes,,13.7
2017,Saskatchewan,"Femmes, moins de 18 ans",,15.9
2017,Saskatchewan,"Femmes, 18 à 64 ans",,11.9
2017,Saskatchewan,"Femmes, 65 ans et plus",,17.8
2017,Alberta,Toutes les personnes,48,7.2
2017,Alberta,Personnes de moins de 18 ans,,7.3
2017,Alberta,Personnes de 18 à 64 ans,,7.7
2017,Alberta,Personnes de 65 ans et plus,,4.4
2017,Alberta,Hommes,,6.4
2017,Alberta,"Hommes, moins de 18 ans",,6.3
2017,Alberta,"Hommes, 18 à 64 ans",,7.0
2017,Alberta,"Hommes, 65 ans et plus",,3.4
2017,Alberta,Femmes,,8.0
2017,Alberta,"Femmes, moins de 18 ans",,8.4
2017,Alberta,"Femmes, 18 à 64 ans",,8.5
2017,Alberta,"Femmes, 65 ans et plus",,5.4
2017,Colombie-Britannique,Toutes les personnes,59,11.7
2017,Colombie-Britannique,Personnes de moins de 18 ans,,10.5
2017,Colombie-Britannique,Personnes de 18 à 64 ans,,11.1
2017,Colombie-Britannique,Personnes de 65 ans et plus,,14.9
2017,Colombie-Britannique,Hommes,,11.0
2017,Colombie-Britannique,"Hommes, moins de 18 ans",,11.7
2017,Colombie-Britannique,"Hommes, 18 à 64 ans",,10.5
2017,Colombie-Britannique,"Hommes, 65 ans et plus",,11.8
2017,Colombie-Britannique,Femmes,,12.4
2017,Colombie-Britannique,"Femmes, moins de 18 ans",,9.2
2017,Colombie-Britannique,"Femmes, 18 à 64 ans",,11.7
2017,Colombie-Britannique,"Femmes, 65 ans et plus",,17.8
2017,"Québec, Québec",Toutes les personnes,,8.7
2017,"Québec, Québec",Personnes de moins de 18 ans,,
2017,"Québec, Québec",Personnes de 18 à 64 ans,,7.1
2017,"Québec, Québec",Personnes de 65 ans et plus,,17.8
2017,"Québec, Québec",Hommes,,7.7
2017,"Québec, Québec","Hommes, moins de 18 ans",,
2017,"Québec, Québec","Hommes, 18 à 64 ans",,6.5
2017,"Québec, Québec","Hommes, 65 ans et plus",,13.7
2017,"Québec, Québec",Femmes,,9.8
2017,"Québec, Québec","Femmes, moins de 18 ans",,
2017,"Québec, Québec","Femmes, 18 à 64 ans",,7.7
2017,"Québec, Québec","Femmes, 65 ans et plus",,21.7
2017,"Montréal, Québec",Toutes les personnes,,15.6
2017,"Montréal, Québec",Personnes de moins de 18 ans,,12.6
2017,"Montréal, Québec",Personnes de 18 à 64 ans,,14.9
2017,"Montréal, Québec",Personnes de 65 ans et plus,,22.4
2017,"Montréal, Québec",Hommes,,14.7
2017,"Montréal, Québec","Hommes, moins de 18 ans",,12.9
2017,"Montréal, Québec","Hommes, 18 à 64 ans",,14.7
2017,"Montréal, Québec","Hommes, 65 ans et plus",,17.1
2017,"Montréal, Québec",Femmes,,16.6
2017,"Montréal, Québec","Femmes, moins de 18 ans",,12.2
2017,"Montréal, Québec","Femmes, 18 à 64 ans",,15.1
2017,"Montréal, Québec","Femmes, 65 ans et plus",,26.6
2017,"Ottawa-Gatineau, Ontario/Québec",Toutes les personnes,,10.9
2017,"Ottawa-Gatineau, Ontario/Québec",Personnes de moins de 18 ans,,11.3
2017,"Ottawa-Gatineau, Ontario/Québec",Personnes de 18 à 64 ans,,10.6
2017,"Ottawa-Gatineau, Ontario/Québec",Personnes de 65 ans et plus,,11.9
2017,"Ottawa-Gatineau, Ontario/Québec",Hommes,,10.8
2017,"Ottawa-Gatineau, Ontario/Québec","Hommes, moins de 18 ans",,12.1
2017,"Ottawa-Gatineau, Ontario/Québec","Hommes, 18 à 64 ans",,10.7
2017,"Ottawa-Gatineau, Ontario/Québec","Hommes, 65 ans et plus",,9.1
2017,"Ottawa-Gatineau, Ontario/Québec",Femmes,,11.1
2017,"Ottawa-Gatineau, Ontario/Québec","Femmes, moins de 18 ans",,10.4
2017,"Ottawa-Gatineau, Ontario/Québec","Femmes, 18 à 64 ans",,10.5
2017,"Ottawa-Gatineau, Ontario/Québec","Femmes, 65 ans et plus",,14.0
2017,"Toronto, Ontario",Toutes les personnes,,12.4
2017,"Toronto, Ontario",Personnes de moins de 18 ans,,12.7
2017,"Toronto, Ontario",Personnes de 18 à 64 ans,,12.6
2017,"Toronto, Ontario",Personnes de 65 ans et plus,,11.2
2017,"Toronto, Ontario",Hommes,,12.3
2017,"Toronto, Ontario","Hommes, moins de 18 ans",,11.2
2017,"Toronto, Ontario","Hommes, 18 à 64 ans",,13.1
2017,"Toronto, Ontario","Hommes, 65 ans et plus",,9.7
2017,"Toronto, Ontario",Femmes,,12.5
2017,"Toronto, Ontario","Femmes, moins de 18 ans",,14.2
2017,"Toronto, Ontario","Femmes, 18 à 64 ans",,12.0
2017,"Toronto, Ontario","Femmes, 65 ans et plus",,12.5
2017,"Winnipeg, Manitoba",Toutes les personnes,,14.4
2017,"Winnipeg, Manitoba",Personnes de moins de 18 ans,,18.4
2017,"Winnipeg, Manitoba",Personnes de 18 à 64 ans,,13.2
2017,"Winnipeg, Manitoba",Personnes de 65 ans et plus,,14.5
2017,"Winnipeg, Manitoba",Hommes,,13.3
2017,"Winnipeg, Manitoba","Hommes, moins de 18 ans",,15.3
2017,"Winnipeg, Manitoba","Hommes, 18 à 64 ans",,13.0
2017,"Winnipeg, Manitoba","Hommes, 65 ans et plus",,11.7
2017,"Winnipeg, Manitoba",Femmes,,15.6
2017,"Winnipeg, Manitoba","Femmes, moins de 18 ans",,21.5
2017,"Winnipeg, Manitoba","Femmes, 18 à 64 ans",,13.5
2017,"Winnipeg, Manitoba","Femmes, 65 ans et plus",,16.8
2017,"Calgary, Alberta",Toutes les personnes,,6.4
2017,"Calgary, Alberta",Personnes de moins de 18 ans,,7.8
2017,"Calgary, Alberta",Personnes de 18 à 64 ans,,6.6
2017,"Calgary, Alberta",Personnes de 65 ans et plus,,
2017,"Calgary, Alberta",Hommes,,5.7
2017,"Calgary, Alberta","Hommes, moins de 18 ans",,4.8
2017,"Calgary, Alberta","Hommes, 18 à 64 ans",,6.5
2017,"Calgary, Alberta","Hommes, 65 ans et plus",,
2017,"Calgary, Alberta",Femmes,,7.1
2017,"Calgary, Alberta","Femmes, moins de 18 ans",,10.2
2017,"Calgary, Alberta","Femmes, 18 à 64 ans",,6.8
2017,"Calgary, Alberta","Femmes, 65 ans et plus",,
2017,"Edmonton, Alberta",Toutes les personnes,,6.9
2017,"Edmonton, Alberta",Personnes de moins de 18 ans,,
2017,"Edmonton, Alberta",Personnes de 18 à 64 ans,,7.2
2017,"Edmonton, Alberta",Personnes de 65 ans et plus,,5.8
2017,"Edmonton, Alberta",Hommes,,6.3
2017,"Edmonton, Alberta","Hommes, moins de 18 ans",,
2017,"Edmonton, Alberta","Hommes, 18 à 64 ans",,6.4
2017,"Edmonton, Alberta","Hommes, 65 ans et plus",,
2017,"Edmonton, Alberta",Femmes,,7.5
2017,"Edmonton, Alberta","Femmes, moins de 18 ans",,
2017,"Edmonton, Alberta","Femmes, 18 à 64 ans",,8.0
2017,"Edmonton, Alberta","Femmes, 65 ans et plus",,
2017,"Vancouver, Colombie-Britannique",Toutes les personnes,,12.5
2017,"Vancouver, Colombie-Britannique",Personnes de moins de 18 ans,,10.6
2017,"Vancouver, Colombie-Britannique",Personnes de 18 à 64 ans,,11.8
2017,"Vancouver, Colombie-Britannique",Personnes de 65 ans et plus,,17.4
2017,"Vancouver, Colombie-Britannique",Hommes,,11.7
2017,"Vancouver, Colombie-Britannique","Hommes, moins de 18 ans",,12.7
2017,"Vancouver, Colombie-Britannique","Hommes, 18 à 64 ans",,11.1
2017,"Vancouver, Colombie-Britannique","Hommes, 65 ans et plus",,13.3
2017,"Vancouver, Colombie-Britannique",Femmes,,13.3
2017,"Vancouver, Colombie-Britannique","Femmes, moins de 18 ans",,
2017,"Vancouver, Colombie-Britannique","Femmes, 18 à 64 ans",,12.6
2017,"Vancouver, Colombie-Britannique","Femmes, 65 ans et plus",,20.9
2018,Canada,Personnes de moins de 18 ans,,12.3
2018,Canada,Personnes de 18 à 64 ans,,11.8
2018,Canada,Personnes de 65 ans et plus,,14.3
2018,Canada,Hommes,,11.8
2018,Canada,"Hommes, moins de 18 ans",,13.0
2018,Canada,"Hommes, 18 à 64 ans",,11.5
2018,Canada,"Hommes, 65 ans et plus",,11.6
2018,Canada,Femmes,,12.8
2018,Canada,"Femmes, moins de 18 ans",,11.6
2018,Canada,"Femmes, 18 à 64 ans",,12.0
2018,Canada,"Femmes, 65 ans et plus",,16.6
2018,Provinces de l'Atlantique,Toutes les personnes,,15.2
2018,Provinces de l'Atlantique,Personnes de moins de 18 ans,,15.8
2018,Provinces de l'Atlantique,Personnes de 18 à 64 ans,,13.2
2018,Provinces de l'Atlantique,Personnes de 65 ans et plus,,20.6
2018,Provinces de l'Atlantique,Hommes,,14.5
2018,Provinces de l'Atlantique,"Hommes, moins de 18 ans",,16.6
2018,Provinces de l'Atlantique,"Hommes, 18 à 64 ans",,13.0
2018,Provinces de l'Atlantique,"Hommes, 65 ans et plus",,17.0
2018,Provinces de l'Atlantique,Femmes,,15.8
2018,Provinces de l'Atlantique,"Femmes, moins de 18 ans",,15.0
2018,Provinces de l'Atlantique,"Femmes, 18 à 64 ans",,13.3
2018,Provinces de l'Atlantique,"Femmes, 65 ans et plus",,23.7
2018,Terre-Neuve-et-Labrador,Toutes les personnes,10,16.0
2018,Terre-Neuve-et-Labrador,Personnes de moins de 18 ans,,15.7
2018,Terre-Neuve-et-Labrador,Personnes de 18 à 64 ans,,13.7
2018,Terre-Neuve-et-Labrador,Personnes de 65 ans et plus,,23.3
2018,Terre-Neuve-et-Labrador,Hommes,,15.8
2018,Terre-Neuve-et-Labrador,"Hommes, moins de 18 ans",,16.7
2018,Terre-Neuve-et-Labrador,"Hommes, 18 à 64 ans",,14.4
2018,Terre-Neuve-et-Labrador,"Hommes, 65 ans et plus",,19.4
2018,Terre-Neuve-et-Labrador,Femmes,,16.2
2018,Terre-Neuve-et-Labrador,"Femmes, moins de 18 ans",,14.6
2018,Terre-Neuve-et-Labrador,"Femmes, 18 à 64 ans",,13.0
2018,Terre-Neuve-et-Labrador,"Femmes, 65 ans et plus",,26.8
2018,Île-du-Prince-Édouard,Toutes les personnes,11,14.6
2018,Île-du-Prince-Édouard,Personnes de moins de 18 ans,,15.9
2018,Île-du-Prince-Édouard,Personnes de 18 à 64 ans,,12.0
2018,Île-du-Prince-Édouard,Personnes de 65 ans et plus,,21.8
2018,Île-du-Prince-Édouard,Hommes,,13.8
2018,Île-du-Prince-Édouard,"Hommes, moins de 18 ans",,16.3
2018,Île-du-Prince-Édouard,"Hommes, 18 à 64 ans",,11.7
2018,Île-du-Prince-Édouard,"Hommes, 65 ans et plus",,18.2
2018,Île-du-Prince-Édouard,Femmes,,15.5
2018,Île-du-Prince-Édouard,"Femmes, moins de 18 ans",,15.4
2018,Île-du-Prince-Édouard,"Femmes, 18 à 64 ans",,12.3
2018,Île-du-Prince-Édouard,"Femmes, 65 ans et plus",,24.9
2018,Nouvelle-Écosse,Toutes les personnes,12,15.9
2018,Nouvelle-Écosse,Personnes de moins de 18 ans,,16.8
2018,Nouvelle-Écosse,Personnes de 18 à 64 ans,,14.3
2018,Nouvelle-Écosse,Personnes de 65 ans et plus,,20.2
2018,Nouvelle-Écosse,Hommes,,15.1
2018,Nouvelle-Écosse,"Hommes, moins de 18 ans",,17.8
2018,Nouvelle-Écosse,"Hommes, 18 à 64 ans",,13.8
2018,Nouvelle-Écosse,"Hommes, 65 ans et plus",,16.7
2018,Nouvelle-Écosse,Femmes,,16.7
2018,Nouvelle-Écosse,"Femmes, moins de 18 ans",,15.9
2018,Nouvelle-Écosse,"Femmes, 18 à 64 ans",,14.7
2018,Nouvelle-Écosse,"Femmes, 65 ans et plus",,23.2
2018,Nouveau-Brunswick,Toutes les personnes,13,13.8
2018,Nouveau-Brunswick,Personnes de moins de 18 ans,,14.7
2018,Nouveau-Brunswick,Personnes de 18 à 64 ans,,11.7
2018,Nouveau-Brunswick,Personnes de 65 ans et plus,,18.9
2018,Nouveau-Brunswick,Hommes,,12.9
2018,Nouveau-Brunswick,"Hommes, moins de 18 ans",,15.3
2018,Nouveau-Brunswick,"Hommes, 18 à 64 ans",,11.4
2018,Nouveau-Brunswick,"Hommes, 65 ans et plus",,15.4
2018,Nouveau-Brunswick,Femmes,,14.6
2018,Nouveau-Brunswick,"Femmes, moins de 18 ans",,14.1
2018,Nouveau-Brunswick,"Femmes, 18 à 64 ans",,12.0
2018,Nouveau-Brunswick,"Femmes, 65 ans et plus",,22.1
2018,Québec,Toutes les personnes,24,14.0
2018,Québec,Personnes de moins de 18 ans,,11.7
2018,Québec,Personnes de 18 à 64 ans,,12.8
2018,Québec,Personnes de 65 ans et plus,,20.4
2018,Québec,Hommes,,13.0
2018,Québec,"Hommes, moins de 18 ans",,11.5
2018,Québec,"Hommes, 18 à 64 ans",,12.5
2018,Québec,"Hommes, 65 ans et plus",,16.1
2018,Québec,Femmes,,15.1
2018,Québec,"Femmes, moins de 18 ans",,11.8
2018,Québec,"Femmes, 18 à 64 ans",,13.1
2018,Québec,"Femmes, 65 ans et plus",,24.1
2018,Ontario,Toutes les personnes,35,12.4
2018,Ontario,Personnes de moins de 18 ans,,13.9
2018,Ontario,Personnes de 18 à 64 ans,,12.3
2018,Ontario,Personnes de 65 ans et plus,,11.3
2018,Ontario,Hommes,,12.0
2018,Ontario,"Hommes, moins de 18 ans",,14.8
2018,Ontario,"Hommes, 18 à 64 ans",,11.7
2018,Ontario,"Hommes, 65 ans et plus",,9.3
2018,Ontario,Femmes,,12.9
2018,Ontario,"Femmes, moins de 18 ans",,12.9
2018,Ontario,"Femmes, 18 à 64 ans",,12.8
2018,Ontario,"Femmes, 65 ans et plus",,13.1
2018,Provinces des Prairies,Toutes les personnes,,9.7
2018,Provinces des Prairies,Personnes de moins de 18 ans,,10.7
2018,Provinces des Prairies,Personnes de 18 à 64 ans,,9.4
2018,Provinces des Prairies,Personnes de 65 ans et plus,,9.2
2018,Provinces des Prairies,Hommes,,9.4
2018,Provinces des Prairies,"Hommes, moins de 18 ans",,11.1
2018,Provinces des Prairies,"Hommes, 18 à 64 ans",,9.1
2018,Provinces des Prairies,"Hommes, 65 ans et plus",,7.5
2018,Provinces des Prairies,Femmes,,10.0
2018,Provinces des Prairies,"Femmes, moins de 18 ans",,10.3
2018,Provinces des Prairies,"Femmes, 18 à 64 ans",,9.7
2018,Provinces des Prairies,"Femmes, 65 ans et plus",,10.7
2018,Manitoba,Toutes les personnes,46,14.1
2018,Manitoba,Personnes de moins de 18 ans,,19.0
2018,Manitoba,Personnes de 18 à 64 ans,,12.2
2018,Manitoba,Personnes de 65 ans et plus,,14.8
2018,Manitoba,Hommes,,13.3
2018,Manitoba,"Hommes, moins de 18 ans",,19.5
2018,Manitoba,"Hommes, 18 à 64 ans",,11.7
2018,Manitoba,"Hommes, 65 ans et plus",,10.5
2018,Manitoba,Femmes,,14.8
2018,Manitoba,"Femmes, moins de 18 ans",,18.4
2018,Manitoba,"Femmes, 18 à 64 ans",,12.6
2018,Manitoba,"Femmes, 65 ans et plus",,18.6
2018,Saskatchewan,Toutes les personnes,47,13.0
2018,Saskatchewan,Personnes de moins de 18 ans,,14.3
2018,Saskatchewan,Personnes de 18 à 64 ans,,12.5
2018,Saskatchewan,Personnes de 65 ans et plus,,13.4
2018,Saskatchewan,Hommes,,12.3
2018,Saskatchewan,"Hommes, moins de 18 ans",,13.4
2018,Saskatchewan,"Hommes, 18 à 64 ans",,12.3
2018,Saskatchewan,"Hommes, 65 ans et plus",,10.8
2018,Saskatchewan,Femmes,,13.8
2018,Saskatchewan,"Femmes, moins de 18 ans",,15.2
2018,Saskatchewan,"Femmes, 18 à 64 ans",,12.7
2018,Saskatchewan,"Femmes, 65 ans et plus",,15.6
2018,Alberta,Toutes les personnes,48,7.5
2018,Alberta,Personnes de moins de 18 ans,,7.3
2018,Alberta,Personnes de 18 à 64 ans,,7.9
2018,Alberta,Personnes de 65 ans et plus,,5.9
2018,Alberta,Hommes,,7.5
2018,Alberta,"Hommes, moins de 18 ans",,8.0
2018,Alberta,"Hommes, 18 à 64 ans",,7.7
2018,Alberta,"Hommes, 65 ans et plus",,5.4
2018,Alberta,Femmes,,7.6
2018,Alberta,"Femmes, moins de 18 ans",,6.6
2018,Alberta,"Femmes, 18 à 64 ans",,8.2
2018,Alberta,"Femmes, 65 ans et plus",,6.4
2018,Colombie-Britannique,Toutes les personnes,59,11.2
2018,Colombie-Britannique,Personnes de moins de 18 ans,,9.4
2018,Colombie-Britannique,Personnes de 18 à 64 ans,,11.1
2018,Colombie-Britannique,Personnes de 65 ans et plus,,13.1
2018,Colombie-Britannique,Hommes,,11.6
2018,Colombie-Britannique,"Hommes, moins de 18 ans",,11.1
2018,Colombie-Britannique,"Hommes, 18 à 64 ans",,11.8
2018,Colombie-Britannique,"Hommes, 65 ans et plus",,11.2
2018,Colombie-Britannique,Femmes,,10.8
2018,Colombie-Britannique,"Femmes, moins de 18 ans",,7.5
2018,Colombie-Britannique,"Femmes, 18 à 64 ans",,10.5
2018,Colombie-Britannique,"Femmes, 65 ans et plus",,14.9
2018,"Québec, Québec",Toutes les personnes,,11.3
2018,"Québec, Québec",Personnes de moins de 18 ans,,9.5
2018,"Québec, Québec",Personnes de 18 à 64 ans,,10.5
2018,"Québec, Québec",Personnes de 65 ans et plus,,17.0
2018,"Québec, Québec",Hommes,,11.5
2018,"Québec, Québec","Hommes, moins de 18 ans",,12.3
2018,"Québec, Québec","Hommes, 18 à 64 ans",,10.0
2018,"Québec, Québec","Hommes, 65 ans et plus",,16.8
2018,"Québec, Québec",Femmes,,11.2
2018,"Québec, Québec","Femmes, moins de 18 ans",,
2018,"Québec, Québec","Femmes, 18 à 64 ans",,10.9
2018,"Québec, Québec","Femmes, 65 ans et plus",,17.1
2018,"Montréal, Québec",Toutes les personnes,,13.5
2018,"Montréal, Québec",Personnes de moins de 18 ans,,12.6
2018,"Montréal, Québec",Personnes de 18 à 64 ans,,12.9
2018,"Montréal, Québec",Personnes de 65 ans et plus,,16.5
2018,"Montréal, Québec",Hommes,,11.9
2018,"Montréal, Québec","Hommes, moins de 18 ans",,12.4
2018,"Montréal, Québec","Hommes, 18 à 64 ans",,12.2
2018,"Montréal, Québec","Hommes, 65 ans et plus",,9.7
2018,"Montréal, Québec",Femmes,,15.0
2018,"Montréal, Québec","Femmes, moins de 18 ans",,12.9
2018,"Montréal, Québec","Femmes, 18 à 64 ans",,13.6
2018,"Montréal, Québec","Femmes, 65 ans et plus",,21.9
2018,"Ottawa-Gatineau, Ontario/Québec",Toutes les personnes,,12.0
2018,"Ottawa-Gatineau, Ontario/Québec",Personnes de moins de 18 ans,,12.4
2018,"Ottawa-Gatineau, Ontario/Québec",Personnes de 18 à 64 ans,,11.8
2018,"Ottawa-Gatineau, Ontario/Québec",Personnes de 65 ans et plus,,12.4
2018,"Ottawa-Gatineau, Ontario/Québec",Hommes,,12.3
2018,"Ottawa-Gatineau, Ontario/Québec","Hommes, moins de 18 ans",,12.2
2018,"Ottawa-Gatineau, Ontario/Québec","Hommes, 18 à 64 ans",,13.0
2018,"Ottawa-Gatineau, Ontario/Québec","Hommes, 65 ans et plus",,9.3
2018,"Ottawa-Gatineau, Ontario/Québec",Femmes,,11.8
2018,"Ottawa-Gatineau, Ontario/Québec","Femmes, moins de 18 ans",,12.6
2018,"Ottawa-Gatineau, Ontario/Québec","Femmes, 18 à 64 ans",,10.6
2018,"Ottawa-Gatineau, Ontario/Québec","Femmes, 65 ans et plus",,15.0
2018,"Toronto, Ontario",Toutes les personnes,,13.1
2018,"Toronto, Ontario",Personnes de moins de 18 ans,,14.6
2018,"Toronto, Ontario",Personnes de 18 à 64 ans,,12.9
2018,"Toronto, Ontario",Personnes de 65 ans et plus,,11.6
2018,"Toronto, Ontario",Hommes,,12.9
2018,"Toronto, Ontario","Hommes, moins de 18 ans",,15.9
2018,"Toronto, Ontario","Hommes, 18 à 64 ans",,12.5
2018,"Toronto, Ontario","Hommes, 65 ans et plus",,10.2
2018,"Toronto, Ontario",Femmes,,13.3
2018,"Toronto, Ontario","Femmes, moins de 18 ans",,13.2
2018,"Toronto, Ontario","Femmes, 18 à 64 ans",,13.4
2018,"Toronto, Ontario","Femmes, 65 ans et plus",,12.9
2018,"Winnipeg, Manitoba",Toutes les personnes,,13.5
2018,"Winnipeg, Manitoba",Personnes de moins de 18 ans,,19.3
2018,"Winnipeg, Manitoba",Personnes de 18 à 64 ans,,11.9
2018,"Winnipeg, Manitoba",Personnes de 65 ans et plus,,12.7
2018,"Winnipeg, Manitoba",Hommes,,12.8
2018,"Winnipeg, Manitoba","Hommes, moins de 18 ans",,19.6
2018,"Winnipeg, Manitoba","Hommes, 18 à 64 ans",,11.4
2018,"Winnipeg, Manitoba","Hommes, 65 ans et plus",,9.4
2018,"Winnipeg, Manitoba",Femmes,,14.2
2018,"Winnipeg, Manitoba","Femmes, moins de 18 ans",,19.1
2018,"Winnipeg, Manitoba","Femmes, 18 à 64 ans",,12.4
2018,"Winnipeg, Manitoba","Femmes, 65 ans et plus",,15.5
2018,"Calgary, Alberta",Toutes les personnes,,8.7
2018,"Calgary, Alberta",Personnes de moins de 18 ans,,
2018,"Calgary, Alberta",Personnes de 18 à 64 ans,,9.2
2018,"Calgary, Alberta",Personnes de 65 ans et plus,,
2018,"Calgary, Alberta",Hommes,,8.7
2018,"Calgary, Alberta","Hommes, moins de 18 ans",,
2018,"Calgary, Alberta","Hommes, 18 à 64 ans",,9.0
2018,"Calgary, Alberta","Hommes, 65 ans et plus",,
2018,"Calgary, Alberta",Femmes,,8.6
2018,"Calgary, Alberta","Femmes, moins de 18 ans",,
2018,"Calgary, Alberta","Femmes, 18 à 64 ans",,9.3
2018,"Calgary, Alberta","Femmes, 65 ans et plus",,
2018,"Edmonton, Alberta",Toutes les personnes,,6.1
2018,"Edmonton, Alberta",Personnes de moins de 18 ans,,5.6
2018,"Edmonton, Alberta",Personnes de 18 à 64 ans,,6.5
2018,"Edmonton, Alberta",Personnes de 65 ans et plus,,5.1
2018,"Edmonton, Alberta",Hommes,,5.6
2018,"Edmonton, Alberta","Hommes, moins de 18 ans",,5.7
2018,"Edmonton, Alberta","Hommes, 18 à 64 ans",,5.6
2018,"Edmonton, Alberta","Hommes, 65 ans et plus",,
2018,"Edmonton, Alberta",Femmes,,6.7
2018,"Edmonton, Alberta","Femmes, moins de 18 ans",,5.6
2018,"Edmonton, Alberta","Femmes, 18 à 64 ans",,7.4
2018,"Edmonton, Alberta","Femmes, 65 ans et plus",,5.0
2018,"Vancouver, Colombie-Britannique",Toutes les personnes,,11.1
2018,"Vancouver, Colombie-Britannique",Personnes de moins de 18 ans,,8.4
2018,"Vancouver, Colombie-Britannique",Personnes de 18 à 64 ans,,11.4
2018,"Vancouver, Colombie-Britannique",Personnes de 65 ans et plus,,13.2
2018,"Vancouver, Colombie-Britannique",Hommes,,12.1
2018,"Vancouver, Colombie-Britannique","Hommes, moins de 18 ans",,10.6
2018,"Vancouver, Colombie-Britannique","Hommes, 18 à 64 ans",,12.6
2018,"Vancouver, Colombie-Britannique","Hommes, 65 ans et plus",,11.7
2018,"Vancouver, Colombie-Britannique",Femmes,,10.2
2018,"Vancouver, Colombie-Britannique","Femmes, moins de 18 ans",,
2018,"Vancouver, Colombie-Britannique","Femmes, 18 à 64 ans",,10.3
2018,"Vancouver, Colombie-Britannique","Femmes, 65 ans et plus",,14.5
2019,Canada,Personnes de moins de 18 ans,,11.4
2019,Canada,Personnes de 18 à 64 ans,,11.4
2019,Canada,Personnes de 65 ans et plus,,15.2
2019,Canada,Hommes,,11.2
2019,Canada,"Hommes, moins de 18 ans",,11.4
2019,Canada,"Hommes, 18 à 64 ans",,10.9
2019,Canada,"Hommes, 65 ans et plus",,12.5
2019,Canada,Femmes,,12.8
2019,Canada,"Femmes, moins de 18 ans",,11.5
2019,Canada,"Femmes, 18 à 64 ans",,11.8
2019,Canada,"Femmes, 65 ans et plus",,17.6
2019,Provinces de l'Atlantique,Toutes les personnes,,15.1
2019,Provinces de l'Atlantique,Personnes de moins de 18 ans,,16.6
2019,Provinces de l'Atlantique,Personnes de 18 à 64 ans,,12.6
2019,Provinces de l'Atlantique,Personnes de 65 ans et plus,,21.4
2019,Provinces de l'Atlantique,Hommes,,13.8
2019,Provinces de l'Atlantique,"Hommes, moins de 18 ans",,16.9
2019,Provinces de l'Atlantique,"Hommes, 18 à 64 ans",,11.9
2019,Provinces de l'Atlantique,"Hommes, 65 ans et plus",,16.9
2019,Provinces de l'Atlantique,Femmes,,16.4
2019,Provinces de l'Atlantique,"Femmes, moins de 18 ans",,16.4
2019,Provinces de l'Atlantique,"Femmes, 18 à 64 ans",,13.3
2019,Provinces de l'Atlantique,"Femmes, 65 ans et plus",,25.3
2019,Terre-Neuve-et-Labrador,Toutes les personnes,10,14.7
2019,Terre-Neuve-et-Labrador,Personnes de moins de 18 ans,,13.1
2019,Terre-Neuve-et-Labrador,Personnes de 18 à 64 ans,,10.7
2019,Terre-Neuve-et-Labrador,Personnes de 65 ans et plus,,27.3
2019,Terre-Neuve-et-Labrador,Hommes,,13.4
2019,Terre-Neuve-et-Labrador,"Hommes, moins de 18 ans",,14.6
2019,Terre-Neuve-et-Labrador,"Hommes, 18 à 64 ans",,9.5
2019,Terre-Neuve-et-Labrador,"Hommes, 65 ans et plus",,24.2
2019,Terre-Neuve-et-Labrador,Femmes,,15.9
2019,Terre-Neuve-et-Labrador,"Femmes, moins de 18 ans",,11.6
2019,Terre-Neuve-et-Labrador,"Femmes, 18 à 64 ans",,11.9
2019,Terre-Neuve-et-Labrador,"Femmes, 65 ans et plus",,30.2
2019,Île-du-Prince-Édouard,Toutes les personnes,11,14.4
2019,Île-du-Prince-Édouard,Personnes de moins de 18 ans,,18.6
2019,Île-du-Prince-Édouard,Personnes de 18 à 64 ans,,12.3
2019,Île-du-Prince-Édouard,Personnes de 65 ans et plus,,16.6
2019,Île-du-Prince-Édouard,Hommes,,13.7
2019,Île-du-Prince-Édouard,"Hommes, moins de 18 ans",,19.0
2019,Île-du-Prince-Édouard,"Hommes, 18 à 64 ans",,12.0
2019,Île-du-Prince-Édouard,"Hommes, 65 ans et plus",,13.3
2019,Île-du-Prince-Édouard,Femmes,,15.0
2019,Île-du-Prince-Édouard,"Femmes, moins de 18 ans",,18.1
2019,Île-du-Prince-Édouard,"Femmes, 18 à 64 ans",,12.6
2019,Île-du-Prince-Édouard,"Femmes, 65 ans et plus",,19.5
2019,Nouvelle-Écosse,Toutes les personnes,12,15.7
2019,Nouvelle-Écosse,Personnes de moins de 18 ans,,16.9
2019,Nouvelle-Écosse,Personnes de 18 à 64 ans,,13.9
2019,Nouvelle-Écosse,Personnes de 65 ans et plus,,20.0
2019,Nouvelle-Écosse,Hommes,,14.4
2019,Nouvelle-Écosse,"Hommes, moins de 18 ans",,17.6
2019,Nouvelle-Écosse,"Hommes, 18 à 64 ans",,13.3
2019,Nouvelle-Écosse,"Hommes, 65 ans et plus",,15.3
2019,Nouvelle-Écosse,Femmes,,16.9
2019,Nouvelle-Écosse,"Femmes, moins de 18 ans",,16.1
2019,Nouvelle-Écosse,"Femmes, 18 à 64 ans",,14.6
2019,Nouvelle-Écosse,"Femmes, 65 ans et plus",,24.0
2019,Nouveau-Brunswick,Toutes les personnes,13,14.9
2019,Nouveau-Brunswick,Personnes de moins de 18 ans,,18.2
2019,Nouveau-Brunswick,Personnes de 18 à 64 ans,,12.2
2019,Nouveau-Brunswick,Personnes de 65 ans et plus,,19.9
2019,Nouveau-Brunswick,Hommes,,13.2
2019,Nouveau-Brunswick,"Hommes, moins de 18 ans",,17.1
2019,Nouveau-Brunswick,"Hommes, 18 à 64 ans",,11.6
2019,Nouveau-Brunswick,"Hommes, 65 ans et plus",,14.5
2019,Nouveau-Brunswick,Femmes,,16.5
2019,Nouveau-Brunswick,"Femmes, moins de 18 ans",,19.3
2019,Nouveau-Brunswick,"Femmes, 18 à 64 ans",,12.8
2019,Nouveau-Brunswick,"Femmes, 65 ans et plus",,24.7
2019,Québec,Toutes les personnes,24,13.5
2019,Québec,Personnes de moins de 18 ans,,8.4
2019,Québec,Personnes de 18 à 64 ans,,12.0
2019,Québec,Personnes de 65 ans et plus,,22.9
2019,Québec,Hommes,,13.1
2019,Québec,"Hommes, moins de 18 ans",,10.2
2019,Québec,"Hommes, 18 à 64 ans",,12.7
2019,Québec,"Hommes, 65 ans et plus",,17.8
2019,Québec,Femmes,,13.8
2019,Québec,"Femmes, moins de 18 ans",,6.6
2019,Québec,"Femmes, 18 à 64 ans",,11.4
2019,Québec,"Femmes, 65 ans et plus",,27.3
2019,Ontario,Toutes les personnes,35,12.3
2019,Ontario,Personnes de moins de 18 ans,,13.8
2019,Ontario,Personnes de 18 à 64 ans,,11.6
2019,Ontario,Personnes de 65 ans et plus,,13.1
2019,Ontario,Hommes,,11.0
2019,Ontario,"Hommes, moins de 18 ans",,12.5
2019,Ontario,"Hommes, 18 à 64 ans",,10.4
2019,Ontario,"Hommes, 65 ans et plus",,11.2
2019,Ontario,Femmes,,13.5
2019,Ontario,"Femmes, moins de 18 ans",,15.1
2019,Ontario,"Femmes, 18 à 64 ans",,12.7
2019,Ontario,"Femmes, 65 ans et plus",,14.8
2019,Provinces des Prairies,Toutes les personnes,,9.7
2019,Provinces des Prairies,Personnes de moins de 18 ans,,10.7
2019,Provinces des Prairies,Personnes de 18 à 64 ans,,9.7
2019,Provinces des Prairies,Personnes de 65 ans et plus,,8.2
2019,Provinces des Prairies,Hommes,,9.8
2019,Provinces des Prairies,"Hommes, moins de 18 ans",,11.0
2019,Provinces des Prairies,"Hommes, 18 à 64 ans",,9.8
2019,Provinces des Prairies,"Hommes, 65 ans et plus",,7.8
2019,Provinces des Prairies,Femmes,,9.6
2019,Provinces des Prairies,"Femmes, moins de 18 ans",,10.3
2019,Provinces des Prairies,"Femmes, 18 à 64 ans",,9.6
2019,Provinces des Prairies,"Femmes, 65 ans et plus",,8.5
2019,Manitoba,Toutes les personnes,46,15.3
2019,Manitoba,Personnes de moins de 18 ans,,20.5
2019,Manitoba,Personnes de 18 à 64 ans,,13.5
2019,Manitoba,Personnes de 65 ans et plus,,15.6
2019,Manitoba,Hommes,,15.0
2019,Manitoba,"Hommes, moins de 18 ans",,21.2
2019,Manitoba,"Hommes, 18 à 64 ans",,13.1
2019,Manitoba,"Hommes, 65 ans et plus",,13.7
2019,Manitoba,Femmes,,15.7
2019,Manitoba,"Femmes, moins de 18 ans",,19.8
2019,Manitoba,"Femmes, 18 à 64 ans",,13.8
2019,Manitoba,"Femmes, 65 ans et plus",,17.3
2019,Saskatchewan,Toutes les personnes,47,13.5
2019,Saskatchewan,Personnes de moins de 18 ans,,12.9
2019,Saskatchewan,Personnes de 18 à 64 ans,,13.4
2019,Saskatchewan,Personnes de 65 ans et plus,,14.7
2019,Saskatchewan,Hommes,,13.9
2019,Saskatchewan,"Hommes, moins de 18 ans",,13.8
2019,Saskatchewan,"Hommes, 18 à 64 ans",,13.8
2019,Saskatchewan,"Hommes, 65 ans et plus",,14.4
2019,Saskatchewan,Femmes,,13.1
2019,Saskatchewan,"Femmes, moins de 18 ans",,12.0
2019,Saskatchewan,"Femmes, 18 à 64 ans",,13.0
2019,Saskatchewan,"Femmes, 65 ans et plus",,15.1
2019,Alberta,Toutes les personnes,48,7.1
2019,Alberta,Personnes de moins de 18 ans,,7.2
2019,Alberta,Personnes de 18 à 64 ans,,7.8
2019,Alberta,Personnes de 65 ans et plus,,3.6
2019,Alberta,Hommes,,7.2
2019,Alberta,"Hommes, moins de 18 ans",,7.3
2019,Alberta,"Hommes, 18 à 64 ans",,7.9
2019,Alberta,"Hommes, 65 ans et plus",,3.9
2019,Alberta,Femmes,,6.9
2019,Alberta,"Femmes, moins de 18 ans",,7.1
2019,Alberta,"Femmes, 18 à 64 ans",,7.7
2019,Alberta,"Femmes, 65 ans et plus",,3.4
2019,Colombie-Britannique,Toutes les personnes,59,10.8
2019,Colombie-Britannique,Personnes de moins de 18 ans,,8.1
2019,Colombie-Britannique,Personnes de 18 à 64 ans,,11.3
2019,Colombie-Britannique,Personnes de 65 ans et plus,,11.3
2019,Colombie-Britannique,Hommes,,9.7
2019,Colombie-Britannique,"Hommes, moins de 18 ans",,8.0
2019,Colombie-Britannique,"Hommes, 18 à 64 ans",,10.5
2019,Colombie-Britannique,"Hommes, 65 ans et plus",,8.9
2019,Colombie-Britannique,Femmes,,11.8
2019,Colombie-Britannique,"Femmes, moins de 18 ans",,8.2
2019,Colombie-Britannique,"Femmes, 18 à 64 ans",,12.2
2019,Colombie-Britannique,"Femmes, 65 ans et plus",,13.4
2019,"Québec, Québec",Toutes les personnes,,10.3
2019,"Québec, Québec",Personnes de moins de 18 ans,,
2019,"Québec, Québec",Personnes de 18 à 64 ans,,9.2
2019,"Québec, Québec",Personnes de 65 ans et plus,,22.2
2019,"Québec, Québec",Hommes,,8.5
2019,"Québec, Québec","Hommes, moins de 18 ans",,
2019,"Québec, Québec","Hommes, 18 à 64 ans",,8.4
2019,"Québec, Québec","Hommes, 65 ans et plus",,13.9
2019,"Québec, Québec",Femmes,,12.0
2019,"Québec, Québec","Femmes, moins de 18 ans",,
2019,"Québec, Québec","Femmes, 18 à 64 ans",,9.8
2019,"Québec, Québec","Femmes, 65 ans et plus",,29.8
2019,"Montréal, Québec",Toutes les personnes,,14.6
2019,"Montréal, Québec",Personnes de moins de 18 ans,,11.8
2019,"Montréal, Québec",Personnes de 18 à 64 ans,,13.5
2019,"Montréal, Québec",Personnes de 65 ans et plus,,22.1
2019,"Montréal, Québec",Hommes,,14.7
2019,"Montréal, Québec","Hommes, moins de 18 ans",,14.0
2019,"Montréal, Québec","Hommes, 18 à 64 ans",,14.4
2019,"Montréal, Québec","Hommes, 65 ans et plus",,16.9
2019,"Montréal, Québec",Femmes,,14.5
2019,"Montréal, Québec","Femmes, moins de 18 ans",,9.6
2019,"Montréal, Québec","Femmes, 18 à 64 ans",,12.5
2019,"Montréal, Québec","Femmes, 65 ans et plus",,26.1
2019,"Ottawa-Gatineau, Ontario/Québec",Toutes les personnes,,8.7
2019,"Ottawa-Gatineau, Ontario/Québec",Personnes de moins de 18 ans,,7.9
2019,"Ottawa-Gatineau, Ontario/Québec",Personnes de 18 à 64 ans,,8.4
2019,"Ottawa-Gatineau, Ontario/Québec",Personnes de 65 ans et plus,,10.9
2019,"Ottawa-Gatineau, Ontario/Québec",Hommes,,8.5
2019,"Ottawa-Gatineau, Ontario/Québec","Hommes, moins de 18 ans",,8.8
2019,"Ottawa-Gatineau, Ontario/Québec","Hommes, 18 à 64 ans",,8.6
2019,"Ottawa-Gatineau, Ontario/Québec","Hommes, 65 ans et plus",,7.5
2019,"Ottawa-Gatineau, Ontario/Québec",Femmes,,9.0
2019,"Ottawa-Gatineau, Ontario/Québec","Femmes, moins de 18 ans",,
2019,"Ottawa-Gatineau, Ontario/Québec","Femmes, 18 à 64 ans",,8.2
2019,"Ottawa-Gatineau, Ontario/Québec","Femmes, 65 ans et plus",,13.8
2019,"Toronto, Ontario",Toutes les personnes,,13.1
2019,"Toronto, Ontario",Personnes de moins de 18 ans,,16.8
2019,"Toronto, Ontario",Personnes de 18 à 64 ans,,11.2
2019,"Toronto, Ontario",Personnes de 65 ans et plus,,16.7
2019,"Toronto, Ontario",Hommes,,11.6
2019,"Toronto, Ontario","Hommes, moins de 18 ans",,15.0
2019,"Toronto, Ontario","Hommes, 18 à 64 ans",,9.7
2019,"Toronto, Ontario","Hommes, 65 ans et plus",,16.5
2019,"Toronto, Ontario",Femmes,,14.4
2019,"Toronto, Ontario","Femmes, moins de 18 ans",,18.6
2019,"Toronto, Ontario","Femmes, 18 à 64 ans",,12.6
2019,"Toronto, Ontario","Femmes, 65 ans et plus",,17.0
2019,"Winnipeg, Manitoba",Toutes les personnes,,14.6
2019,"Winnipeg, Manitoba",Personnes de moins de 18 ans,,19.8
2019,"Winnipeg, Manitoba",Personnes de 18 à 64 ans,,13.1
2019,"Winnipeg, Manitoba",Personnes de 65 ans et plus,,14.6
2019,"Winnipeg, Manitoba",Hommes,,14.2
2019,"Winnipeg, Manitoba","Hommes, moins de 18 ans",,20.2
2019,"Winnipeg, Manitoba","Hommes, 18 à 64 ans",,12.6
2019,"Winnipeg, Manitoba","Hommes, 65 ans et plus",,13.6
2019,"Winnipeg, Manitoba",Femmes,,15.0
2019,"Winnipeg, Manitoba","Femmes, moins de 18 ans",,19.5
2019,"Winnipeg, Manitoba","Femmes, 18 à 64 ans",,13.5
2019,"Winnipeg, Manitoba","Femmes, 65 ans et plus",,15.5
2019,"Calgary, Alberta",Toutes les personnes,,4.9
2019,"Calgary, Alberta",Personnes de moins de 18 ans,,
2019,"Calgary, Alberta",Personnes de 18 à 64 ans,,5.3
2019,"Calgary, Alberta",Personnes de 65 ans et plus,,
2019,"Calgary, Alberta",Hommes,,4.5
2019,"Calgary, Alberta","Hommes, moins de 18 ans",,
2019,"Calgary, Alberta","Hommes, 18 à 64 ans",,4.8
2019,"Calgary, Alberta","Hommes, 65 ans et plus",,
2019,"Calgary, Alberta",Femmes,,5.3
2019,"Calgary, Alberta","Femmes, moins de 18 ans",,
2019,"Calgary, Alberta","Femmes, 18 à 64 ans",,5.8
2019,"Calgary, Alberta","Femmes, 65 ans et plus",,
2019,"Edmonton, Alberta",Toutes les personnes,,7.3
2019,"Edmonton, Alberta",Personnes de moins de 18 ans,,
2019,"Edmonton, Alberta",Personnes de 18 à 64 ans,,8.4
2019,"Edmonton, Alberta",Personnes de 65 ans et plus,,
2019,"Edmonton, Alberta",Hommes,,7.8
2019,"Edmonton, Alberta","Hommes, moins de 18 ans",,
2019,"Edmonton, Alberta","Hommes, 18 à 64 ans",,8.9
2019,"Edmonton, Alberta","Hommes, 65 ans et plus",,
2019,"Edmonton, Alberta",Femmes,,6.9
2019,"Edmonton, Alberta","Femmes, moins de 18 ans",,
2019,"Edmonton, Alberta","Femmes, 18 à 64 ans",,7.8
2019,"Edmonton, Alberta","Femmes, 65 ans et plus",,
2019,"Vancouver, Colombie-Britannique",Toutes les personnes,,9.7
2019,"Vancouver, Colombie-Britannique",Personnes de moins de 18 ans,,4.7
2019,"Vancouver, Colombie-Britannique",Personnes de 18 à 64 ans,,11.1
2019,"Vancouver, Colombie-Britannique",Personnes de 65 ans et plus,,8.8
2019,"Vancouver, Colombie-Britannique",Hommes,,8.9
2019,"Vancouver, Colombie-Britannique","Hommes, moins de 18 ans",,
2019,"Vancouver, Colombie-Britannique","Hommes, 18 à 64 ans",,10.6
2019,"Vancouver, Colombie-Britannique","Hommes, 65 ans et plus",,6.4
2019,"Vancouver, Colombie-Britannique",Femmes,,10.5
2019,"Vancouver, Colombie-Britannique","Femmes, moins de 18 ans",,
2019,"Vancouver, Colombie-Britannique","Femmes, 18 à 64 ans",,11.6
2019,"Vancouver, Colombie-Britannique","Femmes, 65 ans et plus",,11.1
