Year,Géographie,GeoCode,Value
2000,,,49.91
2001,,,50.22
2002,,,50.03
2003,,,49.51
2004,,,49.17
2005,,,48.78
2006,,,49.33
2007,,,49.69
2008,,,49.47
2009,,,51.68
2010,,,50.28
2011,,,49.78
2012,,,50.54
2013,,,50.53
2014,,,50.05
2015,,,51.59
2016,,,50.68
2017,,,49.98
2018,,,50.41
2019,,,50.8
2020,,,52.54
2000,Terre-Neuve-et-Labrador,10,44.72
2000,Île-du-Prince-Édouard,11,51.18
2000,Nouvelle-Écosse,12,52.07
2000,Nouveau-Brunswick,13,50.13
2000,Québec,24,51.23
2000,Ontario,35,52.75
2000,Manitoba,46,49.15
2000,Saskatchewan,47,39.21
2000,Alberta,48,41.43
2000,Colombie-Britannique,59,50.28
2000,Yukon,60,53.17
2000,Territoires du Nord-Ouest,61,42.06
2000,Nunavut,62,53.98
2000,Outside Canada,,87.82
2001,Terre-Neuve-et-Labrador,10,45.89
2001,Île-du-Prince-Édouard,11,51.97
2001,Nouvelle-Écosse,12,51.39
2001,Nouveau-Brunswick,13,49.03
2001,Québec,24,51.42
2001,Ontario,35,52.21
2001,Manitoba,46,49.1
2001,Saskatchewan,47,41.62
2001,Alberta,48,44.36
2001,Colombie-Britannique,59,50.65
2001,Yukon,60,51.64
2001,Territoires du Nord-Ouest,61,41.06
2001,Nunavut,62,59.74
2001,Outside Canada,,88.59
2002,Terre-Neuve-et-Labrador,10,41.1
2002,Île-du-Prince-Édouard,11,50.85
2002,Nouvelle-Écosse,12,51.77
2002,Nouveau-Brunswick,13,49.72
2002,Québec,24,51.26
2002,Ontario,35,51.13
2002,Manitoba,46,49.42
2002,Saskatchewan,47,41.8
2002,Alberta,48,46.41
2002,Colombie-Britannique,59,50.66
2002,Yukon,60,55.24
2002,Territoires du Nord-Ouest,61,43.59
2002,Nunavut,62,62.0
2002,Outside Canada,,88.38
2003,Terre-Neuve-et-Labrador,10,39.43
2003,Île-du-Prince-Édouard,11,52.07
2003,Nouvelle-Écosse,12,50.49
2003,Nouveau-Brunswick,13,49.82
2003,Québec,24,51.51
2003,Ontario,35,51.6
2003,Manitoba,46,50.01
2003,Saskatchewan,47,41.02
2003,Alberta,48,42.93
2003,Colombie-Britannique,59,49.53
2003,Yukon,60,52.94
2003,Territoires du Nord-Ouest,61,36.52
2003,Nunavut,62,64.11
2003,Outside Canada,,89.18
2004,Terre-Neuve-et-Labrador,10,38.52
2004,Île-du-Prince-Édouard,11,51.72
2004,Nouvelle-Écosse,12,50.68
2004,Nouveau-Brunswick,13,49.38
2004,Québec,24,51.34
2004,Ontario,35,51.85
2004,Manitoba,46,49.53
2004,Saskatchewan,47,39.16
2004,Alberta,48,42.17
2004,Colombie-Britannique,59,48.65
2004,Yukon,60,52.76
2004,Territoires du Nord-Ouest,61,33.63
2004,Nunavut,62,63.21
2004,Outside Canada,,90.02
2005,Terre-Neuve-et-Labrador,10,35.01
2005,Île-du-Prince-Édouard,11,50.37
2005,Nouvelle-Écosse,12,50.69
2005,Nouveau-Brunswick,13,48.71
2005,Québec,24,51.39
2005,Ontario,35,51.96
2005,Manitoba,46,49.37
2005,Saskatchewan,47,38.22
2005,Alberta,48,41.23
2005,Colombie-Britannique,59,48.16
2005,Yukon,60,51.94
2005,Territoires du Nord-Ouest,61,36.52
2005,Nunavut,62,63.63
2005,Outside Canada,,91.49
2006,Terre-Neuve-et-Labrador,10,33.34
2006,Île-du-Prince-Édouard,11,50.61
2006,Nouvelle-Écosse,12,51.52
2006,Nouveau-Brunswick,13,48.63
2006,Québec,24,51.45
2006,Ontario,35,52.31
2006,Manitoba,46,47.86
2006,Saskatchewan,47,40.15
2006,Alberta,48,43.37
2006,Colombie-Britannique,59,49.03
2006,Yukon,60,52.32
2006,Territoires du Nord-Ouest,61,39.59
2006,Nunavut,62,63.29
2006,Outside Canada,,89.48
2007,Terre-Neuve-et-Labrador,10,30.34
2007,Île-du-Prince-Édouard,11,50.43
2007,Nouvelle-Écosse,12,51.48
2007,Nouveau-Brunswick,13,48.89
2007,Québec,24,51.24
2007,Ontario,35,52.96
2007,Manitoba,46,48.37
2007,Saskatchewan,47,38.83
2007,Alberta,48,45.11
2007,Colombie-Britannique,59,49.12
2007,Yukon,60,54.66
2007,Territoires du Nord-Ouest,61,42.99
2007,Nunavut,62,62.4
2007,Outside Canada,,89.51
2008,Terre-Neuve-et-Labrador,10,29.99
2008,Île-du-Prince-Édouard,11,51.88
2008,Nouvelle-Écosse,12,51.81
2008,Nouveau-Brunswick,13,51.29
2008,Québec,24,51.97
2008,Ontario,35,53.88
2008,Manitoba,46,48.85
2008,Saskatchewan,47,32.92
2008,Alberta,48,43.12
2008,Colombie-Britannique,59,49.57
2008,Yukon,60,51.66
2008,Territoires du Nord-Ouest,61,41.45
2008,Nunavut,62,59.29
2008,Outside Canada,,90.13
2009,Terre-Neuve-et-Labrador,10,40.61
2009,Île-du-Prince-Édouard,11,52.52
2009,Nouvelle-Écosse,12,53.75
2009,Nouveau-Brunswick,13,52.34
2009,Québec,24,52.15
2009,Ontario,35,54.01
2009,Manitoba,46,51.55
2009,Saskatchewan,47,39.02
2009,Alberta,48,49.97
2009,Colombie-Britannique,59,50.65
2009,Yukon,60,50.82
2009,Territoires du Nord-Ouest,61,48.95
2009,Nunavut,62,63.85
2009,Outside Canada,,90.0
2010,Terre-Neuve-et-Labrador,10,37.02
2010,Île-du-Prince-Édouard,11,51.33
2010,Nouvelle-Écosse,12,52.47
2010,Nouveau-Brunswick,13,51.26
2010,Québec,24,51.75
2010,Ontario,35,52.82
2010,Manitoba,46,50.49
2010,Saskatchewan,47,38.89
2010,Alberta,48,46.68
2010,Colombie-Britannique,59,49.58
2010,Yukon,60,51.99
2010,Territoires du Nord-Ouest,61,42.45
2010,Nunavut,62,57.13
2010,Outside Canada,,90.03
2011,Terre-Neuve-et-Labrador,10,35.16
2011,Île-du-Prince-Édouard,11,51.64
2011,Nouvelle-Écosse,12,52.97
2011,Nouveau-Brunswick,13,50.82
2011,Québec,24,52.0
2011,Ontario,35,52.84
2011,Manitoba,46,50.07
2011,Saskatchewan,47,36.12
2011,Alberta,48,45.47
2011,Colombie-Britannique,59,48.84
2011,Yukon,60,53.19
2011,Territoires du Nord-Ouest,61,45.5
2011,Nunavut,62,58.99
2011,Outside Canada,,89.65
2012,Terre-Neuve-et-Labrador,10,40.02
2012,Île-du-Prince-Édouard,11,51.63
2012,Nouvelle-Écosse,12,53.64
2012,Nouveau-Brunswick,13,50.95
2012,Québec,24,52.68
2012,Ontario,35,52.95
2012,Manitoba,46,49.21
2012,Saskatchewan,47,37.28
2012,Alberta,48,47.76
2012,Colombie-Britannique,59,49.31
2012,Yukon,60,54.3
2012,Territoires du Nord-Ouest,61,50.43
2012,Nunavut,62,57.32
2012,Outside Canada,,89.31
2013,Terre-Neuve-et-Labrador,10,40.24
2013,Île-du-Prince-Édouard,11,51.18
2013,Nouvelle-Écosse,12,53.81
2013,Nouveau-Brunswick,13,51.27
2013,Québec,24,52.79
2013,Ontario,35,53.43
2013,Manitoba,46,49.2
2013,Saskatchewan,47,36.77
2013,Alberta,48,46.95
2013,Colombie-Britannique,59,49.48
2013,Yukon,60,52.37
2013,Territoires du Nord-Ouest,61,51.05
2013,Nunavut,62,56.64
2013,Outside Canada,,89.26
2014,Terre-Neuve-et-Labrador,10,41.89
2014,Île-du-Prince-Édouard,11,51.79
2014,Nouvelle-Écosse,12,53.47
2014,Nouveau-Brunswick,13,51.58
2014,Québec,24,52.73
2014,Ontario,35,52.89
2014,Manitoba,46,49.4
2014,Saskatchewan,47,38.46
2014,Alberta,48,45.61
2014,Colombie-Britannique,59,48.57
2014,Yukon,60,51.06
2014,Territoires du Nord-Ouest,61,49.41
2014,Nunavut,62,57.74
2014,Outside Canada,,90.0
2015,Terre-Neuve-et-Labrador,10,48.05
2015,Île-du-Prince-Édouard,11,50.69
2015,Nouvelle-Écosse,12,53.52
2015,Nouveau-Brunswick,13,50.9
2015,Québec,24,52.32
2015,Ontario,35,52.84
2015,Manitoba,46,50.19
2015,Saskatchewan,47,40.53
2015,Alberta,48,52.51
2015,Colombie-Britannique,59,49.37
2015,Yukon,60,53.41
2015,Territoires du Nord-Ouest,61,53.76
2015,Nunavut,62,60.39
2015,Outside Canada,,89.8
2016,Terre-Neuve-et-Labrador,10,46.89
2016,Île-du-Prince-Édouard,11,49.69
2016,Nouvelle-Écosse,12,52.67
2016,Nouveau-Brunswick,13,51.08
2016,Québec,24,52.21
2016,Ontario,35,51.72
2016,Manitoba,46,49.69
2016,Saskatchewan,47,41.22
2016,Alberta,48,50.31
2016,Colombie-Britannique,59,48.45
2016,Yukon,60,52.1
2016,Territoires du Nord-Ouest,61,54.9
2016,Nunavut,62,58.95
2016,Outside Canada,,90.11
2017,Terre-Neuve-et-Labrador,10,43.12
2017,Île-du-Prince-Édouard,11,49.22
2017,Nouvelle-Écosse,12,52.36
2017,Nouveau-Brunswick,13,50.56
2017,Québec,24,52.02
2017,Ontario,35,51.84
2017,Manitoba,46,49.02
2017,Saskatchewan,47,39.18
2017,Alberta,48,47.33
2017,Colombie-Britannique,59,48.15
2017,Yukon,60,53.59
2017,Territoires du Nord-Ouest,61,52.52
2017,Nunavut,62,54.47
2017,Outside Canada,,90.35
2018,Terre-Neuve-et-Labrador,10,41.37
2018,Île-du-Prince-Édouard,11,49.85
2018,Nouvelle-Écosse,12,53.36
2018,Nouveau-Brunswick,13,51.1
2018,Québec,24,52.73
2018,Ontario,35,52.73
2018,Manitoba,46,49.21
2018,Saskatchewan,47,38.41
2018,Alberta,48,46.64
2018,Colombie-Britannique,59,48.58
2018,Yukon,60,55.5
2018,Northwest Territories including Nunavut,,
2018,Territoires du Nord-Ouest,61,52.42
2018,Nunavut,62,57.13
2018,Outside Canada,,90.46
2019,Terre-Neuve-et-Labrador,10,41.29
2019,Île-du-Prince-Édouard,11,49.81
2019,Nouvelle-Écosse,12,52.73
2019,Nouveau-Brunswick,13,51.7
2019,Québec,24,53.27
2019,Ontario,35,53.09
2019,Manitoba,46,49.63
2019,Saskatchewan,47,38.73
2019,Alberta,48,46.77
2019,Colombie-Britannique,59,49.06
2019,Yukon,60,58.63
2019,Northwest Territories including Nunavut,,
2019,Territoires du Nord-Ouest,61,54.53
2019,Nunavut,62,57.09
2019,Outside Canada,,91.21
2020,Terre-Neuve-et-Labrador,10,43.95
2020,Île-du-Prince-Édouard,11,50.15
2020,Nouvelle-Écosse,12,52.45
2020,Nouveau-Brunswick,13,51.73
2020,Québec,24,54.71
2020,Ontario,35,54.45
2020,Manitoba,46,49.67
2020,Saskatchewan,47,40.24
2020,Alberta,48,51.87
2020,Colombie-Britannique,59,49.31
2020,Yukon,60,56.63
2020,Northwest Territories including Nunavut,,
2020,Territoires du Nord-Ouest,61,56.36
2020,Nunavut,62,52.07
2020,Outside Canada,,90.94
