Year,Pays d'origine,Value
1980 to 1990,Canada,0.0
1991 to 2000,Canada,0.0977652174819851
2001 to 2010,Canada,0.0588132855212689
2011 to 2015,Canada,0.0280076678272671
2016 to 2021,Canada,0.0653767588080603
1980 to 1990,États-Unis d'Amérique,0.280218068226603
1991 to 2000,États-Unis d'Amérique,0.431638811548717
2001 to 2010,États-Unis d'Amérique,1.02550590713906
2011 to 2015,États-Unis d'Amérique,0.981204727549243
2016 to 2021,États-Unis d'Amérique,0.549735947272691
1980 to 1990,Belize,65.5037923966473
1991 to 2000,Belize,26.986183074266
2001 to 2010,Belize,10.9279380542026
2011 to 2015,Belize,5.61241241128881
2016 to 2021,Belize,0.0
1980 to 1990,Costa Rica,5.76574545002604
1991 to 2000,Costa Rica,3.80914748993687
2001 to 2010,Costa Rica,6.69407653238934
2011 to 2015,Costa Rica,0.518880666475234
2016 to 2021,Costa Rica,0.296442541283329
1980 to 1990,El Salvador,268.273463100116
1991 to 2000,El Salvador,173.841009547651
2001 to 2010,El Salvador,18.1238533058609
2011 to 2015,El Salvador,14.4714957212476
2016 to 2021,El Salvador,18.9388899556998
1980 to 1990,Guatemala,33.396885261373
1991 to 2000,Guatemala,34.0125241292367
2001 to 2010,Guatemala,4.79283653686183
2011 to 2015,Guatemala,3.72519038853298
2016 to 2021,Guatemala,1.56259539822474
1980 to 1990,Honduras,5.72200339184299
1991 to 2000,Honduras,20.5954360969597
2001 to 2010,Honduras,5.43846422551339
2011 to 2015,Honduras,6.60322161440108
2016 to 2021,Honduras,6.46224496543744
1980 to 1990,Mexique,0.827086366109116
1991 to 2000,Mexique,1.45497702368217
2001 to 2010,Mexique,4.97669840283623
2011 to 2015,Mexique,2.8824918896259
2016 to 2021,Mexique,0.885238069600511
1980 to 1990,Nicaragua,79.5751383743243
1991 to 2000,Nicaragua,41.4948618514649
2001 to 2010,Nicaragua,2.78861756027335
2011 to 2015,Nicaragua,1.46353195467539
2016 to 2021,Nicaragua,1.50492690494776
1980 to 1990,Panama,2.03613487846107
1991 to 2000,Panama,27.8957767288449
2001 to 2010,Panama,2.06690716279788
2011 to 2015,Panama,0.378783143998579
2016 to 2021,Panama,0.690379674301882
1980 to 1990,Antigua-et-Barbuda,0.0
1991 to 2000,Antigua-et-Barbuda,0.0
2001 to 2010,Antigua-et-Barbuda,23.4355317815105
2011 to 2015,Antigua-et-Barbuda,22.3641100761498
2016 to 2021,Antigua-et-Barbuda,54.1131397525947
1980 to 1990,Bahamas,0.0
1991 to 2000,Bahamas,0.0
2001 to 2010,Bahamas,2.72118099255077
2011 to 2015,Bahamas,12.973651810538
2016 to 2021,Bahamas,40.3497312960082
1980 to 1990,Barbade,0.0
1991 to 2000,Barbade,9.53878086749489
2001 to 2010,Barbade,12.7143965111696
2011 to 2015,Barbade,10.7519174252742
2016 to 2021,Barbade,37.200865185836
1980 to 1990,Bermudes,0.0
1991 to 2000,Bermudes,0.0
2001 to 2010,Bermudes,0.0
2011 to 2015,Bermudes,15.7546062530032
2016 to 2021,Bermudes,0.0
1980 to 1990,Cuba,2.11624794506446
1991 to 2000,Cuba,8.14580468331564
2001 to 2010,Cuba,11.5057392840191
2011 to 2015,Cuba,5.32119415223821
2016 to 2021,Cuba,3.37153098120048
1980 to 1990,Curaçao,0.0
1991 to 2000,Curaçao,0.0
2001 to 2010,Curaçao,6.37393316293685
2011 to 2015,Curaçao,0.0
2016 to 2021,Curaçao,8.09369258536822
1980 to 1990,Dominique,14.3601820871089
1991 to 2000,Dominique,0.0
2001 to 2010,Dominique,36.2931616424833
2011 to 2015,Dominique,21.2992545260916
2016 to 2021,Dominique,14.8782955424627
1980 to 1990,République dominicaine,0.489428313469885
1991 to 2000,République dominicaine,1.16491870614809
2001 to 2010,République dominicaine,1.78201387934239
2011 to 2015,République dominicaine,1.05415086758054
2016 to 2021,République dominicaine,1.12373686919087
1980 to 1990,Grenade,15.0042011763294
1991 to 2000,Grenade,65.1035611647957
2001 to 2010,Grenade,263.67300971568
2011 to 2015,Grenade,52.2939617905453
2016 to 2021,Grenade,12.8531950900795
1980 to 1990,Haïti,2.91773121305696
1991 to 2000,Haïti,17.279609121996
2001 to 2010,Haïti,28.5026986803811
2011 to 2015,Haïti,61.0655327661456
2016 to 2021,Haïti,17.9754445758151
1980 to 1990,Jamaïque,1.26055345860153
1991 to 2000,Jamaïque,2.68415611665496
2001 to 2010,Jamaïque,14.5509177536657
2011 to 2015,Jamaïque,20.5129375989303
2016 to 2021,Jamaïque,19.9066571560997
1980 to 1990,Saint-Christophe-et-Niévès,0.0
1991 to 2000,Saint-Christophe-et-Niévès,0.0
2001 to 2010,Saint-Christophe-et-Niévès,0.0
2011 to 2015,Saint-Christophe-et-Niévès,42.4560844876081
2016 to 2021,Saint-Christophe-et-Niévès,0.0
1980 to 1990,Sainte-Lucie,0.0
1991 to 2000,Sainte-Lucie,12.6074787563983
2001 to 2010,Sainte-Lucie,178.142239277151
2011 to 2015,Sainte-Lucie,387.277920317568
2016 to 2021,Sainte-Lucie,204.039421534265
1980 to 1990,Saint-Vincent-et-les-Grenadines,0.0
1991 to 2000,Saint-Vincent-et-les-Grenadines,44.0160218319468
2001 to 2010,Saint-Vincent-et-les-Grenadines,865.500344847794
2011 to 2015,Saint-Vincent-et-les-Grenadines,1008.79222582138
2016 to 2021,Saint-Vincent-et-les-Grenadines,368.142141618469
1980 to 1990,Trinité-et-Tobago,1.59715259635122
1991 to 2000,Trinité-et-Tobago,20.4538559116757
2001 to 2010,Trinité-et-Tobago,14.0606511595711
2011 to 2015,Trinité-et-Tobago,8.74545717227186
2016 to 2021,Trinité-et-Tobago,5.37707584533513
1980 to 1990,Argentine,0.686894414803509
1991 to 2000,Argentine,2.01533080956591
2001 to 2010,Argentine,0.653927774185952
2011 to 2015,Argentine,0.0805022475422491
2016 to 2021,Argentine,0.0662071719735595
1980 to 1990,Brésil,0.01676240817821
1991 to 2000,Brésil,0.0603384516497629
2001 to 2010,Brésil,0.141970506071344
2011 to 2015,Brésil,0.0396676619481388
2016 to 2021,Brésil,0.0620375743071749
1980 to 1990,Chili,18.1924773027454
1991 to 2000,Chili,10.0933880246627
2001 to 2010,Chili,1.74603725205398
2011 to 2015,Chili,0.637198878164278
2016 to 2021,Chili,0.462572156116664
1980 to 1990,Colombie,0.184956110762632
1991 to 2000,Colombie,2.91626676719089
2001 to 2010,Colombie,57.8418066874369
2011 to 2015,Colombie,10.6652587105973
2016 to 2021,Colombie,6.46591927737355
1980 to 1990,Équateur,0.286431646954282
1991 to 2000,Équateur,2.12774751801207
2001 to 2010,Équateur,2.98464994533116
2011 to 2015,Équateur,1.35247744667012
2016 to 2021,Équateur,0.282765374101842
1980 to 1990,Guyana,60.6384899816552
1991 to 2000,Guyana,43.1281218879139
2001 to 2010,Guyana,76.0175854014229
2011 to 2015,Guyana,17.7885299558844
2016 to 2021,Guyana,11.0351998352077
1980 to 1990,Paraguay,0.619460090973909
1991 to 2000,Paraguay,2.15644921424872
2001 to 2010,Paraguay,1.6556099515403
2011 to 2015,Paraguay,0.324721555325328
2016 to 2021,Paraguay,0.0
1980 to 1990,Pérou,0.681356052075861
1991 to 2000,Pérou,9.36061334347538
2001 to 2010,Pérou,7.16787853949026
2011 to 2015,Pérou,0.738726419237093
2016 to 2021,Pérou,0.452406367565335
1980 to 1990,Suriname,0.0
1991 to 2000,Suriname,3.14691036340521
2001 to 2010,Suriname,2.72758019994981
2011 to 2015,Suriname,0.0
2016 to 2021,Suriname,0.0
1980 to 1990,Uruguay,2.89902409185654
1991 to 2000,Uruguay,9.49023217853025
2001 to 2010,Uruguay,3.61587368547925
2011 to 2015,Uruguay,0.29690973379964
2016 to 2021,Uruguay,0.0
1980 to 1990,Autriche,4.62240817179265
1991 to 2000,Autriche,1.43516015076919
2001 to 2010,Autriche,0.239088265589765
2011 to 2015,Autriche,0.0
2016 to 2021,Autriche,0.0
1980 to 1990,Belgique,0.250978993760963
1991 to 2000,Belgique,1.26806418394656
2001 to 2010,Belgique,0.731481706259714
2011 to 2015,Belgique,0.221722420469166
2016 to 2021,Belgique,0.259271696298469
1980 to 1990,France,0.219335326752215
1991 to 2000,France,0.420281320681599
2001 to 2010,France,0.181338023102543
2011 to 2015,France,0.146341994679282
2016 to 2021,France,0.219418731784699
1980 to 1990,Allemagne,0.80292466312198
1991 to 2000,Allemagne,1.69318211248821
2001 to 2010,Allemagne,0.45774350711248
2011 to 2015,Allemagne,0.079193333778075
2016 to 2021,Allemagne,0.179217395270507
1980 to 1990,Pays-Bas,0.698557107010233
1991 to 2000,Pays-Bas,0.560438654089136
2001 to 2010,Pays-Bas,0.447192258684623
2011 to 2015,Pays-Bas,0.233815946984105
2016 to 2021,Pays-Bas,0.338397575246014
1980 to 1990,Suisse,0.372400754454136
1991 to 2000,Suisse,1.53115557076503
2001 to 2010,Suisse,0.575021194322854
2011 to 2015,Suisse,0.362145465624911
2016 to 2021,Suisse,0.287123702136264
1980 to 1990,Bélarus,5.79178029558792
1991 to 2000,Bélarus,2.85239658360955
2001 to 2010,Bélarus,2.8974737347957
2011 to 2015,Bélarus,0.527017943801547
2016 to 2021,Bélarus,0.378321118965778
1980 to 1990,Bulgarie,4.76040161921661
1991 to 2000,Bulgarie,17.370853794335
2001 to 2010,Bulgarie,11.2926926800564
2011 to 2015,Bulgarie,1.39322006175587
2016 to 2021,Bulgarie,0.145407264299732
1980 to 1990,Tchéquie,45.746925775055
1991 to 2000,Tchéquie,6.78876745189426
2001 to 2010,Tchéquie,2.53241962995998
2011 to 2015,Tchéquie,1.09268521833965
2016 to 2021,Tchéquie,1.37690983923153
1980 to 1990,Estonie,1.59202357977964
1991 to 2000,Estonie,11.8096541417531
2001 to 2010,Estonie,2.25313439158049
2011 to 2015,Estonie,0.0
2016 to 2021,Estonie,0.0
1980 to 1990,Hongrie,40.5854472429627
1991 to 2000,Hongrie,6.18178601512212
2001 to 2010,Hongrie,7.66541246156585
2011 to 2015,Hongrie,5.89443413991212
2016 to 2021,Hongrie,10.3513756437487
1980 to 1990,Lettonie,8.08165402514297
1991 to 2000,Lettonie,6.12212800947452
2001 to 2010,Lettonie,2.14502668413195
2011 to 2015,Lettonie,0.505592612685218
2016 to 2021,Lettonie,1.85615144498738
1980 to 1990,Lituanie,4.05936139479657
1991 to 2000,Lituanie,2.57106715284594
2001 to 2010,Lituanie,3.06667813711893
2011 to 2015,Lituanie,0.516212692018216
2016 to 2021,Lituanie,0.0
1980 to 1990,Pologne,108.670387621235
1991 to 2000,Pologne,31.9438340384951
2001 to 2010,Pologne,0.997487080672017
2011 to 2015,Pologne,0.0783978735987948
2016 to 2021,Pologne,0.170871119235931
1980 to 1990,Roumanie,18.2838662858799
1991 to 2000,Roumanie,8.79890362032477
2001 to 2010,Roumanie,3.76835039825102
2011 to 2015,Roumanie,0.402594733119826
2016 to 2021,Roumanie,0.36366978347257
1980 to 1990,Fédération de Russie,0.718214267218351
1991 to 2000,Fédération de Russie,2.16737945676985
2001 to 2010,Fédération de Russie,1.84802912435541
2011 to 2015,Fédération de Russie,0.326891639939347
2016 to 2021,Fédération de Russie,0.428561241058498
1980 to 1990,Slovaquie,44.0361567216448
1991 to 2000,Slovaquie,5.76175085854734
2001 to 2010,Slovaquie,0.927316729294548
2011 to 2015,Slovaquie,0.461228827982495
2016 to 2021,Slovaquie,9.82860745717575
1980 to 1990,Ukraine,2.9199541163789
1991 to 2000,Ukraine,4.16677386272548
2001 to 2010,Ukraine,3.80991146314645
2011 to 2015,Ukraine,0.939165530895204
2016 to 2021,Ukraine,2.52823040124822
1980 to 1990,Danemark,0.0
1991 to 2000,Danemark,0.655468333528881
2001 to 2010,Danemark,0.0
2011 to 2015,Danemark,0.0
2016 to 2021,Danemark,0.341483607975794
1980 to 1990,Finlande,0.401075282833276
1991 to 2000,Finlande,0.0
2001 to 2010,Finlande,0.186450267514183
2011 to 2015,Finlande,0.36498098677172
2016 to 2021,Finlande,0.180470070392351
1980 to 1990,Irlande,0.0
1991 to 2000,Irlande,0.39446694367012
2001 to 2010,Irlande,0.0
2011 to 2015,Irlande,0.0
2016 to 2021,Irlande,0.298303221446092
1980 to 1990,Norvège,0.0
1991 to 2000,Norvège,0.445346320225826
2001 to 2010,Norvège,0.30680010153038
2011 to 2015,Norvège,0.192686358056342
2016 to 2021,Norvège,1.01698447277352
1980 to 1990,Suède,0.350524720901994
1991 to 2000,Suède,0.563561192770502
2001 to 2010,Suède,0.26657405528554
2011 to 2015,Suède,0.408183195475412
2016 to 2021,Suède,0.288013967525369
1980 to 1990,Royaume-Uni,0.252754117813436
1991 to 2000,Royaume-Uni,0.321720204746802
2001 to 2010,Royaume-Uni,0.357104833980534
2011 to 2015,Royaume-Uni,0.175888783228163
2016 to 2021,Royaume-Uni,0.295556345807545
1980 to 1990,Albanie,0.305066297007666
1991 to 2000,Albanie,28.8911254514238
2001 to 2010,Albanie,65.855663834475
2011 to 2015,Albanie,13.9701562967289
2016 to 2021,Albanie,21.050892110494
1980 to 1990,Bosnie-Herzégovine,0.561964826846274
1991 to 2000,Bosnie-Herzégovine,558.908755755081
2001 to 2010,Bosnie-Herzégovine,24.6563100546727
2011 to 2015,Bosnie-Herzégovine,0.710516828520032
2016 to 2021,Bosnie-Herzégovine,1.0786015468687
1980 to 1990,Croatie,1.55114417047447
1991 to 2000,Croatie,150.255694338834
2001 to 2010,Croatie,11.5072377619655
2011 to 2015,Croatie,0.478040207244771
2016 to 2021,Croatie,5.73272506997109
1980 to 1990,Grèce,1.4621825492022
1991 to 2000,Grèce,5.88875174228226
2001 to 2010,Grèce,1.93260424714503
2011 to 2015,Grèce,2.17167557477206
2016 to 2021,Grèce,0.614388448136068
1980 to 1990,Italie,0.797799007550308
1991 to 2000,Italie,0.61111303999727
2001 to 2010,Italie,0.199453719531803
2011 to 2015,Italie,0.0990501486940832
2016 to 2021,Italie,0.159050531944504
1980 to 1990,Malte,6.79471534219545
1991 to 2000,Malte,7.50140651372132
2001 to 2010,Malte,2.36596511857626
2011 to 2015,Malte,0.0
2016 to 2021,Malte,0.0
1980 to 1990,Monténégro,0.0
1991 to 2000,Monténégro,54.3702233985802
2001 to 2010,Monténégro,8.70055612372824
2011 to 2015,Monténégro,0.0
2016 to 2021,Monténégro,1.65601161195342
1980 to 1990,Macédoine du Nord,0.726848247895956
1991 to 2000,Macédoine du Nord,12.1506535228997
2001 to 2010,Macédoine du Nord,10.2353397036138
2011 to 2015,Macédoine du Nord,1.51484854544243
2016 to 2021,Macédoine du Nord,0.540214221949714
1980 to 1990,Portugal,1.35139748013421
1991 to 2000,Portugal,2.47971025703947
2001 to 2010,Portugal,1.08708238902898
2011 to 2015,Portugal,0.0
2016 to 2021,Portugal,0.0
1980 to 1990,Serbie,1.20639684945018
1991 to 2000,Serbie,41.3105821148173
2001 to 2010,Serbie,5.47573340857847
2011 to 2015,Serbie,0.417985468874503
2016 to 2021,Serbie,0.438887799796941
1980 to 1990,Slovénie,1.00098747414324
1991 to 2000,Slovénie,18.3677279523103
2001 to 2010,Slovénie,1.46724952338845
2011 to 2015,Slovénie,0.0
2016 to 2021,Slovénie,0.0
1980 to 1990,Espagne,0.191889206549388
1991 to 2000,Espagne,0.231595081013117
2001 to 2010,Espagne,0.0747216514407247
2011 to 2015,Espagne,0.0856829636948859
2016 to 2021,Espagne,0.0942690522756146
1980 to 1990,Bénin,0.378680370856834
1991 to 2000,Bénin,0.138472912413529
2001 to 2010,Bénin,1.17375695820986
2011 to 2015,Bénin,0.440112524449351
2016 to 2021,Bénin,0.559138515160705
1980 to 1990,Burkina Faso,0.0
1991 to 2000,Burkina Faso,0.167706931801263
2001 to 2010,Burkina Faso,0.834537075793214
2011 to 2015,Burkina Faso,0.319530554230539
2016 to 2021,Burkina Faso,0.409177710562509
1980 to 1990,Côte d'Ivoire,0.0
1991 to 2000,Côte d'Ivoire,0.847498134656606
2001 to 2010,Côte d'Ivoire,1.91208886837667
2011 to 2015,Côte d'Ivoire,1.96064160511193
2016 to 2021,Côte d'Ivoire,1.93992563134838
1980 to 1990,Gambie,0.948131966695917
1991 to 2000,Gambie,4.46689498226814
2001 to 2010,Gambie,3.11414994476277
2011 to 2015,Gambie,2.47237236265297
2016 to 2021,Gambie,3.68773859911351
1980 to 1990,Ghana,1.78630312778105
1991 to 2000,Ghana,13.6966931956508
2001 to 2010,Ghana,2.53183045709216
2011 to 2015,Ghana,0.557564578828349
2016 to 2021,Ghana,0.999416033523796
1980 to 1990,Guinée,0.0
1991 to 2000,Guinée,3.61840148157525
2001 to 2010,Guinée,8.80061471572427
2011 to 2015,Guinée,3.44168991223691
2016 to 2021,Guinée,2.55272042321479
1980 to 1990,Guinée-Bissau,0.0
1991 to 2000,Guinée-Bissau,0.0
2001 to 2010,Guinée-Bissau,2.23444927050019
2011 to 2015,Guinée-Bissau,0.0
2016 to 2021,Guinée-Bissau,0.0
1980 to 1990,Libéria,0.899407155773272
1991 to 2000,Libéria,7.68353008008117
2001 to 2010,Libéria,28.0786102565745
2011 to 2015,Libéria,6.00895634943884
2016 to 2021,Libéria,2.85199676849753
1980 to 1990,Mali,0.0
1991 to 2000,Mali,0.951606443604061
2001 to 2010,Mali,0.877999575800776
2011 to 2015,Mali,0.134458865187616
2016 to 2021,Mali,1.16129023901385
1980 to 1990,Mauritanie,0.0
1991 to 2000,Mauritanie,0.765268591100347
2001 to 2010,Mauritanie,10.320481925224
2011 to 2015,Mauritanie,1.13464347673924
2016 to 2021,Mauritanie,3.06228939500672
1980 to 1990,Niger,0.0
1991 to 2000,Niger,0.0
2001 to 2010,Niger,0.302135168083383
2011 to 2015,Niger,0.300909378231955
2016 to 2021,Niger,0.367313505750293
1980 to 1990,Nigéria,0.0669268301321887
1991 to 2000,Nigéria,0.87036613312326
2001 to 2010,Nigéria,1.68321184399305
2011 to 2015,Nigéria,1.31900249447759
2016 to 2021,Nigéria,1.81894507623957
1980 to 1990,Sénégal,0.194286978446321
1991 to 2000,Sénégal,0.802540844313095
2001 to 2010,Sénégal,2.1368058274652
2011 to 2015,Sénégal,0.890809962448591
2016 to 2021,Sénégal,1.33557116993102
1980 to 1990,Sierra Leone,0.0
1991 to 2000,Sierra Leone,7.57242430485993
2001 to 2010,Sierra Leone,19.8427075800268
2011 to 2015,Sierra Leone,2.06030293557646
2016 to 2021,Sierra Leone,0.864766354955457
1980 to 1990,Togo,0.500152421450437
1991 to 2000,Togo,3.69633517122251
2001 to 2010,Togo,6.38643580443842
2011 to 2015,Togo,1.3049216228188
2016 to 2021,Togo,1.74578380539984
1980 to 1990,Burundi,2.23726559609033
1991 to 2000,Burundi,17.0753983918374
2001 to 2010,Burundi,32.6243246644852
2011 to 2015,Burundi,11.7206502924506
2016 to 2021,Burundi,25.754074878739
1980 to 1990,Comores,2.24917989278159
1991 to 2000,Comores,2.79801415608629
2001 to 2010,Comores,0.0
2011 to 2015,Comores,0.0
2016 to 2021,Comores,0.0
1980 to 1990,Djibouti,8.62681022829128
1991 to 2000,Djibouti,37.4532586675869
2001 to 2010,Djibouti,27.9416213555663
2011 to 2015,Djibouti,35.7605434818817
2016 to 2021,Djibouti,92.2227281354168
1980 to 1990,Érythrée,111.547527846342
1991 to 2000,Érythrée,56.4870984801412
2001 to 2010,Érythrée,121.914763776156
2011 to 2015,Érythrée,167.162474853299
2016 to 2021,Érythrée,415.112533693524
1980 to 1990,Éthiopie,8.65294001646516
1991 to 2000,Éthiopie,6.84554488304865
2001 to 2010,Éthiopie,8.27755979988892
2011 to 2015,Éthiopie,3.96163521648981
2016 to 2021,Éthiopie,4.67070530806255
1980 to 1990,Kenya,0.720750109537636
1991 to 2000,Kenya,3.01855366246011
2001 to 2010,Kenya,5.3003824700703
2011 to 2015,Kenya,2.48461998990182
2016 to 2021,Kenya,3.05331804494711
1980 to 1990,Madagascar,0.0829486658080374
1991 to 2000,Madagascar,0.0605460722915259
2001 to 2010,Madagascar,0.112697056720271
2011 to 2015,Madagascar,0.0393287177805625
2016 to 2021,Madagascar,0.0505201929548042
1980 to 1990,Malawi,0.104757433116045
1991 to 2000,Malawi,0.176741491355309
2001 to 2010,Malawi,0.202340499536876
2011 to 2015,Malawi,0.292643464215001
2016 to 2021,Malawi,0.623522781003386
1980 to 1990,Maurice,1.3773617737114
1991 to 2000,Maurice,6.16419694691435
2001 to 2010,Maurice,5.06714157476626
2011 to 2015,Maurice,2.32143250957301
2016 to 2021,Maurice,1.56293530190244
1980 to 1990,Mozambique,0.114551460582671
1991 to 2000,Mozambique,0.137895447947157
2001 to 2010,Mozambique,0.0652195180277618
2011 to 2015,Mozambique,0.0941704800217797
2016 to 2021,Mozambique,0.236534299444539
1980 to 1990,Rwanda,1.83039877474462
1991 to 2000,Rwanda,13.8769350792546
2001 to 2010,Rwanda,19.4291257712236
2011 to 2015,Rwanda,9.49220809978278
2016 to 2021,Rwanda,5.46571238822431
1980 to 1990,Seychelles,74.2861773683784
1991 to 2000,Seychelles,584.669721267659
2001 to 2010,Seychelles,0.0
2011 to 2015,Seychelles,0.0
2016 to 2021,Seychelles,0.0
1980 to 1990,Somalie,15.8104295616071
1991 to 2000,Somalie,108.551704403029
2001 to 2010,Somalie,43.6940498608618
2011 to 2015,Somalie,29.4691921498851
2016 to 2021,Somalie,29.8380701534994
1980 to 1990,Soudan du Sud,0.738760081964376
1991 to 2000,Soudan du Sud,22.3746367747044
2001 to 2010,Soudan du Sud,31.1827061942343
2011 to 2015,Soudan du Sud,2.47572963465928
2016 to 2021,Soudan du Sud,6.25778772479722
1980 to 1990,Ouganda,2.24811283022181
1991 to 2000,Ouganda,1.66662847309749
2001 to 2010,Ouganda,3.33416877929737
2011 to 2015,Ouganda,2.43789622557846
2016 to 2021,Ouganda,2.76614930236408
1980 to 1990,Zambie,0.192648927895873
1991 to 2000,Zambie,1.19787359468839
2001 to 2010,Zambie,1.39626912593338
2011 to 2015,Zambie,0.54880797839965
2016 to 2021,Zambie,0.586623280348924
1980 to 1990,Zimbabwe,0.19729116274188
1991 to 2000,Zimbabwe,0.630669190464618
2001 to 2010,Zimbabwe,25.6736959324969
2011 to 2015,Zimbabwe,4.86120799768718
2016 to 2021,Zimbabwe,3.19666483412316
1980 to 1990,Algérie,0.0788151559968679
1991 to 2000,Algérie,9.10805526599687
2001 to 2010,Algérie,2.25206240213459
2011 to 2015,Algérie,0.662172324025456
2016 to 2021,Algérie,1.03883769566229
1980 to 1990,Égypte,0.145556162648429
1991 to 2000,Égypte,0.930436668706147
2001 to 2010,Égypte,1.42380923512379
2011 to 2015,Égypte,0.758046612075329
2016 to 2021,Égypte,2.54146032021607
1980 to 1990,Libye,1.23726335791701
1991 to 2000,Libye,4.05259972858891
2001 to 2010,Libye,4.84753054482858
2011 to 2015,Libye,2.90875265873389
2016 to 2021,Libye,20.1075860947985
1980 to 1990,Maroc,0.143586291628025
1991 to 2000,Maroc,0.510139811555409
2001 to 2010,Maroc,0.662206158914602
2011 to 2015,Maroc,0.390086334340946
2016 to 2021,Maroc,0.392373477311849
1980 to 1990,Soudan,0.499509787905647
1991 to 2000,Soudan,8.75295405459388
2001 to 2010,Soudan,9.48676609541041
2011 to 2015,Soudan,3.959924415661
2016 to 2021,Soudan,8.10262874863855
1980 to 1990,Tunisie,0.18019048296335
1991 to 2000,Tunisie,1.89449787127563
2001 to 2010,Tunisie,2.04343222306849
2011 to 2015,Tunisie,0.657759780690611
2016 to 2021,Tunisie,0.995954557083447
1980 to 1990,Angola,0.430055383822495
1991 to 2000,Angola,1.08057752361085
2001 to 2010,Angola,3.86336978136547
2011 to 2015,Angola,0.159813377750561
2016 to 2021,Angola,0.550204431352282
1980 to 1990,Cameroun,0.0
1991 to 2000,Cameroun,1.24054370415353
2001 to 2010,Cameroun,3.50810188504042
2011 to 2015,Cameroun,2.89930521884384
2016 to 2021,Cameroun,4.4767308169809
1980 to 1990,République centrafricaine,0.0
1991 to 2000,République centrafricaine,0.260863225106833
2001 to 2010,République centrafricaine,1.89179784337272
2011 to 2015,République centrafricaine,11.2314884281651
2016 to 2021,République centrafricaine,13.8866885333114
1980 to 1990,Tchad,0.417860494098306
1991 to 2000,Tchad,1.93838109700152
2001 to 2010,Tchad,2.84254147572571
2011 to 2015,Tchad,1.57019620147693
2016 to 2021,Tchad,2.66423635960763
1980 to 1990,Guinée équatoriale,0.0
1991 to 2000,Guinée équatoriale,0.0
2001 to 2010,Guinée équatoriale,0.840975700007148
2011 to 2015,Guinée équatoriale,0.0
2016 to 2021,Guinée équatoriale,0.0
1980 to 1990,Gabon,0.0
1991 to 2000,Gabon,0.783955565398553
2001 to 2010,Gabon,5.23265244896856
2011 to 2015,Gabon,0.0
2016 to 2021,Gabon,2.10369358104185
1980 to 1990,Botswana,0.76586919260538
1991 to 2000,Botswana,0.0
2001 to 2010,Botswana,2.21330832786769
2011 to 2015,Botswana,10.4379254305531
2016 to 2021,Botswana,7.49493935449002
1980 to 1990,Eswatini,0.0
1991 to 2000,Eswatini,0.960224154726679
2001 to 2010,Eswatini,2.6986183074266
2011 to 2015,Eswatini,10.0618805654777
2016 to 2021,Eswatini,4.97242994778534
1980 to 1990,Lesotho,1.38142840802533
1991 to 2000,Lesotho,0.0
2001 to 2010,Lesotho,0.751402869156716
2011 to 2015,Lesotho,0.0
2016 to 2021,Lesotho,0.0
1980 to 1990,Namibie,0.730293486694966
1991 to 2000,Namibie,0.0
2001 to 2010,Namibie,0.947943448537691
2011 to 2015,Namibie,9.89667659071704
2016 to 2021,Namibie,11.3843857812579
1980 to 1990,Afghanistan,28.9232140537773
1991 to 2000,Afghanistan,58.4844475307375
2001 to 2010,Afghanistan,64.0056170891429
2011 to 2015,Afghanistan,15.1018680848276
2016 to 2021,Afghanistan,23.7316222704542
1980 to 1990,Arménie,0.281520633702946
1991 to 2000,Arménie,4.1589905298186
2001 to 2010,Arménie,5.62901131021891
2011 to 2015,Arménie,3.76546300218654
2016 to 2021,Arménie,1.91610691667565
1980 to 1990,Azerbaïdjan,0.829745031797904
1991 to 2000,Azerbaïdjan,3.66968639043592
2001 to 2010,Azerbaïdjan,7.76163218598008
2011 to 2015,Azerbaïdjan,0.769000069210006
2016 to 2021,Azerbaïdjan,5.17836006319749
1980 to 1990,Bahreïn,0.0
1991 to 2000,Bahreïn,4.48021648406051
2001 to 2010,Bahreïn,1.64844584525709
2011 to 2015,Bahreïn,2.92036884258482
2016 to 2021,Bahreïn,6.32549604373514
1980 to 1990,Chypre,3.80526915620059
1991 to 2000,Chypre,5.27583934647123
2001 to 2010,Chypre,0.0
2011 to 2015,Chypre,4.09986786125883
2016 to 2021,Chypre,4.17500560779162
1980 to 1990,Géorgie,0.183524037749059
1991 to 2000,Géorgie,4.85148899127841
2001 to 2010,Géorgie,9.88114522216472
2011 to 2015,Géorgie,3.69226306055641
2016 to 2021,Géorgie,6.59856768850326
1980 to 1990,Irak,11.6588193807455
1991 to 2000,Irak,42.2151239334133
2001 to 2010,Irak,49.049276284126
2011 to 2015,Irak,40.4383366662249
2016 to 2021,Irak,35.9855696125178
1980 to 1990,Israël,0.880080456955375
1991 to 2000,Israël,3.02714176211231
2001 to 2010,Israël,4.15698973973155
2011 to 2015,Israël,2.29725384412835
2016 to 2021,Israël,11.4602614873888
1980 to 1990,Jordanie,0.414144640844104
1991 to 2000,Jordanie,3.99097075351663
2001 to 2010,Jordanie,5.00177563034877
2011 to 2015,Jordanie,6.86195547502332
2016 to 2021,Jordanie,23.985882749597
1980 to 1990,Kazakhstan,0.233180480613535
1991 to 2000,Kazakhstan,3.9673023327899
2001 to 2010,Kazakhstan,2.34599500493119
2011 to 2015,Kazakhstan,0.470022152973521
2016 to 2021,Kazakhstan,1.11427254995145
1980 to 1990,Koweït,6.82519517832603
1991 to 2000,Koweït,59.5641641537236
2001 to 2010,Koweït,13.5880111618718
2011 to 2015,Koweït,5.86750546786315
2016 to 2021,Koweït,20.8636568052262
1980 to 1990,Kirghizistan,0.448474385441535
1991 to 2000,Kirghizistan,0.696492394651297
2001 to 2010,Kirghizistan,6.55484525512505
2011 to 2015,Kirghizistan,0.0
2016 to 2021,Kirghizistan,1.17292447531973
1980 to 1990,Liban,17.3813918156449
1991 to 2000,Liban,118.584019142321
2001 to 2010,Liban,26.1769306676228
2011 to 2015,Liban,13.5941998492589
2016 to 2021,Liban,64.4027371425441
1980 to 1990,Oman,0.0
1991 to 2000,Oman,0.657275946132293
2001 to 2010,Oman,1.45059666667392
2011 to 2015,Oman,0.358430647254063
2016 to 2021,Oman,2.11086765770792
1980 to 1990,Qatar,0.0
1991 to 2000,Qatar,16.2766976595659
2001 to 2010,Qatar,2.92520913051376
2011 to 2015,Qatar,1.44189245500935
2016 to 2021,Qatar,16.3384647952258
1980 to 1990,Arabie saoudite,1.31568677839573
1991 to 2000,Arabie saoudite,3.43052600718853
2001 to 2010,Arabie saoudite,2.62344204062293
2011 to 2015,Arabie saoudite,2.15175131039153
2016 to 2021,Arabie saoudite,15.765966923161
1980 to 1990,Tadjikistan,0.185227101392204
1991 to 2000,Tadjikistan,0.477344779212526
2001 to 2010,Tadjikistan,3.92031796914984
2011 to 2015,Tadjikistan,0.520599244436963
2016 to 2021,Tadjikistan,1.60528644906975
1980 to 1990,Turkménistan,0.0
1991 to 2000,Turkménistan,0.218212590124527
2001 to 2010,Turkménistan,2.33624453363707
2011 to 2015,Turkménistan,0.402201166544263
2016 to 2021,Turkménistan,0.775510943622681
1980 to 1990,Émirats arabes unis,2.1071929029743
1991 to 2000,Émirats arabes unis,10.7328366558141
2001 to 2010,Émirats arabes unis,6.12498897501985
2011 to 2015,Émirats arabes unis,4.32276258419589
2016 to 2021,Émirats arabes unis,30.5860584966794
1980 to 1990,Ouzbékistan,0.415342436890305
1991 to 2000,Ouzbékistan,0.544636171841911
2001 to 2010,Ouzbékistan,2.69496471207922
2011 to 2015,Ouzbékistan,0.373990289228317
2016 to 2021,Ouzbékistan,0.598646757544457
1980 to 1990,Yémen,0.144010445365623
1991 to 2000,Yémen,1.55418404051213
2001 to 2010,Yémen,1.42030764087761
2011 to 2015,Yémen,0.706042462228092
2016 to 2021,Yémen,3.78281672598935
1980 to 1990,Chine,0.118326874738994
1991 to 2000,Chine,0.387527873493662
2001 to 2010,Chine,1.09168830042546
2011 to 2015,Chine,0.323033811159694
2016 to 2021,Chine,0.31336716278374
1980 to 1990,Japon,0.0162074837334906
1991 to 2000,Japon,0.0314891628983126
2001 to 2010,Japon,0.0546084265716958
2011 to 2015,Japon,0.0117854216494857
2016 to 2021,Japon,0.0437621464323909
1980 to 1990,Mongolie,0.0
1991 to 2000,Mongolie,0.0
2001 to 2010,Mongolie,4.62644766173783
2011 to 2015,Mongolie,1.00787638597701
2016 to 2021,Mongolie,2.84450810819551
1980 to 1990,Brunéi Darussalam,9.7917299049223
1991 to 2000,Brunéi Darussalam,3.06340638536427
2001 to 2010,Brunéi Darussalam,3.82314634749342
2011 to 2015,Brunéi Darussalam,0.0
2016 to 2021,Brunéi Darussalam,0.0
1980 to 1990,Cambodge,169.480695986286
1991 to 2000,Cambodge,5.85730646626976
2001 to 2010,Cambodge,0.999939934642547
2011 to 2015,Cambodge,0.416044852963508
2016 to 2021,Cambodge,0.324018097765745
1980 to 1990,Indonésie,0.141688325112254
1991 to 2000,Indonésie,0.0879312181648496
2001 to 2010,Indonésie,0.194879696743806
2011 to 2015,Indonésie,0.0248281781212001
2016 to 2021,Indonésie,0.0541989355235118
1980 to 1990,Malaisie,2.4111787630552
1991 to 2000,Malaisie,1.45854143853373
2001 to 2010,Malaisie,1.0643464983166
2011 to 2015,Malaisie,0.688374200215237
2016 to 2021,Malaisie,0.568801773996474
1980 to 1990,Myanmar,0.163245556741625
1991 to 2000,Myanmar,1.29163519823818
2001 to 2010,Myanmar,7.28156052694186
2011 to 2015,Myanmar,2.08455174812124
2016 to 2021,Myanmar,0.721142765157686
1980 to 1990,Philippines,0.429560532608286
1991 to 2000,Philippines,0.452115010975657
2001 to 2010,Philippines,0.352926039729196
2011 to 2015,Philippines,0.12818914838693
2016 to 2021,Philippines,0.0928373302972284
1980 to 1990,Singapour,0.986965151247475
1991 to 2000,Singapour,0.619537230470328
2001 to 2010,Singapour,0.492412998994099
2011 to 2015,Singapour,0.271475793996566
2016 to 2021,Singapour,0.180300380433803
1980 to 1990,Thaïlande,6.4941133556894
1991 to 2000,Thaïlande,0.730062836984507
2001 to 2010,Thaïlande,3.06933850761107
2011 to 2015,Thaïlande,0.439460081895087
2016 to 2021,Thaïlande,0.418248855615365
1980 to 1990,Viêt Nam,81.0507539638277
1991 to 2000,Viêt Nam,8.96826924605322
2001 to 2010,Viêt Nam,0.497395326483803
2011 to 2015,Viêt Nam,0.258555231717522
2016 to 2021,Viêt Nam,0.0909686445889776
1980 to 1990,Bangladesh,0.143325668067588
1991 to 2000,Bangladesh,3.28877129976913
2001 to 2010,Bangladesh,1.45528181938137
2011 to 2015,Bangladesh,0.147443196316525
2016 to 2021,Bangladesh,0.599427914944662
1980 to 1990,Bhoutan,0.0
1991 to 2000,Bhoutan,0.0
2001 to 2010,Bhoutan,165.766216987267
2011 to 2015,Bhoutan,341.114144731973
2016 to 2021,Bhoutan,8.3816189806275
1980 to 1990,Inde,0.041041763593993
1991 to 2000,Inde,0.591249513998571
2001 to 2010,Inde,0.59711023303641
2011 to 2015,Inde,0.13215100198776
2016 to 2021,Inde,0.155564313166417
1980 to 1990,Népal,0.0
1991 to 2000,Népal,0.264802737848467
2001 to 2010,Népal,7.77133549303318
2011 to 2015,Népal,9.54133868539543
2016 to 2021,Népal,2.06950693488381
1980 to 1990,Pakistan,0.348669088335623
1991 to 2000,Pakistan,4.0384702154735
2001 to 2010,Pakistan,7.26963274106479
2011 to 2015,Pakistan,2.02029245712191
2016 to 2021,Pakistan,3.26115626892748
1980 to 1990,Sri Lanka,14.0326183474803
1991 to 2000,Sri Lanka,176.719778233882
2001 to 2010,Sri Lanka,72.6754133692322
2011 to 2015,Sri Lanka,12.4236912153207
2016 to 2021,Sri Lanka,7.9948244633876
1980 to 1990,Australie,0.0875845256360782
1991 to 2000,Australie,0.313602000697137
2001 to 2010,Australie,0.158073379966335
2011 to 2015,Australie,0.0417571195471257
2016 to 2021,Australie,0.115578220016433
1980 to 1990,Fidji,6.46524414054923
1991 to 2000,Fidji,81.393165825802
2001 to 2010,Fidji,64.7633557956069
2011 to 2015,Fidji,2.17723095412792
2016 to 2021,Fidji,1.09084443358448
1980 to 1990,Nouvelle-Calédonie,5.66681400383077
1991 to 2000,Nouvelle-Calédonie,0.0
2001 to 2010,Nouvelle-Calédonie,0.0
2011 to 2015,Nouvelle-Calédonie,0.0
2016 to 2021,Nouvelle-Calédonie,0.0
1980 to 1990,Nouvelle-Zélande,0.0
1991 to 2000,Nouvelle-Zélande,0.25922961107263
2001 to 2010,Nouvelle-Zélande,0.0
2011 to 2015,Nouvelle-Zélande,0.0
2016 to 2021,Nouvelle-Zélande,0.0
1980 to 1990,Papouasie-Nouvelle-Guinée,0.0
1991 to 2000,Papouasie-Nouvelle-Guinée,0.0
2001 to 2010,Papouasie-Nouvelle-Guinée,0.0
2011 to 2015,Papouasie-Nouvelle-Guinée,0.0
2016 to 2021,Papouasie-Nouvelle-Guinée,0.0998711063501445
