Year,Certaines population vulnérables en matière de logement,Value
2016,,12.7
2018,,11.6
2018,Tous les ménages,22.0
2018,Ménages comptant une famille monoparentale dont la personne de référence est un homme,15.8
2018,Ménages comptant une famille monoparentale dont la personne de référence est une femme,24.0
2018,"Total, ménages comptant une personne seule",22.0
2018,Hommes vivant seuls,21.0
2018,Femmes vivant seules,24.0
2018,Personne de référence qui a vécu une période d’itinérance,34.0
