Year,Géographie,Level of government,Type de patrimoine,Value
2015,Canada,Administration publique générale canadienne consolidée,Préservation de la diversité biologique et protection de la nature,5.25167305699581e-05
2015,Canada,Administration publique générale canadienne consolidée,Services culturels,0.000149707693278
2015,Canada,Administration publique générale canadienne consolidée,"Services de radiodiffusion, de television et d'édition
",9.8115257166167e-05
2015,Canada,Administration publique générale canadienne consolidée,"Loisirs, culture et religion non classés ailleurs",5.52896139440518e-05
2015,Canada,Administrations publiques provinciales-territoriales et locales consolidées,Préservation de la diversité biologique et protection de la nature,4.05009026155517e-05
2015,Canada,Administrations publiques provinciales-territoriales et locales consolidées,Services culturels,0.0001009721673091
2015,Canada,Administrations publiques provinciales-territoriales et locales consolidées,"Services de radiodiffusion, de television et d'édition
",4.14251970735829e-05
2015,Canada,Administrations publiques provinciales-territoriales et locales consolidées,"Loisirs, culture et religion non classés ailleurs",5.23486770321342e-05
2015,Terre-Neuve-et-Labrador,Administrations publiques provinciales-territoriales et locales consolidées,Préservation de la diversité biologique et protection de la nature,1.70416782644755e-05
2015,Terre-Neuve-et-Labrador,Administrations publiques provinciales-territoriales et locales consolidées,Services culturels,8.89954309367053e-05
2015,Terre-Neuve-et-Labrador,Administrations publiques provinciales-territoriales et locales consolidées,"Services de radiodiffusion, de television et d'édition
",0.0
2015,Terre-Neuve-et-Labrador,Administrations publiques provinciales-territoriales et locales consolidées,"Loisirs, culture et religion non classés ailleurs",4.16574357576067e-05
2015,Île-du-Prince-Édouard,Administrations publiques provinciales-territoriales et locales consolidées,Préservation de la diversité biologique et protection de la nature,1.38364257744939e-05
2015,Île-du-Prince-Édouard,Administrations publiques provinciales-territoriales et locales consolidées,Services culturels,8.99367675342106e-05
2015,Île-du-Prince-Édouard,Administrations publiques provinciales-territoriales et locales consolidées,"Services de radiodiffusion, de television et d'édition
",0.0
2015,Île-du-Prince-Édouard,Administrations publiques provinciales-territoriales et locales consolidées,"Loisirs, culture et religion non classés ailleurs",6.91821288724697e-06
2015,Nouvelle-Écosse,Administrations publiques provinciales-territoriales et locales consolidées,Préservation de la diversité biologique et protection de la nature,2.88299831825098e-05
2015,Nouvelle-Écosse,Administrations publiques provinciales-territoriales et locales consolidées,Services culturels,0.0001185232641947
2015,Nouvelle-Écosse,Administrations publiques provinciales-territoriales et locales consolidées,"Services de radiodiffusion, de television et d'édition
",0.0
2015,Nouvelle-Écosse,Administrations publiques provinciales-territoriales et locales consolidées,"Loisirs, culture et religion non classés ailleurs",6.08632978297429e-05
2015,Nouveau-Brunswick,Administrations publiques provinciales-territoriales et locales consolidées,Préservation de la diversité biologique et protection de la nature,2.89915423764104e-05
2015,Nouveau-Brunswick,Administrations publiques provinciales-territoriales et locales consolidées,Services culturels,8.17034376062474e-05
2015,Nouveau-Brunswick,Administrations publiques provinciales-territoriales et locales consolidées,"Services de radiodiffusion, de television et d'édition
",0.0
2015,Nouveau-Brunswick,Administrations publiques provinciales-territoriales et locales consolidées,"Loisirs, culture et religion non classés ailleurs",1.44957711882052e-05
2015,Québec,Administrations publiques provinciales-territoriales et locales consolidées,Préservation de la diversité biologique et protection de la nature,6.48296472582197e-06
2015,Québec,Administrations publiques provinciales-territoriales et locales consolidées,Services culturels,0.0001270905726439
2015,Québec,Administrations publiques provinciales-territoriales et locales consolidées,"Services de radiodiffusion, de television et d'édition
",8.68472633081811e-06
2015,Québec,Administrations publiques provinciales-territoriales et locales consolidées,"Loisirs, culture et religion non classés ailleurs",8.8192784289012e-05
2015,Ontario,Administrations publiques provinciales-territoriales et locales consolidées,Préservation de la diversité biologique et protection de la nature,5.38406395859436e-05
2015,Ontario,Administrations publiques provinciales-territoriales et locales consolidées,Services culturels,9.32362295268779e-05
2015,Ontario,Administrations publiques provinciales-territoriales et locales consolidées,"Services de radiodiffusion, de television et d'édition
",5.27463176431399e-05
2015,Ontario,Administrations publiques provinciales-territoriales et locales consolidées,"Loisirs, culture et religion non classés ailleurs",1.13809482051588e-05
2015,Manitoba,Administrations publiques provinciales-territoriales et locales consolidées,Préservation de la diversité biologique et protection de la nature,2.55373088474393e-05
2015,Manitoba,Administrations publiques provinciales-territoriales et locales consolidées,Services culturels,0.0001145309608915
2015,Manitoba,Administrations publiques provinciales-territoriales et locales consolidées,"Services de radiodiffusion, de television et d'édition
",1.62510147210978e-05
2015,Manitoba,Administrations publiques provinciales-territoriales et locales consolidées,"Loisirs, culture et religion non classés ailleurs",5.41700490703259e-06
2015,Saskatchewan,Administrations publiques provinciales-territoriales et locales consolidées,Préservation de la diversité biologique et protection de la nature,1.69496515062442e-05
2015,Saskatchewan,Administrations publiques provinciales-territoriales et locales consolidées,Services culturels,9.81295613519399e-05
2015,Saskatchewan,Administrations publiques provinciales-territoriales et locales consolidées,"Services de radiodiffusion, de television et d'édition
",0.0
2015,Saskatchewan,Administrations publiques provinciales-territoriales et locales consolidées,"Loisirs, culture et religion non classés ailleurs",7.2259040631883e-05
2015,Alberta,Administrations publiques provinciales-territoriales et locales consolidées,Préservation de la diversité biologique et protection de la nature,0.00010519989065
2015,Alberta,Administrations publiques provinciales-territoriales et locales consolidées,Services culturels,0.0001039934698856
2015,Alberta,Administrations publiques provinciales-territoriales et locales consolidées,"Services de radiodiffusion, de television et d'édition
",1.0616502726149e-05
2015,Alberta,Administrations publiques provinciales-territoriales et locales consolidées,"Loisirs, culture et religion non classés ailleurs",7.69696447645803e-05
2015,Colombie-Britannique,Administrations publiques provinciales-territoriales et locales consolidées,Préservation de la diversité biologique et protection de la nature,6.90898645587419e-06
2015,Colombie-Britannique,Administrations publiques provinciales-territoriales et locales consolidées,Services culturels,6.72055955253216e-05
2015,Colombie-Britannique,Administrations publiques provinciales-territoriales et locales consolidées,"Services de radiodiffusion, de television et d'édition
",0.0001295958368541
2015,Colombie-Britannique,Administrations publiques provinciales-territoriales et locales consolidées,"Loisirs, culture et religion non classés ailleurs",9.81913529637877e-05
2015,Yukon,Administrations publiques provinciales-territoriales et locales consolidées,Préservation de la diversité biologique et protection de la nature,0.0014062085433802
2015,Yukon,Administrations publiques provinciales-territoriales et locales consolidées,Services culturels,0.0003714513133457
2015,Yukon,Administrations publiques provinciales-territoriales et locales consolidées,"Services de radiodiffusion, de television et d'édition
",0.0
2015,Yukon,Administrations publiques provinciales-territoriales et locales consolidées,"Loisirs, culture et religion non classés ailleurs",5.30644733351022e-05
2015,Territoires du Nord-Ouest,Administrations publiques provinciales-territoriales et locales consolidées,Préservation de la diversité biologique et protection de la nature,0.0003164771571309
2015,Territoires du Nord-Ouest,Administrations publiques provinciales-territoriales et locales consolidées,Services culturels,0.0002260551122363
2015,Territoires du Nord-Ouest,Administrations publiques provinciales-territoriales et locales consolidées,"Services de radiodiffusion, de television et d'édition
",2.26055112236363e-05
2015,Territoires du Nord-Ouest,Administrations publiques provinciales-territoriales et locales consolidées,"Loisirs, culture et religion non classés ailleurs",0.0002712661346836
2015,Nunavut,Administrations publiques provinciales-territoriales et locales consolidées,Préservation de la diversité biologique et protection de la nature,0.0001644376233282
2015,Nunavut,Administrations publiques provinciales-territoriales et locales consolidées,Services culturels,0.0005755316816487
2015,Nunavut,Administrations publiques provinciales-territoriales et locales consolidées,"Services de radiodiffusion, de television et d'édition
",0.0
2015,Nunavut,Administrations publiques provinciales-territoriales et locales consolidées,"Loisirs, culture et religion non classés ailleurs",0.0003562815172111
2016,Canada,Administration publique générale canadienne consolidée,Préservation de la diversité biologique et protection de la nature,4.51958788558807e-05
2016,Canada,Administration publique générale canadienne consolidée,Services culturels,0.0001600410440613
2016,Canada,Administration publique générale canadienne consolidée,"Services de radiodiffusion, de television et d'édition
",9.4185774502972e-05
2016,Canada,Administration publique générale canadienne consolidée,"Loisirs, culture et religion non classés ailleurs",5.2950073757625e-05
2016,Canada,Administrations publiques provinciales-territoriales et locales consolidées,Préservation de la diversité biologique et protection de la nature,3.67770386768441e-05
2016,Canada,Administrations publiques provinciales-territoriales et locales consolidées,Services culturels,0.0001034631148318
2016,Canada,Administrations publiques provinciales-territoriales et locales consolidées,"Services de radiodiffusion, de television et d'édition
",3.61954740592133e-05
2016,Canada,Administrations publiques provinciales-territoriales et locales consolidées,"Loisirs, culture et religion non classés ailleurs",5.01807184355735e-05
2016,Terre-Neuve-et-Labrador,Administrations publiques provinciales-territoriales et locales consolidées,Préservation de la diversité biologique et protection de la nature,1.51107048010487e-05
2016,Terre-Neuve-et-Labrador,Administrations publiques provinciales-territoriales et locales consolidées,Services culturels,8.31088764057678e-05
2016,Terre-Neuve-et-Labrador,Administrations publiques provinciales-territoriales et locales consolidées,"Services de radiodiffusion, de television et d'édition
",0.0
2016,Terre-Neuve-et-Labrador,Administrations publiques provinciales-territoriales et locales consolidées,"Loisirs, culture et religion non classés ailleurs",3.77767620026217e-05
2016,Île-du-Prince-Édouard,Administrations publiques provinciales-territoriales et locales consolidées,Préservation de la diversité biologique et protection de la nature,1.36083119569433e-05
2016,Île-du-Prince-Édouard,Administrations publiques provinciales-territoriales et locales consolidées,Services culturels,8.84540277201315e-05
2016,Île-du-Prince-Édouard,Administrations publiques provinciales-territoriales et locales consolidées,"Services de radiodiffusion, de television et d'édition
",0.0
2016,Île-du-Prince-Édouard,Administrations publiques provinciales-territoriales et locales consolidées,"Loisirs, culture et religion non classés ailleurs",6.80415597847165e-06
2016,Nouvelle-Écosse,Administrations publiques provinciales-territoriales et locales consolidées,Préservation de la diversité biologique et protection de la nature,2.33349950678306e-05
2016,Nouvelle-Écosse,Administrations publiques provinciales-territoriales et locales consolidées,Services culturels,0.0001113715673691
2016,Nouvelle-Écosse,Administrations publiques provinciales-territoriales et locales consolidées,"Services de radiodiffusion, de television et d'édition
",0.0
2016,Nouvelle-Écosse,Administrations publiques provinciales-territoriales et locales consolidées,"Loisirs, culture et religion non classés ailleurs",9.01579354893455e-05
2016,Nouveau-Brunswick,Administrations publiques provinciales-territoriales et locales consolidées,Préservation de la diversité biologique et protection de la nature,1.44101657169057e-05
2016,Nouveau-Brunswick,Administrations publiques provinciales-territoriales et locales consolidées,Services culturels,7.8600903910395e-05
2016,Nouveau-Brunswick,Administrations publiques provinciales-territoriales et locales consolidées,"Services de radiodiffusion, de television et d'édition
",0.0
2016,Nouveau-Brunswick,Administrations publiques provinciales-territoriales et locales consolidées,"Loisirs, culture et religion non classés ailleurs",1.5720180782079e-05
2016,Québec,Administrations publiques provinciales-territoriales et locales consolidées,Préservation de la diversité biologique et protection de la nature,6.32145831180593e-06
2016,Québec,Administrations publiques provinciales-territoriales et locales consolidées,Services culturels,0.0001345741221378
2016,Québec,Administrations publiques provinciales-territoriales et locales consolidées,"Services de radiodiffusion, de television et d'édition
",8.26652240774622e-06
2016,Québec,Administrations publiques provinciales-territoriales et locales consolidées,"Loisirs, culture et religion non classés ailleurs",8.1206426005507e-05
2016,Ontario,Administrations publiques provinciales-territoriales et locales consolidées,Préservation de la diversité biologique et protection de la nature,5.46290793616383e-05
2016,Ontario,Administrations publiques provinciales-territoriales et locales consolidées,Services culturels,9.50603636912941e-05
2016,Ontario,Administrations publiques provinciales-territoriales et locales consolidées,"Services de radiodiffusion, de television et d'édition
",5.12417881611146e-05
2016,Ontario,Administrations publiques provinciales-territoriales et locales consolidées,"Loisirs, culture et religion non classés ailleurs",1.14591340613463e-05
2016,Manitoba,Administrations publiques provinciales-territoriales et locales consolidées,Préservation de la diversité biologique et protection de la nature,2.66334078815103e-05
2016,Manitoba,Administrations publiques provinciales-territoriales et locales consolidées,Services culturels,0.0001149041311459
2016,Manitoba,Administrations publiques provinciales-territoriales et locales consolidées,"Services de radiodiffusion, de television et d'édition
",1.59800447289062e-05
2016,Manitoba,Administrations publiques provinciales-territoriales et locales consolidées,"Loisirs, culture et religion non classés ailleurs",5.32668157630205e-06
2016,Saskatchewan,Administrations publiques provinciales-territoriales et locales consolidées,Préservation de la diversité biologique et protection de la nature,1.49649599863379e-05
2016,Saskatchewan,Administrations publiques provinciales-territoriales et locales consolidées,Services culturels,0.0001038744281404
2016,Saskatchewan,Administrations publiques provinciales-territoriales et locales consolidées,"Services de radiodiffusion, de television et d'édition
",0.0
2016,Saskatchewan,Administrations publiques provinciales-territoriales et locales consolidées,"Loisirs, culture et religion non classés ailleurs",5.63386728897426e-05
2016,Alberta,Administrations publiques provinciales-territoriales et locales consolidées,Préservation de la diversité biologique et protection de la nature,7.81685490272901e-05
2016,Alberta,Administrations publiques provinciales-territoriales et locales consolidées,Services culturels,0.000103906973707
2016,Alberta,Administrations publiques provinciales-territoriales et locales consolidées,"Services de radiodiffusion, de television et d'édition
",9.53274988137684e-06
2016,Alberta,Administrations publiques provinciales-territoriales et locales consolidées,"Loisirs, culture et religion non classés ailleurs",7.17339428573607e-05
2016,Colombie-Britannique,Administrations publiques provinciales-territoriales et locales consolidées,Préservation de la diversité biologique et protection de la nature,6.7911714770798e-06
2016,Colombie-Britannique,Administrations publiques provinciales-territoriales et locales consolidées,Services culturels,6.89406801461131e-05
2016,Colombie-Britannique,Administrations publiques provinciales-territoriales et locales consolidées,"Services de radiodiffusion, de television et d'édition
",9.58995729793692e-05
2016,Colombie-Britannique,Administrations publiques provinciales-territoriales et locales consolidées,"Loisirs, culture et religion non classés ailleurs",9.63111591294953e-05
2016,Yukon,Administrations publiques provinciales-territoriales et locales consolidées,Préservation de la diversité biologique et protection de la nature,0.0010895789555607
2016,Yukon,Administrations publiques provinciales-territoriales et locales consolidées,Services culturels,0.0004929047656108
2016,Yukon,Administrations publiques provinciales-territoriales et locales consolidées,"Services de radiodiffusion, de television et d'édition
",0.0
2016,Yukon,Administrations publiques provinciales-territoriales et locales consolidées,"Loisirs, culture et religion non classés ailleurs",5.18847121695592e-05
2016,Territoires du Nord-Ouest,Administrations publiques provinciales-territoriales et locales consolidées,Préservation de la diversité biologique et protection de la nature,0.0002911599363927
2016,Territoires du Nord-Ouest,Administrations publiques provinciales-territoriales et locales consolidées,Services culturels,0.0002239691818405
2016,Territoires du Nord-Ouest,Administrations publiques provinciales-territoriales et locales consolidées,"Services de radiodiffusion, de television et d'édition
",2.23969181840579e-05
2016,Territoires du Nord-Ouest,Administrations publiques provinciales-territoriales et locales consolidées,"Loisirs, culture et religion non classés ailleurs",0.0002687630182086
2016,Nunavut,Administrations publiques provinciales-territoriales et locales consolidées,Préservation de la diversité biologique et protection de la nature,0.0001622718052738
2016,Nunavut,Administrations publiques provinciales-territoriales et locales consolidées,Services culturels,0.0005679513184584
2016,Nunavut,Administrations publiques provinciales-territoriales et locales consolidées,"Services de radiodiffusion, de television et d'édition
",0.0
2016,Nunavut,Administrations publiques provinciales-territoriales et locales consolidées,"Loisirs, culture et religion non classés ailleurs",0.0004056795131845
2017,Canada,Administration publique générale canadienne consolidée,Préservation de la diversité biologique et protection de la nature,5.05674665775862e-05
2017,Canada,Administration publique générale canadienne consolidée,Services culturels,0.0001721701838236
2017,Canada,Administration publique générale canadienne consolidée,"Services de radiodiffusion, de television et d'édition
",0.0001034881810586
2017,Canada,Administration publique générale canadienne consolidée,"Loisirs, culture et religion non classés ailleurs",5.07316466638771e-05
2017,Canada,Administrations publiques provinciales-territoriales et locales consolidées,Préservation de la diversité biologique et protection de la nature,4.12092016590069e-05
2017,Canada,Administrations publiques provinciales-territoriales et locales consolidées,Services culturels,0.0001078115899976
2017,Canada,Administrations publiques provinciales-territoriales et locales consolidées,"Services de radiodiffusion, de television et d'édition
",4.43833499939636e-05
2017,Canada,Administrations publiques provinciales-territoriales et locales consolidées,"Loisirs, culture et religion non classés ailleurs",4.90624824532533e-05
2017,Terre-Neuve-et-Labrador,Administrations publiques provinciales-territoriales et locales consolidées,Préservation de la diversité biologique et protection de la nature,1.32513265524402e-05
2017,Terre-Neuve-et-Labrador,Administrations publiques provinciales-territoriales et locales consolidées,Services culturels,9.27592858670816e-05
2017,Terre-Neuve-et-Labrador,Administrations publiques provinciales-territoriales et locales consolidées,"Services de radiodiffusion, de television et d'édition
",0.0
2017,Terre-Neuve-et-Labrador,Administrations publiques provinciales-territoriales et locales consolidées,"Loisirs, culture et religion non classés ailleurs",3.78609330069721e-05
2017,Île-du-Prince-Édouard,Administrations publiques provinciales-territoriales et locales consolidées,Préservation de la diversité biologique et protection de la nature,1.32976955093682e-05
2017,Île-du-Prince-Édouard,Administrations publiques provinciales-territoriales et locales consolidées,Services culturels,8.64350208108935e-05
2017,Île-du-Prince-Édouard,Administrations publiques provinciales-territoriales et locales consolidées,"Services de radiodiffusion, de television et d'édition
",0.0
2017,Île-du-Prince-Édouard,Administrations publiques provinciales-territoriales et locales consolidées,"Loisirs, culture et religion non classés ailleurs",6.64884775468411e-06
2017,Nouvelle-Écosse,Administrations publiques provinciales-territoriales et locales consolidées,Préservation de la diversité biologique et protection de la nature,2.21027504241623e-05
2017,Nouvelle-Écosse,Administrations publiques provinciales-territoriales et locales consolidées,Services culturels,9.78836090212902e-05
2017,Nouvelle-Écosse,Administrations publiques provinciales-territoriales et locales consolidées,"Services de radiodiffusion, de television et d'édition
",0.0
2017,Nouvelle-Écosse,Administrations publiques provinciales-territoriales et locales consolidées,"Loisirs, culture et religion non classés ailleurs",9.78836090212902e-05
2017,Nouveau-Brunswick,Administrations publiques provinciales-territoriales et locales consolidées,Préservation de la diversité biologique et protection de la nature,2.34796594405841e-05
2017,Nouveau-Brunswick,Administrations publiques provinciales-territoriales et locales consolidées,Services culturels,8.34832335665211e-05
2017,Nouveau-Brunswick,Administrations publiques provinciales-territoriales et locales consolidées,"Services de radiodiffusion, de television et d'édition
",0.0
2017,Nouveau-Brunswick,Administrations publiques provinciales-territoriales et locales consolidées,"Loisirs, culture et religion non classés ailleurs",0.0
2017,Québec,Administrations publiques provinciales-territoriales et locales consolidées,Préservation de la diversité biologique et protection de la nature,1.68632784405515e-05
2017,Québec,Administrations publiques provinciales-territoriales et locales consolidées,Services culturels,0.0001399652110565
2017,Québec,Administrations publiques provinciales-territoriales et locales consolidées,"Services de radiodiffusion, de television et d'édition
",8.31118723141465e-06
2017,Québec,Administrations publiques provinciales-territoriales et locales consolidées,"Loisirs, culture et religion non classés ailleurs",8.238916038098e-05
2017,Ontario,Administrations publiques provinciales-territoriales et locales consolidées,Préservation de la diversité biologique et protection de la nature,6.12644891049777e-05
2017,Ontario,Administrations publiques provinciales-territoriales et locales consolidées,Services culturels,9.95725629188791e-05
2017,Ontario,Administrations publiques provinciales-territoriales et locales consolidées,"Services de radiodiffusion, de television et d'édition
",5.5720834638402e-05
2017,Ontario,Administrations publiques provinciales-territoriales et locales consolidées,"Loisirs, culture et religion non classés ailleurs",9.52371408360442e-06
2017,Manitoba,Administrations publiques provinciales-territoriales et locales consolidées,Préservation de la diversité biologique et protection de la nature,2.54721716524697e-05
2017,Manitoba,Administrations publiques provinciales-territoriales et locales consolidées,Services culturels,0.0001191198615512
2017,Manitoba,Administrations publiques provinciales-territoriales et locales consolidées,"Services de radiodiffusion, de television et d'édition
",1.49836303838057e-05
2017,Manitoba,Administrations publiques provinciales-territoriales et locales consolidées,"Loisirs, culture et religion non classés ailleurs",6.74263367271256e-06
2017,Saskatchewan,Administrations publiques provinciales-territoriales et locales consolidées,Préservation de la diversité biologique et protection de la nature,1.73863001170967e-05
2017,Saskatchewan,Administrations publiques provinciales-territoriales et locales consolidées,Services culturels,0.0001034484856967
2017,Saskatchewan,Administrations publiques provinciales-territoriales et locales consolidées,"Services de radiodiffusion, de television et d'édition
",0.0
2017,Saskatchewan,Administrations publiques provinciales-territoriales et locales consolidées,"Loisirs, culture et religion non classés ailleurs",5.73747903864192e-05
2017,Alberta,Administrations publiques provinciales-territoriales et locales consolidées,Préservation de la diversité biologique et protection de la nature,7.00290019098819e-05
2017,Alberta,Administrations publiques provinciales-territoriales et locales consolidées,Services culturels,0.0001153002758718
2017,Alberta,Administrations publiques provinciales-territoriales et locales consolidées,"Services de radiodiffusion, de television et d'édition
",1.06104548348306e-05
2017,Alberta,Administrations publiques provinciales-territoriales et locales consolidées,"Loisirs, culture et religion non classés ailleurs",6.76711230576973e-05
2017,Colombie-Britannique,Administrations publiques provinciales-territoriales et locales consolidées,Préservation de la diversité biologique et protection de la nature,1.05489854310397e-05
2017,Colombie-Britannique,Administrations publiques provinciales-territoriales et locales consolidées,Services culturels,6.93798657195301e-05
2017,Colombie-Britannique,Administrations publiques provinciales-territoriales et locales consolidées,"Services de radiodiffusion, de television et d'édition
",0.0001422084382145
2017,Colombie-Britannique,Administrations publiques provinciales-territoriales et locales consolidées,"Loisirs, culture et religion non classés ailleurs",9.45351386704708e-05
2017,Yukon,Administrations publiques provinciales-territoriales et locales consolidées,Préservation de la diversité biologique et protection de la nature,0.0008583690987124
2017,Yukon,Administrations publiques provinciales-territoriales et locales consolidées,Services culturels,0.0003786922494319
2017,Yukon,Administrations publiques provinciales-territoriales et locales consolidées,"Services de radiodiffusion, de television et d'édition
",0.0
2017,Yukon,Administrations publiques provinciales-territoriales et locales consolidées,"Loisirs, culture et religion non classés ailleurs",5.04922999242616e-05
2017,Territoires du Nord-Ouest,Administrations publiques provinciales-territoriales et locales consolidées,Préservation de la diversité biologique et protection de la nature,0.0002895903410483
2017,Territoires du Nord-Ouest,Administrations publiques provinciales-territoriales et locales consolidées,Services culturels,0.0002004856207257
2017,Territoires du Nord-Ouest,Administrations publiques provinciales-territoriales et locales consolidées,"Services de radiodiffusion, de television et d'édition
",4.45523601612795e-05
2017,Territoires du Nord-Ouest,Administrations publiques provinciales-territoriales et locales consolidées,"Loisirs, culture et religion non classés ailleurs",0.0002895903410483
2017,Nunavut,Administrations publiques provinciales-territoriales et locales consolidées,Préservation de la diversité biologique et protection de la nature,0.0001598039737921
2017,Nunavut,Administrations publiques provinciales-territoriales et locales consolidées,Services culturels,0.0006658498908006
2017,Nunavut,Administrations publiques provinciales-territoriales et locales consolidées,"Services de radiodiffusion, de television et d'édition
",0.0
2017,Nunavut,Administrations publiques provinciales-territoriales et locales consolidées,"Loisirs, culture et religion non classés ailleurs",0.0004794119213764
2018,Canada,Administration publique générale canadienne consolidée,Préservation de la diversité biologique et protection de la nature,4.57573494235168e-05
2018,Canada,Administration publique générale canadienne consolidée,Services culturels,0.0001703490001533
2018,Canada,Administration publique générale canadienne consolidée,"Services de radiodiffusion, de television et d'édition
",0.0001068930533113
2018,Canada,Administration publique générale canadienne consolidée,"Loisirs, culture et religion non classés ailleurs",5.06136718859183e-05
2018,Canada,Administrations publiques provinciales-territoriales et locales consolidées,Préservation de la diversité biologique et protection de la nature,3.66112754526605e-05
2018,Canada,Administrations publiques provinciales-territoriales et locales consolidées,Services culturels,0.0001089165210039
2018,Canada,Administrations publiques provinciales-territoriales et locales consolidées,"Services de radiodiffusion, de television et d'édition
",4.9642407393438e-05
2018,Canada,Administrations publiques provinciales-territoriales et locales consolidées,"Loisirs, culture et religion non classés ailleurs",4.87251020394288e-05
2018,Terre-Neuve-et-Labrador,Administrations publiques provinciales-territoriales et locales consolidées,Préservation de la diversité biologique et protection de la nature,1.14163939417003e-05
2018,Terre-Neuve-et-Labrador,Administrations publiques provinciales-territoriales et locales consolidées,Services culturels,8.56229545627521e-05
2018,Terre-Neuve-et-Labrador,Administrations publiques provinciales-territoriales et locales consolidées,"Services de radiodiffusion, de television et d'édition
",0.0
2018,Terre-Neuve-et-Labrador,Administrations publiques provinciales-territoriales et locales consolidées,"Loisirs, culture et religion non classés ailleurs",3.9957378795951e-05
2018,Île-du-Prince-Édouard,Administrations publiques provinciales-territoriales et locales consolidées,Préservation de la diversité biologique et protection de la nature,1.30381496258051e-05
2018,Île-du-Prince-Édouard,Administrations publiques provinciales-territoriales et locales consolidées,Services culturels,9.12670473806357e-05
2018,Île-du-Prince-Édouard,Administrations publiques provinciales-territoriales et locales consolidées,"Services de radiodiffusion, de television et d'édition
",0.0
2018,Île-du-Prince-Édouard,Administrations publiques provinciales-territoriales et locales consolidées,"Loisirs, culture et religion non classés ailleurs",6.51907481290255e-06
2018,Nouvelle-Écosse,Administrations publiques provinciales-territoriales et locales consolidées,Préservation de la diversité biologique et protection de la nature,3.75623691838323e-05
2018,Nouvelle-Écosse,Administrations publiques provinciales-territoriales et locales consolidées,Services culturels,6.05171503517298e-05
2018,Nouvelle-Écosse,Administrations publiques provinciales-territoriales et locales consolidées,"Services de radiodiffusion, de television et d'édition
",0.0
2018,Nouvelle-Écosse,Administrations publiques provinciales-territoriales et locales consolidées,"Loisirs, culture et religion non classés ailleurs",0.0001053833135435
2018,Nouveau-Brunswick,Administrations publiques provinciales-territoriales et locales consolidées,Préservation de la diversité biologique et protection de la nature,2.46656826357489e-05
2018,Nouveau-Brunswick,Administrations publiques provinciales-territoriales et locales consolidées,Services culturels,8.43825984907199e-05
2018,Nouveau-Brunswick,Administrations publiques provinciales-territoriales et locales consolidées,"Services de radiodiffusion, de television et d'édition
",0.0
2018,Nouveau-Brunswick,Administrations publiques provinciales-territoriales et locales consolidées,"Loisirs, culture et religion non classés ailleurs",5.19277529173661e-06
2018,Québec,Administrations publiques provinciales-territoriales et locales consolidées,Préservation de la diversité biologique et protection de la nature,6.5462645943018e-06
2018,Québec,Administrations publiques provinciales-territoriales et locales consolidées,Services culturels,0.0001496119017279
2018,Québec,Administrations publiques provinciales-territoriales et locales consolidées,"Services de radiodiffusion, de television et d'édition
",8.80770145415151e-06
2018,Québec,Administrations publiques provinciales-territoriales et locales consolidées,"Loisirs, culture et religion non classés ailleurs",8.02214970283529e-05
2018,Ontario,Administrations publiques provinciales-territoriales et locales consolidées,Préservation de la diversité biologique et protection de la nature,5.60498275978588e-05
2018,Ontario,Administrations publiques provinciales-territoriales et locales consolidées,Services culturels,9.94500058251286e-05
2018,Ontario,Administrations publiques provinciales-territoriales et locales consolidées,"Services de radiodiffusion, de television et d'édition
",5.29747747121908e-05
2018,Ontario,Administrations publiques provinciales-territoriales et locales consolidées,"Loisirs, culture et religion non classés ailleurs",9.85414674725448e-06
2018,Manitoba,Administrations publiques provinciales-territoriales et locales consolidées,Préservation de la diversité biologique et protection de la nature,2.51325929074344e-05
2018,Manitoba,Administrations publiques provinciales-territoriales et locales consolidées,Services culturels,0.0001204886071738
2018,Manitoba,Administrations publiques provinciales-territoriales et locales consolidées,"Services de radiodiffusion, de television et d'édition
",1.47838781808438e-05
2018,Manitoba,Administrations publiques provinciales-territoriales et locales consolidées,"Loisirs, culture et religion non classés ailleurs",5.17435736329533e-06
2018,Saskatchewan,Administrations publiques provinciales-territoriales et locales consolidées,Préservation de la diversité biologique et protection de la nature,1.8936671466826e-05
2018,Saskatchewan,Administrations publiques provinciales-territoriales et locales consolidées,Services culturels,0.0001187845755646
2018,Saskatchewan,Administrations publiques provinciales-territoriales et locales consolidées,"Services de radiodiffusion, de television et d'édition
",0.0
2018,Saskatchewan,Administrations publiques provinciales-territoriales et locales consolidées,"Loisirs, culture et religion non classés ailleurs",4.13163741094385e-05
2018,Alberta,Administrations publiques provinciales-territoriales et locales consolidées,Préservation de la diversité biologique et protection de la nature,6.86321838411921e-05
2018,Alberta,Administrations publiques provinciales-territoriales et locales consolidées,Services culturels,0.0001193502044424
2018,Alberta,Administrations publiques provinciales-territoriales et locales consolidées,"Services de radiodiffusion, de television et d'édition
",6.28158970749894e-06
2018,Alberta,Administrations publiques provinciales-territoriales et locales consolidées,"Loisirs, culture et religion non classés ailleurs",6.49097603108224e-05
2018,Colombie-Britannique,Administrations publiques provinciales-territoriales et locales consolidées,Préservation de la diversité biologique et protection de la nature,9.18076446229859e-06
2018,Colombie-Britannique,Administrations publiques provinciales-territoriales et locales consolidées,Services culturels,6.16707873663101e-05
2018,Colombie-Britannique,Administrations publiques provinciales-territoriales et locales consolidées,"Services de radiodiffusion, de television et d'édition
",0.0001913989808553
2018,Colombie-Britannique,Administrations publiques provinciales-territoriales et locales consolidées,"Loisirs, culture et religion non classés ailleurs",9.89925907239152e-05
2018,Yukon,Administrations publiques provinciales-territoriales et locales consolidées,Préservation de la diversité biologique et protection de la nature,0.0004935955971272
2018,Yukon,Administrations publiques provinciales-territoriales et locales consolidées,Services culturels,0.0003948764777018
2018,Yukon,Administrations publiques provinciales-territoriales et locales consolidées,"Services de radiodiffusion, de television et d'édition
",0.0
2018,Yukon,Administrations publiques provinciales-territoriales et locales consolidées,"Loisirs, culture et religion non classés ailleurs",4.93595597127274e-05
2018,Territoires du Nord-Ouest,Administrations publiques provinciales-territoriales et locales consolidées,Préservation de la diversité biologique et protection de la nature,0.0003112425246215
2018,Territoires du Nord-Ouest,Administrations publiques provinciales-territoriales et locales consolidées,Services culturels,0.0002223160890153
2018,Territoires du Nord-Ouest,Administrations publiques provinciales-territoriales et locales consolidées,"Services de radiodiffusion, de television et d'édition
",4.44632178030724e-05
2018,Territoires du Nord-Ouest,Administrations publiques provinciales-territoriales et locales consolidées,"Loisirs, culture et religion non classés ailleurs",0.0003112425246215
2018,Nunavut,Administrations publiques provinciales-territoriales et locales consolidées,Préservation de la diversité biologique et protection de la nature,0.0001573027816375
2018,Nunavut,Administrations publiques provinciales-territoriales et locales consolidées,Services culturels,0.0007078625173688
2018,Nunavut,Administrations publiques provinciales-territoriales et locales consolidées,"Services de radiodiffusion, de television et d'édition
",0.0
2018,Nunavut,Administrations publiques provinciales-territoriales et locales consolidées,"Loisirs, culture et religion non classés ailleurs",0.0004719083449125
2019,Canada,Administration publique générale canadienne consolidée,Préservation de la diversité biologique et protection de la nature,5.85619140650452e-05
2019,Canada,Administration publique générale canadienne consolidée,Services culturels,0.0001781058757918
2019,Canada,Administration publique générale canadienne consolidée,"Services de radiodiffusion, de television et d'édition
",0.0001048369960238
2019,Canada,Administration publique générale canadienne consolidée,"Loisirs, culture et religion non classés ailleurs",5.23121185131444e-05
2019,Canada,Administrations publiques provinciales-territoriales et locales consolidées,Préservation de la diversité biologique et protection de la nature,4.43070612317735e-05
2019,Canada,Administrations publiques provinciales-territoriales et locales consolidées,Services culturels,0.0001122835609367
2019,Canada,Administrations publiques provinciales-territoriales et locales consolidées,"Services de radiodiffusion, de television et d'édition
",4.8056938562914e-05
2019,Canada,Administrations publiques provinciales-territoriales et locales consolidées,"Loisirs, culture et religion non classés ailleurs",5.03175029114739e-05
2019,Terre-Neuve-et-Labrador,Administrations publiques provinciales-territoriales et locales consolidées,Préservation de la diversité biologique et protection de la nature,1.33734025948222e-05
2019,Terre-Neuve-et-Labrador,Administrations publiques provinciales-territoriales et locales consolidées,Services culturels,7.06879851440602e-05
2019,Terre-Neuve-et-Labrador,Administrations publiques provinciales-territoriales et locales consolidées,"Services de radiodiffusion, de television et d'édition
",0.0
2019,Terre-Neuve-et-Labrador,Administrations publiques provinciales-territoriales et locales consolidées,"Loisirs, culture et religion non classés ailleurs",4.20306938694412e-05
2019,Île-du-Prince-Édouard,Administrations publiques provinciales-territoriales et locales consolidées,Préservation de la diversité biologique et protection de la nature,1.27049466709863e-05
2019,Île-du-Prince-Édouard,Administrations publiques provinciales-territoriales et locales consolidées,Services culturels,6.98772066904249e-05
2019,Île-du-Prince-Édouard,Administrations publiques provinciales-territoriales et locales consolidées,"Services de radiodiffusion, de television et d'édition
",0.0
2019,Île-du-Prince-Édouard,Administrations publiques provinciales-territoriales et locales consolidées,"Loisirs, culture et religion non classés ailleurs",6.35247333549317e-06
2019,Nouvelle-Écosse,Administrations publiques provinciales-territoriales et locales consolidées,Préservation de la diversité biologique et protection de la nature,3.09200890910834e-05
2019,Nouvelle-Écosse,Administrations publiques provinciales-territoriales et locales consolidées,Services culturels,2.88587498183445e-05
2019,Nouvelle-Écosse,Administrations publiques provinciales-territoriales et locales consolidées,"Services de radiodiffusion, de television et d'édition
",0.0
2019,Nouvelle-Écosse,Administrations publiques provinciales-territoriales et locales consolidées,"Loisirs, culture et religion non classés ailleurs",0.000106158972546
2019,Nouveau-Brunswick,Administrations publiques provinciales-territoriales et locales consolidées,Préservation de la diversité biologique et protection de la nature,2.31622075127907e-05
2019,Nouveau-Brunswick,Administrations publiques provinciales-territoriales et locales consolidées,Services culturels,8.23545156010336e-05
2019,Nouveau-Brunswick,Administrations publiques provinciales-territoriales et locales consolidées,"Services de radiodiffusion, de television et d'édition
",0.0
2019,Nouveau-Brunswick,Administrations publiques provinciales-territoriales et locales consolidées,"Loisirs, culture et religion non classés ailleurs",1.28678930626615e-05
2019,Québec,Administrations publiques provinciales-territoriales et locales consolidées,Préservation de la diversité biologique et protection de la nature,1.24654803214165e-05
2019,Québec,Administrations publiques provinciales-territoriales et locales consolidées,Services culturels,0.0001574648882111
2019,Québec,Administrations publiques provinciales-territoriales et locales consolidées,"Services de radiodiffusion, de television et d'édition
",8.93751419271374e-06
2019,Québec,Administrations publiques provinciales-territoriales et locales consolidées,"Loisirs, culture et religion non classés ailleurs",8.10256220892074e-05
2019,Ontario,Administrations publiques provinciales-territoriales et locales consolidées,Préservation de la diversité biologique et protection de la nature,5.80967597752611e-05
2019,Ontario,Administrations publiques provinciales-territoriales et locales consolidées,Services culturels,0.0001015490108734
2019,Ontario,Administrations publiques provinciales-territoriales et locales consolidées,"Services de radiodiffusion, de television et d'édition
",5.88530489557675e-05
2019,Ontario,Administrations publiques provinciales-territoriales et locales consolidées,"Loisirs, culture et religion non classés ailleurs",9.41923797539736e-06
2019,Manitoba,Administrations publiques provinciales-territoriales et locales consolidées,Préservation de la diversité biologique et protection de la nature,2.55483030817093e-05
2019,Manitoba,Administrations publiques provinciales-territoriales et locales consolidées,Services culturels,0.0001569395760733
2019,Manitoba,Administrations publiques provinciales-territoriales et locales consolidées,"Services de radiodiffusion, de television et d'édition
",4.08772849307349e-05
2019,Manitoba,Administrations publiques provinciales-territoriales et locales consolidées,"Loisirs, culture et religion non classés ailleurs",5.83961213296213e-06
2019,Saskatchewan,Administrations publiques provinciales-territoriales et locales consolidées,Préservation de la diversité biologique et protection de la nature,1.96165560321336e-05
2019,Saskatchewan,Administrations publiques provinciales-territoriales et locales consolidées,Services culturels,0.0001364629984844
2019,Saskatchewan,Administrations publiques provinciales-territoriales et locales consolidées,"Services de radiodiffusion, de television et d'édition
",0.0
2019,Saskatchewan,Administrations publiques provinciales-territoriales et locales consolidées,"Loisirs, culture et religion non classés ailleurs",5.2879411912708e-05
2019,Alberta,Administrations publiques provinciales-territoriales et locales consolidées,Préservation de la diversité biologique et protection de la nature,0.0001143819614833
2019,Alberta,Administrations publiques provinciales-territoriales et locales consolidées,Services culturels,0.0001148404062187
2019,Alberta,Administrations publiques provinciales-territoriales et locales consolidées,"Services de radiodiffusion, de television et d'édition
",2.97989078012624e-06
2019,Alberta,Administrations publiques provinciales-territoriales et locales consolidées,"Loisirs, culture et religion non classés ailleurs",6.76205984720954e-05
2019,Colombie-Britannique,Administrations publiques provinciales-territoriales et locales consolidées,Préservation de la diversité biologique et protection de la nature,9.02882078104796e-06
2019,Colombie-Britannique,Administrations publiques provinciales-territoriales et locales consolidées,Services culturels,6.63422048694393e-05
2019,Colombie-Britannique,Administrations publiques provinciales-territoriales et locales consolidées,"Services de radiodiffusion, de television et d'édition
",0.0001578080849557
2019,Colombie-Britannique,Administrations publiques provinciales-territoriales et locales consolidées,"Loisirs, culture et religion non classés ailleurs",0.0001040277176946
2019,Yukon,Administrations publiques provinciales-territoriales et locales consolidées,Préservation de la diversité biologique et protection de la nature,0.0007011266379768
2019,Yukon,Administrations publiques provinciales-territoriales et locales consolidées,Services culturels,0.0004110052705381
2019,Yukon,Administrations publiques provinciales-territoriales et locales consolidées,"Services de radiodiffusion, de television et d'édition
",0.0
2019,Yukon,Administrations publiques provinciales-territoriales et locales consolidées,"Loisirs, culture et religion non classés ailleurs",4.83535612397853e-05
2019,Territoires du Nord-Ouest,Administrations publiques provinciales-territoriales et locales consolidées,Préservation de la diversité biologique et protection de la nature,0.0003771910361659
2019,Territoires du Nord-Ouest,Administrations publiques provinciales-territoriales et locales consolidées,Services culturels,0.0002218770800976
2019,Territoires du Nord-Ouest,Administrations publiques provinciales-territoriales et locales consolidées,"Services de radiodiffusion, de television et d'édition
",4.43754160195252e-05
2019,Territoires du Nord-Ouest,Administrations publiques provinciales-territoriales et locales consolidées,"Loisirs, culture et religion non classés ailleurs",0.0003328156201464
2019,Nunavut,Administrations publiques provinciales-territoriales et locales consolidées,Préservation de la diversité biologique et protection de la nature,0.0001813847429519
2019,Nunavut,Administrations publiques provinciales-territoriales et locales consolidées,Services culturels,0.0006218905472636
2019,Nunavut,Administrations publiques provinciales-territoriales et locales consolidées,"Services de radiodiffusion, de television et d'édition
",0.0
2019,Nunavut,Administrations publiques provinciales-territoriales et locales consolidées,"Loisirs, culture et religion non classés ailleurs",0.0005182421227197
2020,Canada,Administration publique générale canadienne consolidée,Préservation de la diversité biologique et protection de la nature,4.98853295191754e-05
2020,Canada,Administration publique générale canadienne consolidée,Services culturels,0.0001879119321866
2020,Canada,Administration publique générale canadienne consolidée,"Services de radiodiffusion, de television et d'édition
",0.0001066377850955
2020,Canada,Administration publique générale canadienne consolidée,"Loisirs, culture et religion non classés ailleurs",5.68313880598201e-05
2020,Canada,Administrations publiques provinciales-territoriales et locales consolidées,Préservation de la diversité biologique et protection de la nature,3.30727105514786e-05
2020,Canada,Administrations publiques provinciales-territoriales et locales consolidées,Services culturels,0.0001226084575735
2020,Canada,Administrations publiques provinciales-territoriales et locales consolidées,"Services de radiodiffusion, de television et d'édition
",4.78330849503486e-05
2020,Canada,Administrations publiques provinciales-territoriales et locales consolidées,"Loisirs, culture et religion non classés ailleurs",5.46739001797714e-05
2020,Terre-Neuve-et-Labrador,Administrations publiques provinciales-territoriales et locales consolidées,Préservation de la diversité biologique et protection de la nature,1.34264489536001e-05
2020,Terre-Neuve-et-Labrador,Administrations publiques provinciales-territoriales et locales consolidées,Services culturels,7.67225654491435e-05
2020,Terre-Neuve-et-Labrador,Administrations publiques provinciales-territoriales et locales consolidées,"Services de radiodiffusion, de television et d'édition
",0.0
2020,Terre-Neuve-et-Labrador,Administrations publiques provinciales-territoriales et locales consolidées,"Loisirs, culture et religion non classés ailleurs",4.21974109970289e-05
2020,Île-du-Prince-Édouard,Administrations publiques provinciales-territoriales et locales consolidées,Préservation de la diversité biologique et protection de la nature,1.23988717026751e-05
2020,Île-du-Prince-Édouard,Administrations publiques provinciales-territoriales et locales consolidées,Services culturels,6.19943585133753e-05
2020,Île-du-Prince-Édouard,Administrations publiques provinciales-territoriales et locales consolidées,"Services de radiodiffusion, de television et d'édition
",0.0
2020,Île-du-Prince-Édouard,Administrations publiques provinciales-territoriales et locales consolidées,"Loisirs, culture et religion non classés ailleurs",6.19943585133753e-06
2020,Nouvelle-Écosse,Administrations publiques provinciales-territoriales et locales consolidées,Préservation de la diversité biologique et protection de la nature,3.5652766501883e-05
2020,Nouvelle-Écosse,Administrations publiques provinciales-territoriales et locales consolidées,Services culturels,6.62122806463541e-05
2020,Nouvelle-Écosse,Administrations publiques provinciales-territoriales et locales consolidées,"Services de radiodiffusion, de television et d'édition
",0.0
2020,Nouvelle-Écosse,Administrations publiques provinciales-territoriales et locales consolidées,"Loisirs, culture et religion non classés ailleurs",0.0001161261537489
2020,Nouveau-Brunswick,Administrations publiques provinciales-territoriales et locales consolidées,Préservation de la diversité biologique et protection de la nature,2.0434331720724e-05
2020,Nouveau-Brunswick,Administrations publiques provinciales-territoriales et locales consolidées,Services culturels,8.04601811503507e-05
2020,Nouveau-Brunswick,Administrations publiques provinciales-territoriales et locales consolidées,"Services de radiodiffusion, de television et d'édition
",0.0
2020,Nouveau-Brunswick,Administrations publiques provinciales-territoriales et locales consolidées,"Loisirs, culture et religion non classés ailleurs",2.80972061159955e-05
2020,Québec,Administrations publiques provinciales-territoriales et locales consolidées,Préservation de la diversité biologique et protection de la nature,1.9121807663764e-05
2020,Québec,Administrations publiques provinciales-territoriales et locales consolidées,Services culturels,0.0002252642219901
2020,Québec,Administrations publiques provinciales-territoriales et locales consolidées,"Services de radiodiffusion, de television et d'édition
",6.1796085742652e-06
2020,Québec,Administrations publiques provinciales-territoriales et locales consolidées,"Loisirs, culture et religion non classés ailleurs",7.84693692543486e-05
2020,Ontario,Administrations publiques provinciales-territoriales et locales consolidées,Préservation de la diversité biologique et protection de la nature,5.43935083079463e-05
2020,Ontario,Administrations publiques provinciales-territoriales et locales consolidées,Services culturels,9.06558471799105e-05
2020,Ontario,Administrations publiques provinciales-territoriales et locales consolidées,"Services de radiodiffusion, de television et d'édition
",4.75349011430242e-05
2020,Ontario,Administrations publiques provinciales-territoriales et locales consolidées,"Loisirs, culture et religion non classés ailleurs",2.29525665519174e-05
2020,Manitoba,Administrations publiques provinciales-territoriales et locales consolidées,Préservation de la diversité biologique et protection de la nature,4.78299688090628e-05
2020,Manitoba,Administrations publiques provinciales-territoriales et locales consolidées,Services culturels,0.0001565344433751
2020,Manitoba,Administrations publiques provinciales-territoriales et locales consolidées,"Services de radiodiffusion, de television et d'édition
",3.69595213524576e-05
2020,Manitoba,Administrations publiques provinciales-territoriales et locales consolidées,"Loisirs, culture et religion non classés ailleurs",5.79757197685609e-06
2020,Saskatchewan,Administrations publiques provinciales-territoriales et locales consolidées,Préservation de la diversité biologique et protection de la nature,1.86683207930303e-05
2020,Saskatchewan,Administrations publiques provinciales-territoriales et locales consolidées,Services culturels,0.0001315268055872
2020,Saskatchewan,Administrations publiques provinciales-territoriales et locales consolidées,"Services de radiodiffusion, de television et d'édition
",0.0
2020,Saskatchewan,Administrations publiques provinciales-territoriales et locales consolidées,"Loisirs, culture et religion non classés ailleurs",4.83679220546693e-05
2020,Alberta,Administrations publiques provinciales-territoriales et locales consolidées,Préservation de la diversité biologique et protection de la nature,7.01884355722237e-06
2020,Alberta,Administrations publiques provinciales-territoriales et locales consolidées,Services culturels,0.0001039241675085
2020,Alberta,Administrations publiques provinciales-territoriales et locales consolidées,"Services de radiodiffusion, de television et d'édition
",2.26414308297496e-06
2020,Alberta,Administrations publiques provinciales-territoriales et locales consolidées,"Loisirs, culture et religion non classés ailleurs",6.56601494062738e-05
2020,Colombie-Britannique,Administrations publiques provinciales-territoriales et locales consolidées,Préservation de la diversité biologique et protection de la nature,1.12501321405607e-05
2020,Colombie-Britannique,Administrations publiques provinciales-territoriales et locales consolidées,Services culturels,6.45912759104606e-05
2020,Colombie-Britannique,Administrations publiques provinciales-territoriales et locales consolidées,"Services de radiodiffusion, de television et d'édition
",0.0001945496989134
2020,Colombie-Britannique,Administrations publiques provinciales-territoriales et locales consolidées,"Loisirs, culture et religion non classés ailleurs",0.0001006692858784
2020,Yukon,Administrations publiques provinciales-territoriales et locales consolidées,Préservation de la diversité biologique et protection de la nature,0.0007589592770912
2020,Yukon,Administrations publiques provinciales-territoriales et locales consolidées,Services culturels,0.0003557621611365
2020,Yukon,Administrations publiques provinciales-territoriales et locales consolidées,"Services de radiodiffusion, de television et d'édition
",0.0
2020,Yukon,Administrations publiques provinciales-territoriales et locales consolidées,"Loisirs, culture et religion non classés ailleurs",4.74349548182055e-05
2020,Territoires du Nord-Ouest,Administrations publiques provinciales-territoriales et locales consolidées,Préservation de la diversité biologique et protection de la nature,0.0003528425881003
2020,Territoires du Nord-Ouest,Administrations publiques provinciales-territoriales et locales consolidées,Services culturels,0.0002205266175627
2020,Territoires du Nord-Ouest,Administrations publiques provinciales-territoriales et locales consolidées,"Services de radiodiffusion, de television et d'édition
",4.4105323512548e-05
2020,Territoires du Nord-Ouest,Administrations publiques provinciales-territoriales et locales consolidées,"Loisirs, culture et religion non classés ailleurs",0.0003307899263441
2020,Nunavut,Administrations publiques provinciales-territoriales et locales consolidées,Préservation de la diversité biologique et protection de la nature,0.0001532293076589
2020,Nunavut,Administrations publiques provinciales-territoriales et locales consolidées,Services culturels,0.0006384554485787
2020,Nunavut,Administrations publiques provinciales-territoriales et locales consolidées,"Services de radiodiffusion, de television et d'édition
",0.0
2020,Nunavut,Administrations publiques provinciales-territoriales et locales consolidées,"Loisirs, culture et religion non classés ailleurs",0.0004341497050335
2021,Canada,Administration publique générale canadienne consolidée,Préservation de la diversité biologique et protection de la nature,5.19273306176255e-05
2021,Canada,Administration publique générale canadienne consolidée,Services culturels,0.0001861012745661
2021,Canada,Administration publique générale canadienne consolidée,"Services de radiodiffusion, de television et d'édition
",0.0001062875286143
2021,Canada,Administration publique générale canadienne consolidée,"Loisirs, culture et religion non classés ailleurs",5.65053068685497e-05
2021,Canada,Administrations publiques provinciales-territoriales et locales consolidées,Préservation de la diversité biologique et protection de la nature,3.46879800498597e-05
2021,Canada,Administrations publiques provinciales-territoriales et locales consolidées,Services culturels,0.0001194459403526
2021,Canada,Administrations publiques provinciales-territoriales et locales consolidées,"Services de radiodiffusion, de television et d'édition
",4.77679121953573e-05
2021,Canada,Administrations publiques provinciales-territoriales et locales consolidées,"Loisirs, culture et religion non classés ailleurs",5.4517157182434e-05
2021,Terre-Neuve-et-Labrador,Administrations publiques provinciales-territoriales et locales consolidées,Préservation de la diversité biologique et protection de la nature,1.34498474403019e-05
2021,Terre-Neuve-et-Labrador,Administrations publiques provinciales-territoriales et locales consolidées,Services culturels,7.87776778646254e-05
2021,Terre-Neuve-et-Labrador,Administrations publiques provinciales-territoriales et locales consolidées,"Services de radiodiffusion, de television et d'édition
",0.0
2021,Terre-Neuve-et-Labrador,Administrations publiques provinciales-territoriales et locales consolidées,"Loisirs, culture et religion non classés ailleurs",4.41923558752776e-05
2021,Île-du-Prince-Édouard,Administrations publiques provinciales-territoriales et locales consolidées,Préservation de la diversité biologique et protection de la nature,1.21390160113621e-05
2021,Île-du-Prince-Édouard,Administrations publiques provinciales-territoriales et locales consolidées,Services culturels,6.67645880624917e-05
2021,Île-du-Prince-Édouard,Administrations publiques provinciales-territoriales et locales consolidées,"Services de radiodiffusion, de television et d'édition
",0.0
2021,Île-du-Prince-Édouard,Administrations publiques provinciales-territoriales et locales consolidées,"Loisirs, culture et religion non classés ailleurs",6.06950800568106e-06
2021,Nouvelle-Écosse,Administrations publiques provinciales-territoriales et locales consolidées,Préservation de la diversité biologique et protection de la nature,3.5313691521788e-05
2021,Nouvelle-Écosse,Administrations publiques provinciales-territoriales et locales consolidées,Services culturels,7.16363456584843e-05
2021,Nouvelle-Écosse,Administrations publiques provinciales-territoriales et locales consolidées,"Services de radiodiffusion, de television et d'édition
",0.0
2021,Nouvelle-Écosse,Administrations publiques provinciales-territoriales et locales consolidées,"Loisirs, culture et religion non classés ailleurs",0.0001170396633293
2021,Nouveau-Brunswick,Administrations publiques provinciales-territoriales et locales consolidées,Préservation de la diversité biologique et protection de la nature,1.6447410038993e-05
2021,Nouveau-Brunswick,Administrations publiques provinciales-territoriales et locales consolidées,Services culturels,6.95851963188166e-05
2021,Nouveau-Brunswick,Administrations publiques provinciales-territoriales et locales consolidées,"Services de radiodiffusion, de television et d'édition
",0.0
2021,Nouveau-Brunswick,Administrations publiques provinciales-territoriales et locales consolidées,"Loisirs, culture et religion non classés ailleurs",3.41600054656009e-05
2021,Québec,Administrations publiques provinciales-territoriales et locales consolidées,Préservation de la diversité biologique et protection de la nature,1.92970861981078e-05
2021,Québec,Administrations publiques provinciales-territoriales et locales consolidées,Services culturels,0.0002091292654843
2021,Québec,Administrations publiques provinciales-territoriales et locales consolidées,"Services de radiodiffusion, de television et d'édition
",1.0346028142359e-05
2021,Québec,Administrations publiques provinciales-territoriales et locales consolidées,"Loisirs, culture et religion non classés ailleurs",7.32359295470358e-05
2021,Ontario,Administrations publiques provinciales-territoriales et locales consolidées,Préservation de la diversité biologique et protection de la nature,5.9219716424666e-05
2021,Ontario,Administrations publiques provinciales-territoriales et locales consolidées,Services culturels,9.60210225266534e-05
2021,Ontario,Administrations publiques provinciales-territoriales et locales consolidées,"Services de radiodiffusion, de television et d'édition
",6.21908310457439e-05
2021,Ontario,Administrations publiques provinciales-territoriales et locales consolidées,"Loisirs, culture et religion non classés ailleurs",2.28235623164619e-05
2021,Manitoba,Administrations publiques provinciales-territoriales et locales consolidées,Préservation de la diversité biologique et protection de la nature,3.23280739149082e-05
2021,Manitoba,Administrations publiques provinciales-territoriales et locales consolidées,Services culturels,0.0001257202874468
2021,Manitoba,Administrations publiques provinciales-territoriales et locales consolidées,"Services de radiodiffusion, de television et d'édition
",3.37648772000152e-05
2021,Manitoba,Administrations publiques provinciales-territoriales et locales consolidées,"Loisirs, culture et religion non classés ailleurs",6.46561478298164e-06
2021,Saskatchewan,Administrations publiques provinciales-territoriales et locales consolidées,Préservation de la diversité biologique et protection de la nature,1.94668948525298e-05
2021,Saskatchewan,Administrations publiques provinciales-territoriales et locales consolidées,Services culturels,0.0001311899435713
2021,Saskatchewan,Administrations publiques provinciales-territoriales et locales consolidées,"Services de radiodiffusion, de television et d'édition
",0.0
2021,Saskatchewan,Administrations publiques provinciales-territoriales et locales consolidées,"Loisirs, culture et religion non classés ailleurs",5.24759774285586e-05
2021,Alberta,Administrations publiques provinciales-territoriales et locales consolidées,Préservation de la diversité biologique et protection de la nature,8.32625788941064e-06
2021,Alberta,Administrations publiques provinciales-territoriales et locales consolidées,Services culturels,9.76647547028167e-05
2021,Alberta,Administrations publiques provinciales-territoriales et locales consolidées,"Services de radiodiffusion, de television et d'édition
",2.25033997011098e-06
2021,Alberta,Administrations publiques provinciales-territoriales et locales consolidées,"Loisirs, culture et religion non classés ailleurs",7.06606750614849e-05
2021,Colombie-Britannique,Administrations publiques provinciales-territoriales et locales consolidées,Préservation de la diversité biologique et protection de la nature,1.24942862667803e-05
2021,Colombie-Britannique,Administrations publiques provinciales-territoriales et locales consolidées,Services culturels,6.7276926051894e-05
2021,Colombie-Britannique,Administrations publiques provinciales-territoriales et locales consolidées,"Services de radiodiffusion, de television et d'édition
",0.000145318160272
2021,Colombie-Britannique,Administrations publiques provinciales-territoriales et locales consolidées,"Loisirs, culture et religion non classés ailleurs",0.0001016842682327
2021,Yukon,Administrations publiques provinciales-territoriales et locales consolidées,Préservation de la diversité biologique et protection de la nature,0.0007398843930635
2021,Yukon,Administrations publiques provinciales-territoriales et locales consolidées,Services culturels,0.0003468208092485
2021,Yukon,Administrations publiques provinciales-territoriales et locales consolidées,"Services de radiodiffusion, de television et d'édition
",0.0
2021,Yukon,Administrations publiques provinciales-territoriales et locales consolidées,"Loisirs, culture et religion non classés ailleurs",9.2485549132948e-05
2021,Territoires du Nord-Ouest,Administrations publiques provinciales-territoriales et locales consolidées,Préservation de la diversité biologique et protection de la nature,0.000372831545935
2021,Territoires du Nord-Ouest,Administrations publiques provinciales-territoriales et locales consolidées,Services culturels,0.0002851064763032
2021,Territoires du Nord-Ouest,Administrations publiques provinciales-territoriales et locales consolidées,"Services de radiodiffusion, de television et d'édition
",4.3862534815887e-05
2021,Territoires du Nord-Ouest,Administrations publiques provinciales-territoriales et locales consolidées,"Loisirs, culture et religion non classés ailleurs",0.0003070377437112
2021,Nunavut,Administrations publiques provinciales-territoriales et locales consolidées,Préservation de la diversité biologique et protection de la nature,0.0001762735765908
2021,Nunavut,Administrations publiques provinciales-territoriales et locales consolidées,Services culturels,0.0006295484878245
2021,Nunavut,Administrations publiques provinciales-territoriales et locales consolidées,"Services de radiodiffusion, de television et d'édition
",0.0
2021,Nunavut,Administrations publiques provinciales-territoriales et locales consolidées,"Loisirs, culture et religion non classés ailleurs",0.0004280929717206
2015,Alberta,Administrations publiques provinciales-territoriales et locales consolidées,Ensemble du patrimoine culturel et naturel,
2015,Colombie-Britannique,Administrations publiques provinciales-territoriales et locales consolidées,Ensemble du patrimoine culturel et naturel,
2015,Canada,Administration publique générale canadienne consolidée,Ensemble du patrimoine culturel et naturel,
2015,Canada,Administrations publiques provinciales-territoriales et locales consolidées,Ensemble du patrimoine culturel et naturel,
2015,Manitoba,Administrations publiques provinciales-territoriales et locales consolidées,Ensemble du patrimoine culturel et naturel,
2015,Nouveau-Brunswick,Administrations publiques provinciales-territoriales et locales consolidées,Ensemble du patrimoine culturel et naturel,
2015,Terre-Neuve-et-Labrador,Administrations publiques provinciales-territoriales et locales consolidées,Ensemble du patrimoine culturel et naturel,
2015,Territoires du Nord-Ouest,Administrations publiques provinciales-territoriales et locales consolidées,Ensemble du patrimoine culturel et naturel,
2015,Nouvelle-Écosse,Administrations publiques provinciales-territoriales et locales consolidées,Ensemble du patrimoine culturel et naturel,
2015,Nunavut,Administrations publiques provinciales-territoriales et locales consolidées,Ensemble du patrimoine culturel et naturel,
2015,Ontario,Administrations publiques provinciales-territoriales et locales consolidées,Ensemble du patrimoine culturel et naturel,
2015,Île-du-Prince-Édouard,Administrations publiques provinciales-territoriales et locales consolidées,Ensemble du patrimoine culturel et naturel,
2015,Québec,Administrations publiques provinciales-territoriales et locales consolidées,Ensemble du patrimoine culturel et naturel,
2015,Saskatchewan,Administrations publiques provinciales-territoriales et locales consolidées,Ensemble du patrimoine culturel et naturel,
2015,Yukon,Administrations publiques provinciales-territoriales et locales consolidées,Ensemble du patrimoine culturel et naturel,
2016,Alberta,Administrations publiques provinciales-territoriales et locales consolidées,Ensemble du patrimoine culturel et naturel,
2016,Alberta,Municipalities and other local public administrations,Ensemble du patrimoine culturel et naturel,
2016,Colombie-Britannique,Administrations publiques provinciales-territoriales et locales consolidées,Ensemble du patrimoine culturel et naturel,
2016,Colombie-Britannique,Municipalities and other local public administrations,Ensemble du patrimoine culturel et naturel,
2016,Canada,Administration publique générale canadienne consolidée,Ensemble du patrimoine culturel et naturel,
2016,Canada,Administrations publiques provinciales-territoriales et locales consolidées,Ensemble du patrimoine culturel et naturel,
2016,Manitoba,Administrations publiques provinciales-territoriales et locales consolidées,Ensemble du patrimoine culturel et naturel,
2016,Manitoba,Municipalities and other local public administrations,Ensemble du patrimoine culturel et naturel,
2016,Nouveau-Brunswick,Administrations publiques provinciales-territoriales et locales consolidées,Ensemble du patrimoine culturel et naturel,
2016,Nouveau-Brunswick,Municipalities and other local public administrations,Ensemble du patrimoine culturel et naturel,
2016,Terre-Neuve-et-Labrador,Administrations publiques provinciales-territoriales et locales consolidées,Ensemble du patrimoine culturel et naturel,
2016,Terre-Neuve-et-Labrador,Municipalities and other local public administrations,Ensemble du patrimoine culturel et naturel,
2016,Territoires du Nord-Ouest,Administrations publiques provinciales-territoriales et locales consolidées,Ensemble du patrimoine culturel et naturel,
2016,Territoires du Nord-Ouest,Municipalities and other local public administrations,Ensemble du patrimoine culturel et naturel,
2016,Nouvelle-Écosse,Administrations publiques provinciales-territoriales et locales consolidées,Ensemble du patrimoine culturel et naturel,
2016,Nouvelle-Écosse,Municipalities and other local public administrations,Ensemble du patrimoine culturel et naturel,
2016,Nunavut,Administrations publiques provinciales-territoriales et locales consolidées,Ensemble du patrimoine culturel et naturel,
2016,Nunavut,Municipalities and other local public administrations,Ensemble du patrimoine culturel et naturel,
2016,Ontario,Administrations publiques provinciales-territoriales et locales consolidées,Ensemble du patrimoine culturel et naturel,
2016,Ontario,Municipalities and other local public administrations,Ensemble du patrimoine culturel et naturel,
2016,Île-du-Prince-Édouard,Administrations publiques provinciales-territoriales et locales consolidées,Ensemble du patrimoine culturel et naturel,
2016,Île-du-Prince-Édouard,Municipalities and other local public administrations,Ensemble du patrimoine culturel et naturel,
2016,Québec,Administrations publiques provinciales-territoriales et locales consolidées,Ensemble du patrimoine culturel et naturel,
2016,Québec,Municipalities and other local public administrations,Ensemble du patrimoine culturel et naturel,
2016,Saskatchewan,Administrations publiques provinciales-territoriales et locales consolidées,Ensemble du patrimoine culturel et naturel,
2016,Saskatchewan,Municipalities and other local public administrations,Ensemble du patrimoine culturel et naturel,
2016,Yukon,Administrations publiques provinciales-territoriales et locales consolidées,Ensemble du patrimoine culturel et naturel,
2016,Yukon,Municipalities and other local public administrations,Ensemble du patrimoine culturel et naturel,
2017,Alberta,Administrations publiques provinciales-territoriales et locales consolidées,Ensemble du patrimoine culturel et naturel,
2017,Alberta,Municipalities and other local public administrations,Ensemble du patrimoine culturel et naturel,
2017,Colombie-Britannique,Administrations publiques provinciales-territoriales et locales consolidées,Ensemble du patrimoine culturel et naturel,
2017,Colombie-Britannique,Municipalities and other local public administrations,Ensemble du patrimoine culturel et naturel,
2017,Canada,Administration publique générale canadienne consolidée,Ensemble du patrimoine culturel et naturel,
2017,Canada,Administrations publiques provinciales-territoriales et locales consolidées,Ensemble du patrimoine culturel et naturel,
2017,Manitoba,Administrations publiques provinciales-territoriales et locales consolidées,Ensemble du patrimoine culturel et naturel,
2017,Manitoba,Municipalities and other local public administrations,Ensemble du patrimoine culturel et naturel,
2017,Nouveau-Brunswick,Administrations publiques provinciales-territoriales et locales consolidées,Ensemble du patrimoine culturel et naturel,
2017,Nouveau-Brunswick,Municipalities and other local public administrations,Ensemble du patrimoine culturel et naturel,
2017,Terre-Neuve-et-Labrador,Administrations publiques provinciales-territoriales et locales consolidées,Ensemble du patrimoine culturel et naturel,
2017,Terre-Neuve-et-Labrador,Municipalities and other local public administrations,Ensemble du patrimoine culturel et naturel,
2017,Territoires du Nord-Ouest,Administrations publiques provinciales-territoriales et locales consolidées,Ensemble du patrimoine culturel et naturel,
2017,Territoires du Nord-Ouest,Municipalities and other local public administrations,Ensemble du patrimoine culturel et naturel,
2017,Nouvelle-Écosse,Administrations publiques provinciales-territoriales et locales consolidées,Ensemble du patrimoine culturel et naturel,
2017,Nouvelle-Écosse,Municipalities and other local public administrations,Ensemble du patrimoine culturel et naturel,
2017,Nunavut,Administrations publiques provinciales-territoriales et locales consolidées,Ensemble du patrimoine culturel et naturel,
2017,Nunavut,Municipalities and other local public administrations,Ensemble du patrimoine culturel et naturel,
2017,Ontario,Administrations publiques provinciales-territoriales et locales consolidées,Ensemble du patrimoine culturel et naturel,
2017,Ontario,Municipalities and other local public administrations,Ensemble du patrimoine culturel et naturel,
2017,Île-du-Prince-Édouard,Administrations publiques provinciales-territoriales et locales consolidées,Ensemble du patrimoine culturel et naturel,
2017,Île-du-Prince-Édouard,Municipalities and other local public administrations,Ensemble du patrimoine culturel et naturel,
2017,Québec,Administrations publiques provinciales-territoriales et locales consolidées,Ensemble du patrimoine culturel et naturel,
2017,Québec,Municipalities and other local public administrations,Ensemble du patrimoine culturel et naturel,
2017,Saskatchewan,Administrations publiques provinciales-territoriales et locales consolidées,Ensemble du patrimoine culturel et naturel,
2017,Saskatchewan,Municipalities and other local public administrations,Ensemble du patrimoine culturel et naturel,
2017,Yukon,Administrations publiques provinciales-territoriales et locales consolidées,Ensemble du patrimoine culturel et naturel,
2017,Yukon,Municipalities and other local public administrations,Ensemble du patrimoine culturel et naturel,
2018,Alberta,Administrations publiques provinciales-territoriales et locales consolidées,Ensemble du patrimoine culturel et naturel,
2018,Alberta,Municipalities and other local public administrations,Ensemble du patrimoine culturel et naturel,
2018,Colombie-Britannique,Administrations publiques provinciales-territoriales et locales consolidées,Ensemble du patrimoine culturel et naturel,
2018,Colombie-Britannique,Municipalities and other local public administrations,Ensemble du patrimoine culturel et naturel,
2018,Canada,Administration publique générale canadienne consolidée,Ensemble du patrimoine culturel et naturel,
2018,Canada,Administrations publiques provinciales-territoriales et locales consolidées,Ensemble du patrimoine culturel et naturel,
2018,Manitoba,Administrations publiques provinciales-territoriales et locales consolidées,Ensemble du patrimoine culturel et naturel,
2018,Manitoba,Municipalities and other local public administrations,Ensemble du patrimoine culturel et naturel,
2018,Nouveau-Brunswick,Administrations publiques provinciales-territoriales et locales consolidées,Ensemble du patrimoine culturel et naturel,
2018,Nouveau-Brunswick,Municipalities and other local public administrations,Ensemble du patrimoine culturel et naturel,
2018,Terre-Neuve-et-Labrador,Administrations publiques provinciales-territoriales et locales consolidées,Ensemble du patrimoine culturel et naturel,
2018,Terre-Neuve-et-Labrador,Municipalities and other local public administrations,Ensemble du patrimoine culturel et naturel,
2018,Territoires du Nord-Ouest,Administrations publiques provinciales-territoriales et locales consolidées,Ensemble du patrimoine culturel et naturel,
2018,Territoires du Nord-Ouest,Municipalities and other local public administrations,Ensemble du patrimoine culturel et naturel,
2018,Nouvelle-Écosse,Administrations publiques provinciales-territoriales et locales consolidées,Ensemble du patrimoine culturel et naturel,
2018,Nouvelle-Écosse,Municipalities and other local public administrations,Ensemble du patrimoine culturel et naturel,
2018,Nunavut,Administrations publiques provinciales-territoriales et locales consolidées,Ensemble du patrimoine culturel et naturel,
2018,Nunavut,Municipalities and other local public administrations,Ensemble du patrimoine culturel et naturel,
2018,Ontario,Administrations publiques provinciales-territoriales et locales consolidées,Ensemble du patrimoine culturel et naturel,
2018,Ontario,Municipalities and other local public administrations,Ensemble du patrimoine culturel et naturel,
2018,Île-du-Prince-Édouard,Administrations publiques provinciales-territoriales et locales consolidées,Ensemble du patrimoine culturel et naturel,
2018,Île-du-Prince-Édouard,Municipalities and other local public administrations,Ensemble du patrimoine culturel et naturel,
2018,Québec,Administrations publiques provinciales-territoriales et locales consolidées,Ensemble du patrimoine culturel et naturel,
2018,Québec,Municipalities and other local public administrations,Ensemble du patrimoine culturel et naturel,
2018,Saskatchewan,Administrations publiques provinciales-territoriales et locales consolidées,Ensemble du patrimoine culturel et naturel,
2018,Saskatchewan,Municipalities and other local public administrations,Ensemble du patrimoine culturel et naturel,
2018,Yukon,Administrations publiques provinciales-territoriales et locales consolidées,Ensemble du patrimoine culturel et naturel,
2018,Yukon,Municipalities and other local public administrations,Ensemble du patrimoine culturel et naturel,
2019,Alberta,Administrations publiques provinciales-territoriales et locales consolidées,Ensemble du patrimoine culturel et naturel,
2019,Alberta,Municipalities and other local public administrations,Ensemble du patrimoine culturel et naturel,
2019,Colombie-Britannique,Administrations publiques provinciales-territoriales et locales consolidées,Ensemble du patrimoine culturel et naturel,
2019,Colombie-Britannique,Municipalities and other local public administrations,Ensemble du patrimoine culturel et naturel,
2019,Canada,Administration publique générale canadienne consolidée,Ensemble du patrimoine culturel et naturel,
2019,Canada,Administrations publiques provinciales-territoriales et locales consolidées,Ensemble du patrimoine culturel et naturel,
2019,Manitoba,Administrations publiques provinciales-territoriales et locales consolidées,Ensemble du patrimoine culturel et naturel,
2019,Manitoba,Municipalities and other local public administrations,Ensemble du patrimoine culturel et naturel,
2019,Nouveau-Brunswick,Administrations publiques provinciales-territoriales et locales consolidées,Ensemble du patrimoine culturel et naturel,
2019,Nouveau-Brunswick,Municipalities and other local public administrations,Ensemble du patrimoine culturel et naturel,
2019,Terre-Neuve-et-Labrador,Administrations publiques provinciales-territoriales et locales consolidées,Ensemble du patrimoine culturel et naturel,
2019,Terre-Neuve-et-Labrador,Municipalities and other local public administrations,Ensemble du patrimoine culturel et naturel,
2019,Territoires du Nord-Ouest,Administrations publiques provinciales-territoriales et locales consolidées,Ensemble du patrimoine culturel et naturel,
2019,Territoires du Nord-Ouest,Municipalities and other local public administrations,Ensemble du patrimoine culturel et naturel,
2019,Nouvelle-Écosse,Administrations publiques provinciales-territoriales et locales consolidées,Ensemble du patrimoine culturel et naturel,
2019,Nouvelle-Écosse,Municipalities and other local public administrations,Ensemble du patrimoine culturel et naturel,
2019,Nunavut,Administrations publiques provinciales-territoriales et locales consolidées,Ensemble du patrimoine culturel et naturel,
2019,Nunavut,Municipalities and other local public administrations,Ensemble du patrimoine culturel et naturel,
2019,Ontario,Administrations publiques provinciales-territoriales et locales consolidées,Ensemble du patrimoine culturel et naturel,
2019,Ontario,Municipalities and other local public administrations,Ensemble du patrimoine culturel et naturel,
2019,Île-du-Prince-Édouard,Administrations publiques provinciales-territoriales et locales consolidées,Ensemble du patrimoine culturel et naturel,
2019,Île-du-Prince-Édouard,Municipalities and other local public administrations,Ensemble du patrimoine culturel et naturel,
2019,Québec,Administrations publiques provinciales-territoriales et locales consolidées,Ensemble du patrimoine culturel et naturel,
2019,Québec,Municipalities and other local public administrations,Ensemble du patrimoine culturel et naturel,
2019,Saskatchewan,Administrations publiques provinciales-territoriales et locales consolidées,Ensemble du patrimoine culturel et naturel,
2019,Saskatchewan,Municipalities and other local public administrations,Ensemble du patrimoine culturel et naturel,
2019,Yukon,Administrations publiques provinciales-territoriales et locales consolidées,Ensemble du patrimoine culturel et naturel,
2019,Yukon,Municipalities and other local public administrations,Ensemble du patrimoine culturel et naturel,
2020,Alberta,Administrations publiques provinciales-territoriales et locales consolidées,Ensemble du patrimoine culturel et naturel,
2020,Alberta,Municipalities and other local public administrations,Ensemble du patrimoine culturel et naturel,
2020,Colombie-Britannique,Administrations publiques provinciales-territoriales et locales consolidées,Ensemble du patrimoine culturel et naturel,
2020,Colombie-Britannique,Municipalities and other local public administrations,Ensemble du patrimoine culturel et naturel,
2020,Canada,Administration publique générale canadienne consolidée,Ensemble du patrimoine culturel et naturel,
2020,Canada,Administrations publiques provinciales-territoriales et locales consolidées,Ensemble du patrimoine culturel et naturel,
2020,Manitoba,Administrations publiques provinciales-territoriales et locales consolidées,Ensemble du patrimoine culturel et naturel,
2020,Manitoba,Municipalities and other local public administrations,Ensemble du patrimoine culturel et naturel,
2020,Nouveau-Brunswick,Administrations publiques provinciales-territoriales et locales consolidées,Ensemble du patrimoine culturel et naturel,
2020,Nouveau-Brunswick,Municipalities and other local public administrations,Ensemble du patrimoine culturel et naturel,
2020,Terre-Neuve-et-Labrador,Administrations publiques provinciales-territoriales et locales consolidées,Ensemble du patrimoine culturel et naturel,
2020,Terre-Neuve-et-Labrador,Municipalities and other local public administrations,Ensemble du patrimoine culturel et naturel,
2020,Territoires du Nord-Ouest,Administrations publiques provinciales-territoriales et locales consolidées,Ensemble du patrimoine culturel et naturel,
2020,Territoires du Nord-Ouest,Municipalities and other local public administrations,Ensemble du patrimoine culturel et naturel,
2020,Nouvelle-Écosse,Administrations publiques provinciales-territoriales et locales consolidées,Ensemble du patrimoine culturel et naturel,
2020,Nouvelle-Écosse,Municipalities and other local public administrations,Ensemble du patrimoine culturel et naturel,
2020,Nunavut,Administrations publiques provinciales-territoriales et locales consolidées,Ensemble du patrimoine culturel et naturel,
2020,Nunavut,Municipalities and other local public administrations,Ensemble du patrimoine culturel et naturel,
2020,Ontario,Administrations publiques provinciales-territoriales et locales consolidées,Ensemble du patrimoine culturel et naturel,
2020,Ontario,Municipalities and other local public administrations,Ensemble du patrimoine culturel et naturel,
2020,Île-du-Prince-Édouard,Administrations publiques provinciales-territoriales et locales consolidées,Ensemble du patrimoine culturel et naturel,
2020,Île-du-Prince-Édouard,Municipalities and other local public administrations,Ensemble du patrimoine culturel et naturel,
2020,Québec,Administrations publiques provinciales-territoriales et locales consolidées,Ensemble du patrimoine culturel et naturel,
2020,Québec,Municipalities and other local public administrations,Ensemble du patrimoine culturel et naturel,
2020,Saskatchewan,Administrations publiques provinciales-territoriales et locales consolidées,Ensemble du patrimoine culturel et naturel,
2020,Saskatchewan,Municipalities and other local public administrations,Ensemble du patrimoine culturel et naturel,
2020,Yukon,Administrations publiques provinciales-territoriales et locales consolidées,Ensemble du patrimoine culturel et naturel,
2020,Yukon,Municipalities and other local public administrations,Ensemble du patrimoine culturel et naturel,
2021,Alberta,Administrations publiques provinciales-territoriales et locales consolidées,Ensemble du patrimoine culturel et naturel,
2021,Alberta,Municipalities and other local public administrations,Ensemble du patrimoine culturel et naturel,
2021,Colombie-Britannique,Administrations publiques provinciales-territoriales et locales consolidées,Ensemble du patrimoine culturel et naturel,
2021,Colombie-Britannique,Municipalities and other local public administrations,Ensemble du patrimoine culturel et naturel,
2021,Canada,Administration publique générale canadienne consolidée,Ensemble du patrimoine culturel et naturel,
2021,Canada,Administrations publiques provinciales-territoriales et locales consolidées,Ensemble du patrimoine culturel et naturel,
2021,Manitoba,Administrations publiques provinciales-territoriales et locales consolidées,Ensemble du patrimoine culturel et naturel,
2021,Manitoba,Municipalities and other local public administrations,Ensemble du patrimoine culturel et naturel,
2021,Nouveau-Brunswick,Administrations publiques provinciales-territoriales et locales consolidées,Ensemble du patrimoine culturel et naturel,
2021,Nouveau-Brunswick,Municipalities and other local public administrations,Ensemble du patrimoine culturel et naturel,
2021,Terre-Neuve-et-Labrador,Administrations publiques provinciales-territoriales et locales consolidées,Ensemble du patrimoine culturel et naturel,
2021,Terre-Neuve-et-Labrador,Municipalities and other local public administrations,Ensemble du patrimoine culturel et naturel,
2021,Territoires du Nord-Ouest,Administrations publiques provinciales-territoriales et locales consolidées,Ensemble du patrimoine culturel et naturel,
2021,Territoires du Nord-Ouest,Municipalities and other local public administrations,Ensemble du patrimoine culturel et naturel,
2021,Nouvelle-Écosse,Administrations publiques provinciales-territoriales et locales consolidées,Ensemble du patrimoine culturel et naturel,
2021,Nouvelle-Écosse,Municipalities and other local public administrations,Ensemble du patrimoine culturel et naturel,
2021,Nunavut,Administrations publiques provinciales-territoriales et locales consolidées,Ensemble du patrimoine culturel et naturel,
2021,Nunavut,Municipalities and other local public administrations,Ensemble du patrimoine culturel et naturel,
2021,Ontario,Administrations publiques provinciales-territoriales et locales consolidées,Ensemble du patrimoine culturel et naturel,
2021,Ontario,Municipalities and other local public administrations,Ensemble du patrimoine culturel et naturel,
2021,Île-du-Prince-Édouard,Administrations publiques provinciales-territoriales et locales consolidées,Ensemble du patrimoine culturel et naturel,
2021,Île-du-Prince-Édouard,Municipalities and other local public administrations,Ensemble du patrimoine culturel et naturel,
2021,Québec,Administrations publiques provinciales-territoriales et locales consolidées,Ensemble du patrimoine culturel et naturel,
2021,Québec,Municipalities and other local public administrations,Ensemble du patrimoine culturel et naturel,
2021,Saskatchewan,Administrations publiques provinciales-territoriales et locales consolidées,Ensemble du patrimoine culturel et naturel,
2021,Saskatchewan,Municipalities and other local public administrations,Ensemble du patrimoine culturel et naturel,
2021,Yukon,Administrations publiques provinciales-territoriales et locales consolidées,Ensemble du patrimoine culturel et naturel,
2021,Yukon,Municipalities and other local public administrations,Ensemble du patrimoine culturel et naturel,
