Year,Géographie,Niveau de gouvernement,Type de patrimoine,GeoCode,Value
2015,,,,,202.21542
2016,,,,,205.22944
2017,,,,,222.73863
2018,,,,,216.06242
2019,,,,,236.55917
2020,,,,,236.953
2021,,,,,247.20276
2022,,,,,250.98194
2015,Alberta,Administrations publiques provinciales-territoriales et locales consolidées,Ensemble du patrimoine culturel et naturel,48,208.90826
2015,Colombie-Britannique,Administrations publiques provinciales-territoriales et locales consolidées,Ensemble du patrimoine culturel et naturel,59,74.28435
2015,Canada,Administrations publiques provinciales-territoriales et locales consolidées,Ensemble du patrimoine culturel et naturel,,141.46677
2015,Manitoba,Administrations publiques provinciales-territoriales et locales consolidées,Ensemble du patrimoine culturel et naturel,46,139.91982
2015,Nouveau-Brunswick,Administrations publiques provinciales-territoriales et locales consolidées,Ensemble du patrimoine culturel et naturel,13,110.63899
2015,Terre-Neuve-et-Labrador,Administrations publiques provinciales-territoriales et locales consolidées,Ensemble du patrimoine culturel et naturel,10,105.99075
2015,Territoires du Nord-Ouest,Administrations publiques provinciales-territoriales et locales consolidées,Ensemble du patrimoine culturel et naturel,61,542.40965
2015,Nouvelle-Écosse,Administrations publiques provinciales-territoriales et locales consolidées,Ensemble du patrimoine culturel et naturel,12,147.21272
2015,Nunavut,Administrations publiques provinciales-territoriales et locales consolidées,Ensemble du patrimoine culturel et naturel,62,739.92875
2015,Ontario,Administrations publiques provinciales-territoriales et locales consolidées,Ensemble du patrimoine culturel et naturel,35,147.05354
2015,Île-du-Prince-Édouard,Administrations publiques provinciales-territoriales et locales consolidées,Ensemble du patrimoine culturel et naturel,11,103.70862
2015,Québec,Administrations publiques provinciales-territoriales et locales consolidées,Ensemble du patrimoine culturel et naturel,24,133.56584
2015,Saskatchewan,Administrations publiques provinciales-territoriales et locales consolidées,Ensemble du patrimoine culturel et naturel,47,114.95175
2015,Yukon,Administrations publiques provinciales-territoriales et locales consolidées,Ensemble du patrimoine culturel et naturel,60,1778.65088
2016,Alberta,Administrations publiques provinciales-territoriales et locales consolidées,Ensemble du patrimoine culturel et naturel,48,182.10304
2016,Colombie-Britannique,Administrations publiques provinciales-territoriales et locales consolidées,Ensemble du patrimoine culturel et naturel,59,75.7004
2016,Canada,Administrations publiques provinciales-territoriales et locales consolidées,Ensemble du patrimoine culturel et naturel,,140.23504
2016,Manitoba,Administrations publiques provinciales-territoriales et locales consolidées,Ensemble du patrimoine culturel et naturel,46,141.53743
2016,Nouveau-Brunswick,Administrations publiques provinciales-territoriales et locales consolidées,Ensemble du patrimoine culturel et naturel,13,93.01448
2016,Terre-Neuve-et-Labrador,Administrations publiques provinciales-territoriales et locales consolidées,Ensemble du patrimoine culturel et naturel,10,98.18991
2016,Territoires du Nord-Ouest,Administrations publiques provinciales-territoriales et locales consolidées,Ensemble du patrimoine culturel et naturel,61,515.41771
2016,Nouvelle-Écosse,Administrations publiques provinciales-territoriales et locales consolidées,Ensemble du patrimoine culturel et naturel,12,134.67885
2016,Nunavut,Administrations publiques provinciales-territoriales et locales consolidées,Ensemble du patrimoine culturel et naturel,62,730.14414
2016,Ontario,Administrations publiques provinciales-territoriales et locales consolidées,Ensemble du patrimoine culturel et naturel,35,149.67751
2016,Île-du-Prince-Édouard,Administrations publiques provinciales-territoriales et locales consolidées,Ensemble du patrimoine culturel et naturel,11,102.11654
2016,Québec,Administrations publiques provinciales-territoriales et locales consolidées,Ensemble du patrimoine culturel et naturel,24,140.91124
2016,Saskatchewan,Administrations publiques provinciales-territoriales et locales consolidées,Ensemble du patrimoine culturel et naturel,47,118.89078
2016,Yukon,Administrations publiques provinciales-territoriales et locales consolidées,Ensemble du patrimoine culturel et naturel,60,1582.40162
2017,Alberta,Administrations publiques provinciales-territoriales et locales consolidées,Ensemble du patrimoine culturel et naturel,48,185.49504
2017,Colombie-Britannique,Administrations publiques provinciales-territoriales et locales consolidées,Ensemble du patrimoine culturel et naturel,59,79.8508
2017,Canada,Administrations publiques provinciales-territoriales et locales consolidées,Ensemble du patrimoine culturel et naturel,,149.02145
2017,Manitoba,Administrations publiques provinciales-territoriales et locales consolidées,Ensemble du patrimoine culturel et naturel,46,144.5981
2017,Nouveau-Brunswick,Administrations publiques provinciales-territoriales et locales consolidées,Ensemble du patrimoine culturel et naturel,13,106.95229
2017,Terre-Neuve-et-Labrador,Administrations publiques provinciales-territoriales et locales consolidées,Ensemble du patrimoine culturel et naturel,10,105.71184
2017,Territoires du Nord-Ouest,Administrations publiques provinciales-territoriales et locales consolidées,Ensemble du patrimoine culturel et naturel,61,492.65496
2017,Nouvelle-Écosse,Administrations publiques provinciales-territoriales et locales consolidées,Ensemble du patrimoine culturel et naturel,12,119.7279
2017,Nunavut,Administrations publiques provinciales-territoriales et locales consolidées,Ensemble du patrimoine culturel et naturel,62,823.24198
2017,Ontario,Administrations publiques provinciales-territoriales et locales consolidées,Ensemble du patrimoine culturel et naturel,35,160.74157
2017,Île-du-Prince-Édouard,Administrations publiques provinciales-territoriales et locales consolidées,Ensemble du patrimoine culturel et naturel,11,100.17363
2017,Québec,Administrations publiques provinciales-territoriales et locales consolidées,Ensemble du patrimoine culturel et naturel,24,157.00306
2017,Saskatchewan,Administrations publiques provinciales-territoriales et locales consolidées,Ensemble du patrimoine culturel et naturel,47,121.15243
2017,Yukon,Administrations publiques provinciales-territoriales et locales consolidées,Ensemble du patrimoine culturel et naturel,60,1239.47082
2018,Alberta,Administrations publiques provinciales-territoriales et locales consolidées,Ensemble du patrimoine culturel et naturel,48,188.23284
2018,Colombie-Britannique,Administrations publiques provinciales-territoriales et locales consolidées,Ensemble du patrimoine culturel et naturel,59,70.70334
2018,Canada,Administrations publiques provinciales-territoriales et locales consolidées,Ensemble du patrimoine culturel et naturel,,145.49821
2018,Manitoba,Administrations publiques provinciales-territoriales et locales consolidées,Ensemble du patrimoine culturel et naturel,46,145.63606
2018,Nouveau-Brunswick,Administrations publiques provinciales-territoriales et locales consolidées,Ensemble du patrimoine culturel et naturel,13,109.02054
2018,Terre-Neuve-et-Labrador,Administrations publiques provinciales-territoriales et locales consolidées,Ensemble du patrimoine culturel et naturel,10,96.51742
2018,Territoires du Nord-Ouest,Administrations publiques provinciales-territoriales et locales consolidées,Ensemble du patrimoine culturel et naturel,61,538.88989
2018,Nouvelle-Écosse,Administrations publiques provinciales-territoriales et locales consolidées,Ensemble du patrimoine culturel et naturel,12,97.70579
2018,Nunavut,Administrations publiques provinciales-territoriales et locales consolidées,Ensemble du patrimoine culturel et naturel,62,861.12416
2018,Ontario,Administrations publiques provinciales-territoriales et locales consolidées,Ensemble du patrimoine culturel et naturel,35,155.30393
2018,Île-du-Prince-Édouard,Administrations publiques provinciales-territoriales et locales consolidées,Ensemble du patrimoine culturel et naturel,11,105.0841
2018,Québec,Administrations publiques provinciales-territoriales et locales consolidées,Ensemble du patrimoine culturel et naturel,24,156.43349
2018,Saskatchewan,Administrations publiques provinciales-territoriales et locales consolidées,Ensemble du patrimoine culturel et naturel,47,138.38317
2018,Yukon,Administrations publiques provinciales-territoriales et locales consolidées,Ensemble du patrimoine culturel et naturel,60,891.02294
2019,Alberta,Administrations publiques provinciales-territoriales et locales consolidées,Ensemble du patrimoine culturel et naturel,48,229.60125
2019,Colombie-Britannique,Administrations publiques provinciales-territoriales et locales consolidées,Ensemble du patrimoine culturel et naturel,59,75.13174
2019,Canada,Administrations publiques provinciales-territoriales et locales consolidées,Ensemble du patrimoine culturel et naturel,,156.51875
2019,Manitoba,Administrations publiques provinciales-territoriales et locales consolidées,Ensemble du patrimoine culturel et naturel,46,182.47736
2019,Nouveau-Brunswick,Administrations publiques provinciales-territoriales et locales consolidées,Ensemble du patrimoine culturel et naturel,13,105.48157
2019,Terre-Neuve-et-Labrador,Administrations publiques provinciales-territoriales et locales consolidées,Ensemble du patrimoine culturel et naturel,10,83.38972
2019,Territoires du Nord-Ouest,Administrations publiques provinciales-territoriales et locales consolidées,Ensemble du patrimoine culturel et naturel,61,607.53341
2019,Nouvelle-Écosse,Administrations publiques provinciales-territoriales et locales consolidées,Ensemble du patrimoine culturel et naturel,12,59.43847
2019,Nunavut,Administrations publiques provinciales-territoriales et locales consolidées,Ensemble du patrimoine culturel et naturel,62,798.16679
2019,Ontario,Administrations publiques provinciales-territoriales et locales consolidées,Ensemble du patrimoine culturel et naturel,35,159.32958
2019,Île-du-Prince-Édouard,Administrations publiques provinciales-territoriales et locales consolidées,Ensemble du patrimoine culturel et naturel,11,83.44459
2019,Québec,Administrations publiques provinciales-territoriales et locales consolidées,Ensemble du patrimoine culturel et naturel,24,170.33695
2019,Saskatchewan,Administrations publiques provinciales-territoriales et locales consolidées,Ensemble du patrimoine culturel et naturel,47,157.18638
2019,Yukon,Administrations publiques provinciales-territoriales et locales consolidées,Ensemble du patrimoine culturel et naturel,60,1116.85726
2020,Alberta,Administrations publiques provinciales-territoriales et locales consolidées,Ensemble du patrimoine culturel et naturel,48,111.40115
2020,Colombie-Britannique,Administrations publiques provinciales-territoriales et locales consolidées,Ensemble du patrimoine culturel et naturel,59,74.57351
2020,Canada,Administrations publiques provinciales-territoriales et locales consolidées,Ensemble du patrimoine culturel et naturel,,154.88328
2020,Manitoba,Administrations publiques provinciales-territoriales et locales consolidées,Ensemble du patrimoine culturel et naturel,46,204.32828
2020,Nouveau-Brunswick,Administrations publiques provinciales-territoriales et locales consolidées,Ensemble du patrimoine culturel et naturel,13,100.83836
2020,Terre-Neuve-et-Labrador,Administrations publiques provinciales-territoriales et locales consolidées,Ensemble du patrimoine culturel et naturel,10,85.40779
2020,Territoires du Nord-Ouest,Administrations publiques provinciales-territoriales et locales consolidées,Ensemble du patrimoine culturel et naturel,61,584.21715
2020,Nouvelle-Écosse,Administrations publiques provinciales-territoriales et locales consolidées,Ensemble du patrimoine culturel et naturel,12,82.89795
2020,Nunavut,Administrations publiques provinciales-territoriales et locales consolidées,Ensemble du patrimoine culturel et naturel,62,785.22759
2020,Ontario,Administrations publiques provinciales-territoriales et locales consolidées,Ensemble du patrimoine culturel et naturel,35,144.62995
2020,Île-du-Prince-Édouard,Administrations publiques provinciales-territoriales et locales consolidées,Ensemble du patrimoine culturel et naturel,11,75.3802
2020,Québec,Administrations publiques provinciales-territoriales et locales consolidées,Ensemble du patrimoine culturel et naturel,24,244.99786
2020,Saskatchewan,Administrations publiques provinciales-territoriales et locales consolidées,Ensemble du patrimoine culturel et naturel,47,151.6208
2020,Yukon,Administrations publiques provinciales-territoriales et locales consolidées,Ensemble du patrimoine culturel et naturel,60,1120.16779
2021,Alberta,Administrations publiques provinciales-territoriales et locales consolidées,Ensemble du patrimoine culturel et naturel,48,104.02725
2021,Colombie-Britannique,Administrations publiques provinciales-territoriales et locales consolidées,Ensemble du patrimoine culturel et naturel,59,85.33166
2021,Canada,Administrations publiques provinciales-territoriales et locales consolidées,Ensemble du patrimoine culturel et naturel,,155.85829
2021,Manitoba,Administrations publiques provinciales-territoriales et locales consolidées,Ensemble du patrimoine culturel et naturel,46,162.36519
2021,Nouveau-Brunswick,Administrations publiques provinciales-territoriales et locales consolidées,Ensemble du patrimoine culturel et naturel,13,88.51773
2021,Terre-Neuve-et-Labrador,Administrations publiques provinciales-territoriales et locales consolidées,Ensemble du patrimoine culturel et naturel,10,94.86658
2021,Territoires du Nord-Ouest,Administrations publiques provinciales-territoriales et locales consolidées,Ensemble du patrimoine culturel et naturel,61,650.53052
2021,Nouvelle-Écosse,Administrations publiques provinciales-territoriales et locales consolidées,Ensemble du patrimoine culturel et naturel,12,116.01067
2021,Nunavut,Administrations publiques provinciales-territoriales et locales consolidées,Ensemble du patrimoine culturel et naturel,62,723.44459
2021,Ontario,Administrations publiques provinciales-territoriales et locales consolidées,Ensemble du patrimoine culturel et naturel,35,156.17328
2021,Île-du-Prince-Édouard,Administrations publiques provinciales-territoriales et locales consolidées,Ensemble du patrimoine culturel et naturel,11,74.01331
2021,Québec,Administrations publiques provinciales-territoriales et locales consolidées,Ensemble du patrimoine culturel et naturel,24,225.26779
2021,Saskatchewan,Administrations publiques provinciales-territoriales et locales consolidées,Ensemble du patrimoine culturel et naturel,47,184.97728
2021,Yukon,Administrations publiques provinciales-territoriales et locales consolidées,Ensemble du patrimoine culturel et naturel,60,1280.23091
2022,Alberta,Administrations publiques provinciales-territoriales et locales consolidées,Ensemble du patrimoine culturel et naturel,48,105.3007
2022,Colombie-Britannique,Administrations publiques provinciales-territoriales et locales consolidées,Ensemble du patrimoine culturel et naturel,59,91.66803
2022,Canada,Administrations publiques provinciales-territoriales et locales consolidées,Ensemble du patrimoine culturel et naturel,,155.29395
2022,Manitoba,Administrations publiques provinciales-territoriales et locales consolidées,Ensemble du patrimoine culturel et naturel,46,171.92476
2022,Nouveau-Brunswick,Administrations publiques provinciales-territoriales et locales consolidées,Ensemble du patrimoine culturel et naturel,13,88.93632
2022,Terre-Neuve-et-Labrador,Administrations publiques provinciales-territoriales et locales consolidées,Ensemble du patrimoine culturel et naturel,10,95.93986
2022,Territoires du Nord-Ouest,Administrations publiques provinciales-territoriales et locales consolidées,Ensemble du patrimoine culturel et naturel,61,648.98736
2022,Nouvelle-Écosse,Administrations publiques provinciales-territoriales et locales consolidées,Ensemble du patrimoine culturel et naturel,12,110.19606
2022,Nunavut,Administrations publiques provinciales-territoriales et locales consolidées,Ensemble du patrimoine culturel et naturel,62,741.01519
2022,Ontario,Administrations publiques provinciales-territoriales et locales consolidées,Ensemble du patrimoine culturel et naturel,35,154.70446
2022,Île-du-Prince-Édouard,Administrations publiques provinciales-territoriales et locales consolidées,Ensemble du patrimoine culturel et naturel,11,71.77549
2022,Québec,Administrations publiques provinciales-territoriales et locales consolidées,Ensemble du patrimoine culturel et naturel,24,221.28218
2022,Saskatchewan,Administrations publiques provinciales-territoriales et locales consolidées,Ensemble du patrimoine culturel et naturel,47,182.44737
2022,Yukon,Administrations publiques provinciales-territoriales et locales consolidées,Ensemble du patrimoine culturel et naturel,60,1275.48115
2015,Canada,Administration publique générale canadienne consolidée,Préservation de la diversité biologique et protection de la nature,,52.51439
2015,Canada,Administration publique générale canadienne consolidée,Services culturels,,149.70103
2015,Canada,Administrations publiques provinciales-territoriales et locales consolidées,Préservation de la diversité biologique et protection de la nature,,40.4991
2015,Canada,Administrations publiques provinciales-territoriales et locales consolidées,Services culturels,,100.96767
2015,Terre-Neuve-et-Labrador,Administrations publiques provinciales-territoriales et locales consolidées,Préservation de la diversité biologique et protection de la nature,10,17.03423
2015,Terre-Neuve-et-Labrador,Administrations publiques provinciales-territoriales et locales consolidées,Services culturels,10,88.95652
2015,Île-du-Prince-Édouard,Administrations publiques provinciales-territoriales et locales consolidées,Préservation de la diversité biologique et protection de la nature,11,13.82782
2015,Île-du-Prince-Édouard,Administrations publiques provinciales-territoriales et locales consolidées,Services culturels,11,89.8808
2015,Nouvelle-Écosse,Administrations publiques provinciales-territoriales et locales consolidées,Préservation de la diversité biologique et protection de la nature,12,28.80249
2015,Nouvelle-Écosse,Administrations publiques provinciales-territoriales et locales consolidées,Services culturels,12,118.41023
2015,Nouveau-Brunswick,Administrations publiques provinciales-territoriales et locales consolidées,Préservation de la diversité biologique et protection de la nature,13,28.97688
2015,Nouveau-Brunswick,Administrations publiques provinciales-territoriales et locales consolidées,Services culturels,13,81.66211
2015,Québec,Administrations publiques provinciales-territoriales et locales consolidées,Préservation de la diversité biologique et protection de la nature,24,6.48259
2015,Québec,Administrations publiques provinciales-territoriales et locales consolidées,Services culturels,24,127.08325
2015,Ontario,Administrations publiques provinciales-territoriales et locales consolidées,Préservation de la diversité biologique et protection de la nature,35,53.8321
2015,Ontario,Administrations publiques provinciales-territoriales et locales consolidées,Services culturels,35,93.22144
2015,Manitoba,Administrations publiques provinciales-territoriales et locales consolidées,Préservation de la diversité biologique et protection de la nature,46,25.51024
2015,Manitoba,Administrations publiques provinciales-territoriales et locales consolidées,Services culturels,46,114.40958
2015,Saskatchewan,Administrations publiques provinciales-territoriales et locales consolidées,Préservation de la diversité biologique et protection de la nature,47,16.93088
2015,Saskatchewan,Administrations publiques provinciales-territoriales et locales consolidées,Services culturels,47,98.02087
2015,Alberta,Administrations publiques provinciales-territoriales et locales consolidées,Préservation de la diversité biologique et protection de la nature,48,105.05652
2015,Alberta,Administrations publiques provinciales-territoriales et locales consolidées,Services culturels,48,103.85174
2015,Colombie-Britannique,Administrations publiques provinciales-territoriales et locales consolidées,Préservation de la diversité biologique et protection de la nature,59,6.92481
2015,Colombie-Britannique,Administrations publiques provinciales-territoriales et locales consolidées,Services culturels,59,67.35954
2015,Yukon,Administrations publiques provinciales-territoriales et locales consolidées,Préservation de la diversité biologique et protection de la nature,60,1406.99249
2015,Yukon,Administrations publiques provinciales-territoriales et locales consolidées,Services culturels,60,371.65839
2015,Territoires du Nord-Ouest,Administrations publiques provinciales-territoriales et locales consolidées,Préservation de la diversité biologique et protection de la nature,61,316.40563
2015,Territoires du Nord-Ouest,Administrations publiques provinciales-territoriales et locales consolidées,Services culturels,61,226.00402
2015,Nunavut,Administrations publiques provinciales-territoriales et locales consolidées,Préservation de la diversité biologique et protection de la nature,62,164.42861
2015,Nunavut,Administrations publiques provinciales-territoriales et locales consolidées,Services culturels,62,575.50014
2016,Canada,Administration publique générale canadienne consolidée,Préservation de la diversité biologique et protection de la nature,,45.19423
2016,Canada,Administration publique générale canadienne consolidée,Services culturels,,160.03521
2016,Canada,Administrations publiques provinciales-territoriales et locales consolidées,Préservation de la diversité biologique et protection de la nature,,36.7757
2016,Canada,Administrations publiques provinciales-territoriales et locales consolidées,Services culturels,,103.45934
2016,Terre-Neuve-et-Labrador,Administrations publiques provinciales-territoriales et locales consolidées,Préservation de la diversité biologique et protection de la nature,10,15.10614
2016,Terre-Neuve-et-Labrador,Administrations publiques provinciales-territoriales et locales consolidées,Services culturels,10,83.08377
2016,Île-du-Prince-Édouard,Administrations publiques provinciales-territoriales et locales consolidées,Préservation de la diversité biologique et protection de la nature,11,13.61554
2016,Île-du-Prince-Édouard,Administrations publiques provinciales-territoriales et locales consolidées,Services culturels,11,88.501
2016,Nouvelle-Écosse,Administrations publiques provinciales-territoriales et locales consolidées,Préservation de la diversité biologique et protection de la nature,12,23.33019
2016,Nouvelle-Écosse,Administrations publiques provinciales-territoriales et locales consolidées,Services culturels,12,111.34865
2016,Nouveau-Brunswick,Administrations publiques provinciales-territoriales et locales consolidées,Préservation de la diversité biologique et protection de la nature,13,14.41069
2016,Nouveau-Brunswick,Administrations publiques provinciales-territoriales et locales consolidées,Services culturels,13,78.60379
2016,Québec,Administrations publiques provinciales-territoriales et locales consolidées,Préservation de la diversité biologique et protection de la nature,24,6.32216
2016,Québec,Administrations publiques provinciales-territoriales et locales consolidées,Services culturels,24,134.58908
2016,Ontario,Administrations publiques provinciales-territoriales et locales consolidées,Préservation de la diversité biologique et protection de la nature,35,54.62473
2016,Ontario,Administrations publiques provinciales-territoriales et locales consolidées,Services culturels,35,95.05279
2016,Manitoba,Administrations publiques provinciales-territoriales et locales consolidées,Préservation de la diversité biologique et protection de la nature,46,26.63339
2016,Manitoba,Administrations publiques provinciales-territoriales et locales consolidées,Services culturels,46,114.90404
2016,Saskatchewan,Administrations publiques provinciales-territoriales et locales consolidées,Préservation de la diversité biologique et protection de la nature,47,14.97143
2016,Saskatchewan,Administrations publiques provinciales-territoriales et locales consolidées,Services culturels,47,103.91934
2016,Alberta,Administrations publiques provinciales-territoriales et locales consolidées,Préservation de la diversité biologique et protection de la nature,48,78.18036
2016,Alberta,Administrations publiques provinciales-territoriales et locales consolidées,Services culturels,48,103.92268
2016,Colombie-Britannique,Administrations publiques provinciales-territoriales et locales consolidées,Préservation de la diversité biologique et protection de la nature,59,6.78835
2016,Colombie-Britannique,Administrations publiques provinciales-territoriales et locales consolidées,Services culturels,59,68.91205
2016,Yukon,Administrations publiques provinciales-territoriales et locales consolidées,Préservation de la diversité biologique et protection de la nature,60,1089.52243
2016,Yukon,Administrations publiques provinciales-territoriales et locales consolidées,Services culturels,60,492.87919
2016,Territoires du Nord-Ouest,Administrations publiques provinciales-territoriales et locales consolidées,Préservation de la diversité biologique et protection de la nature,61,291.32305
2016,Territoires du Nord-Ouest,Administrations publiques provinciales-territoriales et locales consolidées,Services culturels,61,224.09466
2016,Nunavut,Administrations publiques provinciales-territoriales et locales consolidées,Préservation de la diversité biologique et protection de la nature,62,162.25425
2016,Nunavut,Administrations publiques provinciales-territoriales et locales consolidées,Services culturels,62,567.88988
2017,Canada,Administration publique générale canadienne consolidée,Préservation de la diversité biologique et protection de la nature,,50.56769
2017,Canada,Administration publique générale canadienne consolidée,Services culturels,,172.17094
2017,Canada,Administrations publiques provinciales-territoriales et locales consolidées,Préservation de la diversité biologique et protection de la nature,,41.20938
2017,Canada,Administrations publiques provinciales-territoriales et locales consolidées,Services culturels,,107.81206
2017,Terre-Neuve-et-Labrador,Administrations publiques provinciales-territoriales et locales consolidées,Préservation de la diversité biologique et protection de la nature,10,13.21398
2017,Terre-Neuve-et-Labrador,Administrations publiques provinciales-territoriales et locales consolidées,Services culturels,10,92.49786
2017,Île-du-Prince-Édouard,Administrations publiques provinciales-territoriales et locales consolidées,Préservation de la diversité biologique et protection de la nature,11,13.35648
2017,Île-du-Prince-Édouard,Administrations publiques provinciales-territoriales et locales consolidées,Services culturels,11,86.81715
2017,Nouvelle-Écosse,Administrations publiques provinciales-territoriales et locales consolidées,Préservation de la diversité biologique et protection de la nature,12,22.05514
2017,Nouvelle-Écosse,Administrations publiques provinciales-territoriales et locales consolidées,Services culturels,12,97.67276
2017,Nouveau-Brunswick,Administrations publiques provinciales-territoriales et locales consolidées,Préservation de la diversité biologique et protection de la nature,13,23.47733
2017,Nouveau-Brunswick,Administrations publiques provinciales-territoriales et locales consolidées,Services culturels,13,83.47496
2017,Québec,Administrations publiques provinciales-territoriales et locales consolidées,Préservation de la diversité biologique et protection de la nature,24,16.88205
2017,Québec,Administrations publiques provinciales-territoriales et locales consolidées,Services culturels,24,140.12101
2017,Ontario,Administrations publiques provinciales-territoriales et locales consolidées,Préservation de la diversité biologique et protection de la nature,35,61.22812
2017,Ontario,Administrations publiques provinciales-territoriales et locales consolidées,Services culturels,35,99.51345
2017,Manitoba,Administrations publiques provinciales-territoriales et locales consolidées,Préservation de la diversité biologique et protection de la nature,46,25.47324
2017,Manitoba,Administrations publiques provinciales-territoriales et locales consolidées,Services culturels,46,119.12486
2017,Saskatchewan,Administrations publiques provinciales-territoriales et locales consolidées,Préservation de la diversité biologique et protection de la nature,47,17.432
2017,Saskatchewan,Administrations publiques provinciales-territoriales et locales consolidées,Services culturels,47,103.72043
2017,Alberta,Administrations publiques provinciales-territoriales et locales consolidées,Préservation de la diversité biologique et protection de la nature,48,70.09164
2017,Alberta,Administrations publiques provinciales-territoriales et locales consolidées,Services culturels,48,115.4034
2017,Colombie-Britannique,Administrations publiques provinciales-territoriales et locales consolidées,Préservation de la diversité biologique et protection de la nature,59,10.53868
2017,Colombie-Britannique,Administrations publiques provinciales-territoriales et locales consolidées,Services culturels,59,69.31212
2017,Yukon,Administrations publiques provinciales-territoriales et locales consolidées,Préservation de la diversité biologique et protection de la nature,60,860.04098
2017,Yukon,Administrations publiques provinciales-territoriales et locales consolidées,Services culturels,60,379.42984
2017,Territoires du Nord-Ouest,Administrations publiques provinciales-territoriales et locales consolidées,Préservation de la diversité biologique et protection de la nature,61,291.1143
2017,Territoires du Nord-Ouest,Administrations publiques provinciales-territoriales et locales consolidées,Services culturels,61,201.54067
2017,Nunavut,Administrations publiques provinciales-territoriales et locales consolidées,Préservation de la diversité biologique et protection de la nature,62,159.33716
2017,Nunavut,Administrations publiques provinciales-territoriales et locales consolidées,Services culturels,62,663.90482
2018,Canada,Administration publique générale canadienne consolidée,Préservation de la diversité biologique et protection de la nature,,45.74805
2018,Canada,Administration publique générale canadienne consolidée,Services culturels,,170.31437
2018,Canada,Administrations publiques provinciales-territoriales et locales consolidées,Préservation de la diversité biologique et protection de la nature,,36.60383
2018,Canada,Administrations publiques provinciales-territoriales et locales consolidées,Services culturels,,108.89438
2018,Terre-Neuve-et-Labrador,Administrations publiques provinciales-territoriales et locales consolidées,Préservation de la diversité biologique et protection de la nature,10,11.35499
2018,Terre-Neuve-et-Labrador,Administrations publiques provinciales-territoriales et locales consolidées,Services culturels,10,85.16243
2018,Île-du-Prince-Édouard,Administrations publiques provinciales-territoriales et locales consolidées,Préservation de la diversité biologique et protection de la nature,11,13.13551
2018,Île-du-Prince-Édouard,Administrations publiques provinciales-territoriales et locales consolidées,Services culturels,11,91.94859
2018,Nouvelle-Écosse,Administrations publiques provinciales-territoriales et locales consolidées,Préservation de la diversité biologique et protection de la nature,12,37.41924
2018,Nouvelle-Écosse,Administrations publiques provinciales-territoriales et locales consolidées,Services culturels,12,60.28655
2018,Nouveau-Brunswick,Administrations publiques provinciales-territoriales et locales consolidées,Préservation de la diversité biologique et protection de la nature,13,24.65941
2018,Nouveau-Brunswick,Administrations publiques provinciales-territoriales et locales consolidées,Services culturels,13,84.36113
2018,Québec,Administrations publiques provinciales-territoriales et locales consolidées,Préservation de la diversité biologique et protection de la nature,24,6.55781
2018,Québec,Administrations publiques provinciales-territoriales et locales consolidées,Services culturels,24,149.87568
2018,Ontario,Administrations publiques provinciales-territoriales et locales consolidées,Préservation de la diversité biologique et protection de la nature,35,55.97922
2018,Ontario,Administrations publiques provinciales-territoriales et locales consolidées,Services culturels,35,99.32472
2018,Manitoba,Administrations publiques provinciales-territoriales et locales consolidées,Préservation de la diversité biologique et protection de la nature,46,25.13516
2018,Manitoba,Administrations publiques provinciales-territoriales et locales consolidées,Services culturels,46,120.5009
2018,Saskatchewan,Administrations publiques provinciales-territoriales et locales consolidées,Préservation de la diversité biologique et protection de la nature,47,19.02769
2018,Saskatchewan,Administrations publiques provinciales-territoriales et locales consolidées,Services culturels,47,119.35548
2018,Alberta,Administrations publiques provinciales-territoriales et locales consolidées,Préservation de la diversité biologique et protection de la nature,48,68.72362
2018,Alberta,Administrations publiques provinciales-territoriales et locales consolidées,Services culturels,48,119.50922
2018,Colombie-Britannique,Administrations publiques provinciales-territoriales et locales consolidées,Préservation de la diversité biologique et protection de la nature,59,9.16156
2018,Colombie-Britannique,Administrations publiques provinciales-territoriales et locales consolidées,Services culturels,59,61.54178
2018,Yukon,Administrations publiques provinciales-territoriales et locales consolidées,Préservation de la diversité biologique et protection de la nature,60,495.01275
2018,Yukon,Administrations publiques provinciales-territoriales et locales consolidées,Services culturels,60,396.0102
2018,Territoires du Nord-Ouest,Administrations publiques provinciales-territoriales et locales consolidées,Préservation de la diversité biologique et protection de la nature,61,314.35243
2018,Territoires du Nord-Ouest,Administrations publiques provinciales-territoriales et locales consolidées,Services culturels,61,224.53745
2018,Nunavut,Administrations publiques provinciales-territoriales et locales consolidées,Préservation de la diversité biologique et protection de la nature,62,156.56803
2018,Nunavut,Administrations publiques provinciales-territoriales et locales consolidées,Services culturels,62,704.55613
2019,Canada,Administration publique générale canadienne consolidée,Préservation de la diversité biologique et protection de la nature,,58.53504
2019,Canada,Administration publique générale canadienne consolidée,Services culturels,,178.02413
2019,Canada,Administrations publiques provinciales-territoriales et locales consolidées,Préservation de la diversité biologique et protection de la nature,,44.28673
2019,Canada,Administrations publiques provinciales-territoriales et locales consolidées,Services culturels,,112.23203
2019,Terre-Neuve-et-Labrador,Administrations publiques provinciales-territoriales et locales consolidées,Préservation de la diversité biologique et protection de la nature,10,13.26655
2019,Terre-Neuve-et-Labrador,Administrations publiques provinciales-territoriales et locales consolidées,Services culturels,10,70.12317
2019,Île-du-Prince-Édouard,Administrations publiques provinciales-territoriales et locales consolidées,Préservation de la diversité biologique et protection de la nature,11,12.83763
2019,Île-du-Prince-Édouard,Administrations publiques provinciales-territoriales et locales consolidées,Services culturels,11,70.60696
2019,Nouvelle-Écosse,Administrations publiques provinciales-territoriales et locales consolidées,Préservation de la diversité biologique et protection de la nature,12,30.74404
2019,Nouvelle-Écosse,Administrations publiques provinciales-territoriales et locales consolidées,Services culturels,12,28.69443
2019,Nouveau-Brunswick,Administrations publiques provinciales-territoriales et locales consolidées,Préservation de la diversité biologique et protection de la nature,13,23.15449
2019,Nouveau-Brunswick,Administrations publiques provinciales-territoriales et locales consolidées,Services culturels,13,82.32708
2019,Québec,Administrations publiques provinciales-territoriales et locales consolidées,Préservation de la diversité biologique et protection de la nature,24,12.49531
2019,Québec,Administrations publiques provinciales-territoriales et locales consolidées,Services culturels,24,157.84164
2019,Ontario,Administrations publiques provinciales-territoriales et locales consolidées,Préservation de la diversité biologique et protection de la nature,35,57.98169
2019,Ontario,Administrations publiques provinciales-territoriales et locales consolidées,Services culturels,35,101.34789
2019,Manitoba,Administrations publiques provinciales-territoriales et locales consolidées,Préservation de la diversité biologique et protection de la nature,46,25.54683
2019,Manitoba,Administrations publiques provinciales-territoriales et locales consolidées,Services culturels,46,156.93053
2019,Saskatchewan,Administrations publiques provinciales-territoriales et locales consolidées,Préservation de la diversité biologique et protection de la nature,47,19.75567
2019,Saskatchewan,Administrations publiques provinciales-territoriales et locales consolidées,Services culturels,47,137.43072
2019,Alberta,Administrations publiques provinciales-territoriales et locales consolidées,Préservation de la diversité biologique et protection de la nature,48,114.57102
2019,Alberta,Administrations publiques provinciales-territoriales et locales consolidées,Services culturels,48,115.03023
2019,Colombie-Britannique,Administrations publiques provinciales-territoriales et locales consolidées,Préservation de la diversité biologique et protection de la nature,59,9.00016
2019,Colombie-Britannique,Administrations publiques provinciales-territoriales et locales consolidées,Services culturels,59,66.13159
2019,Yukon,Administrations publiques provinciales-territoriales et locales consolidées,Préservation de la diversité biologique et protection de la nature,60,704.10566
2019,Yukon,Administrations publiques provinciales-territoriales et locales consolidées,Services culturels,60,412.7516
2019,Territoires du Nord-Ouest,Administrations publiques provinciales-territoriales et locales consolidées,Préservation de la diversité biologique et protection de la nature,61,382.52104
2019,Territoires du Nord-Ouest,Administrations publiques provinciales-territoriales et locales consolidées,Services culturels,61,225.01238
2019,Nunavut,Administrations publiques provinciales-territoriales et locales consolidées,Préservation de la diversité biologique et protection de la nature,62,180.23121
2019,Nunavut,Administrations publiques provinciales-territoriales et locales consolidées,Services culturels,62,617.93558
2020,Canada,Administration publique générale canadienne consolidée,Préservation de la diversité biologique et protection de la nature,,49.88346
2020,Canada,Administration publique générale canadienne consolidée,Services culturels,,187.06954
2020,Canada,Administrations publiques provinciales-territoriales et locales consolidées,Préservation de la diversité biologique et protection de la nature,,33.08033
2020,Canada,Administrations publiques provinciales-territoriales et locales consolidées,Services culturels,,121.80294
2020,Terre-Neuve-et-Labrador,Administrations publiques provinciales-territoriales et locales consolidées,Préservation de la diversité biologique et protection de la nature,10,13.28566
2020,Terre-Neuve-et-Labrador,Administrations publiques provinciales-territoriales et locales consolidées,Services culturels,10,72.12214
2020,Île-du-Prince-Édouard,Administrations publiques provinciales-territoriales et locales consolidées,Préservation de la diversité biologique et protection de la nature,11,12.56337
2020,Île-du-Prince-Édouard,Administrations publiques provinciales-territoriales et locales consolidées,Services culturels,11,62.81683
2020,Nouvelle-Écosse,Administrations publiques provinciales-territoriales et locales consolidées,Préservation de la diversité biologique et protection de la nature,12,35.38327
2020,Nouvelle-Écosse,Administrations publiques provinciales-territoriales et locales consolidées,Services culturels,12,47.51468
2020,Nouveau-Brunswick,Administrations publiques provinciales-territoriales et locales consolidées,Préservation de la diversité biologique et protection de la nature,13,20.42296
2020,Nouveau-Brunswick,Administrations publiques provinciales-territoriales et locales consolidées,Services culturels,13,80.4154
2020,Québec,Administrations publiques provinciales-territoriales et locales consolidées,Préservation de la diversité biologique et protection de la nature,24,19.17883
2020,Québec,Administrations publiques provinciales-territoriales et locales consolidées,Services culturels,24,225.81903
2020,Ontario,Administrations publiques provinciales-territoriales et locales consolidées,Préservation de la diversité biologique et protection de la nature,35,54.26163
2020,Ontario,Administrations publiques provinciales-territoriales et locales consolidées,Services culturels,35,90.36832
2020,Manitoba,Administrations publiques provinciales-territoriales et locales consolidées,Préservation de la diversité biologique et protection de la nature,46,47.82151
2020,Manitoba,Administrations publiques provinciales-territoriales et locales consolidées,Services culturels,46,156.50677
2020,Saskatchewan,Administrations publiques provinciales-territoriales et locales consolidées,Préservation de la diversité biologique et protection de la nature,47,18.84552
2020,Saskatchewan,Administrations publiques provinciales-territoriales et locales consolidées,Services culturels,47,132.77528
2020,Alberta,Administrations publiques provinciales-territoriales et locales consolidées,Préservation de la diversité biologique et protection de la nature,48,7.26036
2020,Alberta,Administrations publiques provinciales-territoriales et locales consolidées,Services culturels,48,104.14079
2020,Colombie-Britannique,Administrations publiques provinciales-territoriales et locales consolidées,Préservation de la diversité biologique et protection de la nature,59,11.20535
2020,Colombie-Britannique,Administrations publiques provinciales-territoriales et locales consolidées,Services culturels,59,63.36816
2020,Yukon,Administrations publiques provinciales-territoriales et locales consolidées,Préservation de la diversité biologique et protection de la nature,60,762.66743
2020,Yukon,Administrations publiques provinciales-territoriales et locales consolidées,Services culturels,60,357.50036
2020,Territoires du Nord-Ouest,Administrations publiques provinciales-territoriales et locales consolidées,Préservation de la diversité biologique et protection de la nature,61,359.51825
2020,Territoires du Nord-Ouest,Administrations publiques provinciales-territoriales et locales consolidées,Services culturels,61,224.6989
2020,Nunavut,Administrations publiques provinciales-territoriales et locales consolidées,Préservation de la diversité biologique et protection de la nature,62,151.97953
2020,Nunavut,Administrations publiques provinciales-territoriales et locales consolidées,Services culturels,62,633.24806
2021,Canada,Administration publique générale canadienne consolidée,Préservation de la diversité biologique et protection de la nature,,53.84433
2021,Canada,Administration publique générale canadienne consolidée,Services culturels,,193.35843
2021,Canada,Administrations publiques provinciales-territoriales et locales consolidées,Préservation de la diversité biologique et protection de la nature,,34.41435
2021,Canada,Administrations publiques provinciales-territoriales et locales consolidées,Services culturels,,121.44395
2021,Terre-Neuve-et-Labrador,Administrations publiques provinciales-territoriales et locales consolidées,Préservation de la diversité biologique et protection de la nature,10,17.07598
2021,Terre-Neuve-et-Labrador,Administrations publiques provinciales-territoriales et locales consolidées,Services culturels,10,77.7906
2021,Île-du-Prince-Édouard,Administrations publiques provinciales-territoriales et locales consolidées,Préservation de la diversité biologique et protection de la nature,11,12.33555
2021,Île-du-Prince-Édouard,Administrations publiques provinciales-territoriales et locales consolidées,Services culturels,11,61.67776
2021,Nouvelle-Écosse,Administrations publiques provinciales-territoriales et locales consolidées,Préservation de la diversité biologique et protection de la nature,12,42.00386
2021,Nouvelle-Écosse,Administrations publiques provinciales-territoriales et locales consolidées,Services culturels,12,74.00681
2021,Nouveau-Brunswick,Administrations publiques provinciales-territoriales et locales consolidées,Préservation de la diversité biologique et protection de la nature,13,20.23262
2021,Nouveau-Brunswick,Administrations publiques provinciales-territoriales et locales consolidées,Services culturels,13,68.28511
2021,Québec,Administrations publiques provinciales-territoriales et locales consolidées,Préservation de la diversité biologique et protection de la nature,24,19.01535
2021,Québec,Administrations publiques provinciales-territoriales et locales consolidées,Services culturels,24,206.25244
2021,Ontario,Administrations publiques provinciales-territoriales et locales consolidées,Préservation de la diversité biologique et protection de la nature,35,57.67227
2021,Ontario,Administrations publiques provinciales-territoriales et locales consolidées,Services culturels,35,98.50101
2021,Manitoba,Administrations publiques provinciales-territoriales et locales consolidées,Préservation de la diversité biologique et protection de la nature,46,25.14505
2021,Manitoba,Administrations publiques provinciales-territoriales et locales consolidées,Services culturels,46,137.22014
2021,Saskatchewan,Administrations publiques provinciales-territoriales et locales consolidées,Préservation de la diversité biologique et protection de la nature,47,21.40941
2021,Saskatchewan,Administrations publiques provinciales-territoriales et locales consolidées,Services culturels,47,163.56787
2021,Alberta,Administrations publiques provinciales-territoriales et locales consolidées,Préservation de la diversité biologique et protection de la nature,48,8.34926
2021,Alberta,Administrations publiques provinciales-territoriales et locales consolidées,Services culturels,48,95.67799
2021,Colombie-Britannique,Administrations publiques provinciales-territoriales et locales consolidées,Préservation de la diversité biologique et protection de la nature,59,12.43623
2021,Colombie-Britannique,Administrations publiques provinciales-territoriales et locales consolidées,Services culturels,59,72.89543
2021,Yukon,Administrations publiques provinciales-territoriales et locales consolidées,Préservation de la diversité biologique et protection de la nature,60,931.07702
2021,Yukon,Administrations publiques provinciales-territoriales et locales consolidées,Services culturels,60,349.15388
2021,Territoires du Nord-Ouest,Administrations publiques provinciales-territoriales et locales consolidées,Préservation de la diversité biologique et protection de la nature,61,426.20965
2021,Territoires du Nord-Ouest,Administrations publiques provinciales-territoriales et locales consolidées,Services culturels,61,224.32087
2021,Nunavut,Administrations publiques provinciales-territoriales et locales consolidées,Préservation de la diversité biologique et protection de la nature,62,149.67819
2021,Nunavut,Administrations publiques provinciales-territoriales et locales consolidées,Services culturels,62,573.7664
2022,Canada,Administration publique générale canadienne consolidée,Préservation de la diversité biologique et protection de la nature,,58.34759
2022,Canada,Administration publique générale canadienne consolidée,Services culturels,,192.63436
2022,Canada,Administrations publiques provinciales-territoriales et locales consolidées,Préservation de la diversité biologique et protection de la nature,,35.54272
2022,Canada,Administrations publiques provinciales-territoriales et locales consolidées,Services culturels,,119.75123
2022,Terre-Neuve-et-Labrador,Administrations publiques provinciales-territoriales et locales consolidées,Préservation de la diversité biologique et protection de la nature,10,18.81174
2022,Terre-Neuve-et-Labrador,Administrations publiques provinciales-territoriales et locales consolidées,Services culturels,10,77.12812
2022,Île-du-Prince-Édouard,Administrations publiques provinciales-territoriales et locales consolidées,Préservation de la diversité biologique et protection de la nature,11,11.96258
2022,Île-du-Prince-Édouard,Administrations publiques provinciales-territoriales et locales consolidées,Services culturels,11,59.81291
2022,Nouvelle-Écosse,Administrations publiques provinciales-territoriales et locales consolidées,Préservation de la diversité biologique et protection de la nature,12,49.73451
2022,Nouvelle-Écosse,Administrations publiques provinciales-territoriales et locales consolidées,Services culturels,12,60.46156
2022,Nouveau-Brunswick,Administrations publiques provinciales-territoriales et locales consolidées,Préservation de la diversité biologique et protection de la nature,13,19.76363
2022,Nouveau-Brunswick,Administrations publiques provinciales-territoriales et locales consolidées,Services culturels,13,69.17269
2022,Québec,Administrations publiques provinciales-territoriales et locales consolidées,Préservation de la diversité biologique et protection de la nature,24,15.4517
2022,Québec,Administrations publiques provinciales-territoriales et locales consolidées,Services culturels,24,205.83048
2022,Ontario,Administrations publiques provinciales-territoriales et locales consolidées,Préservation de la diversité biologique et protection de la nature,35,60.01978
2022,Ontario,Administrations publiques provinciales-territoriales et locales consolidées,Services culturels,35,94.68468
2022,Manitoba,Administrations publiques provinciales-territoriales et locales consolidées,Préservation de la diversité biologique et protection de la nature,46,33.25294
2022,Manitoba,Administrations publiques provinciales-territoriales et locales consolidées,Services culturels,46,138.67182
2022,Saskatchewan,Administrations publiques provinciales-territoriales et locales consolidées,Préservation de la diversité biologique et protection de la nature,47,20.36622
2022,Saskatchewan,Administrations publiques provinciales-territoriales et locales consolidées,Services culturels,47,162.08116
2022,Alberta,Administrations publiques provinciales-territoriales et locales consolidées,Préservation de la diversité biologique et protection de la nature,48,8.64574
2022,Alberta,Administrations publiques provinciales-territoriales et locales consolidées,Services culturels,48,96.65496
2022,Colombie-Britannique,Administrations publiques provinciales-territoriales et locales consolidées,Préservation de la diversité biologique et protection de la nature,59,16.4293
2022,Colombie-Britannique,Administrations publiques provinciales-territoriales et locales consolidées,Services culturels,59,75.23873
2022,Yukon,Administrations publiques provinciales-territoriales et locales consolidées,Préservation de la diversité biologique et protection de la nature,60,911.05797
2022,Yukon,Administrations publiques provinciales-territoriales et locales consolidées,Services culturels,60,364.42319
2022,Territoires du Nord-Ouest,Administrations publiques provinciales-territoriales et locales consolidées,Préservation de la diversité biologique et protection de la nature,61,425.19861
2022,Territoires du Nord-Ouest,Administrations publiques provinciales-territoriales et locales consolidées,Services culturels,61,223.78874
2022,Nunavut,Administrations publiques provinciales-territoriales et locales consolidées,Préservation de la diversité biologique et protection de la nature,62,148.20304
2022,Nunavut,Administrations publiques provinciales-territoriales et locales consolidées,Services culturels,62,592.81215
