Year,Géographie,Sources des déchets à des fins d'élimination,GeoCode,Value
2002,,,,24081371.0
2004,,,,25226766.0
2006,,,,26417011.0
2008,,,,25926476.0
2010,,,,24952415.0
2012,,,,24681474.0
2014,,,,24766650.0
2016,,,,24940747.0
2018,,,,25733021.0
2002,Terre-Neuve-et-Labrador,Toutes les sources de déchets à des fins d'élimination,10,376594.0
2002,Terre-Neuve-et-Labrador,Sources de déchets non résidentielles à des fins d'élimination,,216218.0
2002,Terre-Neuve-et-Labrador,Sources de déchets résidentielles à des fins d'élimination,,160376.0
2002,Île-du-Prince-Édouard,Toutes les sources de déchets à des fins d'élimination,11,
2002,Île-du-Prince-Édouard,Sources de déchets non résidentielles à des fins d'élimination,,
2002,Île-du-Prince-Édouard,Sources de déchets résidentielles à des fins d'élimination,,
2002,Nouvelle-Écosse,Toutes les sources de déchets à des fins d'élimination,12,389194.0
2002,Nouvelle-Écosse,Sources de déchets non résidentielles à des fins d'élimination,,169649.0
2002,Nouvelle-Écosse,Sources de déchets résidentielles à des fins d'élimination,,219546.0
2002,Nouveau-Brunswick,Toutes les sources de déchets à des fins d'élimination,13,413606.0
2002,Nouveau-Brunswick,Sources de déchets non résidentielles à des fins d'élimination,,203506.0
2002,Nouveau-Brunswick,Sources de déchets résidentielles à des fins d'élimination,,210100.0
2002,Québec,Toutes les sources de déchets à des fins d'élimination,24,5846459.0
2002,Québec,Sources de déchets non résidentielles à des fins d'élimination,,1875235.0
2002,Québec,Sources de déchets résidentielles à des fins d'élimination,,3971225.0
2002,Ontario,Toutes les sources de déchets à des fins d'élimination,35,9645633.0
2002,Ontario,Sources de déchets non résidentielles à des fins d'élimination,,3438408.0
2002,Ontario,Sources de déchets résidentielles à des fins d'élimination,,6207225.0
2002,Manitoba,Toutes les sources de déchets à des fins d'élimination,46,896556.0
2002,Manitoba,Sources de déchets non résidentielles à des fins d'élimination,,412612.0
2002,Manitoba,Sources de déchets résidentielles à des fins d'élimination,,483944.0
2002,Saskatchewan,Toutes les sources de déchets à des fins d'élimination,47,795124.0
2002,Saskatchewan,Sources de déchets non résidentielles à des fins d'élimination,,278692.0
2002,Saskatchewan,Sources de déchets résidentielles à des fins d'élimination,,516432.0
2002,Alberta,Toutes les sources de déchets à des fins d'élimination,48,2890294.0
2002,Alberta,Sources de déchets non résidentielles à des fins d'élimination,,866398.0
2002,Alberta,Sources de déchets résidentielles à des fins d'élimination,,2023896.0
2002,Colombie-Britannique,Toutes les sources de déchets à des fins d'élimination,59,2687882.0
2002,Colombie-Britannique,Sources de déchets non résidentielles à des fins d'élimination,,929101.0
2002,Colombie-Britannique,Sources de déchets résidentielles à des fins d'élimination,,1758781.0
2002,"Yukon, Territoires du Nord-Ouest et Nunavut",Toutes les sources de déchets à des fins d'élimination,,
2002,"Yukon, Territoires du Nord-Ouest et Nunavut",Sources de déchets non résidentielles à des fins d'élimination,,
2002,"Yukon, Territoires du Nord-Ouest et Nunavut",Sources de déchets résidentielles à des fins d'élimination,,
2004,Terre-Neuve-et-Labrador,Toutes les sources de déchets à des fins d'élimination,10,400048.0
2004,Terre-Neuve-et-Labrador,Sources de déchets non résidentielles à des fins d'élimination,,228004.0
2004,Terre-Neuve-et-Labrador,Sources de déchets résidentielles à des fins d'élimination,,172044.0
2004,Île-du-Prince-Édouard,Toutes les sources de déchets à des fins d'élimination,11,
2004,Île-du-Prince-Édouard,Sources de déchets non résidentielles à des fins d'élimination,,
2004,Île-du-Prince-Édouard,Sources de déchets résidentielles à des fins d'élimination,,
2004,Nouvelle-Écosse,Toutes les sources de déchets à des fins d'élimination,12,399967.0
2004,Nouvelle-Écosse,Sources de déchets non résidentielles à des fins d'élimination,,179262.0
2004,Nouvelle-Écosse,Sources de déchets résidentielles à des fins d'élimination,,220705.0
2004,Nouveau-Brunswick,Toutes les sources de déchets à des fins d'élimination,13,442173.0
2004,Nouveau-Brunswick,Sources de déchets non résidentielles à des fins d'élimination,,208120.0
2004,Nouveau-Brunswick,Sources de déchets résidentielles à des fins d'élimination,,234053.0
2004,Québec,Toutes les sources de déchets à des fins d'élimination,24,6454000.0
2004,Québec,Sources de déchets non résidentielles à des fins d'élimination,,2209000.0
2004,Québec,Sources de déchets résidentielles à des fins d'élimination,,4245000.0
2004,Ontario,Toutes les sources de déchets à des fins d'élimination,35,9809264.0
2004,Ontario,Sources de déchets non résidentielles à des fins d'élimination,,3489917.0
2004,Ontario,Sources de déchets résidentielles à des fins d'élimination,,6319347.0
2004,Manitoba,Toutes les sources de déchets à des fins d'élimination,46,928117.0
2004,Manitoba,Sources de déchets non résidentielles à des fins d'élimination,,450658.0
2004,Manitoba,Sources de déchets résidentielles à des fins d'élimination,,477459.0
2004,Saskatchewan,Toutes les sources de déchets à des fins d'élimination,47,794933.0
2004,Saskatchewan,Sources de déchets non résidentielles à des fins d'élimination,,279420.0
2004,Saskatchewan,Sources de déchets résidentielles à des fins d'élimination,,515513.0
2004,Alberta,Toutes les sources de déchets à des fins d'élimination,48,3077311.0
2004,Alberta,Sources de déchets non résidentielles à des fins d'élimination,,943420.0
2004,Alberta,Sources de déchets résidentielles à des fins d'élimination,,2133890.0
2004,Colombie-Britannique,Toutes les sources de déchets à des fins d'élimination,59,2767657.0
2004,Colombie-Britannique,Sources de déchets non résidentielles à des fins d'élimination,,919323.0
2004,Colombie-Britannique,Sources de déchets résidentielles à des fins d'élimination,,1848335.0
2004,"Yukon, Territoires du Nord-Ouest et Nunavut",Toutes les sources de déchets à des fins d'élimination,,
2004,"Yukon, Territoires du Nord-Ouest et Nunavut",Sources de déchets non résidentielles à des fins d'élimination,,
2004,"Yukon, Territoires du Nord-Ouest et Nunavut",Sources de déchets résidentielles à des fins d'élimination,,
2006,Terre-Neuve-et-Labrador,Toutes les sources de déchets à des fins d'élimination,10,428809.0
2006,Terre-Neuve-et-Labrador,Sources de déchets non résidentielles à des fins d'élimination,,227618.0
2006,Terre-Neuve-et-Labrador,Sources de déchets résidentielles à des fins d'élimination,,201192.0
2006,Île-du-Prince-Édouard,Toutes les sources de déchets à des fins d'élimination,11,
2006,Île-du-Prince-Édouard,Sources de déchets non résidentielles à des fins d'élimination,,
2006,Île-du-Prince-Édouard,Sources de déchets résidentielles à des fins d'élimination,,
2006,Nouvelle-Écosse,Toutes les sources de déchets à des fins d'élimination,12,359105.0
2006,Nouvelle-Écosse,Sources de déchets non résidentielles à des fins d'élimination,,169337.0
2006,Nouvelle-Écosse,Sources de déchets résidentielles à des fins d'élimination,,189768.0
2006,Nouveau-Brunswick,Toutes les sources de déchets à des fins d'élimination,13,511706.0
2006,Nouveau-Brunswick,Sources de déchets non résidentielles à des fins d'élimination,,263580.0
2006,Nouveau-Brunswick,Sources de déchets résidentielles à des fins d'élimination,,248125.0
2006,Québec,Toutes les sources de déchets à des fins d'élimination,24,6808440.0
2006,Québec,Sources de déchets non résidentielles à des fins d'élimination,,2980427.0
2006,Québec,Sources de déchets résidentielles à des fins d'élimination,,3828013.0
2006,Ontario,Toutes les sources de déchets à des fins d'élimination,35,9710459.0
2006,Ontario,Sources de déchets non résidentielles à des fins d'élimination,,3411642.0
2006,Ontario,Sources de déchets résidentielles à des fins d'élimination,,6298818.0
2006,Manitoba,Toutes les sources de déchets à des fins d'élimination,46,904272.0
2006,Manitoba,Sources de déchets non résidentielles à des fins d'élimination,,425304.0
2006,Manitoba,Sources de déchets résidentielles à des fins d'élimination,,478968.0
2006,Saskatchewan,Toutes les sources de déchets à des fins d'élimination,47,833753.0
2006,Saskatchewan,Sources de déchets non résidentielles à des fins d'élimination,,296062.0
2006,Saskatchewan,Sources de déchets résidentielles à des fins d'élimination,,537691.0
2006,Alberta,Toutes les sources de déchets à des fins d'élimination,48,3819872.0
2006,Alberta,Sources de déchets non résidentielles à des fins d'élimination,,973683.0
2006,Alberta,Sources de déchets résidentielles à des fins d'élimination,,2846189.0
2006,Colombie-Britannique,Toutes les sources de déchets à des fins d'élimination,59,2917080.0
2006,Colombie-Britannique,Sources de déchets non résidentielles à des fins d'élimination,,956968.0
2006,Colombie-Britannique,Sources de déchets résidentielles à des fins d'élimination,,1960113.0
2006,"Yukon, Territoires du Nord-Ouest et Nunavut",Toutes les sources de déchets à des fins d'élimination,,
2006,"Yukon, Territoires du Nord-Ouest et Nunavut",Sources de déchets non résidentielles à des fins d'élimination,,
2006,"Yukon, Territoires du Nord-Ouest et Nunavut",Sources de déchets résidentielles à des fins d'élimination,,
2008,Terre-Neuve-et-Labrador,Toutes les sources de déchets à des fins d'élimination,10,399184.0
2008,Terre-Neuve-et-Labrador,Sources de déchets non résidentielles à des fins d'élimination,,210964.0
2008,Terre-Neuve-et-Labrador,Sources de déchets résidentielles à des fins d'élimination,,188220.0
2008,Île-du-Prince-Édouard,Toutes les sources de déchets à des fins d'élimination,11,
2008,Île-du-Prince-Édouard,Sources de déchets non résidentielles à des fins d'élimination,,
2008,Île-du-Prince-Édouard,Sources de déchets résidentielles à des fins d'élimination,,
2008,Nouvelle-Écosse,Toutes les sources de déchets à des fins d'élimination,12,354231.0
2008,Nouvelle-Écosse,Sources de déchets non résidentielles à des fins d'élimination,,148060.0
2008,Nouvelle-Écosse,Sources de déchets résidentielles à des fins d'élimination,,206171.0
2008,Nouveau-Brunswick,Toutes les sources de déchets à des fins d'élimination,13,479461.0
2008,Nouveau-Brunswick,Sources de déchets non résidentielles à des fins d'élimination,,233703.0
2008,Nouveau-Brunswick,Sources de déchets résidentielles à des fins d'élimination,,245758.0
2008,Québec,Toutes les sources de déchets à des fins d'élimination,24,6146319.0
2008,Québec,Sources de déchets non résidentielles à des fins d'élimination,,2848822.0
2008,Québec,Sources de déchets résidentielles à des fins d'élimination,,3297497.0
2008,Ontario,Toutes les sources de déchets à des fins d'élimination,35,9631559.0
2008,Ontario,Sources de déchets non résidentielles à des fins d'élimination,,3231399.0
2008,Ontario,Sources de déchets résidentielles à des fins d'élimination,,6400160.0
2008,Manitoba,Toutes les sources de déchets à des fins d'élimination,46,945441.0
2008,Manitoba,Sources de déchets non résidentielles à des fins d'élimination,,400297.0
2008,Manitoba,Sources de déchets résidentielles à des fins d'élimination,,545144.0
2008,Saskatchewan,Toutes les sources de déchets à des fins d'élimination,47,902943.0
2008,Saskatchewan,Sources de déchets non résidentielles à des fins d'élimination,,289760.0
2008,Saskatchewan,Sources de déchets résidentielles à des fins d'élimination,,613182.0
2008,Alberta,Toutes les sources de déchets à des fins d'élimination,48,4147558.0
2008,Alberta,Sources de déchets non résidentielles à des fins d'élimination,,993976.0
2008,Alberta,Sources de déchets résidentielles à des fins d'élimination,,3153581.0
2008,Colombie-Britannique,Toutes les sources de déchets à des fins d'élimination,59,2811568.0
2008,Colombie-Britannique,Sources de déchets non résidentielles à des fins d'élimination,,960472.0
2008,Colombie-Britannique,Sources de déchets résidentielles à des fins d'élimination,,1851097.0
2008,"Yukon, Territoires du Nord-Ouest et Nunavut",Toutes les sources de déchets à des fins d'élimination,,
2008,"Yukon, Territoires du Nord-Ouest et Nunavut",Sources de déchets non résidentielles à des fins d'élimination,,
2008,"Yukon, Territoires du Nord-Ouest et Nunavut",Sources de déchets résidentielles à des fins d'élimination,,
2010,Terre-Neuve-et-Labrador,Toutes les sources de déchets à des fins d'élimination,10,394235.0
2010,Terre-Neuve-et-Labrador,Sources de déchets non résidentielles à des fins d'élimination,,
2010,Terre-Neuve-et-Labrador,Sources de déchets résidentielles à des fins d'élimination,,
2010,Île-du-Prince-Édouard,Toutes les sources de déchets à des fins d'élimination,11,
2010,Île-du-Prince-Édouard,Sources de déchets non résidentielles à des fins d'élimination,,
2010,Île-du-Prince-Édouard,Sources de déchets résidentielles à des fins d'élimination,,
2010,Nouvelle-Écosse,Toutes les sources de déchets à des fins d'élimination,12,367246.0
2010,Nouvelle-Écosse,Sources de déchets non résidentielles à des fins d'élimination,,145589.0
2010,Nouvelle-Écosse,Sources de déchets résidentielles à des fins d'élimination,,221657.0
2010,Nouveau-Brunswick,Toutes les sources de déchets à des fins d'élimination,13,475265.0
2010,Nouveau-Brunswick,Sources de déchets non résidentielles à des fins d'élimination,,219486.0
2010,Nouveau-Brunswick,Sources de déchets résidentielles à des fins d'élimination,,255779.0
2010,Québec,Toutes les sources de déchets à des fins d'élimination,24,5795707.0
2010,Québec,Sources de déchets non résidentielles à des fins d'élimination,,2853189.0
2010,Québec,Sources de déchets résidentielles à des fins d'élimination,,2942518.0
2010,Ontario,Toutes les sources de déchets à des fins d'élimination,35,9247415.0
2010,Ontario,Sources de déchets non résidentielles à des fins d'élimination,,3204264.0
2010,Ontario,Sources de déchets résidentielles à des fins d'élimination,,6043151.0
2010,Manitoba,Toutes les sources de déchets à des fins d'élimination,46,1020481.0
2010,Manitoba,Sources de déchets non résidentielles à des fins d'élimination,,453754.0
2010,Manitoba,Sources de déchets résidentielles à des fins d'élimination,,566727.0
2010,Saskatchewan,Toutes les sources de déchets à des fins d'élimination,47,937268.0
2010,Saskatchewan,Sources de déchets non résidentielles à des fins d'élimination,,283726.0
2010,Saskatchewan,Sources de déchets résidentielles à des fins d'élimination,,653541.0
2010,Alberta,Toutes les sources de déchets à des fins d'élimination,48,3917492.0
2010,Alberta,Sources de déchets non résidentielles à des fins d'élimination,,1093155.0
2010,Alberta,Sources de déchets résidentielles à des fins d'élimination,,2824337.0
2010,Colombie-Britannique,Toutes les sources de déchets à des fins d'élimination,59,2658271.0
2010,Colombie-Britannique,Sources de déchets non résidentielles à des fins d'élimination,,953761.0
2010,Colombie-Britannique,Sources de déchets résidentielles à des fins d'élimination,,1704510.0
2010,"Yukon, Territoires du Nord-Ouest et Nunavut",Toutes les sources de déchets à des fins d'élimination,,
2010,"Yukon, Territoires du Nord-Ouest et Nunavut",Sources de déchets non résidentielles à des fins d'élimination,,
2010,"Yukon, Territoires du Nord-Ouest et Nunavut",Sources de déchets résidentielles à des fins d'élimination,,
2012,Terre-Neuve-et-Labrador,Toutes les sources de déchets à des fins d'élimination,10,391571.0
2012,Terre-Neuve-et-Labrador,Sources de déchets non résidentielles à des fins d'élimination,,
2012,Terre-Neuve-et-Labrador,Sources de déchets résidentielles à des fins d'élimination,,
2012,Île-du-Prince-Édouard,Toutes les sources de déchets à des fins d'élimination,11,
2012,Île-du-Prince-Édouard,Sources de déchets non résidentielles à des fins d'élimination,,
2012,Île-du-Prince-Édouard,Sources de déchets résidentielles à des fins d'élimination,,
2012,Nouvelle-Écosse,Toutes les sources de déchets à des fins d'élimination,12,365079.0
2012,Nouvelle-Écosse,Sources de déchets non résidentielles à des fins d'élimination,,145601.0
2012,Nouvelle-Écosse,Sources de déchets résidentielles à des fins d'élimination,,219478.0
2012,Nouveau-Brunswick,Toutes les sources de déchets à des fins d'élimination,13,492938.0
2012,Nouveau-Brunswick,Sources de déchets non résidentielles à des fins d'élimination,,215755.0
2012,Nouveau-Brunswick,Sources de déchets résidentielles à des fins d'élimination,,277183.0
2012,Québec,Toutes les sources de déchets à des fins d'élimination,24,5584621.0
2012,Québec,Sources de déchets non résidentielles à des fins d'élimination,,2803335.0
2012,Québec,Sources de déchets résidentielles à des fins d'élimination,,2781286.0
2012,Ontario,Toutes les sources de déchets à des fins d'élimination,35,9208839.0
2012,Ontario,Sources de déchets non résidentielles à des fins d'élimination,,3388501.0
2012,Ontario,Sources de déchets résidentielles à des fins d'élimination,,5820338.0
2012,Manitoba,Toutes les sources de déchets à des fins d'élimination,46,1017663.0
2012,Manitoba,Sources de déchets non résidentielles à des fins d'élimination,,444227.0
2012,Manitoba,Sources de déchets résidentielles à des fins d'élimination,,573436.0
2012,Saskatchewan,Toutes les sources de déchets à des fins d'élimination,47,957670.0
2012,Saskatchewan,Sources de déchets non résidentielles à des fins d'élimination,,315987.0
2012,Saskatchewan,Sources de déchets résidentielles à des fins d'élimination,,641682.0
2012,Alberta,Toutes les sources de déchets à des fins d'élimination,48,3913924.0
2012,Alberta,Sources de déchets non résidentielles à des fins d'élimination,,1176226.0
2012,Alberta,Sources de déchets résidentielles à des fins d'élimination,,2737698.0
2012,Colombie-Britannique,Toutes les sources de déchets à des fins d'élimination,59,2604147.0
2012,Colombie-Britannique,Sources de déchets non résidentielles à des fins d'élimination,,947542.0
2012,Colombie-Britannique,Sources de déchets résidentielles à des fins d'élimination,,1656605.0
2012,"Yukon, Territoires du Nord-Ouest et Nunavut",Toutes les sources de déchets à des fins d'élimination,,
2012,"Yukon, Territoires du Nord-Ouest et Nunavut",Sources de déchets non résidentielles à des fins d'élimination,,
2012,"Yukon, Territoires du Nord-Ouest et Nunavut",Sources de déchets résidentielles à des fins d'élimination,,
2014,Terre-Neuve-et-Labrador,Toutes les sources de déchets à des fins d'élimination,10,415158.0
2014,Terre-Neuve-et-Labrador,Sources de déchets non résidentielles à des fins d'élimination,,
2014,Terre-Neuve-et-Labrador,Sources de déchets résidentielles à des fins d'élimination,,
2014,Île-du-Prince-Édouard,Toutes les sources de déchets à des fins d'élimination,11,
2014,Île-du-Prince-Édouard,Sources de déchets non résidentielles à des fins d'élimination,,
2014,Île-du-Prince-Édouard,Sources de déchets résidentielles à des fins d'élimination,,
2014,Nouvelle-Écosse,Toutes les sources de déchets à des fins d'élimination,12,364193.0
2014,Nouvelle-Écosse,Sources de déchets non résidentielles à des fins d'élimination,,160805.0
2014,Nouvelle-Écosse,Sources de déchets résidentielles à des fins d'élimination,,203388.0
2014,Nouveau-Brunswick,Toutes les sources de déchets à des fins d'élimination,13,508115.0
2014,Nouveau-Brunswick,Sources de déchets non résidentielles à des fins d'élimination,,234534.0
2014,Nouveau-Brunswick,Sources de déchets résidentielles à des fins d'élimination,,273581.0
2014,Québec,Toutes les sources de déchets à des fins d'élimination,24,5414539.0
2014,Québec,Sources de déchets non résidentielles à des fins d'élimination,,2831404.0
2014,Québec,Sources de déchets résidentielles à des fins d'élimination,,2583135.0
2014,Ontario,Toutes les sources de déchets à des fins d'élimination,35,9165299.0
2014,Ontario,Sources de déchets non résidentielles à des fins d'élimination,,3490792.0
2014,Ontario,Sources de déchets résidentielles à des fins d'élimination,,5674507.0
2014,Manitoba,Toutes les sources de déchets à des fins d'élimination,46,990230.0
2014,Manitoba,Sources de déchets non résidentielles à des fins d'élimination,,333008.0
2014,Manitoba,Sources de déchets résidentielles à des fins d'élimination,,657222.0
2014,Saskatchewan,Toutes les sources de déchets à des fins d'élimination,47,940595.0
2014,Saskatchewan,Sources de déchets non résidentielles à des fins d'élimination,,331430.0
2014,Saskatchewan,Sources de déchets résidentielles à des fins d'élimination,,609166.0
2014,Alberta,Toutes les sources de déchets à des fins d'élimination,48,4097584.0
2014,Alberta,Sources de déchets non résidentielles à des fins d'élimination,,1230635.0
2014,Alberta,Sources de déchets résidentielles à des fins d'élimination,,2866949.0
2014,Colombie-Britannique,Toutes les sources de déchets à des fins d'élimination,59,2721309.0
2014,Colombie-Britannique,Sources de déchets non résidentielles à des fins d'élimination,,941345.0
2014,Colombie-Britannique,Sources de déchets résidentielles à des fins d'élimination,,1779963.0
2014,"Yukon, Territoires du Nord-Ouest et Nunavut",Toutes les sources de déchets à des fins d'élimination,,
2014,"Yukon, Territoires du Nord-Ouest et Nunavut",Sources de déchets non résidentielles à des fins d'élimination,,
2014,"Yukon, Territoires du Nord-Ouest et Nunavut",Sources de déchets résidentielles à des fins d'élimination,,
2016,Terre-Neuve-et-Labrador,Toutes les sources de déchets à des fins d'élimination,10,395324.0
2016,Terre-Neuve-et-Labrador,Sources de déchets non résidentielles à des fins d'élimination,,
2016,Terre-Neuve-et-Labrador,Sources de déchets résidentielles à des fins d'élimination,,
2016,Île-du-Prince-Édouard,Toutes les sources de déchets à des fins d'élimination,11,
2016,Île-du-Prince-Édouard,Sources de déchets non résidentielles à des fins d'élimination,,
2016,Île-du-Prince-Édouard,Sources de déchets résidentielles à des fins d'élimination,,
2016,Nouvelle-Écosse,Toutes les sources de déchets à des fins d'élimination,12,375258.0
2016,Nouvelle-Écosse,Sources de déchets non résidentielles à des fins d'élimination,,169786.0
2016,Nouvelle-Écosse,Sources de déchets résidentielles à des fins d'élimination,,205472.0
2016,Nouveau-Brunswick,Toutes les sources de déchets à des fins d'élimination,13,503123.0
2016,Nouveau-Brunswick,Sources de déchets non résidentielles à des fins d'élimination,,225893.0
2016,Nouveau-Brunswick,Sources de déchets résidentielles à des fins d'élimination,,277230.0
2016,Québec,Toutes les sources de déchets à des fins d'élimination,24,5356134.0
2016,Québec,Sources de déchets non résidentielles à des fins d'élimination,,3010083.0
2016,Québec,Sources de déchets résidentielles à des fins d'élimination,,2346051.0
2016,Ontario,Toutes les sources de déchets à des fins d'élimination,35,9475472.0
2016,Ontario,Sources de déchets non résidentielles à des fins d'élimination,,3703850.0
2016,Ontario,Sources de déchets résidentielles à des fins d'élimination,,5771622.0
2016,Manitoba,Toutes les sources de déchets à des fins d'élimination,46,969289.0
2016,Manitoba,Sources de déchets non résidentielles à des fins d'élimination,,308517.0
2016,Manitoba,Sources de déchets résidentielles à des fins d'élimination,,660772.0
2016,Saskatchewan,Toutes les sources de déchets à des fins d'élimination,47,898404.0
2016,Saskatchewan,Sources de déchets non résidentielles à des fins d'élimination,,343497.0
2016,Saskatchewan,Sources de déchets résidentielles à des fins d'élimination,,554908.0
2016,Alberta,Toutes les sources de déchets à des fins d'élimination,48,4206668.0
2016,Alberta,Sources de déchets non résidentielles à des fins d'élimination,,1299856.0
2016,Alberta,Sources de déchets résidentielles à des fins d'élimination,,2906811.0
2016,Colombie-Britannique,Toutes les sources de déchets à des fins d'élimination,59,2614087.0
2016,Colombie-Britannique,Sources de déchets non résidentielles à des fins d'élimination,,929476.0
2016,Colombie-Britannique,Sources de déchets résidentielles à des fins d'élimination,,1684611.0
2016,"Yukon, Territoires du Nord-Ouest et Nunavut",Toutes les sources de déchets à des fins d'élimination,,
2016,"Yukon, Territoires du Nord-Ouest et Nunavut",Sources de déchets non résidentielles à des fins d'élimination,,
2016,"Yukon, Territoires du Nord-Ouest et Nunavut",Sources de déchets résidentielles à des fins d'élimination,,
2018,Terre-Neuve-et-Labrador,Toutes les sources de déchets à des fins d'élimination,10,373668.0
2018,Terre-Neuve-et-Labrador,Sources de déchets non résidentielles à des fins d'élimination,,158588.0
2018,Terre-Neuve-et-Labrador,Sources de déchets résidentielles à des fins d'élimination,,215080.0
2018,Île-du-Prince-Édouard,Toutes les sources de déchets à des fins d'élimination,11,53972.0
2018,Île-du-Prince-Édouard,Sources de déchets non résidentielles à des fins d'élimination,,20540.0
2018,Île-du-Prince-Édouard,Sources de déchets résidentielles à des fins d'élimination,,33432.0
2018,Nouvelle-Écosse,Toutes les sources de déchets à des fins d'élimination,12,392328.0
2018,Nouvelle-Écosse,Sources de déchets non résidentielles à des fins d'élimination,,157078.0
2018,Nouvelle-Écosse,Sources de déchets résidentielles à des fins d'élimination,,235250.0
2018,Nouveau-Brunswick,Toutes les sources de déchets à des fins d'élimination,13,507848.0
2018,Nouveau-Brunswick,Sources de déchets non résidentielles à des fins d'élimination,,222110.0
2018,Nouveau-Brunswick,Sources de déchets résidentielles à des fins d'élimination,,285738.0
2018,Québec,Toutes les sources de déchets à des fins d'élimination,24,5563136.0
2018,Québec,Sources de déchets non résidentielles à des fins d'élimination,,3231578.0
2018,Québec,Sources de déchets résidentielles à des fins d'élimination,,2331557.0
2018,Ontario,Toutes les sources de déchets à des fins d'élimination,35,10085613.0
2018,Ontario,Sources de déchets non résidentielles à des fins d'élimination,,3980665.0
2018,Ontario,Sources de déchets résidentielles à des fins d'élimination,,6104948.0
2018,Manitoba,Toutes les sources de déchets à des fins d'élimination,46,963256.0
2018,Manitoba,Sources de déchets non résidentielles à des fins d'élimination,,333742.0
2018,Manitoba,Sources de déchets résidentielles à des fins d'élimination,,629514.0
2018,Saskatchewan,Toutes les sources de déchets à des fins d'élimination,47,864753.0
2018,Saskatchewan,Sources de déchets non résidentielles à des fins d'élimination,,381180.0
2018,Saskatchewan,Sources de déchets résidentielles à des fins d'élimination,,483573.0
2018,Alberta,Toutes les sources de déchets à des fins d'élimination,48,4118081.0
2018,Alberta,Sources de déchets non résidentielles à des fins d'élimination,,1336765.0
2018,Alberta,Sources de déchets résidentielles à des fins d'élimination,,2781316.0
2018,Colombie-Britannique,Toutes les sources de déchets à des fins d'élimination,59,2719877.0
2018,Colombie-Britannique,Sources de déchets non résidentielles à des fins d'élimination,,993371.0
2018,Colombie-Britannique,Sources de déchets résidentielles à des fins d'élimination,,1726506.0
2018,"Yukon, Territoires du Nord-Ouest et Nunavut",Toutes les sources de déchets à des fins d'élimination,,90489.0
2018,"Yukon, Territoires du Nord-Ouest et Nunavut",Sources de déchets non résidentielles à des fins d'élimination,,32621.0
2018,"Yukon, Territoires du Nord-Ouest et Nunavut",Sources de déchets résidentielles à des fins d'élimination,,57868.0
