Year,Géographie,Genre,Identité autochtone,GeoCode,Value
2014,,,,,1.48
2015,,,,,1.71
2016,,,,,1.71
2017,,,,,1.83
2018,,,,,1.79
2019,,,,,1.84
2020,,,,,2.01
2021,,,,,2.09
2022,,,,,2.27
2023,,,,,1.94
2014,Canada,Toutes les identités de genre,Identité autochtone,,7.19
2014,Canada,Toutes les identités de genre,Identité non autochtone,,1.18
2014,Canada,Homme,Total,,2.12
2014,Canada,Homme,Identité autochtone,,10.87
2014,Canada,Homme,Identité non autochtone,,1.65
2014,Canada,Femme,Total,,0.86
2014,Canada,Femme,Identité autochtone,,3.63
2014,Canada,Femme,Identité non autochtone,,0.72
2014,Terre-Neuve-et-Labrador,Toutes les identités de genre,Total,10,0.38
2014,Terre-Neuve-et-Labrador,Toutes les identités de genre,Identité autochtone,,0.0
2014,Terre-Neuve-et-Labrador,Toutes les identités de genre,Identité non autochtone,,0.41
2014,Terre-Neuve-et-Labrador,Homme,Total,,0.77
2014,Terre-Neuve-et-Labrador,Homme,Identité autochtone,,0.0
2014,Terre-Neuve-et-Labrador,Homme,Identité non autochtone,,0.83
2014,Terre-Neuve-et-Labrador,Femme,Total,,0.0
2014,Terre-Neuve-et-Labrador,Femme,Identité autochtone,,0.0
2014,Terre-Neuve-et-Labrador,Femme,Identité non autochtone,,0.0
2014,Île-du-Prince-Édouard,Toutes les identités de genre,Total,11,2.06
2014,Île-du-Prince-Édouard,Toutes les identités de genre,Identité autochtone,,0.0
2014,Île-du-Prince-Édouard,Toutes les identités de genre,Identité non autochtone,,2.1
2014,Île-du-Prince-Édouard,Homme,Total,,4.23
2014,Île-du-Prince-Édouard,Homme,Identité autochtone,,0.0
2014,Île-du-Prince-Édouard,Homme,Identité non autochtone,,4.31
2014,Île-du-Prince-Édouard,Femme,Total,,0.0
2014,Île-du-Prince-Édouard,Femme,Identité autochtone,,0.0
2014,Île-du-Prince-Édouard,Femme,Identité non autochtone,,0.0
2014,Nouvelle-Écosse,Toutes les identités de genre,Total,12,0.64
2014,Nouvelle-Écosse,Toutes les identités de genre,Identité autochtone,,2.14
2014,Nouvelle-Écosse,Toutes les identités de genre,Identité non autochtone,,0.45
2014,Nouvelle-Écosse,Homme,Total,,0.87
2014,Nouvelle-Écosse,Homme,Identité autochtone,,0.0
2014,Nouvelle-Écosse,Homme,Identité non autochtone,,0.68
2014,Nouvelle-Écosse,Femme,Total,,0.42
2014,Nouvelle-Écosse,Femme,Identité autochtone,,4.19
2014,Nouvelle-Écosse,Femme,Identité non autochtone,,0.22
2014,Nouveau-Brunswick,Toutes les identités de genre,Total,13,1.45
2014,Nouveau-Brunswick,Toutes les identités de genre,Identité autochtone,,0.0
2014,Nouveau-Brunswick,Toutes les identités de genre,Identité non autochtone,,1.5
2014,Nouveau-Brunswick,Homme,Total,,1.6
2014,Nouveau-Brunswick,Homme,Identité autochtone,,0.0
2014,Nouveau-Brunswick,Homme,Identité non autochtone,,1.66
2014,Nouveau-Brunswick,Femme,Total,,1.3
2014,Nouveau-Brunswick,Femme,Identité autochtone,,0.0
2014,Nouveau-Brunswick,Femme,Identité non autochtone,,1.35
2014,Québec,Toutes les identités de genre,Total,24,0.89
2014,Québec,Toutes les identités de genre,Identité autochtone,,2.15
2014,Québec,Toutes les identités de genre,Identité non autochtone,,0.83
2014,Québec,Homme,Total,,1.19
2014,Québec,Homme,Identité autochtone,,2.12
2014,Québec,Homme,Identité non autochtone,,1.11
2014,Québec,Femme,Total,,0.59
2014,Québec,Femme,Identité autochtone,,2.17
2014,Québec,Femme,Identité non autochtone,,0.55
2014,Ontario,Toutes les identités de genre,Total,35,1.15
2014,Ontario,Toutes les identités de genre,Identité autochtone,,5.57
2014,Ontario,Toutes les identités de genre,Identité non autochtone,,1.0
2014,Ontario,Homme,Total,,1.72
2014,Ontario,Homme,Identité autochtone,,9.8
2014,Ontario,Homme,Identité non autochtone,,1.46
2014,Ontario,Femme,Total,,0.59
2014,Ontario,Femme,Identité autochtone,,1.55
2014,Ontario,Femme,Identité non autochtone,,0.55
2014,Manitoba,Toutes les identités de genre,Total,46,3.51
2014,Manitoba,Toutes les identités de genre,Identité autochtone,,12.88
2014,Manitoba,Toutes les identités de genre,Identité non autochtone,,1.52
2014,Manitoba,Homme,Total,,5.18
2014,Manitoba,Homme,Identité autochtone,,19.87
2014,Manitoba,Homme,Identité non autochtone,,2.09
2014,Manitoba,Femme,Total,,1.87
2014,Manitoba,Femme,Identité autochtone,,6.12
2014,Manitoba,Femme,Identité non autochtone,,0.95
2014,Saskatchewan,Toutes les identités de genre,Total,47,2.17
2014,Saskatchewan,Toutes les identités de genre,Identité autochtone,,6.73
2014,Saskatchewan,Toutes les identités de genre,Identité non autochtone,,1.29
2014,Saskatchewan,Homme,Total,,3.41
2014,Saskatchewan,Homme,Identité autochtone,,12.59
2014,Saskatchewan,Homme,Identité non autochtone,,1.7
2014,Saskatchewan,Femme,Total,,0.91
2014,Saskatchewan,Femme,Identité autochtone,,1.1
2014,Saskatchewan,Femme,Identité non autochtone,,0.87
2014,Alberta,Toutes les identités de genre,Total,48,2.65
2014,Alberta,Toutes les identités de genre,Identité autochtone,,12.23
2014,Alberta,Toutes les identités de genre,Identité non autochtone,,1.99
2014,Alberta,Homme,Total,,3.63
2014,Alberta,Homme,Identité autochtone,,17.08
2014,Alberta,Homme,Identité non autochtone,,2.72
2014,Alberta,Femme,Total,,1.65
2014,Alberta,Femme,Identité autochtone,,7.53
2014,Alberta,Femme,Identité non autochtone,,1.24
2014,Colombie-Britannique,Toutes les identités de genre,Total,59,1.89
2014,Colombie-Britannique,Toutes les identités de genre,Identité autochtone,,5.17
2014,Colombie-Britannique,Toutes les identités de genre,Identité non autochtone,,1.69
2014,Colombie-Britannique,Homme,Total,,2.61
2014,Colombie-Britannique,Homme,Identité autochtone,,8.29
2014,Colombie-Britannique,Homme,Identité non autochtone,,2.27
2014,Colombie-Britannique,Femme,Total,,1.18
2014,Colombie-Britannique,Femme,Identité autochtone,,2.17
2014,Colombie-Britannique,Femme,Identité non autochtone,,1.12
2014,Yukon,Toutes les identités de genre,Total,60,8.08
2014,Yukon,Toutes les identités de genre,Identité autochtone,,11.52
2014,Yukon,Toutes les identités de genre,Identité non autochtone,,7.03
2014,Yukon,Homme,Total,,10.58
2014,Yukon,Homme,Identité autochtone,,0.0
2014,Yukon,Homme,Identité non autochtone,,13.6
2014,Yukon,Femme,Total,,5.49
2014,Yukon,Femme,Identité autochtone,,22.34
2014,Yukon,Femme,Identité non autochtone,,0.0
2014,Territoires du Nord-Ouest,Toutes les identités de genre,Total,61,6.78
2014,Territoires du Nord-Ouest,Toutes les identités de genre,Identité autochtone,,13.27
2014,Territoires du Nord-Ouest,Toutes les identités de genre,Identité non autochtone,,0.0
2014,Territoires du Nord-Ouest,Homme,Total,,8.8
2014,Territoires du Nord-Ouest,Homme,Identité autochtone,,17.71
2014,Territoires du Nord-Ouest,Homme,Identité non autochtone,,0.0
2014,Territoires du Nord-Ouest,Femme,Total,,4.65
2014,Territoires du Nord-Ouest,Femme,Identité autochtone,,8.84
2014,Territoires du Nord-Ouest,Femme,Identité non autochtone,,0.0
2014,Nunavut,Toutes les identités de genre,Total,62,11.17
2014,Nunavut,Toutes les identités de genre,Identité autochtone,,13.01
2014,Nunavut,Toutes les identités de genre,Identité non autochtone,,0.0
2014,Nunavut,Homme,Total,,10.85
2014,Nunavut,Homme,Identité autochtone,,12.78
2014,Nunavut,Homme,Identité non autochtone,,0.0
2014,Nunavut,Femme,Total,,11.51
2014,Nunavut,Femme,Identité autochtone,,13.25
2014,Nunavut,Femme,Identité non autochtone,,0.0
2015,Canada,Toutes les identités de genre,Identité autochtone,,8.68
2015,Canada,Toutes les identités de genre,Identité non autochtone,,1.34
2015,Canada,Homme,Total,,2.44
2015,Canada,Homme,Identité autochtone,,12.6
2015,Canada,Homme,Identité non autochtone,,1.9
2015,Canada,Femme,Total,,0.99
2015,Canada,Femme,Identité autochtone,,4.87
2015,Canada,Femme,Identité non autochtone,,0.78
2015,Terre-Neuve-et-Labrador,Toutes les identités de genre,Total,10,0.57
2015,Terre-Neuve-et-Labrador,Toutes les identités de genre,Identité autochtone,,2.2
2015,Terre-Neuve-et-Labrador,Toutes les identités de genre,Identité non autochtone,,0.41
2015,Terre-Neuve-et-Labrador,Homme,Total,,0.76
2015,Terre-Neuve-et-Labrador,Homme,Identité autochtone,,0.0
2015,Terre-Neuve-et-Labrador,Homme,Identité non autochtone,,0.83
2015,Terre-Neuve-et-Labrador,Femme,Total,,0.37
2015,Terre-Neuve-et-Labrador,Femme,Identité autochtone,,4.33
2015,Terre-Neuve-et-Labrador,Femme,Identité non autochtone,,0.0
2015,Île-du-Prince-Édouard,Toutes les identités de genre,Total,11,0.69
2015,Île-du-Prince-Édouard,Toutes les identités de genre,Identité autochtone,,0.0
2015,Île-du-Prince-Édouard,Toutes les identités de genre,Identité non autochtone,,0.7
2015,Île-du-Prince-Édouard,Homme,Total,,0.0
2015,Île-du-Prince-Édouard,Homme,Identité autochtone,,0.0
2015,Île-du-Prince-Édouard,Homme,Identité non autochtone,,0.0
2015,Île-du-Prince-Édouard,Femme,Total,,1.34
2015,Île-du-Prince-Édouard,Femme,Identité autochtone,,0.0
2015,Île-du-Prince-Édouard,Femme,Identité non autochtone,,1.36
2015,Nouvelle-Écosse,Toutes les identités de genre,Total,12,1.27
2015,Nouvelle-Écosse,Toutes les identités de genre,Identité autochtone,,1.98
2015,Nouvelle-Écosse,Toutes les identités de genre,Identité non autochtone,,1.12
2015,Nouvelle-Écosse,Homme,Total,,1.52
2015,Nouvelle-Écosse,Homme,Identité autochtone,,4.04
2015,Nouvelle-Écosse,Homme,Identité non autochtone,,1.38
2015,Nouvelle-Écosse,Femme,Total,,1.04
2015,Nouvelle-Écosse,Femme,Identité autochtone,,0.0
2015,Nouvelle-Écosse,Femme,Identité non autochtone,,0.88
2015,Nouveau-Brunswick,Toutes les identités de genre,Total,13,1.44
2015,Nouveau-Brunswick,Toutes les identités de genre,Identité autochtone,,0.0
2015,Nouveau-Brunswick,Toutes les identités de genre,Identité non autochtone,,1.5
2015,Nouveau-Brunswick,Homme,Total,,1.59
2015,Nouveau-Brunswick,Homme,Identité autochtone,,0.0
2015,Nouveau-Brunswick,Homme,Identité non autochtone,,1.66
2015,Nouveau-Brunswick,Femme,Total,,1.3
2015,Nouveau-Brunswick,Femme,Identité autochtone,,0.0
2015,Nouveau-Brunswick,Femme,Identité non autochtone,,1.35
2015,Québec,Toutes les identités de genre,Total,24,0.97
2015,Québec,Toutes les identités de genre,Identité autochtone,,3.09
2015,Québec,Toutes les identités de genre,Identité non autochtone,,0.91
2015,Québec,Homme,Total,,1.48
2015,Québec,Homme,Identité autochtone,,4.06
2015,Québec,Homme,Identité non autochtone,,1.41
2015,Québec,Femme,Total,,0.46
2015,Québec,Femme,Identité autochtone,,2.09
2015,Québec,Femme,Identité non autochtone,,0.42
2015,Ontario,Toutes les identités de genre,Total,35,1.27
2015,Ontario,Toutes les identités de genre,Identité autochtone,,3.33
2015,Ontario,Toutes les identités de genre,Identité non autochtone,,1.18
2015,Ontario,Homme,Total,,1.83
2015,Ontario,Homme,Identité autochtone,,5.25
2015,Ontario,Homme,Identité non autochtone,,1.69
2015,Ontario,Femme,Total,,0.72
2015,Ontario,Femme,Identité autochtone,,1.5
2015,Ontario,Femme,Identité non autochtone,,0.68
2015,Manitoba,Toutes les identités de genre,Total,46,3.7
2015,Manitoba,Toutes les identités de genre,Identité autochtone,,15.55
2015,Manitoba,Toutes les identités de genre,Identité non autochtone,,1.13
2015,Manitoba,Homme,Total,,5.73
2015,Manitoba,Homme,Identité autochtone,,24.58
2015,Manitoba,Homme,Identité non autochtone,,1.69
2015,Manitoba,Femme,Total,,1.69
2015,Manitoba,Femme,Identité autochtone,,6.81
2015,Manitoba,Femme,Identité non autochtone,,0.56
2015,Saskatchewan,Toutes les identités de genre,Total,47,4.1
2015,Saskatchewan,Toutes les identités de genre,Identité autochtone,,17.01
2015,Saskatchewan,Toutes les identités de genre,Identité non autochtone,,1.6
2015,Saskatchewan,Homme,Total,,5.85
2015,Saskatchewan,Homme,Identité autochtone,,30.13
2015,Saskatchewan,Homme,Identité non autochtone,,1.26
2015,Saskatchewan,Femme,Total,,2.33
2015,Saskatchewan,Femme,Identité autochtone,,4.32
2015,Saskatchewan,Femme,Identité non autochtone,,1.94
2015,Alberta,Toutes les identités de genre,Total,48,3.23
2015,Alberta,Toutes les identités de genre,Identité autochtone,,13.72
2015,Alberta,Toutes les identités de genre,Identité non autochtone,,2.47
2015,Alberta,Homme,Total,,4.23
2015,Alberta,Homme,Identité autochtone,,15.84
2015,Alberta,Homme,Identité non autochtone,,3.39
2015,Alberta,Femme,Total,,2.21
2015,Alberta,Femme,Identité autochtone,,11.67
2015,Alberta,Femme,Identité non autochtone,,1.53
2015,Colombie-Britannique,Toutes les identités de genre,Total,59,2.01
2015,Colombie-Britannique,Toutes les identités de genre,Identité autochtone,,6.42
2015,Colombie-Britannique,Toutes les identités de genre,Identité non autochtone,,1.73
2015,Colombie-Britannique,Homme,Total,,3.0
2015,Colombie-Britannique,Homme,Identité autochtone,,9.48
2015,Colombie-Britannique,Homme,Identité non autochtone,,2.6
2015,Colombie-Britannique,Femme,Total,,1.04
2015,Colombie-Britannique,Femme,Identité autochtone,,3.49
2015,Colombie-Britannique,Femme,Identité non autochtone,,0.88
2015,Yukon,Toutes les identités de genre,Total,60,2.65
2015,Yukon,Toutes les identités de genre,Identité autochtone,,0.0
2015,Yukon,Toutes les identités de genre,Identité non autochtone,,3.46
2015,Yukon,Homme,Total,,5.21
2015,Yukon,Homme,Identité autochtone,,0.0
2015,Yukon,Homme,Identité non autochtone,,6.71
2015,Yukon,Femme,Total,,0.0
2015,Yukon,Femme,Identité autochtone,,0.0
2015,Yukon,Femme,Identité non autochtone,,0.0
2015,Territoires du Nord-Ouest,Toutes les identités de genre,Total,61,13.48
2015,Territoires du Nord-Ouest,Toutes les identités de genre,Identité autochtone,,26.53
2015,Territoires du Nord-Ouest,Toutes les identités de genre,Identité non autochtone,,0.0
2015,Territoires du Nord-Ouest,Homme,Total,,13.12
2015,Territoires du Nord-Ouest,Homme,Identité autochtone,,26.49
2015,Territoires du Nord-Ouest,Homme,Identité non autochtone,,0.0
2015,Territoires du Nord-Ouest,Femme,Total,,13.86
2015,Territoires du Nord-Ouest,Femme,Identité autochtone,,26.57
2015,Territoires du Nord-Ouest,Femme,Identité non autochtone,,0.0
2015,Nunavut,Toutes les identités de genre,Total,62,5.5
2015,Nunavut,Toutes les identités de genre,Identité autochtone,,6.41
2015,Nunavut,Toutes les identités de genre,Identité non autochtone,,0.0
2015,Nunavut,Homme,Total,,5.35
2015,Nunavut,Homme,Identité autochtone,,6.31
2015,Nunavut,Homme,Identité non autochtone,,0.0
2015,Nunavut,Femme,Total,,5.66
2015,Nunavut,Femme,Identité autochtone,,6.52
2015,Nunavut,Femme,Identité non autochtone,,0.0
2016,Canada,Toutes les identités de genre,Identité autochtone,,7.96
2016,Canada,Toutes les identités de genre,Identité non autochtone,,1.36
2016,Canada,Homme,Total,,2.58
2016,Canada,Homme,Identité autochtone,,12.66
2016,Canada,Homme,Identité non autochtone,,2.02
2016,Canada,Femme,Total,,0.86
2016,Canada,Femme,Identité autochtone,,3.39
2016,Canada,Femme,Identité non autochtone,,0.71
2016,Terre-Neuve-et-Labrador,Toutes les identités de genre,Total,10,1.51
2016,Terre-Neuve-et-Labrador,Toutes les identités de genre,Identité autochtone,,2.11
2016,Terre-Neuve-et-Labrador,Toutes les identités de genre,Identité non autochtone,,1.45
2016,Terre-Neuve-et-Labrador,Homme,Total,,1.9
2016,Terre-Neuve-et-Labrador,Homme,Identité autochtone,,4.31
2016,Terre-Neuve-et-Labrador,Homme,Identité non autochtone,,1.67
2016,Terre-Neuve-et-Labrador,Femme,Total,,1.12
2016,Terre-Neuve-et-Labrador,Femme,Identité autochtone,,0.0
2016,Terre-Neuve-et-Labrador,Femme,Identité non autochtone,,1.24
2016,Île-du-Prince-Édouard,Toutes les identités de genre,Total,11,0.0
2016,Île-du-Prince-Édouard,Toutes les identités de genre,Identité autochtone,,0.0
2016,Île-du-Prince-Édouard,Toutes les identités de genre,Identité non autochtone,,0.0
2016,Île-du-Prince-Édouard,Homme,Total,,0.0
2016,Île-du-Prince-Édouard,Homme,Identité autochtone,,0.0
2016,Île-du-Prince-Édouard,Homme,Identité non autochtone,,0.0
2016,Île-du-Prince-Édouard,Femme,Total,,0.0
2016,Île-du-Prince-Édouard,Femme,Identité autochtone,,0.0
2016,Île-du-Prince-Édouard,Femme,Identité non autochtone,,0.0
2016,Nouvelle-Écosse,Toutes les identités de genre,Total,12,1.38
2016,Nouvelle-Écosse,Toutes les identités de genre,Identité autochtone,,1.86
2016,Nouvelle-Écosse,Toutes les identités de genre,Identité non autochtone,,1.12
2016,Nouvelle-Écosse,Homme,Total,,2.39
2016,Nouvelle-Écosse,Homme,Identité autochtone,,3.82
2016,Nouvelle-Écosse,Homme,Identité non autochtone,,1.84
2016,Nouvelle-Écosse,Femme,Total,,0.41
2016,Nouvelle-Écosse,Femme,Identité autochtone,,0.0
2016,Nouvelle-Écosse,Femme,Identité non autochtone,,0.44
2016,Nouveau-Brunswick,Toutes les identités de genre,Total,13,1.44
2016,Nouveau-Brunswick,Toutes les identités de genre,Identité autochtone,,0.0
2016,Nouveau-Brunswick,Toutes les identités de genre,Identité non autochtone,,1.5
2016,Nouveau-Brunswick,Homme,Total,,2.38
2016,Nouveau-Brunswick,Homme,Identité autochtone,,0.0
2016,Nouveau-Brunswick,Homme,Identité non autochtone,,2.49
2016,Nouveau-Brunswick,Femme,Total,,0.52
2016,Nouveau-Brunswick,Femme,Identité autochtone,,0.0
2016,Nouveau-Brunswick,Femme,Identité non autochtone,,0.54
2016,Québec,Toutes les identités de genre,Total,24,0.81
2016,Québec,Toutes les identités de genre,Identité autochtone,,2.01
2016,Québec,Toutes les identités de genre,Identité non autochtone,,0.77
2016,Québec,Homme,Total,,1.25
2016,Québec,Homme,Identité autochtone,,3.98
2016,Québec,Homme,Identité non autochtone,,1.15
2016,Québec,Femme,Total,,0.39
2016,Québec,Femme,Identité autochtone,,0.0
2016,Québec,Femme,Identité non autochtone,,0.4
2016,Ontario,Toutes les identités de genre,Total,35,1.48
2016,Ontario,Toutes les identités de genre,Identité autochtone,,4.41
2016,Ontario,Toutes les identités de genre,Identité non autochtone,,1.36
2016,Ontario,Homme,Total,,2.21
2016,Ontario,Homme,Identité autochtone,,8.52
2016,Ontario,Homme,Identité non autochtone,,1.99
2016,Ontario,Femme,Total,,0.78
2016,Ontario,Femme,Identité autochtone,,0.48
2016,Ontario,Femme,Identité non autochtone,,0.75
2016,Manitoba,Toutes les identités de genre,Total,46,3.27
2016,Manitoba,Toutes les identités de genre,Identité autochtone,,11.61
2016,Manitoba,Toutes les identités de genre,Identité non autochtone,,1.4
2016,Manitoba,Homme,Total,,5.04
2016,Manitoba,Homme,Identité autochtone,,17.59
2016,Manitoba,Homme,Identité non autochtone,,2.24
2016,Manitoba,Femme,Total,,1.52
2016,Manitoba,Femme,Identité autochtone,,5.75
2016,Manitoba,Femme,Identité non autochtone,,0.56
2016,Saskatchewan,Toutes les identités de genre,Total,47,5.02
2016,Saskatchewan,Toutes les identités de genre,Identité autochtone,,20.13
2016,Saskatchewan,Toutes les identités de genre,Identité non autochtone,,2.01
2016,Saskatchewan,Homme,Total,,7.52
2016,Saskatchewan,Homme,Identité autochtone,,30.95
2016,Saskatchewan,Homme,Identité non autochtone,,2.93
2016,Saskatchewan,Femme,Total,,2.48
2016,Saskatchewan,Femme,Identité autochtone,,9.46
2016,Saskatchewan,Femme,Identité non autochtone,,1.07
2016,Alberta,Toutes les identités de genre,Total,48,2.76
2016,Alberta,Toutes les identités de genre,Identité autochtone,,11.04
2016,Alberta,Toutes les identités de genre,Identité non autochtone,,2.17
2016,Alberta,Homme,Total,,4.11
2016,Alberta,Homme,Identité autochtone,,15.17
2016,Alberta,Homme,Identité non autochtone,,3.33
2016,Alberta,Femme,Total,,1.4
2016,Alberta,Femme,Identité autochtone,,7.02
2016,Alberta,Femme,Identité non autochtone,,0.98
2016,Colombie-Britannique,Toutes les identités de genre,Total,59,1.85
2016,Colombie-Britannique,Toutes les identités de genre,Identité autochtone,,5.81
2016,Colombie-Britannique,Toutes les identités de genre,Identité non autochtone,,1.6
2016,Colombie-Britannique,Homme,Total,,2.74
2016,Colombie-Britannique,Homme,Identité autochtone,,10.48
2016,Colombie-Britannique,Homme,Identité non autochtone,,2.25
2016,Colombie-Britannique,Femme,Total,,0.98
2016,Colombie-Britannique,Femme,Identité autochtone,,1.34
2016,Colombie-Britannique,Femme,Identité non autochtone,,0.95
2016,Yukon,Toutes les identités de genre,Total,60,10.38
2016,Yukon,Toutes les identités de genre,Identité autochtone,,22.17
2016,Yukon,Toutes les identités de genre,Identité non autochtone,,6.78
2016,Yukon,Homme,Total,,20.42
2016,Yukon,Homme,Identité autochtone,,45.19
2016,Yukon,Homme,Identité non autochtone,,13.19
2016,Yukon,Femme,Total,,0.0
2016,Yukon,Femme,Identité autochtone,,0.0
2016,Yukon,Femme,Identité non autochtone,,0.0
2016,Territoires du Nord-Ouest,Toutes les identités de genre,Total,61,6.72
2016,Territoires du Nord-Ouest,Toutes les identités de genre,Identité autochtone,,13.27
2016,Territoires du Nord-Ouest,Toutes les identités de genre,Identité non autochtone,,0.0
2016,Territoires du Nord-Ouest,Homme,Total,,8.71
2016,Territoires du Nord-Ouest,Homme,Identité autochtone,,17.62
2016,Territoires du Nord-Ouest,Homme,Identité non autochtone,,0.0
2016,Territoires du Nord-Ouest,Femme,Total,,4.61
2016,Territoires du Nord-Ouest,Femme,Identité autochtone,,8.88
2016,Territoires du Nord-Ouest,Femme,Identité non autochtone,,0.0
2016,Nunavut,Toutes les identités de genre,Total,62,2.7
2016,Nunavut,Toutes les identités de genre,Identité autochtone,,3.15
2016,Nunavut,Toutes les identités de genre,Identité non autochtone,,0.0
2016,Nunavut,Homme,Total,,0.0
2016,Nunavut,Homme,Identité autochtone,,0.0
2016,Nunavut,Homme,Identité non autochtone,,0.0
2016,Nunavut,Femme,Total,,5.56
2016,Nunavut,Femme,Identité autochtone,,6.41
2016,Nunavut,Femme,Identité non autochtone,,0.0
2017,Canada,Toutes les identités de genre,Identité autochtone,,8.47
2017,Canada,Toutes les identités de genre,Identité non autochtone,,1.45
2017,Canada,Homme,Total,,2.72
2017,Canada,Homme,Identité autochtone,,12.91
2017,Canada,Homme,Identité non autochtone,,2.14
2017,Canada,Femme,Total,,0.95
2017,Canada,Femme,Identité autochtone,,4.13
2017,Canada,Femme,Identité non autochtone,,0.76
2017,Terre-Neuve-et-Labrador,Toutes les identités de genre,Total,10,0.76
2017,Terre-Neuve-et-Labrador,Toutes les identités de genre,Identité autochtone,,2.05
2017,Terre-Neuve-et-Labrador,Toutes les identités de genre,Identité non autochtone,,0.63
2017,Terre-Neuve-et-Labrador,Homme,Total,,0.38
2017,Terre-Neuve-et-Labrador,Homme,Identité autochtone,,0.0
2017,Terre-Neuve-et-Labrador,Homme,Identité non autochtone,,0.42
2017,Terre-Neuve-et-Labrador,Femme,Total,,1.13
2017,Terre-Neuve-et-Labrador,Femme,Identité autochtone,,4.02
2017,Terre-Neuve-et-Labrador,Femme,Identité non autochtone,,0.83
2017,Île-du-Prince-Édouard,Toutes les identités de genre,Total,11,1.33
2017,Île-du-Prince-Édouard,Toutes les identités de genre,Identité autochtone,,0.0
2017,Île-du-Prince-Édouard,Toutes les identités de genre,Identité non autochtone,,1.36
2017,Île-du-Prince-Édouard,Homme,Total,,2.72
2017,Île-du-Prince-Édouard,Homme,Identité autochtone,,0.0
2017,Île-du-Prince-Édouard,Homme,Identité non autochtone,,2.77
2017,Île-du-Prince-Édouard,Femme,Total,,0.0
2017,Île-du-Prince-Édouard,Femme,Identité autochtone,,0.0
2017,Île-du-Prince-Édouard,Femme,Identité non autochtone,,0.0
2017,Nouvelle-Écosse,Toutes les identités de genre,Total,12,2.21
2017,Nouvelle-Écosse,Toutes les identités de genre,Identité autochtone,,0.0
2017,Nouvelle-Écosse,Toutes les identités de genre,Identité non autochtone,,2.24
2017,Nouvelle-Écosse,Homme,Total,,1.51
2017,Nouvelle-Écosse,Homme,Identité autochtone,,0.0
2017,Nouvelle-Écosse,Homme,Identité non autochtone,,1.6
2017,Nouvelle-Écosse,Femme,Total,,2.88
2017,Nouvelle-Écosse,Femme,Identité autochtone,,0.0
2017,Nouvelle-Écosse,Femme,Identité non autochtone,,2.85
2017,Nouveau-Brunswick,Toutes les identités de genre,Total,13,1.3
2017,Nouveau-Brunswick,Toutes les identités de genre,Identité autochtone,,0.0
2017,Nouveau-Brunswick,Toutes les identités de genre,Identité non autochtone,,1.36
2017,Nouveau-Brunswick,Homme,Total,,1.85
2017,Nouveau-Brunswick,Homme,Identité autochtone,,0.0
2017,Nouveau-Brunswick,Homme,Identité non autochtone,,1.93
2017,Nouveau-Brunswick,Femme,Total,,0.77
2017,Nouveau-Brunswick,Femme,Identité autochtone,,0.0
2017,Nouveau-Brunswick,Femme,Identité non autochtone,,0.81
2017,Québec,Toutes les identités de genre,Total,24,1.12
2017,Québec,Toutes les identités de genre,Identité autochtone,,5.8
2017,Québec,Toutes les identités de genre,Identité non autochtone,,1.0
2017,Québec,Homme,Total,,1.5
2017,Québec,Homme,Identité autochtone,,7.65
2017,Québec,Homme,Identité non autochtone,,1.34
2017,Québec,Femme,Total,,0.7
2017,Québec,Femme,Identité autochtone,,3.92
2017,Québec,Femme,Identité non autochtone,,0.62
2017,Ontario,Toutes les identités de genre,Total,35,1.41
2017,Ontario,Toutes les identités de genre,Identité autochtone,,4.74
2017,Ontario,Toutes les identités de genre,Identité non autochtone,,1.27
2017,Ontario,Homme,Total,,2.13
2017,Ontario,Homme,Identité autochtone,,7.75
2017,Ontario,Homme,Identité non autochtone,,1.92
2017,Ontario,Femme,Total,,0.7
2017,Ontario,Femme,Identité autochtone,,1.86
2017,Ontario,Femme,Identité non autochtone,,0.64
2017,Manitoba,Toutes les identités de genre,Total,46,3.52
2017,Manitoba,Toutes les identités de genre,Identité autochtone,,11.68
2017,Manitoba,Toutes les identités de genre,Identité non autochtone,,1.56
2017,Manitoba,Homme,Total,,5.7
2017,Manitoba,Homme,Identité autochtone,,19.49
2017,Manitoba,Homme,Identité non autochtone,,2.39
2017,Manitoba,Femme,Total,,1.35
2017,Manitoba,Femme,Identité autochtone,,4.0
2017,Manitoba,Femme,Identité non autochtone,,0.74
2017,Saskatchewan,Toutes les identités de genre,Total,47,3.3
2017,Saskatchewan,Toutes les identités de genre,Identité autochtone,,15.5
2017,Saskatchewan,Toutes les identités de genre,Identité non autochtone,,0.84
2017,Saskatchewan,Homme,Total,,5.0
2017,Saskatchewan,Homme,Identité autochtone,,26.01
2017,Saskatchewan,Homme,Identité non autochtone,,0.83
2017,Saskatchewan,Femme,Total,,1.58
2017,Saskatchewan,Femme,Identité autochtone,,5.13
2017,Saskatchewan,Femme,Identité non autochtone,,0.84
2017,Alberta,Toutes les identités de genre,Total,48,2.81
2017,Alberta,Toutes les identités de genre,Identité autochtone,,14.26
2017,Alberta,Toutes les identités de genre,Identité non autochtone,,1.92
2017,Alberta,Homme,Total,,4.45
2017,Alberta,Homme,Identité autochtone,,21.87
2017,Alberta,Homme,Identité non autochtone,,3.11
2017,Alberta,Femme,Total,,1.14
2017,Alberta,Femme,Identité autochtone,,6.86
2017,Alberta,Femme,Identité non autochtone,,0.71
2017,Colombie-Britannique,Toutes les identités de genre,Total,59,2.45
2017,Colombie-Britannique,Toutes les identités de genre,Identité autochtone,,3.97
2017,Colombie-Britannique,Toutes les identités de genre,Identité non autochtone,,2.36
2017,Colombie-Britannique,Homme,Total,,3.77
2017,Colombie-Britannique,Homme,Identité autochtone,,4.06
2017,Colombie-Britannique,Homme,Identité non autochtone,,3.75
2017,Colombie-Britannique,Femme,Total,,1.16
2017,Colombie-Britannique,Femme,Identité autochtone,,3.89
2017,Colombie-Britannique,Femme,Identité non autochtone,,0.98
2017,Yukon,Toutes les identités de genre,Total,60,20.2
2017,Yukon,Toutes les identités de genre,Identité autochtone,,65.3
2017,Yukon,Toutes les identités de genre,Identité non autochtone,,6.57
2017,Yukon,Homme,Total,,29.79
2017,Yukon,Homme,Identité autochtone,,88.59
2017,Yukon,Homme,Identité non autochtone,,12.8
2017,Yukon,Femme,Total,,10.27
2017,Yukon,Femme,Identité autochtone,,42.78
2017,Yukon,Femme,Identité non autochtone,,0.0
2017,Territoires du Nord-Ouest,Toutes les identités de genre,Total,61,4.46
2017,Territoires du Nord-Ouest,Toutes les identités de genre,Identité autochtone,,8.81
2017,Territoires du Nord-Ouest,Toutes les identités de genre,Identité non autochtone,,0.0
2017,Territoires du Nord-Ouest,Homme,Total,,8.66
2017,Territoires du Nord-Ouest,Homme,Identité autochtone,,17.53
2017,Territoires du Nord-Ouest,Homme,Identité non autochtone,,0.0
2017,Territoires du Nord-Ouest,Femme,Total,,0.0
2017,Territoires du Nord-Ouest,Femme,Identité autochtone,,0.0
2017,Territoires du Nord-Ouest,Femme,Identité non autochtone,,0.0
2017,Nunavut,Toutes les identités de genre,Total,62,15.98
2017,Nunavut,Toutes les identités de genre,Identité autochtone,,15.48
2017,Nunavut,Toutes les identités de genre,Identité non autochtone,,19.07
2017,Nunavut,Homme,Total,,20.72
2017,Nunavut,Homme,Identité autochtone,,18.22
2017,Nunavut,Homme,Identité non autochtone,,35.21
2017,Nunavut,Femme,Total,,10.97
2017,Nunavut,Femme,Identité autochtone,,12.63
2017,Nunavut,Femme,Identité non autochtone,,0.0
2018,Canada,Toutes les identités de genre,Identité autochtone,,7.45
2018,Canada,Toutes les identités de genre,Identité non autochtone,,1.47
2018,Canada,Homme,Total,,2.69
2018,Canada,Homme,Identité autochtone,,10.42
2018,Canada,Homme,Identité non autochtone,,2.26
2018,Canada,Femme,Total,,0.9
2018,Canada,Femme,Identité autochtone,,4.54
2018,Canada,Femme,Identité non autochtone,,0.69
2018,Terre-Neuve-et-Labrador,Toutes les identités de genre,Total,10,0.38
2018,Terre-Neuve-et-Labrador,Toutes les identités de genre,Identité autochtone,,0.0
2018,Terre-Neuve-et-Labrador,Toutes les identités de genre,Identité non autochtone,,0.21
2018,Terre-Neuve-et-Labrador,Homme,Total,,0.77
2018,Terre-Neuve-et-Labrador,Homme,Identité autochtone,,0.0
2018,Terre-Neuve-et-Labrador,Homme,Identité non autochtone,,0.42
2018,Terre-Neuve-et-Labrador,Femme,Total,,0.0
2018,Terre-Neuve-et-Labrador,Femme,Identité autochtone,,0.0
2018,Terre-Neuve-et-Labrador,Femme,Identité non autochtone,,0.0
2018,Île-du-Prince-Édouard,Toutes les identités de genre,Total,11,0.0
2018,Île-du-Prince-Édouard,Toutes les identités de genre,Identité autochtone,,0.0
2018,Île-du-Prince-Édouard,Toutes les identités de genre,Identité non autochtone,,0.0
2018,Île-du-Prince-Édouard,Homme,Total,,0.0
2018,Île-du-Prince-Édouard,Homme,Identité autochtone,,0.0
2018,Île-du-Prince-Édouard,Homme,Identité non autochtone,,0.0
2018,Île-du-Prince-Édouard,Femme,Total,,0.0
2018,Île-du-Prince-Édouard,Femme,Identité autochtone,,0.0
2018,Île-du-Prince-Édouard,Femme,Identité non autochtone,,0.0
2018,Nouvelle-Écosse,Toutes les identités de genre,Total,12,1.15
2018,Nouvelle-Écosse,Toutes les identités de genre,Identité autochtone,,0.0
2018,Nouvelle-Écosse,Toutes les identités de genre,Identité non autochtone,,1.22
2018,Nouvelle-Écosse,Homme,Total,,1.49
2018,Nouvelle-Écosse,Homme,Identité autochtone,,0.0
2018,Nouvelle-Écosse,Homme,Identité non autochtone,,1.59
2018,Nouvelle-Écosse,Femme,Total,,0.82
2018,Nouvelle-Écosse,Femme,Identité autochtone,,0.0
2018,Nouvelle-Écosse,Femme,Identité non autochtone,,0.87
2018,Nouveau-Brunswick,Toutes les identités de genre,Total,13,1.69
2018,Nouveau-Brunswick,Toutes les identités de genre,Identité autochtone,,3.03
2018,Nouveau-Brunswick,Toutes les identités de genre,Identité non autochtone,,1.63
2018,Nouveau-Brunswick,Homme,Total,,1.31
2018,Nouveau-Brunswick,Homme,Identité autochtone,,0.0
2018,Nouveau-Brunswick,Homme,Identité non autochtone,,1.37
2018,Nouveau-Brunswick,Femme,Total,,2.06
2018,Nouveau-Brunswick,Femme,Identité autochtone,,6.09
2018,Nouveau-Brunswick,Femme,Identité non autochtone,,1.88
2018,Québec,Toutes les identités de genre,Total,24,1.0
2018,Québec,Toutes les identités de genre,Identité autochtone,,2.33
2018,Québec,Toutes les identités de genre,Identité non autochtone,,0.96
2018,Québec,Homme,Total,,1.58
2018,Québec,Homme,Identité autochtone,,2.76
2018,Québec,Homme,Identité non autochtone,,1.54
2018,Québec,Femme,Total,,0.43
2018,Québec,Femme,Identité autochtone,,1.89
2018,Québec,Femme,Identité non autochtone,,0.39
2018,Ontario,Toutes les identités de genre,Total,35,1.9
2018,Ontario,Toutes les identités de genre,Identité autochtone,,3.9
2018,Ontario,Toutes les identités de genre,Identité non autochtone,,1.82
2018,Ontario,Homme,Total,,2.8
2018,Ontario,Homme,Identité autochtone,,4.2
2018,Ontario,Homme,Identité non autochtone,,2.75
2018,Ontario,Femme,Total,,1.02
2018,Ontario,Femme,Identité autochtone,,3.6
2018,Ontario,Femme,Identité non autochtone,,0.93
2018,Manitoba,Toutes les identités de genre,Total,46,4.07
2018,Manitoba,Toutes les identités de genre,Identité autochtone,,15.7
2018,Manitoba,Toutes les identités de genre,Identité non autochtone,,1.37
2018,Manitoba,Homme,Total,,6.36
2018,Manitoba,Homme,Identité autochtone,,23.73
2018,Manitoba,Homme,Identité non autochtone,,2.37
2018,Manitoba,Femme,Total,,1.77
2018,Manitoba,Femme,Identité autochtone,,7.79
2018,Manitoba,Femme,Identité non autochtone,,0.36
2018,Saskatchewan,Toutes les identités de genre,Total,47,3.01
2018,Saskatchewan,Toutes les identités de genre,Identité autochtone,,11.14
2018,Saskatchewan,Toutes les identités de genre,Identité non autochtone,,1.35
2018,Saskatchewan,Homme,Total,,4.61
2018,Saskatchewan,Homme,Identité autochtone,,18.33
2018,Saskatchewan,Homme,Identité non autochtone,,1.85
2018,Saskatchewan,Femme,Total,,1.39
2018,Saskatchewan,Femme,Identité autochtone,,4.03
2018,Saskatchewan,Femme,Identité non autochtone,,0.84
2018,Alberta,Toutes les identités de genre,Total,48,1.93
2018,Alberta,Toutes les identités de genre,Identité autochtone,,10.53
2018,Alberta,Toutes les identités de genre,Identité non autochtone,,1.27
2018,Alberta,Homme,Total,,2.86
2018,Alberta,Homme,Identité autochtone,,14.44
2018,Alberta,Homme,Identité non autochtone,,1.98
2018,Alberta,Femme,Total,,0.98
2018,Alberta,Femme,Identité autochtone,,6.71
2018,Alberta,Femme,Identité non autochtone,,0.55
2018,Colombie-Britannique,Toutes les identités de genre,Total,59,1.84
2018,Colombie-Britannique,Toutes les identités de genre,Identité autochtone,,3.85
2018,Colombie-Britannique,Toutes les identités de genre,Identité non autochtone,,1.7
2018,Colombie-Britannique,Homme,Total,,2.98
2018,Colombie-Britannique,Homme,Identité autochtone,,5.23
2018,Colombie-Britannique,Homme,Identité non autochtone,,2.84
2018,Colombie-Britannique,Femme,Total,,0.67
2018,Colombie-Britannique,Femme,Identité autochtone,,2.52
2018,Colombie-Britannique,Femme,Identité non autochtone,,0.55
2018,Yukon,Toutes les identités de genre,Total,60,7.4
2018,Yukon,Toutes les identités de genre,Identité autochtone,,21.49
2018,Yukon,Toutes les identités de genre,Identité non autochtone,,3.2
2018,Yukon,Homme,Total,,9.68
2018,Yukon,Homme,Identité autochtone,,21.84
2018,Yukon,Homme,Identité non autochtone,,6.22
2018,Yukon,Femme,Total,,5.03
2018,Yukon,Femme,Identité autochtone,,21.15
2018,Yukon,Femme,Identité non autochtone,,0.0
2018,Territoires du Nord-Ouest,Toutes les identités de genre,Total,61,13.34
2018,Territoires du Nord-Ouest,Toutes les identités de genre,Identité autochtone,,21.96
2018,Territoires du Nord-Ouest,Toutes les identités de genre,Identité non autochtone,,4.5
2018,Territoires du Nord-Ouest,Homme,Total,,25.89
2018,Territoires du Nord-Ouest,Homme,Identité autochtone,,43.54
2018,Territoires du Nord-Ouest,Homme,Identité non autochtone,,8.55
2018,Territoires du Nord-Ouest,Femme,Total,,0.0
2018,Territoires du Nord-Ouest,Femme,Identité autochtone,,0.0
2018,Territoires du Nord-Ouest,Femme,Identité non autochtone,,0.0
2018,Nunavut,Toutes les identités de genre,Total,62,20.97
2018,Nunavut,Toutes les identités de genre,Identité autochtone,,24.28
2018,Nunavut,Toutes les identités de genre,Identité non autochtone,,0.0
2018,Nunavut,Homme,Total,,20.42
2018,Nunavut,Homme,Identité autochtone,,23.84
2018,Nunavut,Homme,Identité non autochtone,,0.0
2018,Nunavut,Femme,Total,,21.56
2018,Nunavut,Femme,Identité autochtone,,24.74
2018,Nunavut,Femme,Identité non autochtone,,0.0
2019,Canada,Toutes les identités de genre,Identité autochtone,,9.18
2019,Canada,Toutes les identités de genre,Identité non autochtone,,1.34
2019,Canada,Homme,Total,,2.84
2019,Canada,Homme,Identité autochtone,,13.51
2019,Canada,Homme,Identité non autochtone,,2.14
2019,Canada,Femme,Total,,0.82
2019,Canada,Femme,Identité autochtone,,4.82
2019,Canada,Femme,Identité non autochtone,,0.56
2019,Terre-Neuve-et-Labrador,Toutes les identités de genre,Total,10,0.96
2019,Terre-Neuve-et-Labrador,Toutes les identités de genre,Identité autochtone,,3.94
2019,Terre-Neuve-et-Labrador,Toutes les identités de genre,Identité non autochtone,,0.63
2019,Terre-Neuve-et-Labrador,Homme,Total,,1.16
2019,Terre-Neuve-et-Labrador,Homme,Identité autochtone,,4.04
2019,Terre-Neuve-et-Labrador,Homme,Identité non autochtone,,0.85
2019,Terre-Neuve-et-Labrador,Femme,Total,,0.76
2019,Terre-Neuve-et-Labrador,Femme,Identité autochtone,,3.85
2019,Terre-Neuve-et-Labrador,Femme,Identité non autochtone,,0.42
2019,Île-du-Prince-Édouard,Toutes les identités de genre,Total,11,1.27
2019,Île-du-Prince-Édouard,Toutes les identités de genre,Identité autochtone,,0.0
2019,Île-du-Prince-Édouard,Toutes les identités de genre,Identité non autochtone,,1.3
2019,Île-du-Prince-Édouard,Homme,Total,,2.58
2019,Île-du-Prince-Édouard,Homme,Identité autochtone,,0.0
2019,Île-du-Prince-Édouard,Homme,Identité non autochtone,,2.63
2019,Île-du-Prince-Édouard,Femme,Total,,0.0
2019,Île-du-Prince-Édouard,Femme,Identité autochtone,,0.0
2019,Île-du-Prince-Édouard,Femme,Identité non autochtone,,0.0
2019,Nouvelle-Écosse,Toutes les identités de genre,Total,12,0.62
2019,Nouvelle-Écosse,Toutes les identités de genre,Identité autochtone,,3.19
2019,Nouvelle-Écosse,Toutes les identités de genre,Identité non autochtone,,0.33
2019,Nouvelle-Écosse,Homme,Total,,0.84
2019,Nouvelle-Écosse,Homme,Identité autochtone,,3.26
2019,Nouvelle-Écosse,Homme,Identité non autochtone,,0.68
2019,Nouvelle-Écosse,Femme,Total,,0.4
2019,Nouvelle-Écosse,Femme,Identité autochtone,,3.13
2019,Nouvelle-Écosse,Femme,Identité non autochtone,,0.0
2019,Nouveau-Brunswick,Toutes les identités de genre,Total,13,2.19
2019,Nouveau-Brunswick,Toutes les identités de genre,Identité autochtone,,2.92
2019,Nouveau-Brunswick,Toutes les identités de genre,Identité non autochtone,,2.15
2019,Nouveau-Brunswick,Homme,Total,,3.12
2019,Nouveau-Brunswick,Homme,Identité autochtone,,5.82
2019,Nouveau-Brunswick,Homme,Identité non autochtone,,2.99
2019,Nouveau-Brunswick,Femme,Total,,1.27
2019,Nouveau-Brunswick,Femme,Identité autochtone,,0.0
2019,Nouveau-Brunswick,Femme,Identité non autochtone,,1.33
2019,Québec,Toutes les identités de genre,Total,24,0.92
2019,Québec,Toutes les identités de genre,Identité autochtone,,4.06
2019,Québec,Toutes les identités de genre,Identité non autochtone,,0.8
2019,Québec,Homme,Total,,1.32
2019,Québec,Homme,Identité autochtone,,4.45
2019,Québec,Homme,Identité non autochtone,,1.19
2019,Québec,Femme,Total,,0.49
2019,Québec,Femme,Identité autochtone,,3.66
2019,Québec,Femme,Identité non autochtone,,0.41
2019,Ontario,Toutes les identités de genre,Total,35,1.74
2019,Ontario,Toutes les identités de genre,Identité autochtone,,5.78
2019,Ontario,Toutes les identités de genre,Identité non autochtone,,1.52
2019,Ontario,Homme,Total,,2.67
2019,Ontario,Homme,Identité autochtone,,7.24
2019,Ontario,Homme,Identité non autochtone,,2.43
2019,Ontario,Femme,Total,,0.79
2019,Ontario,Femme,Identité autochtone,,3.93
2019,Ontario,Femme,Identité non autochtone,,0.63
2019,Manitoba,Toutes les identités de genre,Total,46,5.4
2019,Manitoba,Toutes les identités de genre,Identité autochtone,,16.86
2019,Manitoba,Toutes les identités de genre,Identité non autochtone,,1.98
2019,Manitoba,Homme,Total,,9.35
2019,Manitoba,Homme,Identité autochtone,,30.14
2019,Manitoba,Homme,Identité non autochtone,,3.42
2019,Manitoba,Femme,Total,,1.46
2019,Manitoba,Femme,Identité autochtone,,3.8
2019,Manitoba,Femme,Identité non autochtone,,0.54
2019,Saskatchewan,Toutes les identités de genre,Total,47,4.69
2019,Saskatchewan,Toutes les identités de genre,Identité autochtone,,18.41
2019,Saskatchewan,Toutes les identités de genre,Identité non autochtone,,1.34
2019,Saskatchewan,Homme,Total,,7.45
2019,Saskatchewan,Homme,Identité autochtone,,29.01
2019,Saskatchewan,Homme,Identité non autochtone,,2.45
2019,Saskatchewan,Femme,Total,,1.72
2019,Saskatchewan,Femme,Identité autochtone,,7.92
2019,Saskatchewan,Femme,Identité non autochtone,,0.21
2019,Alberta,Toutes les identités de genre,Total,48,2.29
2019,Alberta,Toutes les identités de genre,Identité autochtone,,11.28
2019,Alberta,Toutes les identités de genre,Identité non autochtone,,1.63
2019,Alberta,Homme,Total,,3.42
2019,Alberta,Homme,Identité autochtone,,14.76
2019,Alberta,Homme,Identité non autochtone,,2.59
2019,Alberta,Femme,Total,,1.15
2019,Alberta,Femme,Identité autochtone,,7.87
2019,Alberta,Femme,Identité non autochtone,,0.65
2019,Colombie-Britannique,Toutes les identités de genre,Total,59,1.79
2019,Colombie-Britannique,Toutes les identités de genre,Identité autochtone,,4.99
2019,Colombie-Britannique,Toutes les identités de genre,Identité non autochtone,,1.55
2019,Colombie-Britannique,Homme,Total,,2.86
2019,Colombie-Britannique,Homme,Identité autochtone,,7.61
2019,Colombie-Britannique,Homme,Identité non autochtone,,2.5
2019,Colombie-Britannique,Femme,Total,,0.74
2019,Colombie-Britannique,Femme,Identité autochtone,,2.46
2019,Colombie-Britannique,Femme,Identité non autochtone,,0.62
2019,Yukon,Toutes les identités de genre,Total,60,2.42
2019,Yukon,Toutes les identités de genre,Identité autochtone,,10.61
2019,Yukon,Toutes les identités de genre,Identité non autochtone,,0.0
2019,Yukon,Homme,Total,,0.0
2019,Yukon,Homme,Identité autochtone,,0.0
2019,Yukon,Homme,Identité non autochtone,,0.0
2019,Yukon,Femme,Total,,4.93
2019,Yukon,Femme,Identité autochtone,,20.86
2019,Yukon,Femme,Identité non autochtone,,0.0
2019,Territoires du Nord-Ouest,Toutes les identités de genre,Total,61,4.44
2019,Territoires du Nord-Ouest,Toutes les identités de genre,Identité autochtone,,8.76
2019,Territoires du Nord-Ouest,Toutes les identités de genre,Identité non autochtone,,0.0
2019,Territoires du Nord-Ouest,Homme,Total,,8.63
2019,Territoires du Nord-Ouest,Homme,Identité autochtone,,17.34
2019,Territoires du Nord-Ouest,Homme,Identité non autochtone,,0.0
2019,Territoires du Nord-Ouest,Femme,Total,,0.0
2019,Territoires du Nord-Ouest,Femme,Identité autochtone,,0.0
2019,Territoires du Nord-Ouest,Femme,Identité non autochtone,,0.0
2019,Nunavut,Toutes les identités de genre,Total,62,18.14
2019,Nunavut,Toutes les identités de genre,Identité autochtone,,20.93
2019,Nunavut,Toutes les identités de genre,Identité non autochtone,,0.0
2019,Nunavut,Homme,Total,,20.2
2019,Nunavut,Homme,Identité autochtone,,23.46
2019,Nunavut,Homme,Identité non autochtone,,0.0
2019,Nunavut,Femme,Total,,15.97
2019,Nunavut,Femme,Identité autochtone,,18.3
2019,Nunavut,Femme,Identité non autochtone,,0.0
2020,Canada,Toutes les identités de genre,Identité autochtone,,10.43
2020,Canada,Toutes les identités de genre,Identité non autochtone,,1.45
2020,Canada,Homme,Total,,3.06
2020,Canada,Homme,Identité autochtone,,16.66
2020,Canada,Homme,Identité non autochtone,,2.17
2020,Canada,Femme,Total,,0.95
2020,Canada,Femme,Identité autochtone,,4.31
2020,Canada,Femme,Identité non autochtone,,0.71
2020,Terre-Neuve-et-Labrador,Toutes les identités de genre,Total,10,0.77
2020,Terre-Neuve-et-Labrador,Toutes les identités de genre,Identité autochtone,,1.94
2020,Terre-Neuve-et-Labrador,Toutes les identités de genre,Identité non autochtone,,0.43
2020,Terre-Neuve-et-Labrador,Homme,Total,,1.55
2020,Terre-Neuve-et-Labrador,Homme,Identité autochtone,,3.96
2020,Terre-Neuve-et-Labrador,Homme,Identité non autochtone,,0.86
2020,Terre-Neuve-et-Labrador,Femme,Total,,0.0
2020,Terre-Neuve-et-Labrador,Femme,Identité autochtone,,0.0
2020,Terre-Neuve-et-Labrador,Femme,Identité non autochtone,,0.0
2020,Île-du-Prince-Édouard,Toutes les identités de genre,Total,11,0.62
2020,Île-du-Prince-Édouard,Toutes les identités de genre,Identité autochtone,,0.0
2020,Île-du-Prince-Édouard,Toutes les identités de genre,Identité non autochtone,,0.63
2020,Île-du-Prince-Édouard,Homme,Total,,0.0
2020,Île-du-Prince-Édouard,Homme,Identité autochtone,,0.0
2020,Île-du-Prince-Édouard,Homme,Identité non autochtone,,0.0
2020,Île-du-Prince-Édouard,Femme,Total,,1.22
2020,Île-du-Prince-Édouard,Femme,Identité autochtone,,0.0
2020,Île-du-Prince-Édouard,Femme,Identité non autochtone,,1.25
2020,Nouvelle-Écosse,Toutes les identités de genre,Total,12,3.77
2020,Nouvelle-Écosse,Toutes les identités de genre,Identité autochtone,,1.53
2020,Nouvelle-Écosse,Toutes les identités de genre,Identité non autochtone,,3.71
2020,Nouvelle-Écosse,Homme,Total,,4.37
2020,Nouvelle-Écosse,Homme,Identité autochtone,,0.0
2020,Nouvelle-Écosse,Homme,Identité non autochtone,,4.46
2020,Nouvelle-Écosse,Femme,Total,,3.19
2020,Nouvelle-Écosse,Femme,Identité autochtone,,2.99
2020,Nouvelle-Écosse,Femme,Identité non autochtone,,2.99
2020,Nouveau-Brunswick,Toutes les identités de genre,Total,13,1.79
2020,Nouveau-Brunswick,Toutes les identités de genre,Identité autochtone,,5.66
2020,Nouveau-Brunswick,Toutes les identités de genre,Identité non autochtone,,1.6
2020,Nouveau-Brunswick,Homme,Total,,2.84
2020,Nouveau-Brunswick,Homme,Identité autochtone,,11.29
2020,Nouveau-Brunswick,Homme,Identité non autochtone,,2.43
2020,Nouveau-Brunswick,Femme,Total,,0.76
2020,Nouveau-Brunswick,Femme,Identité autochtone,,0.0
2020,Nouveau-Brunswick,Femme,Identité non autochtone,,0.79
2020,Québec,Toutes les identités de genre,Total,24,1.01
2020,Québec,Toutes les identités de genre,Identité autochtone,,5.22
2020,Québec,Toutes les identités de genre,Identité non autochtone,,0.89
2020,Québec,Homme,Total,,1.47
2020,Québec,Homme,Identité autochtone,,8.59
2020,Québec,Homme,Identité non autochtone,,1.25
2020,Québec,Femme,Total,,0.56
2020,Québec,Femme,Identité autochtone,,1.77
2020,Québec,Femme,Identité non autochtone,,0.53
2020,Ontario,Toutes les identités de genre,Total,35,1.65
2020,Ontario,Toutes les identités de genre,Identité autochtone,,5.62
2020,Ontario,Toutes les identités de genre,Identité non autochtone,,1.4
2020,Ontario,Homme,Total,,2.5
2020,Ontario,Homme,Identité autochtone,,8.79
2020,Ontario,Homme,Identité non autochtone,,2.14
2020,Ontario,Femme,Total,,0.8
2020,Ontario,Femme,Identité autochtone,,2.55
2020,Ontario,Femme,Identité non autochtone,,0.66
2020,Manitoba,Toutes les identités de genre,Total,46,4.49
2020,Manitoba,Toutes les identités de genre,Identité autochtone,,14.99
2020,Manitoba,Toutes les identités de genre,Identité non autochtone,,1.26
2020,Manitoba,Homme,Total,,7.4
2020,Manitoba,Homme,Identité autochtone,,24.19
2020,Manitoba,Homme,Identité non autochtone,,2.15
2020,Manitoba,Femme,Total,,1.45
2020,Manitoba,Femme,Identité autochtone,,5.94
2020,Manitoba,Femme,Identité non autochtone,,0.18
2020,Saskatchewan,Toutes les identités de genre,Total,47,5.43
2020,Saskatchewan,Toutes les identités de genre,Identité autochtone,,23.48
2020,Saskatchewan,Toutes les identités de genre,Identité non autochtone,,1.44
2020,Saskatchewan,Homme,Total,,8.59
2020,Saskatchewan,Homme,Identité autochtone,,37.36
2020,Saskatchewan,Homme,Identité non autochtone,,2.23
2020,Saskatchewan,Femme,Total,,2.22
2020,Saskatchewan,Femme,Identité autochtone,,9.74
2020,Saskatchewan,Femme,Identité non autochtone,,0.62
2020,Alberta,Toutes les identités de genre,Total,48,3.24
2020,Alberta,Toutes les identités de genre,Identité autochtone,,19.79
2020,Alberta,Toutes les identités de genre,Identité non autochtone,,1.99
2020,Alberta,Homme,Total,,5.26
2020,Alberta,Homme,Identité autochtone,,32.78
2020,Alberta,Homme,Identité non autochtone,,3.24
2020,Alberta,Femme,Total,,1.14
2020,Alberta,Femme,Identité autochtone,,7.07
2020,Alberta,Femme,Identité non autochtone,,0.69
2020,Colombie-Britannique,Toutes les identités de genre,Total,59,1.94
2020,Colombie-Britannique,Toutes les identités de genre,Identité autochtone,,3.95
2020,Colombie-Britannique,Toutes les identités de genre,Identité non autochtone,,1.8
2020,Colombie-Britannique,Homme,Total,,2.86
2020,Colombie-Britannique,Homme,Identité autochtone,,6.18
2020,Colombie-Britannique,Homme,Identité non autochtone,,2.64
2020,Colombie-Britannique,Femme,Total,,0.96
2020,Colombie-Britannique,Femme,Identité autochtone,,1.79
2020,Colombie-Britannique,Femme,Identité non autochtone,,0.9
2020,Yukon,Toutes les identités de genre,Total,60,0.0
2020,Yukon,Toutes les identités de genre,Identité autochtone,,0.0
2020,Yukon,Toutes les identités de genre,Identité non autochtone,,0.0
2020,Yukon,Homme,Total,,0.0
2020,Yukon,Homme,Identité autochtone,,0.0
2020,Yukon,Homme,Identité non autochtone,,0.0
2020,Yukon,Femme,Total,,0.0
2020,Yukon,Femme,Identité autochtone,,0.0
2020,Yukon,Femme,Identité non autochtone,,0.0
2020,Territoires du Nord-Ouest,Toutes les identités de genre,Total,61,13.22
2020,Territoires du Nord-Ouest,Toutes les identités de genre,Identité autochtone,,17.45
2020,Territoires du Nord-Ouest,Toutes les identités de genre,Identité non autochtone,,8.91
2020,Territoires du Nord-Ouest,Homme,Total,,12.87
2020,Territoires du Nord-Ouest,Homme,Identité autochtone,,17.29
2020,Territoires du Nord-Ouest,Homme,Identité non autochtone,,8.51
2020,Territoires du Nord-Ouest,Femme,Total,,13.6
2020,Territoires du Nord-Ouest,Femme,Identité autochtone,,17.61
2020,Territoires du Nord-Ouest,Femme,Identité non autochtone,,9.35
2020,Nunavut,Toutes les identités de genre,Total,62,7.66
2020,Nunavut,Toutes les identités de genre,Identité autochtone,,8.81
2020,Nunavut,Toutes les identités de genre,Identité non autochtone,,0.0
2020,Nunavut,Homme,Total,,10.0
2020,Nunavut,Homme,Identité autochtone,,11.57
2020,Nunavut,Homme,Identité non autochtone,,0.0
2020,Nunavut,Femme,Total,,5.22
2020,Nunavut,Femme,Identité autochtone,,5.97
2020,Nunavut,Femme,Identité non autochtone,,0.0
2021,Canada,Toutes les identités de genre,Identité autochtone,,9.93
2021,Canada,Toutes les identités de genre,Identité non autochtone,,1.58
2021,Canada,Homme,Total,,3.11
2021,Canada,Homme,Identité autochtone,,15.13
2021,Canada,Homme,Identité non autochtone,,2.32
2021,Canada,Femme,Total,,1.05
2021,Canada,Femme,Identité autochtone,,4.6
2021,Canada,Femme,Identité non autochtone,,0.82
2021,Terre-Neuve-et-Labrador,Toutes les identités de genre,Total,10,1.52
2021,Terre-Neuve-et-Labrador,Toutes les identités de genre,Identité autochtone,,8.24
2021,Terre-Neuve-et-Labrador,Toutes les identités de genre,Identité non autochtone,,0.84
2021,Terre-Neuve-et-Labrador,Homme,Total,,1.92
2021,Terre-Neuve-et-Labrador,Homme,Identité autochtone,,12.7
2021,Terre-Neuve-et-Labrador,Homme,Identité non autochtone,,0.84
2021,Terre-Neuve-et-Labrador,Femme,Total,,1.13
2021,Terre-Neuve-et-Labrador,Femme,Identité autochtone,,4.01
2021,Terre-Neuve-et-Labrador,Femme,Identité non autochtone,,0.83
2021,Île-du-Prince-Édouard,Toutes les identités de genre,Total,11,0.62
2021,Île-du-Prince-Édouard,Toutes les identités de genre,Identité autochtone,,27.31
2021,Île-du-Prince-Édouard,Toutes les identités de genre,Identité non autochtone,,0.0
2021,Île-du-Prince-Édouard,Homme,Total,,1.26
2021,Île-du-Prince-Édouard,Homme,Identité autochtone,,56.37
2021,Île-du-Prince-Édouard,Homme,Identité non autochtone,,0.0
2021,Île-du-Prince-Édouard,Femme,Total,,0.0
2021,Île-du-Prince-Édouard,Femme,Identité autochtone,,0.0
2021,Île-du-Prince-Édouard,Femme,Identité non autochtone,,0.0
2021,Nouvelle-Écosse,Toutes les identités de genre,Total,12,2.3
2021,Nouvelle-Écosse,Toutes les identités de genre,Identité autochtone,,3.7
2021,Nouvelle-Écosse,Toutes les identités de genre,Identité non autochtone,,1.9
2021,Nouvelle-Écosse,Homme,Total,,4.26
2021,Nouvelle-Écosse,Homme,Identité autochtone,,7.63
2021,Nouvelle-Écosse,Homme,Identité non autochtone,,3.64
2021,Nouvelle-Écosse,Femme,Total,,0.39
2021,Nouvelle-Écosse,Femme,Identité autochtone,,0.0
2021,Nouvelle-Écosse,Femme,Identité non autochtone,,0.21
2021,Nouveau-Brunswick,Toutes les identités de genre,Total,13,1.39
2021,Nouveau-Brunswick,Toutes les identités de genre,Identité autochtone,,2.91
2021,Nouveau-Brunswick,Toutes les identités de genre,Identité non autochtone,,1.32
2021,Nouveau-Brunswick,Homme,Total,,1.79
2021,Nouveau-Brunswick,Homme,Identité autochtone,,5.85
2021,Nouveau-Brunswick,Homme,Identité non autochtone,,1.61
2021,Nouveau-Brunswick,Femme,Total,,0.75
2021,Nouveau-Brunswick,Femme,Identité autochtone,,0.0
2021,Nouveau-Brunswick,Femme,Identité non autochtone,,0.78
2021,Québec,Toutes les identités de genre,Total,24,1.05
2021,Québec,Toutes les identités de genre,Identité autochtone,,5.27
2021,Québec,Toutes les identités de genre,Identité non autochtone,,0.92
2021,Québec,Homme,Total,,1.38
2021,Québec,Homme,Identité autochtone,,6.14
2021,Québec,Homme,Identité non autochtone,,1.22
2021,Québec,Femme,Total,,0.72
2021,Québec,Femme,Identité autochtone,,4.39
2021,Québec,Femme,Identité non autochtone,,0.62
2021,Ontario,Toutes les identités de genre,Total,35,1.91
2021,Ontario,Toutes les identités de genre,Identité autochtone,,4.55
2021,Ontario,Toutes les identités de genre,Identité non autochtone,,1.66
2021,Ontario,Homme,Total,,2.91
2021,Ontario,Homme,Identité autochtone,,7.44
2021,Ontario,Homme,Identité non autochtone,,2.49
2021,Ontario,Femme,Total,,0.94
2021,Ontario,Femme,Identité autochtone,,1.78
2021,Ontario,Femme,Identité non autochtone,,0.84
2021,Manitoba,Toutes les identités de genre,Total,46,4.45
2021,Manitoba,Toutes les identités de genre,Identité autochtone,,13.13
2021,Manitoba,Toutes les identités de genre,Identité non autochtone,,2.12
2021,Manitoba,Homme,Total,,5.98
2021,Manitoba,Homme,Identité autochtone,,17.22
2021,Manitoba,Homme,Identité non autochtone,,2.96
2021,Manitoba,Femme,Total,,2.17
2021,Manitoba,Femme,Identité autochtone,,6.86
2021,Manitoba,Femme,Identité non autochtone,,1.07
2021,Saskatchewan,Toutes les identités de genre,Total,47,6.08
2021,Saskatchewan,Toutes les identités de genre,Identité autochtone,,26.87
2021,Saskatchewan,Toutes les identités de genre,Identité non autochtone,,1.76
2021,Saskatchewan,Homme,Total,,9.01
2021,Saskatchewan,Homme,Identité autochtone,,42.59
2021,Saskatchewan,Homme,Identité non autochtone,,2.25
2021,Saskatchewan,Femme,Total,,3.11
2021,Saskatchewan,Femme,Identité autochtone,,11.72
2021,Saskatchewan,Femme,Identité non autochtone,,1.26
2021,Alberta,Toutes les identités de genre,Total,48,2.69
2021,Alberta,Toutes les identités de genre,Identité autochtone,,13.31
2021,Alberta,Toutes les identités de genre,Identité non autochtone,,1.87
2021,Alberta,Homme,Total,,3.98
2021,Alberta,Homme,Identité autochtone,,21.48
2021,Alberta,Homme,Identité non autochtone,,2.69
2021,Alberta,Femme,Total,,1.36
2021,Alberta,Femme,Identité autochtone,,5.56
2021,Alberta,Femme,Identité non autochtone,,1.03
2021,Colombie-Britannique,Toutes les identités de genre,Total,59,2.39
2021,Colombie-Britannique,Toutes les identités de genre,Identité autochtone,,6.36
2021,Colombie-Britannique,Toutes les identités de genre,Identité non autochtone,,2.14
2021,Colombie-Britannique,Homme,Total,,3.74
2021,Colombie-Britannique,Homme,Identité autochtone,,10.36
2021,Colombie-Britannique,Homme,Identité non autochtone,,3.32
2021,Colombie-Britannique,Femme,Total,,1.02
2021,Colombie-Britannique,Femme,Identité autochtone,,2.5
2021,Colombie-Britannique,Femme,Identité non autochtone,,0.93
2021,Yukon,Toutes les identités de genre,Total,60,9.31
2021,Yukon,Toutes les identités de genre,Identité autochtone,,20.8
2021,Yukon,Toutes les identités de genre,Identité non autochtone,,6.0
2021,Yukon,Homme,Total,,9.28
2021,Yukon,Homme,Identité autochtone,,22.15
2021,Yukon,Homme,Identité non autochtone,,5.87
2021,Yukon,Femme,Total,,9.35
2021,Yukon,Femme,Identité autochtone,,19.6
2021,Yukon,Femme,Identité non autochtone,,6.14
2021,Territoires du Nord-Ouest,Toutes les identités de genre,Total,61,2.24
2021,Territoires du Nord-Ouest,Toutes les identités de genre,Identité autochtone,,4.48
2021,Territoires du Nord-Ouest,Toutes les identités de genre,Identité non autochtone,,0.0
2021,Territoires du Nord-Ouest,Homme,Total,,4.37
2021,Territoires du Nord-Ouest,Homme,Identité autochtone,,8.94
2021,Territoires du Nord-Ouest,Homme,Identité non autochtone,,0.0
2021,Territoires du Nord-Ouest,Femme,Total,,0.0
2021,Territoires du Nord-Ouest,Femme,Identité autochtone,,0.0
2021,Territoires du Nord-Ouest,Femme,Identité non autochtone,,0.0
2021,Nunavut,Toutes les identités de genre,Total,62,4.99
2021,Nunavut,Toutes les identités de genre,Identité autochtone,,5.83
2021,Nunavut,Toutes les identités de genre,Identité non autochtone,,0.0
2021,Nunavut,Homme,Total,,4.92
2021,Nunavut,Homme,Identité autochtone,,5.82
2021,Nunavut,Homme,Identité non autochtone,,0.0
2021,Nunavut,Femme,Total,,5.06
2021,Nunavut,Femme,Identité autochtone,,5.84
2021,Nunavut,Femme,Identité non autochtone,,0.0
2022,Canada,Toutes les identités de genre,Identité autochtone,,11.31
2022,Canada,Toutes les identités de genre,Identité non autochtone,,1.7
2022,Canada,Homme,Total,,3.43
2022,Canada,Homme,Identité autochtone,,17.27
2022,Canada,Homme,Identité non autochtone,,2.59
2022,Canada,Femme,Total,,1.05
2022,Canada,Femme,Identité autochtone,,5.26
2022,Canada,Femme,Identité non autochtone,,0.79
2022,Terre-Neuve-et-Labrador,Toutes les identités de genre,Total,10,0.56
2022,Terre-Neuve-et-Labrador,Toutes les identités de genre,Identité autochtone,,0.0
2022,Terre-Neuve-et-Labrador,Toutes les identités de genre,Identité non autochtone,,0.62
2022,Terre-Neuve-et-Labrador,Homme,Total,,0.38
2022,Terre-Neuve-et-Labrador,Homme,Identité autochtone,,0.0
2022,Terre-Neuve-et-Labrador,Homme,Identité non autochtone,,0.42
2022,Terre-Neuve-et-Labrador,Femme,Total,,0.74
2022,Terre-Neuve-et-Labrador,Femme,Identité autochtone,,0.0
2022,Terre-Neuve-et-Labrador,Femme,Identité non autochtone,,0.82
2022,Île-du-Prince-Édouard,Toutes les identités de genre,Total,11,0.0
2022,Île-du-Prince-Édouard,Toutes les identités de genre,Identité autochtone,,0.0
2022,Île-du-Prince-Édouard,Toutes les identités de genre,Identité non autochtone,,0.0
2022,Île-du-Prince-Édouard,Homme,Total,,0.0
2022,Île-du-Prince-Édouard,Homme,Identité autochtone,,0.0
2022,Île-du-Prince-Édouard,Homme,Identité non autochtone,,0.0
2022,Île-du-Prince-Édouard,Femme,Total,,0.0
2022,Île-du-Prince-Édouard,Femme,Identité autochtone,,0.0
2022,Île-du-Prince-Édouard,Femme,Identité non autochtone,,0.0
2022,Nouvelle-Écosse,Toutes les identités de genre,Total,12,1.85
2022,Nouvelle-Écosse,Toutes les identités de genre,Identité autochtone,,0.0
2022,Nouvelle-Écosse,Toutes les identités de genre,Identité non autochtone,,1.86
2022,Nouvelle-Écosse,Homme,Total,,3.16
2022,Nouvelle-Écosse,Homme,Identité autochtone,,0.0
2022,Nouvelle-Écosse,Homme,Identité non autochtone,,3.14
2022,Nouvelle-Écosse,Femme,Total,,0.58
2022,Nouvelle-Écosse,Femme,Identité autochtone,,0.0
2022,Nouvelle-Écosse,Femme,Identité non autochtone,,0.61
2022,Nouveau-Brunswick,Toutes les identités de genre,Total,13,1.85
2022,Nouveau-Brunswick,Toutes les identités de genre,Identité autochtone,,8.32
2022,Nouveau-Brunswick,Toutes les identités de genre,Identité non autochtone,,1.42
2022,Nouveau-Brunswick,Homme,Total,,3.75
2022,Nouveau-Brunswick,Homme,Identité autochtone,,16.79
2022,Nouveau-Brunswick,Homme,Identité non autochtone,,2.88
2022,Nouveau-Brunswick,Femme,Total,,0.0
2022,Nouveau-Brunswick,Femme,Identité autochtone,,0.0
2022,Nouveau-Brunswick,Femme,Identité non autochtone,,0.0
2022,Québec,Toutes les identités de genre,Total,24,1.28
2022,Québec,Toutes les identités de genre,Identité autochtone,,4.26
2022,Québec,Toutes les identités de genre,Identité non autochtone,,1.13
2022,Québec,Homme,Total,,1.89
2022,Québec,Homme,Identité autochtone,,7.68
2022,Québec,Homme,Identité non autochtone,,1.61
2022,Québec,Femme,Total,,0.62
2022,Québec,Femme,Identité autochtone,,0.85
2022,Québec,Femme,Identité non autochtone,,0.59
2022,Ontario,Toutes les identités de genre,Total,35,1.93
2022,Ontario,Toutes les identités de genre,Identité autochtone,,7.04
2022,Ontario,Toutes les identités de genre,Identité non autochtone,,1.69
2022,Ontario,Homme,Total,,2.89
2022,Ontario,Homme,Identité autochtone,,11.7
2022,Ontario,Homme,Identité non autochtone,,2.54
2022,Ontario,Femme,Total,,0.94
2022,Ontario,Femme,Identité autochtone,,2.58
2022,Ontario,Femme,Identité non autochtone,,0.84
2022,Manitoba,Toutes les identités de genre,Total,46,6.3
2022,Manitoba,Toutes les identités de genre,Identité autochtone,,23.43
2022,Manitoba,Toutes les identités de genre,Identité non autochtone,,2.26
2022,Manitoba,Homme,Total,,9.54
2022,Manitoba,Homme,Identité autochtone,,34.45
2022,Manitoba,Homme,Identité non autochtone,,3.95
2022,Manitoba,Femme,Total,,3.0
2022,Manitoba,Femme,Identité autochtone,,12.69
2022,Manitoba,Femme,Identité non autochtone,,0.53
2022,Saskatchewan,Toutes les identités de genre,Total,47,6.19
2022,Saskatchewan,Toutes les identités de genre,Identité autochtone,,24.01
2022,Saskatchewan,Toutes les identités de genre,Identité non autochtone,,2.26
2022,Saskatchewan,Homme,Total,,8.77
2022,Saskatchewan,Homme,Identité autochtone,,34.98
2022,Saskatchewan,Homme,Identité non autochtone,,3.04
2022,Saskatchewan,Femme,Total,,3.25
2022,Saskatchewan,Femme,Identité autochtone,,11.54
2022,Saskatchewan,Femme,Identité non autochtone,,1.45
2022,Alberta,Toutes les identités de genre,Total,48,2.64
2022,Alberta,Toutes les identités de genre,Identité autochtone,,12.82
2022,Alberta,Toutes les identités de genre,Identité non autochtone,,1.84
2022,Alberta,Homme,Total,,4.05
2022,Alberta,Homme,Identité autochtone,,20.54
2022,Alberta,Homme,Identité non autochtone,,2.84
2022,Alberta,Femme,Total,,1.12
2022,Alberta,Femme,Identité autochtone,,4.88
2022,Alberta,Femme,Identité non autochtone,,0.82
2022,Colombie-Britannique,Toutes les identités de genre,Total,59,2.89
2022,Colombie-Britannique,Toutes les identités de genre,Identité autochtone,,8.32
2022,Colombie-Britannique,Toutes les identités de genre,Identité non autochtone,,2.48
2022,Colombie-Britannique,Homme,Total,,4.49
2022,Colombie-Britannique,Homme,Identité autochtone,,11.94
2022,Colombie-Britannique,Homme,Identité non autochtone,,3.89
2022,Colombie-Britannique,Femme,Total,,1.29
2022,Colombie-Britannique,Femme,Identité autochtone,,4.84
2022,Colombie-Britannique,Femme,Identité non autochtone,,1.06
2022,Yukon,Toutes les identités de genre,Total,60,4.56
2022,Yukon,Toutes les identités de genre,Identité autochtone,,10.26
2022,Yukon,Toutes les identités de genre,Identité non autochtone,,2.93
2022,Yukon,Homme,Total,,9.07
2022,Yukon,Homme,Identité autochtone,,21.86
2022,Yukon,Homme,Identité non autochtone,,5.73
2022,Yukon,Femme,Total,,0.0
2022,Yukon,Femme,Identité autochtone,,0.0
2022,Yukon,Femme,Identité non autochtone,,0.0
2022,Territoires du Nord-Ouest,Toutes les identités de genre,Total,61,6.71
2022,Territoires du Nord-Ouest,Toutes les identités de genre,Identité autochtone,,8.98
2022,Territoires du Nord-Ouest,Toutes les identités de genre,Identité non autochtone,,4.46
2022,Territoires du Nord-Ouest,Homme,Total,,8.74
2022,Territoires du Nord-Ouest,Homme,Identité autochtone,,9.01
2022,Territoires du Nord-Ouest,Homme,Identité non autochtone,,8.49
2022,Territoires du Nord-Ouest,Femme,Total,,4.59
2022,Territoires du Nord-Ouest,Femme,Identité autochtone,,8.96
2022,Territoires du Nord-Ouest,Femme,Identité non autochtone,,0.0
2022,Nunavut,Toutes les identités de genre,Total,62,2.47
2022,Nunavut,Toutes les identités de genre,Identité autochtone,,2.88
2022,Nunavut,Toutes les identités de genre,Identité non autochtone,,0.0
2022,Nunavut,Homme,Total,,0.0
2022,Nunavut,Homme,Identité autochtone,,0.0
2022,Nunavut,Homme,Identité non autochtone,,0.0
2022,Nunavut,Femme,Total,,5.0
2022,Nunavut,Femme,Identité autochtone,,5.78
2022,Nunavut,Femme,Identité non autochtone,,0.0
2023,Canada,Toutes les identités de genre,Identité autochtone,,9.31
2023,Canada,Toutes les identités de genre,Identité non autochtone,,1.46
2023,Canada,Homme,Total,,2.82
2023,Canada,Homme,Identité autochtone,,13.85
2023,Canada,Homme,Identité non autochtone,,2.13
2023,Canada,Femme,Total,,1.02
2023,Canada,Femme,Identité autochtone,,4.74
2023,Canada,Femme,Identité non autochtone,,0.78
2023,Terre-Neuve-et-Labrador,Toutes les identités de genre,Total,10,1.49
2023,Terre-Neuve-et-Labrador,Toutes les identités de genre,Identité autochtone,,0.0
2023,Terre-Neuve-et-Labrador,Toutes les identités de genre,Identité non autochtone,,1.23
2023,Terre-Neuve-et-Labrador,Homme,Total,,1.88
2023,Terre-Neuve-et-Labrador,Homme,Identité autochtone,,0.0
2023,Terre-Neuve-et-Labrador,Homme,Identité non autochtone,,1.66
2023,Terre-Neuve-et-Labrador,Femme,Total,,0.73
2023,Terre-Neuve-et-Labrador,Femme,Identité autochtone,,0.0
2023,Terre-Neuve-et-Labrador,Femme,Identité non autochtone,,0.81
2023,Île-du-Prince-Édouard,Toutes les identités de genre,Total,11,0.58
2023,Île-du-Prince-Édouard,Toutes les identités de genre,Identité autochtone,,0.0
2023,Île-du-Prince-Édouard,Toutes les identités de genre,Identité non autochtone,,0.59
2023,Île-du-Prince-Édouard,Homme,Total,,1.17
2023,Île-du-Prince-Édouard,Homme,Identité autochtone,,0.0
2023,Île-du-Prince-Édouard,Homme,Identité non autochtone,,1.2
2023,Île-du-Prince-Édouard,Femme,Total,,0.0
2023,Île-du-Prince-Édouard,Femme,Identité autochtone,,0.0
2023,Île-du-Prince-Édouard,Femme,Identité non autochtone,,0.0
2023,Nouvelle-Écosse,Toutes les identités de genre,Total,12,1.32
2023,Nouvelle-Écosse,Toutes les identités de genre,Identité autochtone,,0.0
2023,Nouvelle-Écosse,Toutes les identités de genre,Identité non autochtone,,1.3
2023,Nouvelle-Écosse,Homme,Total,,1.53
2023,Nouvelle-Écosse,Homme,Identité autochtone,,0.0
2023,Nouvelle-Écosse,Homme,Identité non autochtone,,1.42
2023,Nouvelle-Écosse,Femme,Total,,1.12
2023,Nouvelle-Écosse,Femme,Identité autochtone,,0.0
2023,Nouvelle-Écosse,Femme,Identité non autochtone,,1.19
2023,Nouveau-Brunswick,Toutes les identités de genre,Total,13,1.08
2023,Nouveau-Brunswick,Toutes les identités de genre,Identité autochtone,,2.65
2023,Nouveau-Brunswick,Toutes les identités de genre,Identité non autochtone,,0.88
2023,Nouveau-Brunswick,Homme,Total,,1.7
2023,Nouveau-Brunswick,Homme,Identité autochtone,,5.36
2023,Nouveau-Brunswick,Homme,Identité non autochtone,,1.27
2023,Nouveau-Brunswick,Femme,Total,,0.47
2023,Nouveau-Brunswick,Femme,Identité autochtone,,0.0
2023,Nouveau-Brunswick,Femme,Identité non autochtone,,0.5
2023,Québec,Toutes les identités de genre,Total,24,1.14
2023,Québec,Toutes les identités de genre,Identité autochtone,,4.14
2023,Québec,Toutes les identités de genre,Identité non autochtone,,0.96
2023,Québec,Homme,Total,,1.41
2023,Québec,Homme,Identité autochtone,,4.14
2023,Québec,Homme,Identité non autochtone,,1.22
2023,Québec,Femme,Total,,0.84
2023,Québec,Femme,Identité autochtone,,4.14
2023,Québec,Femme,Identité non autochtone,,0.67
2023,Ontario,Toutes les identités de genre,Total,35,1.68
2023,Ontario,Toutes les identités de genre,Identité autochtone,,4.05
2023,Ontario,Toutes les identités de genre,Identité non autochtone,,1.53
2023,Ontario,Homme,Total,,2.41
2023,Ontario,Homme,Identité autochtone,,6.96
2023,Ontario,Homme,Identité non autochtone,,2.15
2023,Ontario,Femme,Total,,0.92
2023,Ontario,Femme,Identité autochtone,,1.25
2023,Ontario,Femme,Identité non autochtone,,0.89
2023,Manitoba,Toutes les identités de genre,Total,46,5.09
2023,Manitoba,Toutes les identités de genre,Identité autochtone,,18.78
2023,Manitoba,Toutes les identités de genre,Identité non autochtone,,1.86
2023,Manitoba,Homme,Total,,7.48
2023,Manitoba,Homme,Identité autochtone,,25.36
2023,Manitoba,Homme,Identité non autochtone,,3.33
2023,Manitoba,Femme,Total,,2.64
2023,Manitoba,Femme,Identité autochtone,,12.37
2023,Manitoba,Femme,Identité non autochtone,,0.34
2023,Saskatchewan,Toutes les identités de genre,Total,47,4.88
2023,Saskatchewan,Toutes les identités de genre,Identité autochtone,,19.59
2023,Saskatchewan,Toutes les identités de genre,Identité non autochtone,,1.7
2023,Saskatchewan,Homme,Total,,7.22
2023,Saskatchewan,Homme,Identité autochtone,,29.25
2023,Saskatchewan,Homme,Identité non autochtone,,2.76
2023,Saskatchewan,Femme,Total,,2.33
2023,Saskatchewan,Femme,Identité autochtone,,9.37
2023,Saskatchewan,Femme,Identité non autochtone,,0.61
2023,Alberta,Toutes les identités de genre,Total,48,2.45
2023,Alberta,Toutes les identités de genre,Identité autochtone,,13.41
2023,Alberta,Toutes les identités de genre,Identité non autochtone,,1.56
2023,Alberta,Homme,Total,,3.72
2023,Alberta,Homme,Identité autochtone,,22.52
2023,Alberta,Homme,Identité non autochtone,,2.36
2023,Alberta,Femme,Total,,1.07
2023,Alberta,Femme,Identité autochtone,,4.75
2023,Alberta,Femme,Identité non autochtone,,0.69
2023,Colombie-Britannique,Toutes les identités de genre,Total,59,2.23
2023,Colombie-Britannique,Toutes les identités de genre,Identité autochtone,,5.43
2023,Colombie-Britannique,Toutes les identités de genre,Identité non autochtone,,2.02
2023,Colombie-Britannique,Homme,Total,,3.51
2023,Colombie-Britannique,Homme,Identité autochtone,,7.38
2023,Colombie-Britannique,Homme,Identité non autochtone,,3.26
2023,Colombie-Britannique,Femme,Total,,0.93
2023,Colombie-Britannique,Femme,Identité autochtone,,2.96
2023,Colombie-Britannique,Femme,Identité non autochtone,,0.8
2023,Yukon,Toutes les identités de genre,Total,60,8.89
2023,Yukon,Toutes les identités de genre,Identité autochtone,,20.2
2023,Yukon,Toutes les identités de genre,Identité non autochtone,,5.7
2023,Yukon,Homme,Total,,13.27
2023,Yukon,Homme,Identité autochtone,,21.6
2023,Yukon,Homme,Identité non autochtone,,11.12
2023,Yukon,Femme,Total,,4.47
2023,Yukon,Femme,Identité autochtone,,18.96
2023,Yukon,Femme,Identité non autochtone,,0.0
2023,Territoires du Nord-Ouest,Toutes les identités de genre,Total,61,13.34
2023,Territoires du Nord-Ouest,Toutes les identités de genre,Identité autochtone,,22.57
2023,Territoires du Nord-Ouest,Toutes les identités de genre,Identité non autochtone,,4.38
2023,Territoires du Nord-Ouest,Homme,Total,,26.05
2023,Territoires du Nord-Ouest,Homme,Identité autochtone,,45.15
2023,Territoires du Nord-Ouest,Homme,Identité non autochtone,,8.36
2023,Territoires du Nord-Ouest,Femme,Total,,0.0
2023,Territoires du Nord-Ouest,Femme,Identité autochtone,,0.0
2023,Territoires du Nord-Ouest,Femme,Identité non autochtone,,0.0
2023,Nunavut,Toutes les identités de genre,Total,62,4.92
2023,Nunavut,Toutes les identités de genre,Identité autochtone,,5.71
2023,Nunavut,Toutes les identités de genre,Identité non autochtone,,0.0
2023,Nunavut,Homme,Total,,4.86
2023,Nunavut,Homme,Identité autochtone,,5.66
2023,Nunavut,Homme,Identité non autochtone,,0.0
2023,Nunavut,Femme,Total,,4.98
2023,Nunavut,Femme,Identité autochtone,,5.76
2023,Nunavut,Femme,Identité non autochtone,,0.0
