Year,Official development assistance,Least developed countries,Value
2018,APD en pourcentage du RNB,,0.28
2019,APD en pourcentage du RNB,,0.27
2020,APD en pourcentage du RNB,,0.31
2021,APD en pourcentage du RNB,,0.32
2022,APD en pourcentage du RNB,,0.37
2019,APD en pourcentage du RNB,ODA to least developed countries as a share of GNI,0.09
2020,APD en pourcentage du RNB,ODA to least developed countries as a share of GNI,0.09
2021,APD en pourcentage du RNB,ODA to least developed countries as a share of GNI,0.09
