Year,Series,Units,Géographie,Centres de population,GeoCode,Value
2016,"Proportion des ménages qui ont accès à des services Internet à large bande à des vitesses de 50/10 Mbps
",,,,,84.3
2017,"Proportion des ménages qui ont accès à des services Internet à large bande à des vitesses de 50/10 Mbps
",,,,,84.1
2018,"Proportion des ménages qui ont accès à des services Internet à large bande à des vitesses de 50/10 Mbps
",,,,,85.5
2019,"Proportion des ménages qui ont accès à des services Internet à large bande à des vitesses de 50/10 Mbps
",,,,,87.4
2020,"Proportion des ménages qui ont accès à des services Internet à large bande à des vitesses de 50/10 Mbps
",,,,,89.7
2021,"Proportion des ménages qui ont accès à des services Internet à large bande à des vitesses de 50/10 Mbps
",,,,,91.4
2016,"Proportion des ménages qui ont accès à des services Internet à large bande à des vitesses de 50/10 Mbps
",Pourcentage,Canada,Réserves des Premières Nations,,27.3
2017,"Proportion des ménages qui ont accès à des services Internet à large bande à des vitesses de 50/10 Mbps
",Pourcentage,Canada,Réserves des Premières Nations,,27.7
2018,"Proportion des ménages qui ont accès à des services Internet à large bande à des vitesses de 50/10 Mbps
",Pourcentage,Canada,Réserves des Premières Nations,,31.3
2019,"Proportion des ménages qui ont accès à des services Internet à large bande à des vitesses de 50/10 Mbps
",Pourcentage,Canada,Réserves des Premières Nations,,34.8
2020,"Proportion des ménages qui ont accès à des services Internet à large bande à des vitesses de 50/10 Mbps
",Pourcentage,Canada,Réserves des Premières Nations,,39.1
2021,"Proportion des ménages qui ont accès à des services Internet à large bande à des vitesses de 50/10 Mbps
",Pourcentage,Canada,Réserves des Premières Nations,,43.3
2016,"Proportion des ménages qui ont accès à des services Internet à large bande à des vitesses de 50/10 Mbps
",Pourcentage,Canada,Réserves des Premières Nations Régions urbaines,,73.0
2017,"Proportion des ménages qui ont accès à des services Internet à large bande à des vitesses de 50/10 Mbps
",Pourcentage,Canada,Réserves des Premières Nations Régions urbaines,,73.0
2018,"Proportion des ménages qui ont accès à des services Internet à large bande à des vitesses de 50/10 Mbps
",Pourcentage,Canada,Réserves des Premières Nations Régions urbaines,,75.6
2019,"Proportion des ménages qui ont accès à des services Internet à large bande à des vitesses de 50/10 Mbps
",Pourcentage,Canada,Réserves des Premières Nations Régions urbaines,,80.7
2020,"Proportion des ménages qui ont accès à des services Internet à large bande à des vitesses de 50/10 Mbps
",Pourcentage,Canada,Réserves des Premières Nations Régions urbaines,,84.2
2021,"Proportion des ménages qui ont accès à des services Internet à large bande à des vitesses de 50/10 Mbps
",Pourcentage,Canada,Réserves des Premières Nations Régions urbaines,,81.8
2016,"Proportion des ménages qui ont accès à des services Internet à large bande à des vitesses de 50/10 Mbps
",Pourcentage,Canada,Réserves des Premières Nations Régions rurales,,14.2
2017,"Proportion des ménages qui ont accès à des services Internet à large bande à des vitesses de 50/10 Mbps
",Pourcentage,Canada,Réserves des Premières Nations Régions rurales,,14.8
2018,"Proportion des ménages qui ont accès à des services Internet à large bande à des vitesses de 50/10 Mbps
",Pourcentage,Canada,Réserves des Premières Nations Régions rurales,,18.7
2019,"Proportion des ménages qui ont accès à des services Internet à large bande à des vitesses de 50/10 Mbps
",Pourcentage,Canada,Réserves des Premières Nations Régions rurales,,21.7
2020,"Proportion des ménages qui ont accès à des services Internet à large bande à des vitesses de 50/10 Mbps
",Pourcentage,Canada,Réserves des Premières Nations Régions rurales,,26.2
2021,"Proportion des ménages qui ont accès à des services Internet à large bande à des vitesses de 50/10 Mbps
",Pourcentage,Canada,Réserves des Premières Nations Régions rurales,,32.3
2020,"Proportion des ménages qui ont accès à des services Internet à large bande à des vitesses de 50/10 Mbps
",Pourcentage,Nouveau-Brunswick,Réserves des Premières Nations Régions urbaines,13,100.0
2020,"Proportion des ménages qui ont accès à des services Internet à large bande à des vitesses de 50/10 Mbps
",Pourcentage,Colombie-Britannique,Réserves des Premières Nations Régions urbaines,59,99.48
2020,"Proportion des ménages qui ont accès à des services Internet à large bande à des vitesses de 50/10 Mbps
",Pourcentage,Québec,Réserves des Premières Nations Régions urbaines,24,80.53
2020,"Proportion des ménages qui ont accès à des services Internet à large bande à des vitesses de 50/10 Mbps
",Pourcentage,Nouvelle-Écosse,Réserves des Premières Nations Régions urbaines,12,75.49
2020,"Proportion des ménages qui ont accès à des services Internet à large bande à des vitesses de 50/10 Mbps
",Pourcentage,Saskatchewan,Réserves des Premières Nations Régions urbaines,47,6.56
2020,"Proportion des ménages qui ont accès à des services Internet à large bande à des vitesses de 50/10 Mbps
",Pourcentage,Ontario,Réserves des Premières Nations Régions urbaines,35,43.66
2020,"Proportion des ménages qui ont accès à des services Internet à large bande à des vitesses de 50/10 Mbps
",Pourcentage,Manitoba,Réserves des Premières Nations Régions urbaines,46,0.41
2021,"Proportion des ménages qui ont accès à des services Internet à large bande à des vitesses de 50/10 Mbps
",Pourcentage,Nouveau-Brunswick,Réserves des Premières Nations Régions urbaines,13,100.0
2021,"Proportion des ménages qui ont accès à des services Internet à large bande à des vitesses de 50/10 Mbps
",Pourcentage,Colombie-Britannique,Réserves des Premières Nations Régions urbaines,59,98.79
2021,"Proportion des ménages qui ont accès à des services Internet à large bande à des vitesses de 50/10 Mbps
",Pourcentage,Québec,Réserves des Premières Nations Régions urbaines,24,84.75
2021,"Proportion des ménages qui ont accès à des services Internet à large bande à des vitesses de 50/10 Mbps
",Pourcentage,Nouvelle-Écosse,Réserves des Premières Nations Régions urbaines,12,48.33
2021,"Proportion des ménages qui ont accès à des services Internet à large bande à des vitesses de 50/10 Mbps
",Pourcentage,Saskatchewan,Réserves des Premières Nations Régions urbaines,47,6.56
2021,"Proportion des ménages qui ont accès à des services Internet à large bande à des vitesses de 50/10 Mbps
",Pourcentage,Ontario,Réserves des Premières Nations Régions urbaines,35,5.78
2021,"Proportion des ménages qui ont accès à des services Internet à large bande à des vitesses de 50/10 Mbps
",Pourcentage,Manitoba,Réserves des Premières Nations Régions urbaines,46,0.0
2020,"Proportion des ménages qui ont accès à des services Internet à large bande à des vitesses de 50/10 Mbps
",Pourcentage,Île-du-Prince-Édouard,Réserves des Premières Nations Régions rurales,11,50.38
2020,"Proportion des ménages qui ont accès à des services Internet à large bande à des vitesses de 50/10 Mbps
",Pourcentage,Nouveau-Brunswick,Réserves des Premières Nations Régions rurales,13,96.52
2020,"Proportion des ménages qui ont accès à des services Internet à large bande à des vitesses de 50/10 Mbps
",Pourcentage,Territoires du Nord-Ouest,Réserves des Premières Nations Régions rurales,61,74.89
2020,"Proportion des ménages qui ont accès à des services Internet à large bande à des vitesses de 50/10 Mbps
",Pourcentage,Québec,Réserves des Premières Nations Régions rurales,24,52.44
2020,"Proportion des ménages qui ont accès à des services Internet à large bande à des vitesses de 50/10 Mbps
",Pourcentage,Colombie-Britannique,Réserves des Premières Nations Régions rurales,59,46.1
2020,"Proportion des ménages qui ont accès à des services Internet à large bande à des vitesses de 50/10 Mbps
",Pourcentage,Nouvelle-Écosse,Réserves des Premières Nations Régions rurales,12,62.95
2020,"Proportion des ménages qui ont accès à des services Internet à large bande à des vitesses de 50/10 Mbps
",Pourcentage,Ontario,Réserves des Premières Nations Régions rurales,35,26.89
2020,"Proportion des ménages qui ont accès à des services Internet à large bande à des vitesses de 50/10 Mbps
",Pourcentage,Alberta,Réserves des Premières Nations Régions rurales,48,17.13
2020,"Proportion des ménages qui ont accès à des services Internet à large bande à des vitesses de 50/10 Mbps
",Pourcentage,Terre-Neuve-et-Labrador,Réserves des Premières Nations Régions rurales,10,0.0
2020,"Proportion des ménages qui ont accès à des services Internet à large bande à des vitesses de 50/10 Mbps
",Pourcentage,Manitoba,Réserves des Premières Nations Régions rurales,46,4.46
2020,"Proportion des ménages qui ont accès à des services Internet à large bande à des vitesses de 50/10 Mbps
",Pourcentage,Saskatchewan,Réserves des Premières Nations Régions rurales,47,3.82
2020,"Proportion des ménages qui ont accès à des services Internet à large bande à des vitesses de 50/10 Mbps
",Pourcentage,Yukon,Réserves des Premières Nations Régions rurales,60,0.0
2021,"Proportion des ménages qui ont accès à des services Internet à large bande à des vitesses de 50/10 Mbps
",Pourcentage,Île-du-Prince-Édouard,Réserves des Premières Nations Régions rurales,11,97.61
2021,"Proportion des ménages qui ont accès à des services Internet à large bande à des vitesses de 50/10 Mbps
",Pourcentage,Nouveau-Brunswick,Réserves des Premières Nations Régions rurales,13,94.45
2021,"Proportion des ménages qui ont accès à des services Internet à large bande à des vitesses de 50/10 Mbps
",Pourcentage,Territoires du Nord-Ouest,Réserves des Premières Nations Régions rurales,61,74.89
2021,"Proportion des ménages qui ont accès à des services Internet à large bande à des vitesses de 50/10 Mbps
",Pourcentage,Québec,Réserves des Premières Nations Régions rurales,24,50.45
2021,"Proportion des ménages qui ont accès à des services Internet à large bande à des vitesses de 50/10 Mbps
",Pourcentage,Colombie-Britannique,Réserves des Premières Nations Régions rurales,59,48.15
2021,"Proportion des ménages qui ont accès à des services Internet à large bande à des vitesses de 50/10 Mbps
",Pourcentage,Nouvelle-Écosse,Réserves des Premières Nations Régions rurales,12,42.77
2021,"Proportion des ménages qui ont accès à des services Internet à large bande à des vitesses de 50/10 Mbps
",Pourcentage,Ontario,Réserves des Premières Nations Régions rurales,35,35.13
2021,"Proportion des ménages qui ont accès à des services Internet à large bande à des vitesses de 50/10 Mbps
",Pourcentage,Alberta,Réserves des Premières Nations Régions rurales,48,26.91
2021,"Proportion des ménages qui ont accès à des services Internet à large bande à des vitesses de 50/10 Mbps
",Pourcentage,Terre-Neuve-et-Labrador,Réserves des Premières Nations Régions rurales,10,25.92
2021,"Proportion des ménages qui ont accès à des services Internet à large bande à des vitesses de 50/10 Mbps
",Pourcentage,Manitoba,Réserves des Premières Nations Régions rurales,46,15.3
2021,"Proportion des ménages qui ont accès à des services Internet à large bande à des vitesses de 50/10 Mbps
",Pourcentage,Saskatchewan,Réserves des Premières Nations Régions rurales,47,10.36
2021,"Proportion des ménages qui ont accès à des services Internet à large bande à des vitesses de 50/10 Mbps
",Pourcentage,Yukon,Réserves des Premières Nations Régions rurales,60,0.0
2016,"Proportion des ménages qui ont accès à des services Internet à large bande à des vitesses de 50/10 Mbps
",Pourcentage,Canada,Régions urbaines,,96.4
2017,"Proportion des ménages qui ont accès à des services Internet à large bande à des vitesses de 50/10 Mbps
",Pourcentage,Canada,Régions urbaines,,96.6
2018,"Proportion des ménages qui ont accès à des services Internet à large bande à des vitesses de 50/10 Mbps
",Pourcentage,Canada,Régions urbaines,,97.4
2019,"Proportion des ménages qui ont accès à des services Internet à large bande à des vitesses de 50/10 Mbps
",Pourcentage,Canada,Régions urbaines,,98.6
2020,"Proportion des ménages qui ont accès à des services Internet à large bande à des vitesses de 50/10 Mbps
",Pourcentage,Canada,Régions urbaines,,99.2
2021,"Proportion des ménages qui ont accès à des services Internet à large bande à des vitesses de 50/10 Mbps
",Pourcentage,Canada,Régions urbaines,,99.2
2016,"Proportion des ménages qui ont accès à des services Internet à large bande à des vitesses de 50/10 Mbps
",Pourcentage,Canada,Régions rurales,,38.9
2017,"Proportion des ménages qui ont accès à des services Internet à large bande à des vitesses de 50/10 Mbps
",Pourcentage,Canada,Régions rurales,,37.2
2018,"Proportion des ménages qui ont accès à des services Internet à large bande à des vitesses de 50/10 Mbps
",Pourcentage,Canada,Régions rurales,,40.7
2019,"Proportion des ménages qui ont accès à des services Internet à large bande à des vitesses de 50/10 Mbps
",Pourcentage,Canada,Régions rurales,,45.6
2020,"Proportion des ménages qui ont accès à des services Internet à large bande à des vitesses de 50/10 Mbps
",Pourcentage,Canada,Régions rurales,,54.4
2021,"Proportion des ménages qui ont accès à des services Internet à large bande à des vitesses de 50/10 Mbps
",Pourcentage,Canada,Régions rurales,,62.0
2020,"Proportion des ménages qui ont accès à des services Internet à large bande à des vitesses de 50/10 Mbps
",Pourcentage,Terre-Neuve-et-Labrador,Régions urbaines,10,97.9
2020,"Proportion des ménages qui ont accès à des services Internet à large bande à des vitesses de 50/10 Mbps
",Pourcentage,Île-du-Prince-Édouard,Régions urbaines,11,100.0
2020,"Proportion des ménages qui ont accès à des services Internet à large bande à des vitesses de 50/10 Mbps
",Pourcentage,Nouvelle-Écosse,Régions urbaines,12,99.4
2020,"Proportion des ménages qui ont accès à des services Internet à large bande à des vitesses de 50/10 Mbps
",Pourcentage,Nouveau-Brunswick,Régions urbaines,13,99.9
2020,"Proportion des ménages qui ont accès à des services Internet à large bande à des vitesses de 50/10 Mbps
",Pourcentage,Québec,Régions urbaines,24,99.7
2020,"Proportion des ménages qui ont accès à des services Internet à large bande à des vitesses de 50/10 Mbps
",Pourcentage,Ontario,Régions urbaines,35,99.2
2020,"Proportion des ménages qui ont accès à des services Internet à large bande à des vitesses de 50/10 Mbps
",Pourcentage,Manitoba,Régions urbaines,46,98.5
2020,"Proportion des ménages qui ont accès à des services Internet à large bande à des vitesses de 50/10 Mbps
",Pourcentage,Saskatchewan,Régions urbaines,47,98.3
2020,"Proportion des ménages qui ont accès à des services Internet à large bande à des vitesses de 50/10 Mbps
",Pourcentage,Alberta,Régions urbaines,48,98.5
2020,"Proportion des ménages qui ont accès à des services Internet à large bande à des vitesses de 50/10 Mbps
",Pourcentage,Colombie-Britannique,Régions urbaines,59,99.5
2020,"Proportion des ménages qui ont accès à des services Internet à large bande à des vitesses de 50/10 Mbps
",Pourcentage,Yukon,Régions urbaines,60,99.2
2020,"Proportion des ménages qui ont accès à des services Internet à large bande à des vitesses de 50/10 Mbps
",Pourcentage,Territoires du Nord-Ouest,Régions urbaines,61,84.8
2020,"Proportion des ménages qui ont accès à des services Internet à large bande à des vitesses de 50/10 Mbps
",Pourcentage,Nunavut,Régions urbaines,62,
2021,"Proportion des ménages qui ont accès à des services Internet à large bande à des vitesses de 50/10 Mbps
",Pourcentage,Terre-Neuve-et-Labrador,Régions urbaines,10,98.2
2021,"Proportion des ménages qui ont accès à des services Internet à large bande à des vitesses de 50/10 Mbps
",Pourcentage,Île-du-Prince-Édouard,Régions urbaines,11,100.0
2021,"Proportion des ménages qui ont accès à des services Internet à large bande à des vitesses de 50/10 Mbps
",Pourcentage,Nouvelle-Écosse,Régions urbaines,12,99.3
2021,"Proportion des ménages qui ont accès à des services Internet à large bande à des vitesses de 50/10 Mbps
",Pourcentage,Nouveau-Brunswick,Régions urbaines,13,99.9
2021,"Proportion des ménages qui ont accès à des services Internet à large bande à des vitesses de 50/10 Mbps
",Pourcentage,Québec,Régions urbaines,24,99.7
2021,"Proportion des ménages qui ont accès à des services Internet à large bande à des vitesses de 50/10 Mbps
",Pourcentage,Ontario,Régions urbaines,35,99.2
2021,"Proportion des ménages qui ont accès à des services Internet à large bande à des vitesses de 50/10 Mbps
",Pourcentage,Manitoba,Régions urbaines,46,97.4
2021,"Proportion des ménages qui ont accès à des services Internet à large bande à des vitesses de 50/10 Mbps
",Pourcentage,Saskatchewan,Régions urbaines,47,99.0
2021,"Proportion des ménages qui ont accès à des services Internet à large bande à des vitesses de 50/10 Mbps
",Pourcentage,Alberta,Régions urbaines,48,98.7
2021,"Proportion des ménages qui ont accès à des services Internet à large bande à des vitesses de 50/10 Mbps
",Pourcentage,Colombie-Britannique,Régions urbaines,59,99.4
2021,"Proportion des ménages qui ont accès à des services Internet à large bande à des vitesses de 50/10 Mbps
",Pourcentage,Yukon,Régions urbaines,60,99.2
2021,"Proportion des ménages qui ont accès à des services Internet à large bande à des vitesses de 50/10 Mbps
",Pourcentage,Territoires du Nord-Ouest,Régions urbaines,61,97.9
2021,"Proportion des ménages qui ont accès à des services Internet à large bande à des vitesses de 50/10 Mbps
",Pourcentage,Nunavut,Régions urbaines,62,
2020,"Proportion des ménages qui ont accès à des services Internet à large bande à des vitesses de 50/10 Mbps
",Pourcentage,Terre-Neuve-et-Labrador,Régions rurales,10,48.8
2020,"Proportion des ménages qui ont accès à des services Internet à large bande à des vitesses de 50/10 Mbps
",Pourcentage,Île-du-Prince-Édouard,Régions rurales,11,64.2
2020,"Proportion des ménages qui ont accès à des services Internet à large bande à des vitesses de 50/10 Mbps
",Pourcentage,Nouvelle-Écosse,Régions rurales,12,58.4
2020,"Proportion des ménages qui ont accès à des services Internet à large bande à des vitesses de 50/10 Mbps
",Pourcentage,Nouveau-Brunswick,Régions rurales,13,85.8
2020,"Proportion des ménages qui ont accès à des services Internet à large bande à des vitesses de 50/10 Mbps
",Pourcentage,Québec,Régions rurales,24,73.4
2020,"Proportion des ménages qui ont accès à des services Internet à large bande à des vitesses de 50/10 Mbps
",Pourcentage,Ontario,Régions rurales,35,41.3
2020,"Proportion des ménages qui ont accès à des services Internet à large bande à des vitesses de 50/10 Mbps
",Pourcentage,Manitoba,Régions rurales,46,28.1
2020,"Proportion des ménages qui ont accès à des services Internet à large bande à des vitesses de 50/10 Mbps
",Pourcentage,Saskatchewan,Régions rurales,47,39.0
2020,"Proportion des ménages qui ont accès à des services Internet à large bande à des vitesses de 50/10 Mbps
",Pourcentage,Alberta,Régions rurales,48,33.7
2020,"Proportion des ménages qui ont accès à des services Internet à large bande à des vitesses de 50/10 Mbps
",Pourcentage,Colombie-Britannique,Régions rurales,59,63.2
2020,"Proportion des ménages qui ont accès à des services Internet à large bande à des vitesses de 50/10 Mbps
",Pourcentage,Yukon,Régions rurales,60,12.5
2020,"Proportion des ménages qui ont accès à des services Internet à large bande à des vitesses de 50/10 Mbps
",Pourcentage,Territoires du Nord-Ouest,Régions rurales,61,16.9
2020,"Proportion des ménages qui ont accès à des services Internet à large bande à des vitesses de 50/10 Mbps
",Pourcentage,Nunavut,Régions rurales,62,
2021,"Proportion des ménages qui ont accès à des services Internet à large bande à des vitesses de 50/10 Mbps
",Pourcentage,Terre-Neuve-et-Labrador,Régions rurales,10,54.0
2021,"Proportion des ménages qui ont accès à des services Internet à large bande à des vitesses de 50/10 Mbps
",Pourcentage,Île-du-Prince-Édouard,Régions rurales,11,79.1
2021,"Proportion des ménages qui ont accès à des services Internet à large bande à des vitesses de 50/10 Mbps
",Pourcentage,Nouvelle-Écosse,Régions rurales,12,65.6
2021,"Proportion des ménages qui ont accès à des services Internet à large bande à des vitesses de 50/10 Mbps
",Pourcentage,Nouveau-Brunswick,Régions rurales,13,78.9
2021,"Proportion des ménages qui ont accès à des services Internet à large bande à des vitesses de 50/10 Mbps
",Pourcentage,Québec,Régions rurales,24,76.9
2021,"Proportion des ménages qui ont accès à des services Internet à large bande à des vitesses de 50/10 Mbps
",Pourcentage,Ontario,Régions rurales,35,57.1
2021,"Proportion des ménages qui ont accès à des services Internet à large bande à des vitesses de 50/10 Mbps
",Pourcentage,Manitoba,Régions rurales,46,38.8
2021,"Proportion des ménages qui ont accès à des services Internet à large bande à des vitesses de 50/10 Mbps
",Pourcentage,Saskatchewan,Régions rurales,47,48.1
2021,"Proportion des ménages qui ont accès à des services Internet à large bande à des vitesses de 50/10 Mbps
",Pourcentage,Alberta,Régions rurales,48,40.74
2021,"Proportion des ménages qui ont accès à des services Internet à large bande à des vitesses de 50/10 Mbps
",Pourcentage,Colombie-Britannique,Régions rurales,59,65.8
2021,"Proportion des ménages qui ont accès à des services Internet à large bande à des vitesses de 50/10 Mbps
",Pourcentage,Yukon,Régions rurales,60,24.0
2021,"Proportion des ménages qui ont accès à des services Internet à large bande à des vitesses de 50/10 Mbps
",Pourcentage,Territoires du Nord-Ouest,Régions rurales,61,17.7
2021,"Proportion des ménages qui ont accès à des services Internet à large bande à des vitesses de 50/10 Mbps
",Pourcentage,Nunavut,Régions rurales,62,
2020,"Proportion des ménages qui ont accès à des services Internet à large bande à des vitesses de 50/10 Mbps
",Pourcentage,Terre-Neuve-et-Labrador,Total centre de population,10,146.7
2020,"Proportion des ménages qui ont accès à des services Internet à large bande à des vitesses de 50/10 Mbps
",Pourcentage,Île-du-Prince-Édouard,Total centre de population,11,164.2
2020,"Proportion des ménages qui ont accès à des services Internet à large bande à des vitesses de 50/10 Mbps
",Pourcentage,Nouvelle-Écosse,Total centre de population,12,157.8
2020,"Proportion des ménages qui ont accès à des services Internet à large bande à des vitesses de 50/10 Mbps
",Pourcentage,Nouveau-Brunswick,Total centre de population,13,185.7
2020,"Proportion des ménages qui ont accès à des services Internet à large bande à des vitesses de 50/10 Mbps
",Pourcentage,Québec,Total centre de population,24,173.1
2020,"Proportion des ménages qui ont accès à des services Internet à large bande à des vitesses de 50/10 Mbps
",Pourcentage,Ontario,Total centre de population,35,140.5
2020,"Proportion des ménages qui ont accès à des services Internet à large bande à des vitesses de 50/10 Mbps
",Pourcentage,Manitoba,Total centre de population,46,126.6
2020,"Proportion des ménages qui ont accès à des services Internet à large bande à des vitesses de 50/10 Mbps
",Pourcentage,Saskatchewan,Total centre de population,47,137.3
2020,"Proportion des ménages qui ont accès à des services Internet à large bande à des vitesses de 50/10 Mbps
",Pourcentage,Alberta,Total centre de population,48,132.2
2020,"Proportion des ménages qui ont accès à des services Internet à large bande à des vitesses de 50/10 Mbps
",Pourcentage,Colombie-Britannique,Total centre de population,59,162.7
2020,"Proportion des ménages qui ont accès à des services Internet à large bande à des vitesses de 50/10 Mbps
",Pourcentage,Yukon,Total centre de population,60,111.7
2020,"Proportion des ménages qui ont accès à des services Internet à large bande à des vitesses de 50/10 Mbps
",Pourcentage,Territoires du Nord-Ouest,Total centre de population,61,101.7
2020,"Proportion des ménages qui ont accès à des services Internet à large bande à des vitesses de 50/10 Mbps
",Pourcentage,Nunavut,Total centre de population,62,0.0
2021,"Proportion des ménages qui ont accès à des services Internet à large bande à des vitesses de 50/10 Mbps
",Pourcentage,Terre-Neuve-et-Labrador,Total centre de population,10,152.2
2021,"Proportion des ménages qui ont accès à des services Internet à large bande à des vitesses de 50/10 Mbps
",Pourcentage,Île-du-Prince-Édouard,Total centre de population,11,179.1
2021,"Proportion des ménages qui ont accès à des services Internet à large bande à des vitesses de 50/10 Mbps
",Pourcentage,Nouvelle-Écosse,Total centre de population,12,164.9
2021,"Proportion des ménages qui ont accès à des services Internet à large bande à des vitesses de 50/10 Mbps
",Pourcentage,Nouveau-Brunswick,Total centre de population,13,178.8
2021,"Proportion des ménages qui ont accès à des services Internet à large bande à des vitesses de 50/10 Mbps
",Pourcentage,Québec,Total centre de population,24,176.6
2021,"Proportion des ménages qui ont accès à des services Internet à large bande à des vitesses de 50/10 Mbps
",Pourcentage,Ontario,Total centre de population,35,156.3
2021,"Proportion des ménages qui ont accès à des services Internet à large bande à des vitesses de 50/10 Mbps
",Pourcentage,Manitoba,Total centre de population,46,136.2
2021,"Proportion des ménages qui ont accès à des services Internet à large bande à des vitesses de 50/10 Mbps
",Pourcentage,Saskatchewan,Total centre de population,47,147.1
2021,"Proportion des ménages qui ont accès à des services Internet à large bande à des vitesses de 50/10 Mbps
",Pourcentage,Alberta,Total centre de population,48,139.44
2021,"Proportion des ménages qui ont accès à des services Internet à large bande à des vitesses de 50/10 Mbps
",Pourcentage,Colombie-Britannique,Total centre de population,59,165.2
2021,"Proportion des ménages qui ont accès à des services Internet à large bande à des vitesses de 50/10 Mbps
",Pourcentage,Yukon,Total centre de population,60,123.2
2021,"Proportion des ménages qui ont accès à des services Internet à large bande à des vitesses de 50/10 Mbps
",Pourcentage,Territoires du Nord-Ouest,Total centre de population,61,115.6
2021,"Proportion des ménages qui ont accès à des services Internet à large bande à des vitesses de 50/10 Mbps
",Pourcentage,Nunavut,Total centre de population,62,0.0
2014,"Abonnements à une connexion à Internet à haut débit fixe
",Nombre,,,,9917750.0
2015,"Abonnements à une connexion à Internet à haut débit fixe
",Nombre,,,,10068750.0
2016,"Abonnements à une connexion à Internet à haut débit fixe
",Nombre,,,,10322500.0
2017,"Abonnements à une connexion à Internet à haut débit fixe
",Nombre,,,,10651500.0
2018,"Abonnements à une connexion à Internet à haut débit fixe
",Nombre,,,,10947250.0
2019,"Abonnements à une connexion à Internet à haut débit fixe
",Nombre,,,,11183750.0
2020,"Abonnements à une connexion à Internet à haut débit fixe
",Nombre,,,,11519500.0
2021,"Abonnements à une connexion à Internet à haut débit fixe
",Nombre,,,,11896000.0
2022,"Abonnements à une connexion à Internet à haut débit fixe
",Nombre,,,,12245000.0
