Year,Units,COMMENT_OBS_0,COMMENT_OBS_1,Value
2015,Pourcentage (%),"Les valeurs affichées de 2,5 pourraient signifier une prévalence de la sous-alimentation inférieure à 2,5 %",,2.5
2016,Pourcentage (%),"Les valeurs affichées de 2,5 pourraient signifier une prévalence de la sous-alimentation inférieure à 2,5 %",,2.5
2017,Pourcentage (%),"Les valeurs affichées de 2,5 pourraient signifier une prévalence de la sous-alimentation inférieure à 2,5 %",,2.5
2018,Pourcentage (%),"Les valeurs affichées de 2,5 pourraient signifier une prévalence de la sous-alimentation inférieure à 2,5 %",,2.5
2019,Pourcentage (%),"Les valeurs affichées de 2,5 pourraient signifier une prévalence de la sous-alimentation inférieure à 2,5 %",Les estimations sont basées sur des valeurs projetées.,2.5
2020,Pourcentage (%),"Les valeurs affichées de 2,5 pourraient signifier une prévalence de la sous-alimentation inférieure à 2,5 %",Les estimations sont basées sur des valeurs projetées.,2.5
2021,Pourcentage (%),"Les valeurs affichées de 2,5 pourraient signifier une prévalence de la sous-alimentation inférieure à 2,5 %",Les estimations sont basées sur des valeurs projetées.,2.5
2022,Pourcentage (%),"Les valeurs affichées de 2,5 pourraient signifier une prévalence de la sous-alimentation inférieure à 2,5 %",Les estimations sont basées sur des valeurs projetées.,2.5
2023,Pourcentage (%),"Les valeurs affichées de 2,5 pourraient signifier une prévalence de la sous-alimentation inférieure à 2,5 %",Les estimations sont basées sur des valeurs projetées.,2.5
