Year,Size,Value
2001,Petits producteurs alimentaires,-7010
2006,Petits producteurs alimentaires,-6863
2011,Petits producteurs alimentaires,-6293
2016,Petits producteurs alimentaires,-3609
2001,Producteurs alimentaires de moyenne à grande échelle,40446
2006,Producteurs alimentaires de moyenne à grande échelle,48246
2011,Producteurs alimentaires de moyenne à grande échelle,79630
2016,Producteurs alimentaires de moyenne à grande échelle,111951
2001,,22321
2006,,27127
2011,,46717
2016,,67253
