Year,Géographie,Sexe,GeoCode,Value
2015,,,,12.3
2016,,,,11.0
2017,,,,11.3
2018,,,,10.3
2019,,,,10.7
2015,Canada,Hommes,,18.4
2015,Canada,Femmes,,6.3
2015,Alberta,Les deux sexes,48.0,15.8
2015,Terre-Neuve-et-Labrador,Hommes,,19.2
2015,Terre-Neuve-et-Labrador,Femmes,,4.8
2016,Alberta,Les deux sexes,48.0,13.9
2015,Île-du-Prince-Édouard,Hommes,,7.0
2015,Île-du-Prince-Édouard,Femmes,,4.0
2017,Alberta,Les deux sexes,48.0,14.7
2015,Nouvelle-Écosse,Hommes,,22.5
2015,Nouvelle-Écosse,Femmes,,4.6
2018,Alberta,Les deux sexes,48.0,13.2
2015,Nouveau-Brunswick,Hommes,,26.6
2015,Nouveau-Brunswick,Femmes,,7.1
2019,Alberta,Les deux sexes,48.0,13.0
2015,Québec,Hommes,,20.7
2015,Québec,Femmes,,7.2
2015,Colombie-Britannique,Les deux sexes,59.0,11.6
2015,Ontario,Hommes,,14.3
2015,Ontario,Femmes,,5.4
2016,Colombie-Britannique,Les deux sexes,59.0,10.1
2015,Manitoba,Hommes,,18.5
2015,Manitoba,Femmes,,9.2
2017,Colombie-Britannique,Les deux sexes,59.0,9.9
2015,Saskatchewan,Hommes,,22.6
2015,Saskatchewan,Femmes,,5.3
2018,Colombie-Britannique,Les deux sexes,59.0,8.2
2015,Alberta,Hommes,,22.9
2015,Alberta,Femmes,,8.4
2019,Colombie-Britannique,Les deux sexes,59.0,8.9
2015,Colombie-Britannique,Hommes,,18.1
2015,Colombie-Britannique,Femmes,,5.2
2015,Manitoba,Les deux sexes,46.0,13.8
2015,Yukon,Hommes,,26.4
2015,Yukon,Femmes,,0.0
2016,Manitoba,Les deux sexes,46.0,15.2
2015,Territoires du Nord-Ouest,Hommes,,39.9
2015,Territoires du Nord-Ouest,Femmes,,0.0
2017,Manitoba,Les deux sexes,46.0,15.5
2015,Nunavut,Hommes,,132.0
2015,Nunavut,Femmes,,22.6
2016,Canada,Hommes,,16.3
2016,Canada,Femmes,,5.7
2018,Manitoba,Les deux sexes,46.0,13.8
2016,Terre-Neuve-et-Labrador,Hommes,,21.0
2016,Terre-Neuve-et-Labrador,Femmes,,6.7
2019,Manitoba,Les deux sexes,46.0,15.1
2016,Île-du-Prince-Édouard,Hommes,,12.3
2016,Île-du-Prince-Édouard,Femmes,,1.3
2015,Nouveau-Brunswick,Les deux sexes,13.0,16.7
2016,Nouvelle-Écosse,Hommes,,20.9
2016,Nouvelle-Écosse,Femmes,,5.8
2016,Nouveau-Brunswick,Les deux sexes,13.0,15.8
2016,Nouveau-Brunswick,Hommes,,25.4
2016,Nouveau-Brunswick,Femmes,,6.5
2017,Nouveau-Brunswick,Les deux sexes,13.0,12.6
2016,Québec,Hommes,,14.4
2016,Québec,Femmes,,4.4
2018,Nouveau-Brunswick,Les deux sexes,13.0,14.7
2016,Ontario,Hommes,,14.4
2016,Ontario,Femmes,,5.3
2019,Nouveau-Brunswick,Les deux sexes,13.0,10.0
2016,Manitoba,Hommes,,21.5
2016,Manitoba,Femmes,,8.9
2015,Terre-Neuve-et-Labrador,Les deux sexes,10.0,11.9
2016,Saskatchewan,Hommes,,21.9
2016,Saskatchewan,Femmes,,9.3
2016,Terre-Neuve-et-Labrador,Les deux sexes,10.0,13.8
2016,Alberta,Hommes,,20.3
2016,Alberta,Femmes,,7.4
2017,Terre-Neuve-et-Labrador,Les deux sexes,10.0,17.4
2016,Colombie-Britannique,Hommes,,15.2
2016,Colombie-Britannique,Femmes,,5.1
2018,Terre-Neuve-et-Labrador,Les deux sexes,10.0,13.7
2016,Yukon,Hommes,,25.8
2016,Yukon,Femmes,,10.7
2019,Terre-Neuve-et-Labrador,Les deux sexes,10.0,11.5
2016,Territoires du Nord-Ouest,Hommes,,35.0
2016,Territoires du Nord-Ouest,Femmes,,18.4
2015,Territoires du Nord-Ouest,Les deux sexes,61.0,20.4
2016,Nunavut,Hommes,,93.5
2016,Nunavut,Femmes,,39.1
2017,Canada,Hommes,,17.1
2017,Canada,Femmes,,5.7
2016,Territoires du Nord-Ouest,Les deux sexes,61.0,26.9
2017,Terre-Neuve-et-Labrador,Hommes,,26.9
2017,Terre-Neuve-et-Labrador,Femmes,,8.2
2017,Territoires du Nord-Ouest,Les deux sexes,61.0,13.5
2017,Île-du-Prince-Édouard,Hommes,,14.8
2017,Île-du-Prince-Édouard,Femmes,,6.4
2018,Territoires du Nord-Ouest,Les deux sexes,61.0,24.7
2017,Nouvelle-Écosse,Hommes,,22.0
2017,Nouvelle-Écosse,Femmes,,7.2
2019,Territoires du Nord-Ouest,Les deux sexes,61.0,15.5
2017,Nouveau-Brunswick,Hommes,,20.5
2017,Nouveau-Brunswick,Femmes,,4.9
2015,Nouvelle-Écosse,Les deux sexes,12.0,13.4
2017,Québec,Hommes,,15.9
2017,Québec,Femmes,,5.1
2016,Nouvelle-Écosse,Les deux sexes,12.0,13.2
2017,Ontario,Hommes,,14.8
2017,Ontario,Femmes,,5.3
2017,Nouvelle-Écosse,Les deux sexes,12.0,14.5
2017,Manitoba,Hommes,,20.5
2017,Manitoba,Femmes,,10.4
2018,Nouvelle-Écosse,Les deux sexes,12.0,12.8
2017,Saskatchewan,Hommes,,22.2
2017,Saskatchewan,Femmes,,8.0
2019,Nouvelle-Écosse,Les deux sexes,12.0,12.7
2017,Alberta,Hommes,,23.0
2017,Alberta,Femmes,,6.3
2015,Nunavut,Les deux sexes,62.0,79.2
2017,Colombie-Britannique,Hommes,,15.1
2017,Colombie-Britannique,Femmes,,4.7
2016,Nunavut,Les deux sexes,62.0,67.2
2017,Territoires du Nord-Ouest,Hommes,,26.3
2017,Territoires du Nord-Ouest,Femmes,,0.0
2017,Nunavut,Les deux sexes,62.0,50.0
2017,Nunavut,Hommes,,81.3
2017,Nunavut,Femmes,,16.4
2018,Canada,Hommes,,15.7
2018,Canada,Femmes,,5.0
2018,Nunavut,Les deux sexes,62.0,54.7
2018,Terre-Neuve-et-Labrador,Hommes,,23.1
2018,Terre-Neuve-et-Labrador,Femmes,,4.5
2019,Nunavut,Les deux sexes,62.0,82.9
2018,Île-du-Prince-Édouard,Hommes,,8.0
2018,Île-du-Prince-Édouard,Femmes,,1.3
2015,Ontario,Les deux sexes,35.0,9.8
2018,Nouvelle-Écosse,Hommes,,20.9
2018,Nouvelle-Écosse,Femmes,,5.1
2016,Ontario,Les deux sexes,35.0,9.8
2018,Nouveau-Brunswick,Hommes,,24.1
2018,Nouveau-Brunswick,Femmes,,5.4
2017,Ontario,Les deux sexes,35.0,10.0
2018,Québec,Hommes,,14.3
2018,Québec,Femmes,,4.9
2018,Ontario,Les deux sexes,35.0,8.9
2018,Ontario,Hommes,,13.5
2018,Ontario,Femmes,,4.4
2019,Ontario,Les deux sexes,35.0,9.1
2018,Manitoba,Hommes,,20.1
2018,Manitoba,Femmes,,7.4
2015,Île-du-Prince-Édouard,Les deux sexes,11.0,5.4
2018,Saskatchewan,Hommes,,29.2
2018,Saskatchewan,Femmes,,9.2
2016,Île-du-Prince-Édouard,Les deux sexes,11.0,6.7
2018,Alberta,Hommes,,19.5
2018,Alberta,Femmes,,6.7
2017,Île-du-Prince-Édouard,Les deux sexes,11.0,10.5
2018,Colombie-Britannique,Hommes,,12.6
2018,Colombie-Britannique,Femmes,,3.8
2018,Île-du-Prince-Édouard,Les deux sexes,11.0,4.6
2018,Territoires du Nord-Ouest,Hommes,,39.3
2018,Territoires du Nord-Ouest,Femmes,,9.2
2019,Île-du-Prince-Édouard,Les deux sexes,11.0,10.8
2018,Nunavut,Hommes,,101.3
2018,Nunavut,Femmes,,5.4
2019,Canada,Hommes,,16.4
2019,Canada,Femmes,,5.0
2015,Québec,Les deux sexes,24.0,13.9
2019,Terre-Neuve-et-Labrador,Hommes,,17.0
2019,Terre-Neuve-et-Labrador,Femmes,,6.0
2016,Québec,Les deux sexes,24.0,9.4
2019,Île-du-Prince-Édouard,Hommes,,18.1
2019,Île-du-Prince-Édouard,Femmes,,3.8
2017,Québec,Les deux sexes,24.0,10.5
2019,Nouvelle-Écosse,Hommes,,21.1
2019,Nouvelle-Écosse,Femmes,,4.6
2018,Québec,Les deux sexes,24.0,9.6
2019,Nouveau-Brunswick,Hommes,,14.8
2019,Nouveau-Brunswick,Femmes,,5.4
2019,Québec,Les deux sexes,24.0,11.5
2019,Québec,Hommes,,17.7
2019,Québec,Femmes,,5.3
2015,Saskatchewan,Les deux sexes,47.0,14.1
2019,Ontario,Hommes,,13.8
2019,Ontario,Femmes,,4.5
2016,Saskatchewan,Les deux sexes,47.0,15.7
2019,Manitoba,Hommes,,22.5
2019,Manitoba,Femmes,,7.7
2017,Saskatchewan,Les deux sexes,47.0,15.1
2019,Saskatchewan,Hommes,,22.7
2019,Saskatchewan,Femmes,,5.5
2018,Saskatchewan,Les deux sexes,47.0,19.3
2019,Alberta,Hommes,,19.6
2019,Alberta,Femmes,,6.3
2019,Saskatchewan,Les deux sexes,47.0,14.2
2019,Colombie-Britannique,Hommes,,13.9
2019,Colombie-Britannique,Femmes,,4.0
2015,Yukon,Les deux sexes,60.0,13.4
2019,Territoires du Nord-Ouest,Hommes,,17.3
2019,Territoires du Nord-Ouest,Femmes,,13.7
2016,Yukon,Les deux sexes,60.0,18.4
2019,Nunavut,Hommes,,121.2
2019,Nunavut,Femmes,,42.5
