Year,Lieu de résidence de la mère,Value
2015,,9.5
2016,,8.4
2017,,7.8
2018,,6.8
2019,,6.4
2020,,5.8
2021,,5.2
2022,,4.7
2023,,4.1
2024,,4.0
2015,Terre-Neuve-et-Labrador,11.2
2015,Île-du-Prince-Édouard,10.2
2015,Nouvelle-Écosse,12.8
2015,Nouveau-Brunswick,15.1
2015,Québec,7.2
2015,Ontario,7.2
2015,Manitoba,21.9
2015,Saskatchewan,25.0
2015,Alberta,12.7
2015,Colombie-Britannique,6.2
2015,Yukon,10.1
2015,Territoires du Nord-Ouest,32.1
2015,Nunavut,106.9
2016,Terre-Neuve-et-Labrador,12.7
2016,Île-du-Prince-Édouard,8.0
2016,Nouvelle-Écosse,11.4
2016,Nouveau-Brunswick,12.1
2016,Québec,6.6
2016,Ontario,6.2
2016,Manitoba,20.6
2016,Saskatchewan,23.7
2016,Alberta,11.0
2016,Colombie-Britannique,5.2
2016,Yukon,7.0
2016,Territoires du Nord-Ouest,24.7
2016,Nunavut,105.8
2017,Terre-Neuve-et-Labrador,11.2
2017,Île-du-Prince-Édouard,8.9
2017,Nouvelle-Écosse,11.3
2017,Nouveau-Brunswick,12.5
2017,Québec,6.2
2017,Ontario,5.9
2017,Manitoba,18.7
2017,Saskatchewan,21.0
2017,Alberta,9.9
2017,Colombie-Britannique,4.7
2017,Yukon,10.6
2017,Territoires du Nord-Ouest,33.3
2017,Nunavut,98.1
2018,Terre-Neuve-et-Labrador,10.1
2018,Île-du-Prince-Édouard,6.7
2018,Nouvelle-Écosse,8.5
2018,Nouveau-Brunswick,10.8
2018,Québec,5.6
2018,Ontario,5.0
2018,Manitoba,17.8
2018,Saskatchewan,20.3
2018,Alberta,8.2
2018,Colombie-Britannique,3.7
2018,Yukon,11.9
2018,Territoires du Nord-Ouest,30.1
2018,Nunavut,99.9
2019,Terre-Neuve-et-Labrador,8.7
2019,Île-du-Prince-Édouard,5.9
2019,Nouvelle-Écosse,9.4
2019,Nouveau-Brunswick,10.2
2019,Québec,5.5
2019,Ontario,4.6
2019,Manitoba,16.3
2019,Saskatchewan,18.7
2019,Alberta,7.0
2019,Colombie-Britannique,3.7
2019,Yukon,7.8
2019,Territoires du Nord-Ouest,24.7
2019,Nunavut,95.1
2020,Terre-Neuve-et-Labrador,6.9
2020,Île-du-Prince-Édouard,5.9
2020,Nouvelle-Écosse,7.6
2020,Nouveau-Brunswick,8.9
2020,Québec,5.2
2020,Ontario,4.0
2020,Manitoba,15.6
2020,Saskatchewan,17.4
2020,Alberta,6.7
2020,Colombie-Britannique,3.6
2020,Yukon,10.5
2020,Territoires du Nord-Ouest,19.7
2020,Nunavut,102.8
2021,Terre-Neuve-et-Labrador,7.4
2021,Île-du-Prince-Édouard,4.0
2021,Nouvelle-Écosse,6.6
2021,Nouveau-Brunswick,8.1
2021,Québec,4.6
2021,Ontario,3.4
2021,Manitoba,14.8
2021,Saskatchewan,17.2
2021,Alberta,5.9
2021,Colombie-Britannique,3.0
2021,Yukon,13.3
2021,Territoires du Nord-Ouest,14.1
2021,Nunavut,93.9
2022,Terre-Neuve-et-Labrador,6.3
2022,Île-du-Prince-Édouard,4.9
2022,Nouvelle-Écosse,5.9
2022,Nouveau-Brunswick,7.1
2022,Québec,4.2
2022,Ontario,3.1
2022,Manitoba,13.1
2022,Saskatchewan,15.0
2022,Alberta,5.2
2022,Colombie-Britannique,2.7
2022,Yukon,5.6
2022,Territoires du Nord-Ouest,14.1
2022,Nunavut,85.4
2023,Terre-Neuve-et-Labrador,5.8
2023,Île-du-Prince-Édouard,3.9
2023,Nouvelle-Écosse,4.3
2023,Nouveau-Brunswick,6.4
2023,Québec,3.7
2023,Ontario,2.8
2023,Manitoba,11.7
2023,Saskatchewan,13.3
2023,Alberta,4.7
2023,Colombie-Britannique,2.2
2023,Yukon,5.4
2023,Territoires du Nord-Ouest,11.1
2023,Nunavut,73.3
2024,Terre-Neuve-et-Labrador,5.0
2024,Île-du-Prince-Édouard,3.9
2024,Nouvelle-Écosse,4.5
2024,Nouveau-Brunswick,5.8
2024,Québec,3.4
2024,Ontario,2.6
2024,Manitoba,12.4
2024,Saskatchewan,12.8
2024,Alberta,4.6
2024,Colombie-Britannique,2.2
2024,Yukon,2.7
2024,Territoires du Nord-Ouest,6.7
2024,Nunavut,69.9
