Year,Series,Units,Population,Value
2015,Proportion dont la part est supérieure à 10 %,Pour cent (%),,3.3
2015,Proportion dont la part est supérieure à 10 %,Pour cent (%),Homme,3.2
2015,Proportion dont la part est supérieure à 10 %,Pour cent (%),Femme,3.5
2015,Proportion dont la part est supérieure à 10 %,Pour cent (%),Moins de 18 ans,2.0
2015,Proportion dont la part est supérieure à 10 %,Pour cent (%),De 18 à 64 ans,3.0
2015,Proportion dont la part est supérieure à 10 %,Pour cent (%),Aged 65 years or older,6.3
2015,Proportion dont la part est supérieure à 10 %,Pour cent (%),Revenu après impôt ajusté du ménage dans la tranche inférieure de 40 %,6.0
2015,Proportion dont la part est supérieure à 10 %,Pour cent (%),Revenu après impôt rajusté du ménage dans la tranche supérieure de 60 %,1.5
2016,Proportion dont la part est supérieure à 10 %,Pour cent (%),,3.4
2016,Proportion dont la part est supérieure à 10 %,Pour cent (%),Homme,3.2
2016,Proportion dont la part est supérieure à 10 %,Pour cent (%),Femme,3.7
2016,Proportion dont la part est supérieure à 10 %,Pour cent (%),Moins de 18 ans,2.0
2016,Proportion dont la part est supérieure à 10 %,Pour cent (%),De 18 à 64 ans,2.9
2016,Proportion dont la part est supérieure à 10 %,Pour cent (%),Aged 65 years or older,7.1
2016,Proportion dont la part est supérieure à 10 %,Pour cent (%),Revenu après impôt ajusté du ménage dans la tranche inférieure de 40 %,6.2
2016,Proportion dont la part est supérieure à 10 %,Pour cent (%),Revenu après impôt rajusté du ménage dans la tranche supérieure de 60 %,1.6
2017,Proportion dont la part est supérieure à 10 %,Pour cent (%),,3.8
2017,Proportion dont la part est supérieure à 10 %,Pour cent (%),Homme,3.7
2017,Proportion dont la part est supérieure à 10 %,Pour cent (%),Femme,4.0
2017,Proportion dont la part est supérieure à 10 %,Pour cent (%),Moins de 18 ans,2.3
2017,Proportion dont la part est supérieure à 10 %,Pour cent (%),De 18 à 64 ans,3.3
2017,Proportion dont la part est supérieure à 10 %,Pour cent (%),Aged 65 years or older,7.6
2017,Proportion dont la part est supérieure à 10 %,Pour cent (%),Revenu après impôt ajusté du ménage dans la tranche inférieure de 40 %,7.4
2017,Proportion dont la part est supérieure à 10 %,Pour cent (%),Revenu après impôt rajusté du ménage dans la tranche supérieure de 60 %,1.5
2019,Proportion dont la part est supérieure à 10 %,Pour cent (%),,3.5
2019,Proportion dont la part est supérieure à 10 %,Pour cent (%),Homme,3.1
2019,Proportion dont la part est supérieure à 10 %,Pour cent (%),Femme,3.8
2019,Proportion dont la part est supérieure à 10 %,Pour cent (%),Moins de 18 ans,2.2
2019,Proportion dont la part est supérieure à 10 %,Pour cent (%),De 18 à 64 ans,3.0
2019,Proportion dont la part est supérieure à 10 %,Pour cent (%),Aged 65 years or older,6.6
2019,Proportion dont la part est supérieure à 10 %,Pour cent (%),Revenu après impôt ajusté du ménage dans la tranche inférieure de 40 %,7.1
2019,Proportion dont la part est supérieure à 10 %,Pour cent (%),Revenu après impôt rajusté du ménage dans la tranche supérieure de 60 %,1.1
2015,Proportion dont la part est supérieure à 25 %,Pour cent (%),,0.5
2015,Proportion dont la part est supérieure à 25 %,Pour cent (%),Homme,0.5
2015,Proportion dont la part est supérieure à 25 %,Pour cent (%),Femme,0.5
2015,Proportion dont la part est supérieure à 25 %,Pour cent (%),Moins de 18 ans,
2015,Proportion dont la part est supérieure à 25 %,Pour cent (%),De 18 à 64 ans,0.5
2015,Proportion dont la part est supérieure à 25 %,Pour cent (%),Aged 65 years or older,1.0
2015,Proportion dont la part est supérieure à 25 %,Pour cent (%),Revenu après impôt ajusté du ménage dans la tranche inférieure de 40 %,1.2
2015,Proportion dont la part est supérieure à 25 %,Pour cent (%),Revenu après impôt rajusté du ménage dans la tranche supérieure de 60 %,
2016,Proportion dont la part est supérieure à 25 %,Pour cent (%),,0.7
2016,Proportion dont la part est supérieure à 25 %,Pour cent (%),Homme,0.7
2016,Proportion dont la part est supérieure à 25 %,Pour cent (%),Femme,0.7
2016,Proportion dont la part est supérieure à 25 %,Pour cent (%),Moins de 18 ans,
2016,Proportion dont la part est supérieure à 25 %,Pour cent (%),De 18 à 64 ans,0.8
2016,Proportion dont la part est supérieure à 25 %,Pour cent (%),Aged 65 years or older,0.7
2016,Proportion dont la part est supérieure à 25 %,Pour cent (%),Revenu après impôt ajusté du ménage dans la tranche inférieure de 40 %,1.4
2016,Proportion dont la part est supérieure à 25 %,Pour cent (%),Revenu après impôt rajusté du ménage dans la tranche supérieure de 60 %,
2017,Proportion dont la part est supérieure à 25 %,Pour cent (%),,0.9
2017,Proportion dont la part est supérieure à 25 %,Pour cent (%),Homme,0.9
2017,Proportion dont la part est supérieure à 25 %,Pour cent (%),Femme,0.8
2017,Proportion dont la part est supérieure à 25 %,Pour cent (%),Moins de 18 ans,
2017,Proportion dont la part est supérieure à 25 %,Pour cent (%),De 18 à 64 ans,1.0
2017,Proportion dont la part est supérieure à 25 %,Pour cent (%),Aged 65 years or older,1.1
2017,Proportion dont la part est supérieure à 25 %,Pour cent (%),Revenu après impôt ajusté du ménage dans la tranche inférieure de 40 %,1.9
2017,Proportion dont la part est supérieure à 25 %,Pour cent (%),Revenu après impôt rajusté du ménage dans la tranche supérieure de 60 %,
2019,Proportion dont la part est supérieure à 25 %,Pour cent (%),,0.8
2019,Proportion dont la part est supérieure à 25 %,Pour cent (%),Homme,0.8
2019,Proportion dont la part est supérieure à 25 %,Pour cent (%),Femme,0.9
2019,Proportion dont la part est supérieure à 25 %,Pour cent (%),Moins de 18 ans,
2019,Proportion dont la part est supérieure à 25 %,Pour cent (%),De 18 à 64 ans,0.8
2019,Proportion dont la part est supérieure à 25 %,Pour cent (%),Aged 65 years or older,1.3
2019,Proportion dont la part est supérieure à 25 %,Pour cent (%),Revenu après impôt ajusté du ménage dans la tranche inférieure de 40 %,2.0
2019,Proportion dont la part est supérieure à 25 %,Pour cent (%),Revenu après impôt rajusté du ménage dans la tranche supérieure de 60 %,
