Year,Sexe,Age Group,Tobacco Product,Value
2015,,,,15.5
2015,Les deux sexes,All age groups,Cigarettes,13.2
2015,Les deux sexes,All age groups,Cigars,1.2
2015,Les deux sexes,All age groups,Little cigars or cigarillos,1.8
2015,Les deux sexes,All age groups,Pipe,0.5
2015,Les deux sexes,All age groups,Smokeless tobacco,0.4
2015,Les deux sexes,All age groups,Water pipe w tobacco,0.5
2015,Les deux sexes,All age groups,E-cigarettes,3.2
2015,Les deux sexes,15-19,Any tobacco product,13.1
2015,Les deux sexes,15-19,Cigarettes,9.8
2015,Les deux sexes,15-19,Cigars,1.3
2015,Les deux sexes,15-19,Little cigars or cigarillos,3.0
2015,Les deux sexes,15-19,Smokeless tobacco,0.9
2015,Les deux sexes,15-19,Water pipe w tobacco,1.7
2015,Les deux sexes,15-19,E-cigarettes,6.3
2015,Les deux sexes,20-24,Any tobacco product,23.8
2015,Les deux sexes,20-24,Cigarettes,18.9
2015,Les deux sexes,20-24,Cigars,2.3
2015,Les deux sexes,20-24,Little cigars or cigarillos,5.7
2015,Les deux sexes,20-24,Pipe,1.5
2015,Les deux sexes,20-24,Smokeless tobacco,1.8
2015,Les deux sexes,20-24,Water pipe w tobacco,2.7
2015,Les deux sexes,20-24,E-cigarettes,6.3
2015,Les deux sexes,25+,Any tobacco product,14.9
2015,Les deux sexes,25+,Cigarettes,12.9
2015,Les deux sexes,25+,Cigars,1.1
2015,Les deux sexes,25+,Little cigars or cigarillos,1.3
2015,Les deux sexes,25+,Pipe,0.4
2015,Les deux sexes,25+,Smokeless tobacco,0.2
2015,Les deux sexes,25+,E-cigarettes,2.6
2015,Les deux sexes,25-44,Any tobacco product,17.8
2015,Les deux sexes,25-44,Cigarettes,15.3
2015,Les deux sexes,25-44,Cigars,1.1
2015,Les deux sexes,25-44,Little cigars or cigarillos,1.7
2015,Les deux sexes,25-44,E-cigarettes,3.4
2015,Les deux sexes,45+,Any tobacco product,13.0
2015,Les deux sexes,45+,Cigarettes,11.4
2015,Les deux sexes,45+,Cigars,1.0
2015,Les deux sexes,45+,Little cigars or cigarillos,1.0
2015,Les deux sexes,45+,E-cigarettes,2.1
2015,Femme,All age groups,Any tobacco product,11.6
2015,Femme,All age groups,Cigarettes,10.6
2015,Femme,All age groups,Little cigars or cigarillos,0.9
2015,Femme,All age groups,Pipe,0.3
2015,Femme,All age groups,Water pipe w tobacco,0.4
2015,Femme,All age groups,E-cigarettes,2.8
2015,Homme,All age groups,Any tobacco product,19.5
2015,Homme,All age groups,Cigarettes,15.8
2015,Homme,All age groups,Cigars,2.2
2015,Homme,All age groups,Little cigars or cigarillos,2.7
2015,Homme,All age groups,Pipe,0.8
2015,Homme,All age groups,Smokeless tobacco,0.8
2015,Homme,All age groups,Water pipe w tobacco,0.7
2015,Homme,All age groups,E-cigarettes,3.6
2017,,,,17.8
2017,Les deux sexes,All age groups,Cigarettes,15.3
2017,Les deux sexes,All age groups,Cigars,0.8
2017,Les deux sexes,All age groups,Little cigars or cigarillos,1.4
2017,Les deux sexes,All age groups,Pipe,0.3
2017,Les deux sexes,All age groups,Smokeless tobacco,0.7
2017,Les deux sexes,All age groups,Water pipe w tobacco,0.7
2017,Les deux sexes,All age groups,E-cigarettes,2.9
2017,Les deux sexes,15-19,Any tobacco product,9.2
2017,Les deux sexes,15-19,Cigarettes,6.6
2017,Les deux sexes,15-19,Cigars,1.0
2017,Les deux sexes,15-19,Little cigars or cigarillos,2.2
2017,Les deux sexes,15-19,Smokeless tobacco,1.6
2017,Les deux sexes,15-19,Water pipe w tobacco,1.5
2017,Les deux sexes,15-19,E-cigarettes,6.3
2017,Les deux sexes,20-24,Any tobacco product,20.6
2017,Les deux sexes,20-24,Cigarettes,15.6
2017,Les deux sexes,20-24,Cigars,2.1
2017,Les deux sexes,20-24,Little cigars or cigarillos,3.7
2017,Les deux sexes,20-24,Smokeless tobacco,1.4
2017,Les deux sexes,20-24,Water pipe w tobacco,3.1
2017,Les deux sexes,20-24,E-cigarettes,6.0
2017,Les deux sexes,25-44,Any tobacco product,22.4
2017,Les deux sexes,25-44,Cigarettes,18.7
2017,Les deux sexes,25-44,Little cigars or cigarillos,1.9
2017,Les deux sexes,25-44,E-cigarettes,3.2
2017,Les deux sexes,25+,Any tobacco product,18.2
2017,Les deux sexes,25+,Cigarettes,16.0
2017,Les deux sexes,25+,Cigars,0.6
2017,Les deux sexes,25+,Little cigars or cigarillos,1.1
2017,Les deux sexes,25+,E-cigarettes,2.3
2017,Les deux sexes,45+,Any tobacco product,15.6
2017,Les deux sexes,45+,Cigarettes,14.2
2017,Les deux sexes,45+,Little cigars or cigarillos,0.6
2017,Les deux sexes,45+,E-cigarettes,1.7
2017,Femme,All age groups,Any tobacco product,14.4
2017,Femme,All age groups,Cigarettes,13.6
2017,Femme,All age groups,Cigars,0.1
2017,Femme,All age groups,Water pipe w tobacco,0.5
2017,Femme,All age groups,E-cigarettes,2.2
2017,Homme,All age groups,Any tobacco product,21.2
2017,Homme,All age groups,Cigarettes,17.0
2017,Homme,All age groups,Cigars,1.5
2017,Homme,All age groups,Little cigars or cigarillos,2.1
2017,Homme,All age groups,Smokeless tobacco,1.5
2017,Homme,All age groups,Water pipe w tobacco,0.9
2017,Homme,All age groups,E-cigarettes,3.6
2019,,,,14.0
2019,Les deux sexes,All age groups,Cigarettes,11.9
2019,Les deux sexes,All age groups,Cigars,1.4
2019,Les deux sexes,All age groups,Little cigars or cigarillos,1.9
2019,Les deux sexes,All age groups,Chewing tobacco,0.4
2019,Les deux sexes,All age groups,Water pipe w tobacco,0.4
2019,Les deux sexes,All age groups,Vaping,4.7
2019,Les deux sexes,15-19,Any tobacco product,7.4
2019,Les deux sexes,15-19,Cigarettes,5.1
2019,Les deux sexes,15-19,Vaping,15.1
2019,Les deux sexes,20-24,Any tobacco product,18.3
2019,Les deux sexes,20-24,Cigarettes,13.3
2019,Les deux sexes,20-24,Little cigars or cigarillos,3.9
2019,Les deux sexes,20-24,Vaping,15.2
2019,Les deux sexes,25+,Any tobacco product,14.4
2019,Les deux sexes,25+,Cigarettes,12.5
2019,Les deux sexes,25+,Cigars,1.3
2019,Les deux sexes,25+,Little cigars or cigarillos,1.7
2019,Les deux sexes,25+,Vaping,2.9
2019,Les deux sexes,25-44,Any tobacco product,16.0
2019,Les deux sexes,25-44,Cigarettes,13.2
2019,Les deux sexes,25-44,Little cigars or cigarillos,1.7
2019,Les deux sexes,25-44,Vaping,5.0
2019,Les deux sexes,45+,Any tobacco product,13.4
2019,Les deux sexes,45+,Cigarettes,12.0
2019,Les deux sexes,45+,Cigars,0.9
2019,Les deux sexes,45+,Little cigars or cigarillos,1.6
2019,Les deux sexes,45+,Vaping,1.6
2019,Homme,All age groups,Any tobacco product,15.9
2019,Homme,All age groups,Cigarettes,12.6
2019,Homme,All age groups,Cigars,2.4
2019,Homme,All age groups,Little cigars or cigarillos,2.8
2019,Homme,All age groups,Chewing tobacco,0.7
2019,Homme,All age groups,Water pipe w tobacco,0.5
2019,Homme,All age groups,Vaping,5.8
2019,Homme,15-19,Any tobacco product,9.1
2019,Homme,15-19,Cigarettes,6.0
2019,Homme,15-19,Vaping,16.1
2019,Homme,20-24,Any tobacco product,21.6
2019,Homme,20-24,Cigarettes,15.3
2019,Homme,20-24,Vaping,18.0
2019,Homme,25+,Any tobacco product,16.3
2019,Homme,25+,Cigarettes,13.2
2019,Homme,25+,Cigars,2.3
2019,Homme,25+,Little cigars or cigarillos,2.6
2019,Homme,25+,Vaping,3.8
2019,Homme,25-44,Any tobacco product,18.2
2019,Homme,25-44,Cigarettes,13.7
2019,Homme,25-44,Vaping,6.7
2019,Homme,45+,Any tobacco product,15.1
2019,Homme,45+,Cigarettes,12.9
2019,Homme,45+,Cigars,1.5
2019,Homme,45+,Little cigars or cigarillos,2.6
2019,Homme,45+,Vaping,1.9
2019,Femme,All age groups,Any tobacco product,12.0
2019,Femme,All age groups,Cigarettes,11.0
2019,Femme,All age groups,Little cigars or cigarillos,1.0
2019,Femme,All age groups,Vaping,3.6
2019,Femme,15-19,Any tobacco product,5.0
2019,Femme,15-19,Vaping,13.6
2019,Femme,20-24,Any tobacco product,14.2
2019,Femme,20-24,Cigarettes,10.6
2019,Femme,20-24,Vaping,11.8
2019,Femme,25+,Any tobacco product,12.5
2019,Femme,25+,Cigarettes,11.8
2019,Femme,25+,Little cigars or cigarillos,0.8
2019,Femme,25+,Vaping,2.1
2019,Femme,25-44,Any tobacco product,13.8
2019,Femme,25-44,Cigarettes,12.8
2019,Femme,25-44,Vaping,3.3
2019,Femme,45+,Any tobacco product,11.8
2019,Femme,45+,Cigarettes,11.3
2019,Femme,45+,Vaping,1.3
2020,,,,12.1
2020,Les deux sexes,All age groups,Cigarettes,10.3
2020,Les deux sexes,All age groups,Cigars,1.2
2020,Les deux sexes,All age groups,Little cigars or cigarillos,1.7
2020,Les deux sexes,All age groups,Chewing tobacco,0.5
2020,Les deux sexes,All age groups,Water pipe w tobacco,0.5
2020,Les deux sexes,All age groups,Vaping,4.7
2020,Les deux sexes,15-19,Any tobacco product,6.0
2020,Les deux sexes,15-19,Cigarettes,3.1
2020,Les deux sexes,15-19,Vaping,14.4
2020,Les deux sexes,20-24,Any tobacco product,12.5
2020,Les deux sexes,20-24,Cigarettes,8.4
2020,Les deux sexes,20-24,Little cigars or cigarillos,2.8
2020,Les deux sexes,20-24,Vaping,13.0
2020,Les deux sexes,25+,Any tobacco product,12.5
2020,Les deux sexes,25+,Cigarettes,11.0
2020,Les deux sexes,25+,Cigars,1.1
2020,Les deux sexes,25+,Little cigars or cigarillos,1.6
2020,Les deux sexes,25+,Vaping,3.2
2020,Les deux sexes,25-44,Any tobacco product,12.4
2020,Les deux sexes,25-44,Cigarettes,10.5
2020,Les deux sexes,25-44,Little cigars or cigarillos,2.0
2020,Les deux sexes,25-44,Vaping,5.1
2020,Les deux sexes,45+,Any tobacco product,12.6
2020,Les deux sexes,45+,Cigarettes,11.4
2020,Les deux sexes,45+,Cigars,0.7
2020,Les deux sexes,45+,Little cigars or cigarillos,1.3
2020,Les deux sexes,45+,Vaping,2.0
2020,Homme,All age groups,Any tobacco product,14.8
2020,Homme,All age groups,Cigarettes,12.1
2020,Homme,All age groups,Cigars,1.9
2020,Homme,All age groups,Little cigars or cigarillos,2.7
2020,Homme,All age groups,Chewing tobacco,1.0
2020,Homme,All age groups,Vaping,5.7
2020,Homme,15-19,Any tobacco product,7.3
2020,Homme,15-19,Vaping,14.7
2020,Homme,20-24,Any tobacco product,17.8
2020,Homme,20-24,Cigarettes,12.3
2020,Homme,20-24,Vaping,15.7
2020,Homme,25+,Any tobacco product,15.1
2020,Homme,25+,Cigarettes,12.7
2020,Homme,25+,Cigars,1.9
2020,Homme,25+,Little cigars or cigarillos,2.6
2020,Homme,25+,Vaping,4.1
2020,Homme,25-44,Any tobacco product,15.6
2020,Homme,25-44,Cigarettes,12.5
2020,Homme,25-44,Vaping,7.0
2020,Homme,45+,Any tobacco product,14.8
2020,Homme,45+,Cigarettes,12.8
2020,Homme,45+,Little cigars or cigarillos,2.2
2020,Homme,45+,Vaping,2.1
2020,Femme,All age groups,Any tobacco product,9.5
2020,Femme,All age groups,Cigarettes,8.6
2020,Femme,All age groups,Little cigars or cigarillos,0.8
2020,Femme,All age groups,Vaping,3.6
2020,Femme,15-19,Vaping,13.9
2020,Femme,20-24,Any tobacco product,6.8
2020,Femme,20-24,Cigarettes,4.3
2020,Femme,20-24,Vaping,10.2
2020,Femme,25+,Any tobacco product,10.0
2020,Femme,25+,Cigarettes,9.4
2020,Femme,25+,Vaping,2.3
2020,Femme,25-44,Any tobacco product,9.1
2020,Femme,25-44,Cigarettes,8.5
2020,Femme,45+,Any tobacco product,10.6
2020,Femme,45+,Cigarettes,10.0
2020,Femme,45+,Vaping,1.8
