Year,Type de profession,Géographie,Series,Units,Sexe,GeoCode,Value
2021,Médecins,Canada,"Densité du personnel de santé, par type de profession (pour 10 000 habitants)",Taux pour 10 000 personnes,,,19.42867788
2021,Médecins,Terre-Neuve-et-Labrador,"Densité du personnel de santé, par type de profession (pour 10 000 habitants)",Taux pour 10 000 personnes,,10,0.244509238
2021,Médecins,Île-du-Prince-Édouard,"Densité du personnel de santé, par type de profession (pour 10 000 habitants)",Taux pour 10 000 personnes,,11,0.064069266
2021,Médecins,Nouvelle-Écosse,"Densité du personnel de santé, par type de profession (pour 10 000 habitants)",Taux pour 10 000 personnes,,12,0.503401372
2021,Médecins,Nouveau-Brunswick,"Densité du personnel de santé, par type de profession (pour 10 000 habitants)",Taux pour 10 000 personnes,,13,0.356957336
2021,Médecins,Québec,"Densité du personnel de santé, par type de profession (pour 10 000 habitants)",Taux pour 10 000 personnes,,24,4.88887722
2021,Médecins,Ontario,"Densité du personnel de santé, par type de profession (pour 10 000 habitants)",Taux pour 10 000 personnes,,35,7.34312235
2021,Médecins,Manitoba,"Densité du personnel de santé, par type de profession (pour 10 000 habitants)",Taux pour 10 000 personnes,,46,0.600159038
2021,Médecins,Saskatchewan,"Densité du personnel de santé, par type de profession (pour 10 000 habitants)",Taux pour 10 000 personnes,,47,0.502093836
2021,Médecins,Alberta,"Densité du personnel de santé, par type de profession (pour 10 000 habitants)",Taux pour 10 000 personnes,,48,2.197968068
2021,Médecins,Colombie-Britannique,"Densité du personnel de santé, par type de profession (pour 10 000 habitants)",Taux pour 10 000 personnes,,59,2.693524224
2021,Médecins,Yukon,"Densité du personnel de santé, par type de profession (pour 10 000 habitants)",Taux pour 10 000 personnes,,60,0.01307536
2021,Médecins,Territoires du Nord-Ouest,"Densité du personnel de santé, par type de profession (pour 10 000 habitants)",Taux pour 10 000 personnes,,61,0.01307536
2021,Médecins,Nunavut,"Densité du personnel de santé, par type de profession (pour 10 000 habitants)",Taux pour 10 000 personnes,,62,0.003922608
2021,Personnel infirmier et sages-femmes,Canada,"Densité du personnel de santé, par type de profession (pour 10 000 habitants)",Taux pour 10 000 personnes,,,93.11356337
2021,Personnel infirmier et sages-femmes,Terre-Neuve-et-Labrador,"Densité du personnel de santé, par type de profession (pour 10 000 habitants)",Taux pour 10 000 personnes,,10,1.640957719
2021,Personnel infirmier et sages-femmes,Île-du-Prince-Édouard,"Densité du personnel de santé, par type de profession (pour 10 000 habitants)",Taux pour 10 000 personnes,,11,0.489018476
2021,Personnel infirmier et sages-femmes,Nouvelle-Écosse,"Densité du personnel de santé, par type de profession (pour 10 000 habitants)",Taux pour 10 000 personnes,,12,3.032176056
2021,Personnel infirmier et sages-femmes,Nouveau-Brunswick,"Densité du personnel de santé, par type de profession (pour 10 000 habitants)",Taux pour 10 000 personnes,,13,2.230656469
2021,Personnel infirmier et sages-femmes,Québec,"Densité du personnel de santé, par type de profession (pour 10 000 habitants)",Taux pour 10 000 personnes,,24,20.02229924
2021,Personnel infirmier et sages-femmes,Ontario,"Densité du personnel de santé, par type de profession (pour 10 000 habitants)",Taux pour 10 000 personnes,,35,33.67166787
2021,Personnel infirmier et sages-femmes,Manitoba,"Densité du personnel de santé, par type de profession (pour 10 000 habitants)",Taux pour 10 000 personnes,,46,3.870306652
2021,Personnel infirmier et sages-femmes,Saskatchewan,"Densité du personnel de santé, par type de profession (pour 10 000 habitants)",Taux pour 10 000 personnes,,47,3.500273955
2021,Personnel infirmier et sages-femmes,Alberta,"Densité du personnel de santé, par type de profession (pour 10 000 habitants)",Taux pour 10 000 personnes,,48,11.69852487
2021,Personnel infirmier et sages-femmes,Colombie-Britannique,"Densité du personnel de santé, par type de profession (pour 10 000 habitants)",Taux pour 10 000 personnes,,59,12.68571457
2021,Personnel infirmier et sages-femmes,Yukon,"Densité du personnel de santé, par type de profession (pour 10 000 habitants)",Taux pour 10 000 personnes,,60,0.109833027
2021,Personnel infirmier et sages-femmes,Territoires du Nord-Ouest,"Densité du personnel de santé, par type de profession (pour 10 000 habitants)",Taux pour 10 000 personnes,,61,0.116370707
2021,Personnel infirmier et sages-femmes,Nunavut,"Densité du personnel de santé, par type de profession (pour 10 000 habitants)",Taux pour 10 000 personnes,,62,0.041841153
2021,Dentistes,Canada,"Densité du personnel de santé, par type de profession (pour 10 000 habitants)",Taux pour 10 000 personnes,,,6.42392452
2021,Dentistes,Terre-Neuve-et-Labrador,"Densité du personnel de santé, par type de profession (pour 10 000 habitants)",Taux pour 10 000 personnes,,10,0.06929941
2021,Dentistes,Île-du-Prince-Édouard,"Densité du personnel de santé, par type de profession (pour 10 000 habitants)",Taux pour 10 000 personnes,,11,0.015690432
2021,Dentistes,Nouvelle-Écosse,"Densité du personnel de santé, par type de profession (pour 10 000 habitants)",Taux pour 10 000 personnes,,12,0.155596788
2021,Dentistes,Nouveau-Brunswick,"Densité du personnel de santé, par type de profession (pour 10 000 habitants)",Taux pour 10 000 personnes,,13,0.087604914
2021,Dentistes,Québec,"Densité du personnel de santé, par type de profession (pour 10 000 habitants)",Taux pour 10 000 personnes,,24,1.24869691
2021,Dentistes,Ontario,"Densité du personnel de santé, par type de profession (pour 10 000 habitants)",Taux pour 10 000 personnes,,35,2.757593489
2021,Dentistes,Manitoba,"Densité du personnel de santé, par type de profession (pour 10 000 habitants)",Taux pour 10 000 personnes,,46,0.169979684
2021,Dentistes,Saskatchewan,"Densité du personnel de santé, par type de profession (pour 10 000 habitants)",Taux pour 10 000 personnes,,47,0.139906355
2021,Dentistes,Alberta,"Densité du personnel de santé, par type de profession (pour 10 000 habitants)",Taux pour 10 000 personnes,,48,0.740065394
2021,Dentistes,Colombie-Britannique,"Densité du personnel de santé, par type de profession (pour 10 000 habitants)",Taux pour 10 000 personnes,,59,1.02772332
2021,Dentistes,Yukon,"Densité du personnel de santé, par type de profession (pour 10 000 habitants)",Taux pour 10 000 personnes,,60,0.00653768
2021,Dentistes,Territoires du Nord-Ouest,"Densité du personnel de santé, par type de profession (pour 10 000 habitants)",Taux pour 10 000 personnes,,61,0.003922608
2021,Dentistes,Nunavut,"Densité du personnel de santé, par type de profession (pour 10 000 habitants)",Taux pour 10 000 personnes,,62,0.0
2021,Pharmaciens,Canada,"Densité du personnel de santé, par type de profession (pour 10 000 habitants)",Taux pour 10 000 personnes,,,11.73121327
2021,Pharmaciens,Terre-Neuve-et-Labrador,"Densité du personnel de santé, par type de profession (pour 10 000 habitants)",Taux pour 10 000 personnes,,10,0.179132436
2021,Pharmaciens,Île-du-Prince-Édouard,"Densité du personnel de santé, par type de profession (pour 10 000 habitants)",Taux pour 10 000 personnes,,11,0.047071297
2021,Pharmaciens,Nouvelle-Écosse,"Densité du personnel de santé, par type de profession (pour 10 000 habitants)",Taux pour 10 000 personnes,,12,0.325576472
2021,Pharmaciens,Nouveau-Brunswick,"Densité du personnel de santé, par type de profession (pour 10 000 habitants)",Taux pour 10 000 personnes,,13,0.278505175
2021,Pharmaciens,Québec,"Densité du personnel de santé, par type de profession (pour 10 000 habitants)",Taux pour 10 000 personnes,,24,2.588921341
2021,Pharmaciens,Ontario,"Densité du personnel de santé, par type de profession (pour 10 000 habitants)",Taux pour 10 000 personnes,,35,4.253414709
2021,Pharmaciens,Manitoba,"Densité du personnel de santé, par type de profession (pour 10 000 habitants)",Taux pour 10 000 personnes,,46,0.440639642
2021,Pharmaciens,Saskatchewan,"Densité du personnel de santé, par type de profession (pour 10 000 habitants)",Taux pour 10 000 personnes,,47,0.432794426
2021,Pharmaciens,Alberta,"Densité du personnel de santé, par type de profession (pour 10 000 habitants)",Taux pour 10 000 personnes,,48,1.512819188
2021,Pharmaciens,Colombie-Britannique,"Densité du personnel de santé, par type de profession (pour 10 000 habitants)",Taux pour 10 000 personnes,,59,1.647495399
2021,Pharmaciens,Yukon,"Densité du personnel de santé, par type de profession (pour 10 000 habitants)",Taux pour 10 000 personnes,,60,0.01307536
2021,Pharmaciens,Territoires du Nord-Ouest,"Densité du personnel de santé, par type de profession (pour 10 000 habitants)",Taux pour 10 000 personnes,,61,0.009152752
2021,Pharmaciens,Nunavut,"Densité du personnel de santé, par type de profession (pour 10 000 habitants)",Taux pour 10 000 personnes,,62,0.002615072
2021,Médecins,Canada,"Répartition du personnel de santé, par sexe et par type de profession",Pourcentage (%),Homme,,52.60111717
2021,Médecins,Terre-Neuve-et-Labrador,"Répartition du personnel de santé, par sexe et par type de profession",Pourcentage (%),Homme,10,51.87165775
2021,Médecins,Île-du-Prince-Édouard,"Répartition du personnel de santé, par sexe et par type de profession",Pourcentage (%),Homme,11,53.06122449
2021,Médecins,Nouvelle-Écosse,"Répartition du personnel de santé, par sexe et par type de profession",Pourcentage (%),Homme,12,55.84415584
2021,Médecins,Nouveau-Brunswick,"Répartition du personnel de santé, par sexe et par type de profession",Pourcentage (%),Homme,13,50.91575092
2021,Médecins,Québec,"Répartition du personnel de santé, par sexe et par type de profession",Pourcentage (%),Homme,24,45.94811447
2021,Médecins,Ontario,"Répartition du personnel de santé, par sexe et par type de profession",Pourcentage (%),Homme,35,54.04202279
2021,Médecins,Manitoba,"Répartition du personnel de santé, par sexe et par type de profession",Pourcentage (%),Homme,46,58.82352941
2021,Médecins,Saskatchewan,"Répartition du personnel de santé, par sexe et par type de profession",Pourcentage (%),Homme,47,57.8125
2021,Médecins,Alberta,"Répartition du personnel de santé, par sexe et par type de profession",Pourcentage (%),Homme,48,53.53955979
2021,Médecins,Colombie-Britannique,"Répartition du personnel de santé, par sexe et par type de profession",Pourcentage (%),Homme,59,57.57281553
2021,Médecins,Yukon,"Répartition du personnel de santé, par sexe et par type de profession",Pourcentage (%),Homme,60,30.0
2021,Médecins,Territoires du Nord-Ouest,"Répartition du personnel de santé, par sexe et par type de profession",Pourcentage (%),Homme,61,40.0
2021,Médecins,Nunavut,"Répartition du personnel de santé, par sexe et par type de profession",Pourcentage (%),Homme,62,0.0
2021,Médecins,Canada,"Répartition du personnel de santé, par sexe et par type de profession",Pourcentage (%),Femme,,47.39888283
2021,Médecins,Terre-Neuve-et-Labrador,"Répartition du personnel de santé, par sexe et par type de profession",Pourcentage (%),Femme,10,48.12834225
2021,Médecins,Île-du-Prince-Édouard,"Répartition du personnel de santé, par sexe et par type de profession",Pourcentage (%),Femme,11,46.93877551
2021,Médecins,Nouvelle-Écosse,"Répartition du personnel de santé, par sexe et par type de profession",Pourcentage (%),Femme,12,44.15584416
2021,Médecins,Nouveau-Brunswick,"Répartition du personnel de santé, par sexe et par type de profession",Pourcentage (%),Femme,13,49.08424908
2021,Médecins,Québec,"Répartition du personnel de santé, par sexe et par type de profession",Pourcentage (%),Femme,24,54.05188553
2021,Médecins,Ontario,"Répartition du personnel de santé, par sexe et par type de profession",Pourcentage (%),Femme,35,45.94017094
2021,Médecins,Manitoba,"Répartition du personnel de santé, par sexe et par type de profession",Pourcentage (%),Femme,46,41.61220044
2021,Médecins,Saskatchewan,"Répartition du personnel de santé, par sexe et par type de profession",Pourcentage (%),Femme,47,42.1875
2021,Médecins,Alberta,"Répartition du personnel de santé, par sexe et par type de profession",Pourcentage (%),Femme,48,46.46044021
2021,Médecins,Colombie-Britannique,"Répartition du personnel de santé, par sexe et par type de profession",Pourcentage (%),Femme,59,42.42718447
2021,Médecins,Yukon,"Répartition du personnel de santé, par sexe et par type de profession",Pourcentage (%),Femme,60,70.0
2021,Médecins,Territoires du Nord-Ouest,"Répartition du personnel de santé, par sexe et par type de profession",Pourcentage (%),Femme,61,60.0
2021,Médecins,Nunavut,"Répartition du personnel de santé, par sexe et par type de profession",Pourcentage (%),Femme,62,66.66666667
2021,Personnel infirmier et sages-femmes,Canada,"Répartition du personnel de santé, par sexe et par type de profession",Pourcentage (%),Homme,,9.561456476
2021,Personnel infirmier et sages-femmes,Terre-Neuve-et-Labrador,"Répartition du personnel de santé, par sexe et par type de profession",Pourcentage (%),Homme,10,7.64940239
2021,Personnel infirmier et sages-femmes,Île-du-Prince-Édouard,"Répartition du personnel de santé, par sexe et par type de profession",Pourcentage (%),Homme,11,6.417112299
2021,Personnel infirmier et sages-femmes,Nouvelle-Écosse,"Répartition du personnel de santé, par sexe et par type de profession",Pourcentage (%),Homme,12,7.8050884
2021,Personnel infirmier et sages-femmes,Nouveau-Brunswick,"Répartition du personnel de santé, par sexe et par type de profession",Pourcentage (%),Homme,13,6.037514654
2021,Personnel infirmier et sages-femmes,Québec,"Répartition du personnel de santé, par sexe et par type de profession",Pourcentage (%),Homme,24,11.36942467
2021,Personnel infirmier et sages-femmes,Ontario,"Répartition du personnel de santé, par sexe et par type de profession",Pourcentage (%),Homme,35,9.203168686
2021,Personnel infirmier et sages-femmes,Manitoba,"Répartition du personnel de santé, par sexe et par type de profession",Pourcentage (%),Homme,46,11.62162162
2021,Personnel infirmier et sages-femmes,Saskatchewan,"Répartition du personnel de santé, par sexe et par type de profession",Pourcentage (%),Homme,47,7.956667912
2021,Personnel infirmier et sages-femmes,Alberta,"Répartition du personnel de santé, par sexe et par type de profession",Pourcentage (%),Homme,48,8.103274841
2021,Personnel infirmier et sages-femmes,Colombie-Britannique,"Répartition du personnel de santé, par sexe et par type de profession",Pourcentage (%),Homme,59,10.18346733
2021,Personnel infirmier et sages-femmes,Yukon,"Répartition du personnel de santé, par sexe et par type de profession",Pourcentage (%),Homme,60,8.333333333
2021,Personnel infirmier et sages-femmes,Territoires du Nord-Ouest,"Répartition du personnel de santé, par sexe et par type de profession",Pourcentage (%),Homme,61,10.11235955
2021,Personnel infirmier et sages-femmes,Nunavut,"Répartition du personnel de santé, par sexe et par type de profession",Pourcentage (%),Homme,62,15.625
2021,Personnel infirmier et sages-femmes,Canada,"Répartition du personnel de santé, par sexe et par type de profession",Pourcentage (%),Femme,,90.441352
2021,Personnel infirmier et sages-femmes,Terre-Neuve-et-Labrador,"Répartition du personnel de santé, par sexe et par type de profession",Pourcentage (%),Femme,10,92.50996016
2021,Personnel infirmier et sages-femmes,Île-du-Prince-Édouard,"Répartition du personnel de santé, par sexe et par type de profession",Pourcentage (%),Femme,11,93.5828877
2021,Personnel infirmier et sages-femmes,Nouvelle-Écosse,"Répartition du personnel de santé, par sexe et par type de profession",Pourcentage (%),Femme,12,92.1949116
2021,Personnel infirmier et sages-femmes,Nouveau-Brunswick,"Répartition du personnel de santé, par sexe et par type de profession",Pourcentage (%),Femme,13,93.9038687
2021,Personnel infirmier et sages-femmes,Québec,"Répartition du personnel de santé, par sexe et par type de profession",Pourcentage (%),Femme,24,88.63057533
2021,Personnel infirmier et sages-femmes,Ontario,"Répartition du personnel de santé, par sexe et par type de profession",Pourcentage (%),Femme,35,90.79683131
2021,Personnel infirmier et sages-femmes,Manitoba,"Répartition du personnel de santé, par sexe et par type de profession",Pourcentage (%),Femme,46,88.31081081
2021,Personnel infirmier et sages-femmes,Saskatchewan,"Répartition du personnel de santé, par sexe et par type de profession",Pourcentage (%),Femme,47,92.00597684
2021,Personnel infirmier et sages-femmes,Alberta,"Répartition du personnel de santé, par sexe et par type de profession",Pourcentage (%),Femme,48,91.89672516
2021,Personnel infirmier et sages-femmes,Colombie-Britannique,"Répartition du personnel de santé, par sexe et par type de profession",Pourcentage (%),Femme,59,89.81653267
2021,Personnel infirmier et sages-femmes,Yukon,"Répartition du personnel de santé, par sexe et par type de profession",Pourcentage (%),Femme,60,92.85714286
2021,Personnel infirmier et sages-femmes,Territoires du Nord-Ouest,"Répartition du personnel de santé, par sexe et par type de profession",Pourcentage (%),Femme,61,88.76404494
2021,Personnel infirmier et sages-femmes,Nunavut,"Répartition du personnel de santé, par sexe et par type de profession",Pourcentage (%),Femme,62,84.375
