Year,État matrimonial,Groupe d'âge,Géographie,Value
1996,Marié ou vivant en union libre,15 à 19 ans,Alberta,4.64
1996,Marié ou vivant en union libre,20 à 24 ans,Alberta,33.7
1996,Marié,15 à 19 ans,Alberta,1.1
1996,Marié,20 à 24 ans,Alberta,18.26
1996,Vivant en union libre,15 à 19 ans,Alberta,3.54
1996,Vivant en union libre,20 à 24 ans,Alberta,15.44
1996,Marié ou vivant en union libre,15 à 19 ans,Colombie-Britannique,3.39
1996,Marié ou vivant en union libre,20 à 24 ans,Colombie-Britannique,27.99
1996,Marié,15 à 19 ans,Colombie-Britannique,0.87
1996,Marié,20 à 24 ans,Colombie-Britannique,15.07
1996,Vivant en union libre,15 à 19 ans,Colombie-Britannique,2.51
1996,Vivant en union libre,20 à 24 ans,Colombie-Britannique,12.92
1996,Marié ou vivant en union libre,15 à 19 ans,Canada,3.41
1996,Marié ou vivant en union libre,20 à 24 ans,Canada,27.77
1996,Marié,15 à 19 ans,Canada,0.78
1996,Marié,20 à 24 ans,Canada,13.18
1996,Vivant en union libre,15 à 19 ans,Canada,2.64
1996,Vivant en union libre,20 à 24 ans,Canada,14.6
1996,Marié ou vivant en union libre,15 à 19 ans,Manitoba,4.26
1996,Marié ou vivant en union libre,20 à 24 ans,Manitoba,30.53
1996,Marié,15 à 19 ans,Manitoba,1.12
1996,Marié,20 à 24 ans,Manitoba,16.96
1996,Vivant en union libre,15 à 19 ans,Manitoba,3.14
1996,Vivant en union libre,20 à 24 ans,Manitoba,13.57
1996,Marié ou vivant en union libre,15 à 19 ans,Nouveau-Brunswick,3.66
1996,Marié ou vivant en union libre,20 à 24 ans,Nouveau-Brunswick,31.38
1996,Marié,15 à 19 ans,Nouveau-Brunswick,0.69
1996,Marié,20 à 24 ans,Nouveau-Brunswick,13.42
1996,Vivant en union libre,15 à 19 ans,Nouveau-Brunswick,2.97
1996,Vivant en union libre,20 à 24 ans,Nouveau-Brunswick,17.96
1996,Marié ou vivant en union libre,15 à 19 ans,Terre-Neuve-et-Labrador,2.16
1996,Marié ou vivant en union libre,20 à 24 ans,Terre-Neuve-et-Labrador,24.37
1996,Marié,15 à 19 ans,Terre-Neuve-et-Labrador,0.42
1996,Marié,20 à 24 ans,Terre-Neuve-et-Labrador,10.93
1996,Vivant en union libre,15 à 19 ans,Terre-Neuve-et-Labrador,1.76
1996,Vivant en union libre,20 à 24 ans,Terre-Neuve-et-Labrador,13.44
1996,Marié ou vivant en union libre,15 à 19 ans,Territoires du Nord-Ouest,11.15
1996,Marié ou vivant en union libre,20 à 24 ans,Territoires du Nord-Ouest,45.45
1996,Marié,15 à 19 ans,Territoires du Nord-Ouest,0.58
1996,Marié,20 à 24 ans,Territoires du Nord-Ouest,11.31
1996,Vivant en union libre,15 à 19 ans,Territoires du Nord-Ouest,10.58
1996,Vivant en union libre,20 à 24 ans,Territoires du Nord-Ouest,34.14
1996,Marié ou vivant en union libre,15 à 19 ans,Nouvelle-Écosse,2.4
1996,Marié ou vivant en union libre,20 à 24 ans,Nouvelle-Écosse,25.61
1996,Marié,15 à 19 ans,Nouvelle-Écosse,0.44
1996,Marié,20 à 24 ans,Nouvelle-Écosse,11.71
1996,Vivant en union libre,15 à 19 ans,Nouvelle-Écosse,1.96
1996,Vivant en union libre,20 à 24 ans,Nouvelle-Écosse,13.9
1996,Marié ou vivant en union libre,15 à 19 ans,Ontario,2.71
1996,Marié ou vivant en union libre,20 à 24 ans,Ontario,22.83
1996,Marié,15 à 19 ans,Ontario,0.87
1996,Marié,20 à 24 ans,Ontario,13.64
1996,Vivant en union libre,15 à 19 ans,Ontario,1.84
1996,Vivant en union libre,20 à 24 ans,Ontario,9.2
1996,Marié ou vivant en union libre,15 à 19 ans,Île-du-Prince-Édouard,2.56
1996,Marié ou vivant en union libre,20 à 24 ans,Île-du-Prince-Édouard,27.81
1996,Marié,15 à 19 ans,Île-du-Prince-Édouard,0.51
1996,Marié,20 à 24 ans,Île-du-Prince-Édouard,14.07
1996,Vivant en union libre,15 à 19 ans,Île-du-Prince-Édouard,2.15
1996,Vivant en union libre,20 à 24 ans,Île-du-Prince-Édouard,13.74
1996,Marié ou vivant en union libre,15 à 19 ans,Québec,3.76
1996,Marié ou vivant en union libre,20 à 24 ans,Québec,31.55
1996,Marié,15 à 19 ans,Québec,0.52
1996,Marié,20 à 24 ans,Québec,8.43
1996,Vivant en union libre,15 à 19 ans,Québec,3.24
1996,Vivant en union libre,20 à 24 ans,Québec,23.12
1996,Marié ou vivant en union libre,15 à 19 ans,Saskatchewan,4.59
1996,Marié ou vivant en union libre,20 à 24 ans,Saskatchewan,34.07
1996,Marié,15 à 19 ans,Saskatchewan,0.7
1996,Marié,20 à 24 ans,Saskatchewan,18.05
1996,Vivant en union libre,15 à 19 ans,Saskatchewan,3.89
1996,Vivant en union libre,20 à 24 ans,Saskatchewan,16.02
1996,Marié ou vivant en union libre,15 à 19 ans,Yukon,6.88
1996,Marié ou vivant en union libre,20 à 24 ans,Yukon,37.68
1996,Marié,15 à 19 ans,Yukon,0.53
1996,Marié,20 à 24 ans,Yukon,14.98
1996,Vivant en union libre,15 à 19 ans,Yukon,6.35
1996,Vivant en union libre,20 à 24 ans,Yukon,22.71
2001,Marié ou vivant en union libre,15 à 19 ans,Alberta,3.96
2001,Marié ou vivant en union libre,20 à 24 ans,Alberta,31.14
2001,Marié,15 à 19 ans,Alberta,0.75
2001,Marié,20 à 24 ans,Alberta,14.92
2001,Vivant en union libre,15 à 19 ans,Alberta,3.21
2001,Vivant en union libre,20 à 24 ans,Alberta,16.23
2001,Marié ou vivant en union libre,15 à 19 ans,Colombie-Britannique,2.76
2001,Marié ou vivant en union libre,20 à 24 ans,Colombie-Britannique,22.99
2001,Marié,15 à 19 ans,Colombie-Britannique,0.65
2001,Marié,20 à 24 ans,Colombie-Britannique,10.83
2001,Vivant en union libre,15 à 19 ans,Colombie-Britannique,2.11
2001,Vivant en union libre,20 à 24 ans,Colombie-Britannique,12.16
2001,Marié ou vivant en union libre,15 à 19 ans,Canada,2.96
2001,Marié ou vivant en union libre,20 à 24 ans,Canada,25.61
2001,Marié,15 à 19 ans,Canada,0.61
2001,Marié,20 à 24 ans,Canada,10.19
2001,Vivant en union libre,15 à 19 ans,Canada,2.35
2001,Vivant en union libre,20 à 24 ans,Canada,15.42
2001,Marié ou vivant en union libre,15 à 19 ans,Manitoba,3.74
2001,Marié ou vivant en union libre,20 à 24 ans,Manitoba,28.83
2001,Marié,15 à 19 ans,Manitoba,0.89
2001,Marié,20 à 24 ans,Manitoba,14.65
2001,Vivant en union libre,15 à 19 ans,Manitoba,2.84
2001,Vivant en union libre,20 à 24 ans,Manitoba,14.18
2001,Marié ou vivant en union libre,15 à 19 ans,Nouveau-Brunswick,3.39
2001,Marié ou vivant en union libre,20 à 24 ans,Nouveau-Brunswick,30.28
2001,Marié,15 à 19 ans,Nouveau-Brunswick,0.46
2001,Marié,20 à 24 ans,Nouveau-Brunswick,10.84
2001,Vivant en union libre,15 à 19 ans,Nouveau-Brunswick,2.91
2001,Vivant en union libre,20 à 24 ans,Nouveau-Brunswick,19.43
2001,Marié ou vivant en union libre,15 à 19 ans,Terre-Neuve-et-Labrador,1.78
2001,Marié ou vivant en union libre,20 à 24 ans,Terre-Neuve-et-Labrador,20.44
2001,Marié,15 à 19 ans,Terre-Neuve-et-Labrador,0.28
2001,Marié,20 à 24 ans,Terre-Neuve-et-Labrador,7.35
2001,Vivant en union libre,15 à 19 ans,Terre-Neuve-et-Labrador,1.5
2001,Vivant en union libre,20 à 24 ans,Terre-Neuve-et-Labrador,13.12
2001,Marié ou vivant en union libre,15 à 19 ans,Territoires du Nord-Ouest,4.64
2001,Marié ou vivant en union libre,20 à 24 ans,Territoires du Nord-Ouest,34.57
2001,Marié,15 à 19 ans,Territoires du Nord-Ouest,0.0
2001,Marié,20 à 24 ans,Territoires du Nord-Ouest,6.69
2001,Vivant en union libre,15 à 19 ans,Territoires du Nord-Ouest,4.29
2001,Vivant en union libre,20 à 24 ans,Territoires du Nord-Ouest,27.88
2001,Marié ou vivant en union libre,15 à 19 ans,Nouvelle-Écosse,2.19
2001,Marié ou vivant en union libre,20 à 24 ans,Nouvelle-Écosse,23.41
2001,Marié,15 à 19 ans,Nouvelle-Écosse,0.31
2001,Marié,20 à 24 ans,Nouvelle-Écosse,8.02
2001,Vivant en union libre,15 à 19 ans,Nouvelle-Écosse,1.89
2001,Vivant en union libre,20 à 24 ans,Nouvelle-Écosse,15.39
2001,Marié ou vivant en union libre,15 à 19 ans,Nunavut,12.96
2001,Marié ou vivant en union libre,20 à 24 ans,Nunavut,51.9
2001,Marié,15 à 19 ans,Nunavut,0.81
2001,Marié,20 à 24 ans,Nunavut,8.57
2001,Vivant en union libre,15 à 19 ans,Nunavut,12.15
2001,Vivant en union libre,20 à 24 ans,Nunavut,42.86
2001,Marié ou vivant en union libre,15 à 19 ans,Ontario,2.14
2001,Marié ou vivant en union libre,20 à 24 ans,Ontario,21.47
2001,Marié,15 à 19 ans,Ontario,0.68
2001,Marié,20 à 24 ans,Ontario,11.18
2001,Vivant en union libre,15 à 19 ans,Ontario,1.46
2001,Vivant en union libre,20 à 24 ans,Ontario,10.29
2001,Marié ou vivant en union libre,15 à 19 ans,Île-du-Prince-Édouard,2.97
2001,Marié ou vivant en union libre,20 à 24 ans,Île-du-Prince-Édouard,25.93
2001,Marié,15 à 19 ans,Île-du-Prince-Édouard,0.4
2001,Marié,20 à 24 ans,Île-du-Prince-Édouard,11.1
2001,Vivant en union libre,15 à 19 ans,Île-du-Prince-Édouard,2.57
2001,Vivant en union libre,20 à 24 ans,Île-du-Prince-Édouard,14.84
2001,Marié ou vivant en union libre,15 à 19 ans,Québec,3.78
2001,Marié ou vivant en union libre,20 à 24 ans,Québec,29.53
2001,Marié,15 à 19 ans,Québec,0.47
2001,Marié,20 à 24 ans,Québec,5.51
2001,Vivant en union libre,15 à 19 ans,Québec,3.3
2001,Vivant en union libre,20 à 24 ans,Québec,24.02
2001,Marié ou vivant en union libre,15 à 19 ans,Saskatchewan,3.73
2001,Marié ou vivant en union libre,20 à 24 ans,Saskatchewan,30.51
2001,Marié,15 à 19 ans,Saskatchewan,0.56
2001,Marié,20 à 24 ans,Saskatchewan,14.36
2001,Vivant en union libre,15 à 19 ans,Saskatchewan,3.15
2001,Vivant en union libre,20 à 24 ans,Saskatchewan,16.14
2001,Marié ou vivant en union libre,15 à 19 ans,Yukon,4.04
2001,Marié ou vivant en union libre,20 à 24 ans,Yukon,29.7
2001,Marié,15 à 19 ans,Yukon,0.45
2001,Marié,20 à 24 ans,Yukon,9.09
2001,Vivant en union libre,15 à 19 ans,Yukon,3.59
2001,Vivant en union libre,20 à 24 ans,Yukon,21.21
2006,Marié ou vivant en union libre,15 à 19 ans,Alberta,4.32
2006,Marié ou vivant en union libre,20 à 24 ans,Alberta,29.89
2006,Marié,15 à 19 ans,Alberta,0.93
2006,Marié,20 à 24 ans,Alberta,12.28
2006,Vivant en union libre,15 à 19 ans,Alberta,3.38
2006,Vivant en union libre,20 à 24 ans,Alberta,17.61
2006,Marié ou vivant en union libre,15 à 19 ans,Colombie-Britannique,2.79
2006,Marié ou vivant en union libre,20 à 24 ans,Colombie-Britannique,22.26
2006,Marié,15 à 19 ans,Colombie-Britannique,0.71
2006,Marié,20 à 24 ans,Colombie-Britannique,9.15
2006,Vivant en union libre,15 à 19 ans,Colombie-Britannique,2.08
2006,Vivant en union libre,20 à 24 ans,Colombie-Britannique,13.1
2006,Marié ou vivant en union libre,15 à 19 ans,Canada,2.91
2006,Marié ou vivant en union libre,20 à 24 ans,Canada,23.56
2006,Marié,15 à 19 ans,Canada,0.71
2006,Marié,20 à 24 ans,Canada,8.24
2006,Vivant en union libre,15 à 19 ans,Canada,2.2
2006,Vivant en union libre,20 à 24 ans,Canada,15.32
2006,Marié ou vivant en union libre,15 à 19 ans,Manitoba,3.37
2006,Marié ou vivant en union libre,20 à 24 ans,Manitoba,25.18
2006,Marié,15 à 19 ans,Manitoba,0.86
2006,Marié,20 à 24 ans,Manitoba,11.65
2006,Vivant en union libre,15 à 19 ans,Manitoba,2.52
2006,Vivant en union libre,20 à 24 ans,Manitoba,13.55
2006,Marié ou vivant en union libre,15 à 19 ans,Nouveau-Brunswick,3.12
2006,Marié ou vivant en union libre,20 à 24 ans,Nouveau-Brunswick,26.55
2006,Marié,15 à 19 ans,Nouveau-Brunswick,0.49
2006,Marié,20 à 24 ans,Nouveau-Brunswick,7.21
2006,Vivant en union libre,15 à 19 ans,Nouveau-Brunswick,2.6
2006,Vivant en union libre,20 à 24 ans,Nouveau-Brunswick,19.33
2006,Marié ou vivant en union libre,15 à 19 ans,Terre-Neuve-et-Labrador,1.94
2006,Marié ou vivant en union libre,20 à 24 ans,Terre-Neuve-et-Labrador,16.87
2006,Marié,15 à 19 ans,Terre-Neuve-et-Labrador,0.42
2006,Marié,20 à 24 ans,Terre-Neuve-et-Labrador,4.63
2006,Vivant en union libre,15 à 19 ans,Terre-Neuve-et-Labrador,1.49
2006,Vivant en union libre,20 à 24 ans,Terre-Neuve-et-Labrador,12.24
2006,Marié ou vivant en union libre,15 à 19 ans,Territoires du Nord-Ouest,5.68
2006,Marié ou vivant en union libre,20 à 24 ans,Territoires du Nord-Ouest,33.55
2006,Marié,15 à 19 ans,Territoires du Nord-Ouest,0.85
2006,Marié,20 à 24 ans,Territoires du Nord-Ouest,4.61
2006,Vivant en union libre,15 à 19 ans,Territoires du Nord-Ouest,4.55
2006,Vivant en union libre,20 à 24 ans,Territoires du Nord-Ouest,28.95
2006,Marié ou vivant en union libre,15 à 19 ans,Nouvelle-Écosse,2.45
2006,Marié ou vivant en union libre,20 à 24 ans,Nouvelle-Écosse,21.33
2006,Marié,15 à 19 ans,Nouvelle-Écosse,0.45
2006,Marié,20 à 24 ans,Nouvelle-Écosse,5.36
2006,Vivant en union libre,15 à 19 ans,Nouvelle-Écosse,1.98
2006,Vivant en union libre,20 à 24 ans,Nouvelle-Écosse,15.98
2006,Marié ou vivant en union libre,15 à 19 ans,Nunavut,11.55
2006,Marié ou vivant en union libre,20 à 24 ans,Nunavut,42.8
2006,Marié,15 à 19 ans,Nunavut,0.33
2006,Marié,20 à 24 ans,Nunavut,5.76
2006,Vivant en union libre,15 à 19 ans,Nunavut,10.89
2006,Vivant en union libre,20 à 24 ans,Nunavut,37.04
2006,Marié ou vivant en union libre,15 à 19 ans,Ontario,2.1
2006,Marié ou vivant en union libre,20 à 24 ans,Ontario,18.79
2006,Marié,15 à 19 ans,Ontario,0.76
2006,Marié,20 à 24 ans,Ontario,8.72
2006,Vivant en union libre,15 à 19 ans,Ontario,1.35
2006,Vivant en union libre,20 à 24 ans,Ontario,10.07
2006,Marié ou vivant en union libre,15 à 19 ans,Île-du-Prince-Édouard,2.13
2006,Marié ou vivant en union libre,20 à 24 ans,Île-du-Prince-Édouard,20.57
2006,Marié,15 à 19 ans,Île-du-Prince-Édouard,0.51
2006,Marié,20 à 24 ans,Île-du-Prince-Édouard,7.16
2006,Vivant en union libre,15 à 19 ans,Île-du-Prince-Édouard,1.62
2006,Vivant en union libre,20 à 24 ans,Île-du-Prince-Édouard,13.41
2006,Marié ou vivant en union libre,15 à 19 ans,Québec,3.49
2006,Marié ou vivant en union libre,20 à 24 ans,Québec,28.45
2006,Marié,15 à 19 ans,Québec,0.6
2006,Marié,20 à 24 ans,Québec,4.62
2006,Vivant en union libre,15 à 19 ans,Québec,2.89
2006,Vivant en union libre,20 à 24 ans,Québec,23.83
2006,Marié ou vivant en union libre,15 à 19 ans,Saskatchewan,3.96
2006,Marié ou vivant en union libre,20 à 24 ans,Saskatchewan,28.17
2006,Marié,15 à 19 ans,Saskatchewan,0.52
2006,Marié,20 à 24 ans,Saskatchewan,10.75
2006,Vivant en union libre,15 à 19 ans,Saskatchewan,3.44
2006,Vivant en union libre,20 à 24 ans,Saskatchewan,17.42
2006,Marié ou vivant en union libre,15 à 19 ans,Yukon,5.24
2006,Marié ou vivant en union libre,20 à 24 ans,Yukon,25.41
2006,Marié,15 à 19 ans,Yukon,0.48
2006,Marié,20 à 24 ans,Yukon,4.86
2006,Vivant en union libre,15 à 19 ans,Yukon,4.76
2006,Vivant en union libre,20 à 24 ans,Yukon,21.08
2011,Marié ou vivant en union libre,15 à 19 ans,Alberta,3.09
2011,Marié ou vivant en union libre,20 à 24 ans,Alberta,27.99
2011,Marié,15 à 19 ans,Alberta,0.49
2011,Marié,20 à 24 ans,Alberta,10.6
2011,Vivant en union libre,15 à 19 ans,Alberta,2.6
2011,Vivant en union libre,20 à 24 ans,Alberta,17.39
2011,Marié ou vivant en union libre,15 à 19 ans,Colombie-Britannique,2.08
2011,Marié ou vivant en union libre,20 à 24 ans,Colombie-Britannique,19.96
2011,Marié,15 à 19 ans,Colombie-Britannique,0.31
2011,Marié,20 à 24 ans,Colombie-Britannique,7.19
2011,Vivant en union libre,15 à 19 ans,Colombie-Britannique,1.77
2011,Vivant en union libre,20 à 24 ans,Colombie-Britannique,12.77
2011,Marié ou vivant en union libre,15 à 19 ans,Canada,2.22
2011,Marié ou vivant en union libre,20 à 24 ans,Canada,21.44
2011,Marié,15 à 19 ans,Canada,0.32
2011,Marié,20 à 24 ans,Canada,6.66
2011,Vivant en union libre,15 à 19 ans,Canada,1.9
2011,Vivant en union libre,20 à 24 ans,Canada,14.78
2011,Marié ou vivant en union libre,15 à 19 ans,Manitoba,2.75
2011,Marié ou vivant en union libre,20 à 24 ans,Manitoba,24.04
2011,Marié,15 à 19 ans,Manitoba,0.57
2011,Marié,20 à 24 ans,Manitoba,9.89
2011,Vivant en union libre,15 à 19 ans,Manitoba,2.18
2011,Vivant en union libre,20 à 24 ans,Manitoba,14.15
2011,Marié ou vivant en union libre,15 à 19 ans,Nouveau-Brunswick,3.03
2011,Marié ou vivant en union libre,20 à 24 ans,Nouveau-Brunswick,25.97
2011,Marié,15 à 19 ans,Nouveau-Brunswick,0.22
2011,Marié,20 à 24 ans,Nouveau-Brunswick,6.2
2011,Vivant en union libre,15 à 19 ans,Nouveau-Brunswick,2.81
2011,Vivant en union libre,20 à 24 ans,Nouveau-Brunswick,19.79
2011,Marié ou vivant en union libre,15 à 19 ans,Terre-Neuve-et-Labrador,2.05
2011,Marié ou vivant en union libre,20 à 24 ans,Terre-Neuve-et-Labrador,19.0
2011,Marié,15 à 19 ans,Terre-Neuve-et-Labrador,0.1
2011,Marié,20 à 24 ans,Terre-Neuve-et-Labrador,3.61
2011,Vivant en union libre,15 à 19 ans,Terre-Neuve-et-Labrador,1.94
2011,Vivant en union libre,20 à 24 ans,Terre-Neuve-et-Labrador,15.39
2011,Marié ou vivant en union libre,15 à 19 ans,Territoires du Nord-Ouest,4.0
2011,Marié ou vivant en union libre,20 à 24 ans,Territoires du Nord-Ouest,30.91
2011,Marié,15 à 19 ans,Territoires du Nord-Ouest,0.31
2011,Marié,20 à 24 ans,Territoires du Nord-Ouest,5.15
2011,Vivant en union libre,15 à 19 ans,Territoires du Nord-Ouest,3.69
2011,Vivant en union libre,20 à 24 ans,Territoires du Nord-Ouest,26.06
2011,Marié ou vivant en union libre,15 à 19 ans,Nouvelle-Écosse,2.15
2011,Marié ou vivant en union libre,20 à 24 ans,Nouvelle-Écosse,20.59
2011,Marié,15 à 19 ans,Nouvelle-Écosse,0.21
2011,Marié,20 à 24 ans,Nouvelle-Écosse,4.57
2011,Vivant en union libre,15 à 19 ans,Nouvelle-Écosse,1.93
2011,Vivant en union libre,20 à 24 ans,Nouvelle-Écosse,16.04
2011,Marié ou vivant en union libre,15 à 19 ans,Nunavut,9.52
2011,Marié ou vivant en union libre,20 à 24 ans,Nunavut,43.42
2011,Marié,15 à 19 ans,Nunavut,0.68
2011,Marié,20 à 24 ans,Nunavut,5.69
2011,Vivant en union libre,15 à 19 ans,Nunavut,9.18
2011,Vivant en union libre,20 à 24 ans,Nunavut,38.08
2011,Marié ou vivant en union libre,15 à 19 ans,Ontario,1.41
2011,Marié ou vivant en union libre,20 à 24 ans,Ontario,16.14
2011,Marié,15 à 19 ans,Ontario,0.29
2011,Marié,20 à 24 ans,Ontario,6.52
2011,Vivant en union libre,15 à 19 ans,Ontario,1.11
2011,Vivant en union libre,20 à 24 ans,Ontario,9.62
2011,Marié ou vivant en union libre,15 à 19 ans,Île-du-Prince-Édouard,2.01
2011,Marié ou vivant en union libre,20 à 24 ans,Île-du-Prince-Édouard,19.14
2011,Marié,15 à 19 ans,Île-du-Prince-Édouard,0.11
2011,Marié,20 à 24 ans,Île-du-Prince-Édouard,5.41
2011,Vivant en union libre,15 à 19 ans,Île-du-Prince-Édouard,1.91
2011,Vivant en union libre,20 à 24 ans,Île-du-Prince-Édouard,13.74
2011,Marié ou vivant en union libre,15 à 19 ans,Québec,2.93
2011,Marié ou vivant en union libre,20 à 24 ans,Québec,26.39
2011,Marié,15 à 19 ans,Québec,0.28
2011,Marié,20 à 24 ans,Québec,4.1
2011,Vivant en union libre,15 à 19 ans,Québec,2.65
2011,Vivant en union libre,20 à 24 ans,Québec,22.28
2011,Marié ou vivant en union libre,15 à 19 ans,Saskatchewan,3.28
2011,Marié ou vivant en union libre,20 à 24 ans,Saskatchewan,27.4
2011,Marié,15 à 19 ans,Saskatchewan,0.33
2011,Marié,20 à 24 ans,Saskatchewan,9.44
2011,Vivant en union libre,15 à 19 ans,Saskatchewan,2.97
2011,Vivant en union libre,20 à 24 ans,Saskatchewan,17.97
2011,Marié ou vivant en union libre,15 à 19 ans,Yukon,3.74
2011,Marié ou vivant en union libre,20 à 24 ans,Yukon,27.23
2011,Marié,15 à 19 ans,Yukon,0.47
2011,Marié,20 à 24 ans,Yukon,5.16
2011,Vivant en union libre,15 à 19 ans,Yukon,3.27
2011,Vivant en union libre,20 à 24 ans,Yukon,22.07
2016,Marié ou vivant en union libre,15 à 19 ans,Alberta,2.11
2016,Marié ou vivant en union libre,20 à 24 ans,Alberta,25.09
2016,Marié,15 à 19 ans,Alberta,0.33
2016,Marié,20 à 24 ans,Alberta,8.72
2016,Vivant en union libre,15 à 19 ans,Alberta,1.78
2016,Vivant en union libre,20 à 24 ans,Alberta,16.36
2016,Marié ou vivant en union libre,15 à 19 ans,Colombie-Britannique,1.57
2016,Marié ou vivant en union libre,20 à 24 ans,Colombie-Britannique,17.72
2016,Marié,15 à 19 ans,Colombie-Britannique,0.18
2016,Marié,20 à 24 ans,Colombie-Britannique,5.09
2016,Vivant en union libre,15 à 19 ans,Colombie-Britannique,1.39
2016,Vivant en union libre,20 à 24 ans,Colombie-Britannique,12.63
2016,Marié ou vivant en union libre,15 à 19 ans,Canada,1.66
2016,Marié ou vivant en union libre,20 à 24 ans,Canada,18.78
2016,Marié,15 à 19 ans,Canada,0.19
2016,Marié,20 à 24 ans,Canada,5.03
2016,Vivant en union libre,15 à 19 ans,Canada,1.47
2016,Vivant en union libre,20 à 24 ans,Canada,13.75
2016,Marié ou vivant en union libre,15 à 19 ans,Manitoba,2.06
2016,Marié ou vivant en union libre,20 à 24 ans,Manitoba,21.96
2016,Marié,15 à 19 ans,Manitoba,0.29
2016,Marié,20 à 24 ans,Manitoba,8.23
2016,Vivant en union libre,15 à 19 ans,Manitoba,1.75
2016,Vivant en union libre,20 à 24 ans,Manitoba,13.74
2016,Marié ou vivant en union libre,15 à 19 ans,Nouveau-Brunswick,2.59
2016,Marié ou vivant en union libre,20 à 24 ans,Nouveau-Brunswick,24.85
2016,Marié,15 à 19 ans,Nouveau-Brunswick,0.13
2016,Marié,20 à 24 ans,Nouveau-Brunswick,4.51
2016,Vivant en union libre,15 à 19 ans,Nouveau-Brunswick,2.46
2016,Vivant en union libre,20 à 24 ans,Nouveau-Brunswick,20.36
2016,Marié ou vivant en union libre,15 à 19 ans,Terre-Neuve-et-Labrador,1.85
2016,Marié ou vivant en union libre,20 à 24 ans,Terre-Neuve-et-Labrador,19.77
2016,Marié,15 à 19 ans,Terre-Neuve-et-Labrador,0.08
2016,Marié,20 à 24 ans,Terre-Neuve-et-Labrador,2.9
2016,Vivant en union libre,15 à 19 ans,Terre-Neuve-et-Labrador,1.73
2016,Vivant en union libre,20 à 24 ans,Terre-Neuve-et-Labrador,16.87
2016,Marié ou vivant en union libre,15 à 19 ans,Territoires du Nord-Ouest,2.68
2016,Marié ou vivant en union libre,20 à 24 ans,Territoires du Nord-Ouest,26.92
2016,Marié,15 à 19 ans,Territoires du Nord-Ouest,0.0
2016,Marié,20 à 24 ans,Territoires du Nord-Ouest,3.5
2016,Vivant en union libre,15 à 19 ans,Territoires du Nord-Ouest,2.68
2016,Vivant en union libre,20 à 24 ans,Territoires du Nord-Ouest,23.43
2016,Marié ou vivant en union libre,15 à 19 ans,Nouvelle-Écosse,1.92
2016,Marié ou vivant en union libre,20 à 24 ans,Nouvelle-Écosse,19.42
2016,Marié,15 à 19 ans,Nouvelle-Écosse,0.1
2016,Marié,20 à 24 ans,Nouvelle-Écosse,3.34
2016,Vivant en union libre,15 à 19 ans,Nouvelle-Écosse,1.78
2016,Vivant en union libre,20 à 24 ans,Nouvelle-Écosse,16.08
2016,Marié ou vivant en union libre,15 à 19 ans,Nunavut,11.04
2016,Marié ou vivant en union libre,20 à 24 ans,Nunavut,41.72
2016,Marié,15 à 19 ans,Nunavut,0.0
2016,Marié,20 à 24 ans,Nunavut,3.31
2016,Vivant en union libre,15 à 19 ans,Nunavut,11.04
2016,Vivant en union libre,20 à 24 ans,Nunavut,38.74
2016,Marié ou vivant en union libre,15 à 19 ans,Ontario,1.07
2016,Marié ou vivant en union libre,20 à 24 ans,Ontario,13.76
2016,Marié,15 à 19 ans,Ontario,0.18
2016,Marié,20 à 24 ans,Ontario,4.66
2016,Vivant en union libre,15 à 19 ans,Ontario,0.89
2016,Vivant en union libre,20 à 24 ans,Ontario,9.1
2016,Marié ou vivant en union libre,15 à 19 ans,Île-du-Prince-Édouard,1.78
2016,Marié ou vivant en union libre,20 à 24 ans,Île-du-Prince-Édouard,19.03
2016,Marié,15 à 19 ans,Île-du-Prince-Édouard,0.36
2016,Marié,20 à 24 ans,Île-du-Prince-Édouard,4.02
2016,Vivant en union libre,15 à 19 ans,Île-du-Prince-Édouard,1.43
2016,Vivant en union libre,20 à 24 ans,Île-du-Prince-Édouard,14.89
2016,Marié ou vivant en union libre,15 à 19 ans,Québec,2.14
2016,Marié ou vivant en union libre,20 à 24 ans,Québec,22.62
2016,Marié,15 à 19 ans,Québec,0.14
2016,Marié,20 à 24 ans,Québec,3.24
2016,Vivant en union libre,15 à 19 ans,Québec,2.0
2016,Vivant en union libre,20 à 24 ans,Québec,19.38
2016,Marié ou vivant en union libre,15 à 19 ans,Saskatchewan,2.73
2016,Marié ou vivant en union libre,20 à 24 ans,Saskatchewan,25.7
2016,Marié,15 à 19 ans,Saskatchewan,0.21
2016,Marié,20 à 24 ans,Saskatchewan,7.56
2016,Vivant en union libre,15 à 19 ans,Saskatchewan,2.5
2016,Vivant en union libre,20 à 24 ans,Saskatchewan,18.14
2016,Marié ou vivant en union libre,15 à 19 ans,Yukon,2.15
2016,Marié ou vivant en union libre,20 à 24 ans,Yukon,25.27
2016,Marié,15 à 19 ans,Yukon,0.54
2016,Marié,20 à 24 ans,Yukon,4.84
2016,Vivant en union libre,15 à 19 ans,Yukon,1.61
2016,Vivant en union libre,20 à 24 ans,Yukon,20.43
2021,Marié ou vivant en union libre,15 à 19 ans,Alberta,1.51
2021,Marié ou vivant en union libre,20 à 24 ans,Alberta,20.31
2021,Marié,15 à 19 ans,Alberta,0.25
2021,Marié,20 à 24 ans,Alberta,6.8
2021,Vivant en union libre,15 à 19 ans,Alberta,1.26
2021,Vivant en union libre,20 à 24 ans,Alberta,13.51
2021,Marié ou vivant en union libre,15 à 19 ans,Colombie-Britannique,1.2
2021,Marié ou vivant en union libre,20 à 24 ans,Colombie-Britannique,16.24
2021,Marié,15 à 19 ans,Colombie-Britannique,0.22
2021,Marié,20 à 24 ans,Colombie-Britannique,5.24
2021,Vivant en union libre,15 à 19 ans,Colombie-Britannique,0.99
2021,Vivant en union libre,20 à 24 ans,Colombie-Britannique,11.0
2021,Marié ou vivant en union libre,15 à 19 ans,Canada,1.34
2021,Marié ou vivant en union libre,20 à 24 ans,Canada,16.93
2021,Marié,15 à 19 ans,Canada,0.17
2021,Marié,20 à 24 ans,Canada,4.49
2021,Vivant en union libre,15 à 19 ans,Canada,1.17
2021,Vivant en union libre,20 à 24 ans,Canada,12.43
2021,Marié ou vivant en union libre,15 à 19 ans,Manitoba,1.87
2021,Marié ou vivant en union libre,20 à 24 ans,Manitoba,18.98
2021,Marié,15 à 19 ans,Manitoba,0.36
2021,Marié,20 à 24 ans,Manitoba,7.07
2021,Vivant en union libre,15 à 19 ans,Manitoba,1.51
2021,Vivant en union libre,20 à 24 ans,Manitoba,11.92
2021,Marié ou vivant en union libre,15 à 19 ans,Nouveau-Brunswick,2.21
2021,Marié ou vivant en union libre,20 à 24 ans,Nouveau-Brunswick,22.16
2021,Marié,15 à 19 ans,Nouveau-Brunswick,0.18
2021,Marié,20 à 24 ans,Nouveau-Brunswick,3.78
2021,Vivant en union libre,15 à 19 ans,Nouveau-Brunswick,2.03
2021,Vivant en union libre,20 à 24 ans,Nouveau-Brunswick,18.41
2021,Marié ou vivant en union libre,15 à 19 ans,Terre-Neuve-et-Labrador,1.45
2021,Marié ou vivant en union libre,20 à 24 ans,Terre-Neuve-et-Labrador,18.05
2021,Marié,15 à 19 ans,Terre-Neuve-et-Labrador,0.04
2021,Marié,20 à 24 ans,Terre-Neuve-et-Labrador,2.08
2021,Vivant en union libre,15 à 19 ans,Terre-Neuve-et-Labrador,1.41
2021,Vivant en union libre,20 à 24 ans,Terre-Neuve-et-Labrador,15.97
2021,Marié ou vivant en union libre,15 à 19 ans,Territoires du Nord-Ouest,2.0
2021,Marié ou vivant en union libre,20 à 24 ans,Territoires du Nord-Ouest,22.63
2021,Marié,20 à 24 ans,Territoires du Nord-Ouest,2.88
2021,Vivant en union libre,15 à 19 ans,Territoires du Nord-Ouest,2.0
2021,Vivant en union libre,20 à 24 ans,Territoires du Nord-Ouest,19.34
2021,Marié ou vivant en union libre,15 à 19 ans,Nouvelle-Écosse,1.41
2021,Marié ou vivant en union libre,20 à 24 ans,Nouvelle-Écosse,18.21
2021,Marié,15 à 19 ans,Nouvelle-Écosse,0.15
2021,Marié,20 à 24 ans,Nouvelle-Écosse,2.92
2021,Vivant en union libre,15 à 19 ans,Nouvelle-Écosse,1.24
2021,Vivant en union libre,20 à 24 ans,Nouvelle-Écosse,15.29
2021,Marié ou vivant en union libre,15 à 19 ans,Nunavut,9.35
2021,Marié ou vivant en union libre,20 à 24 ans,Nunavut,32.85
2021,Marié,20 à 24 ans,Nunavut,1.81
2021,Vivant en union libre,15 à 19 ans,Nunavut,9.35
2021,Vivant en union libre,20 à 24 ans,Nunavut,30.69
2021,Marié ou vivant en union libre,15 à 19 ans,Ontario,0.74
2021,Marié ou vivant en union libre,20 à 24 ans,Ontario,12.48
2021,Marié,15 à 19 ans,Ontario,0.16
2021,Marié,20 à 24 ans,Ontario,4.33
2021,Vivant en union libre,15 à 19 ans,Ontario,0.58
2021,Vivant en union libre,20 à 24 ans,Ontario,8.15
2021,Marié ou vivant en union libre,15 à 19 ans,Île-du-Prince-Édouard,1.07
2021,Marié ou vivant en union libre,20 à 24 ans,Île-du-Prince-Édouard,17.17
2021,Marié,20 à 24 ans,Île-du-Prince-Édouard,3.99
2021,Vivant en union libre,15 à 19 ans,Île-du-Prince-Édouard,1.07
2021,Vivant en union libre,20 à 24 ans,Île-du-Prince-Édouard,13.17
2021,Marié ou vivant en union libre,15 à 19 ans,Québec,2.09
2021,Marié ou vivant en union libre,20 à 24 ans,Québec,22.1
2021,Marié,15 à 19 ans,Québec,0.12
2021,Marié,20 à 24 ans,Québec,2.85
2021,Vivant en union libre,15 à 19 ans,Québec,1.97
2021,Vivant en union libre,20 à 24 ans,Québec,19.25
2021,Marié ou vivant en union libre,15 à 19 ans,Saskatchewan,1.96
2021,Marié ou vivant en union libre,20 à 24 ans,Saskatchewan,21.85
2021,Marié,15 à 19 ans,Saskatchewan,0.15
2021,Marié,20 à 24 ans,Saskatchewan,5.84
2021,Vivant en union libre,15 à 19 ans,Saskatchewan,1.8
2021,Vivant en union libre,20 à 24 ans,Saskatchewan,15.99
2021,Marié ou vivant en union libre,15 à 19 ans,Yukon,2.01
2021,Marié ou vivant en union libre,20 à 24 ans,Yukon,20.38
2021,Marié,20 à 24 ans,Yukon,4.27
2021,Vivant en union libre,15 à 19 ans,Yukon,2.01
2021,Vivant en union libre,20 à 24 ans,Yukon,16.11
