Year,Géographie,Occupation,Value
2015,,,34.9
2016,,,34.7
2017,,,34.6
2018,,,34.8
2019,,,35.2
2020,,,35.9
2021,,,35.7
2022,,,35.3
2023,,,35.3
2015,Canada,Membres des corps législatifs et cadres supérieurs/cadres supérieures,30.5
2015,Canada,Cadres intermédiaires spécialisés/cadres intermédiaires spécialisées,46.9
2015,Canada,"Cadres intermédiaires dans le commerce de détail, de gros et des services à la clientèle",41.5
2015,Canada,"Cadres intermédiaires des métiers, des transports, de la production et des services d'utilité publique",17.3
2015,Terre-Neuve-et-Labrador,Gestion,39.1
2015,Terre-Neuve-et-Labrador,Membres des corps législatifs et cadres supérieurs/cadres supérieures,
2015,Terre-Neuve-et-Labrador,Cadres intermédiaires spécialisés/cadres intermédiaires spécialisées,48.1
2015,Terre-Neuve-et-Labrador,"Cadres intermédiaires dans le commerce de détail, de gros et des services à la clientèle",41.7
2015,Terre-Neuve-et-Labrador,"Cadres intermédiaires des métiers, des transports, de la production et des services d'utilité publique",20.5
2015,Île-du-Prince-Édouard,Gestion,35.4
2015,Île-du-Prince-Édouard,Membres des corps législatifs et cadres supérieurs/cadres supérieures,
2015,Île-du-Prince-Édouard,Cadres intermédiaires spécialisés/cadres intermédiaires spécialisées,52.9
2015,Île-du-Prince-Édouard,"Cadres intermédiaires dans le commerce de détail, de gros et des services à la clientèle",48.0
2015,Île-du-Prince-Édouard,"Cadres intermédiaires des métiers, des transports, de la production et des services d'utilité publique",14.3
2015,Nouvelle-Écosse,Gestion,38.2
2015,Nouvelle-Écosse,Membres des corps législatifs et cadres supérieurs/cadres supérieures,
2015,Nouvelle-Écosse,Cadres intermédiaires spécialisés/cadres intermédiaires spécialisées,47.4
2015,Nouvelle-Écosse,"Cadres intermédiaires dans le commerce de détail, de gros et des services à la clientèle",44.8
2015,Nouvelle-Écosse,"Cadres intermédiaires des métiers, des transports, de la production et des services d'utilité publique",15.1
2015,Nouveau-Brunswick,Gestion,35.8
2015,Nouveau-Brunswick,Membres des corps législatifs et cadres supérieurs/cadres supérieures,
2015,Nouveau-Brunswick,Cadres intermédiaires spécialisés/cadres intermédiaires spécialisées,44.0
2015,Nouveau-Brunswick,"Cadres intermédiaires dans le commerce de détail, de gros et des services à la clientèle",41.0
2015,Nouveau-Brunswick,"Cadres intermédiaires des métiers, des transports, de la production et des services d'utilité publique",17.1
2015,Québec,Gestion,33.3
2015,Québec,Membres des corps législatifs et cadres supérieurs/cadres supérieures,33.3
2015,Québec,Cadres intermédiaires spécialisés/cadres intermédiaires spécialisées,50.0
2015,Québec,"Cadres intermédiaires dans le commerce de détail, de gros et des services à la clientèle",35.4
2015,Québec,"Cadres intermédiaires des métiers, des transports, de la production et des services d'utilité publique",15.2
2015,Ontario,Gestion,36.6
2015,Ontario,Membres des corps législatifs et cadres supérieurs/cadres supérieures,26.4
2015,Ontario,Cadres intermédiaires spécialisés/cadres intermédiaires spécialisées,47.3
2015,Ontario,"Cadres intermédiaires dans le commerce de détail, de gros et des services à la clientèle",43.1
2015,Ontario,"Cadres intermédiaires des métiers, des transports, de la production et des services d'utilité publique",15.4
2015,Manitoba,Gestion,31.6
2015,Manitoba,Membres des corps législatifs et cadres supérieurs/cadres supérieures,28.6
2015,Manitoba,Cadres intermédiaires spécialisés/cadres intermédiaires spécialisées,48.6
2015,Manitoba,"Cadres intermédiaires dans le commerce de détail, de gros et des services à la clientèle",39.0
2015,Manitoba,"Cadres intermédiaires des métiers, des transports, de la production et des services d'utilité publique",17.3
2015,Saskatchewan,Gestion,30.7
2015,Saskatchewan,Membres des corps législatifs et cadres supérieurs/cadres supérieures,33.3
2015,Saskatchewan,Cadres intermédiaires spécialisés/cadres intermédiaires spécialisées,50.8
2015,Saskatchewan,"Cadres intermédiaires dans le commerce de détail, de gros et des services à la clientèle",44.1
2015,Saskatchewan,"Cadres intermédiaires des métiers, des transports, de la production et des services d'utilité publique",19.8
2015,Alberta,Gestion,32.9
2015,Alberta,Membres des corps législatifs et cadres supérieurs/cadres supérieures,37.0
2015,Alberta,Cadres intermédiaires spécialisés/cadres intermédiaires spécialisées,40.6
2015,Alberta,"Cadres intermédiaires dans le commerce de détail, de gros et des services à la clientèle",44.8
2015,Alberta,"Cadres intermédiaires des métiers, des transports, de la production et des services d'utilité publique",19.6
2015,Colombie-Britannique,Gestion,35.9
2015,Colombie-Britannique,Membres des corps législatifs et cadres supérieurs/cadres supérieures,28.0
2015,Colombie-Britannique,Cadres intermédiaires spécialisés/cadres intermédiaires spécialisées,44.6
2015,Colombie-Britannique,"Cadres intermédiaires dans le commerce de détail, de gros et des services à la clientèle",42.7
2015,Colombie-Britannique,"Cadres intermédiaires des métiers, des transports, de la production et des services d'utilité publique",21.0
2016,Canada,Membres des corps législatifs et cadres supérieurs/cadres supérieures,36.5
2016,Canada,Cadres intermédiaires spécialisés/cadres intermédiaires spécialisées,46.8
2016,Canada,"Cadres intermédiaires dans le commerce de détail, de gros et des services à la clientèle",40.2
2016,Canada,"Cadres intermédiaires des métiers, des transports, de la production et des services d'utilité publique",16.9
2016,Terre-Neuve-et-Labrador,Gestion,36.6
2016,Terre-Neuve-et-Labrador,Membres des corps législatifs et cadres supérieurs/cadres supérieures,
2016,Terre-Neuve-et-Labrador,Cadres intermédiaires spécialisés/cadres intermédiaires spécialisées,44.2
2016,Terre-Neuve-et-Labrador,"Cadres intermédiaires dans le commerce de détail, de gros et des services à la clientèle",40.0
2016,Terre-Neuve-et-Labrador,"Cadres intermédiaires des métiers, des transports, de la production et des services d'utilité publique",19.4
2016,Île-du-Prince-Édouard,Gestion,32.2
2016,Île-du-Prince-Édouard,Membres des corps législatifs et cadres supérieurs/cadres supérieures,
2016,Île-du-Prince-Édouard,Cadres intermédiaires spécialisés/cadres intermédiaires spécialisées,57.1
2016,Île-du-Prince-Édouard,"Cadres intermédiaires dans le commerce de détail, de gros et des services à la clientèle",42.1
2016,Île-du-Prince-Édouard,"Cadres intermédiaires des métiers, des transports, de la production et des services d'utilité publique",12.0
2016,Nouvelle-Écosse,Gestion,40.8
2016,Nouvelle-Écosse,Membres des corps législatifs et cadres supérieurs/cadres supérieures,45.5
2016,Nouvelle-Écosse,Cadres intermédiaires spécialisés/cadres intermédiaires spécialisées,53.0
2016,Nouvelle-Écosse,"Cadres intermédiaires dans le commerce de détail, de gros et des services à la clientèle",44.8
2016,Nouvelle-Écosse,"Cadres intermédiaires des métiers, des transports, de la production et des services d'utilité publique",16.0
2016,Nouveau-Brunswick,Gestion,38.1
2016,Nouveau-Brunswick,Membres des corps législatifs et cadres supérieurs/cadres supérieures,
2016,Nouveau-Brunswick,Cadres intermédiaires spécialisés/cadres intermédiaires spécialisées,55.4
2016,Nouveau-Brunswick,"Cadres intermédiaires dans le commerce de détail, de gros et des services à la clientèle",40.6
2016,Nouveau-Brunswick,"Cadres intermédiaires des métiers, des transports, de la production et des services d'utilité publique",15.9
2016,Québec,Gestion,35.3
2016,Québec,Membres des corps législatifs et cadres supérieurs/cadres supérieures,39.7
2016,Québec,Cadres intermédiaires spécialisés/cadres intermédiaires spécialisées,46.6
2016,Québec,"Cadres intermédiaires dans le commerce de détail, de gros et des services à la clientèle",41.3
2016,Québec,"Cadres intermédiaires des métiers, des transports, de la production et des services d'utilité publique",16.4
2016,Ontario,Gestion,35.3
2016,Ontario,Membres des corps législatifs et cadres supérieurs/cadres supérieures,34.9
2016,Ontario,Cadres intermédiaires spécialisés/cadres intermédiaires spécialisées,46.1
2016,Ontario,"Cadres intermédiaires dans le commerce de détail, de gros et des services à la clientèle",38.8
2016,Ontario,"Cadres intermédiaires des métiers, des transports, de la production et des services d'utilité publique",16.3
2016,Manitoba,Gestion,30.5
2016,Manitoba,Membres des corps législatifs et cadres supérieurs/cadres supérieures,
2016,Manitoba,Cadres intermédiaires spécialisés/cadres intermédiaires spécialisées,50.0
2016,Manitoba,"Cadres intermédiaires dans le commerce de détail, de gros et des services à la clientèle",36.4
2016,Manitoba,"Cadres intermédiaires des métiers, des transports, de la production et des services d'utilité publique",17.4
2016,Saskatchewan,Gestion,31.2
2016,Saskatchewan,Membres des corps législatifs et cadres supérieurs/cadres supérieures,41.7
2016,Saskatchewan,Cadres intermédiaires spécialisés/cadres intermédiaires spécialisées,54.3
2016,Saskatchewan,"Cadres intermédiaires dans le commerce de détail, de gros et des services à la clientèle",42.9
2016,Saskatchewan,"Cadres intermédiaires des métiers, des transports, de la production et des services d'utilité publique",19.6
2016,Alberta,Gestion,32.1
2016,Alberta,Membres des corps législatifs et cadres supérieurs/cadres supérieures,37.1
2016,Alberta,Cadres intermédiaires spécialisés/cadres intermédiaires spécialisées,44.2
2016,Alberta,"Cadres intermédiaires dans le commerce de détail, de gros et des services à la clientèle",42.2
2016,Alberta,"Cadres intermédiaires des métiers, des transports, de la production et des services d'utilité publique",16.1
2016,Colombie-Britannique,Gestion,35.1
2016,Colombie-Britannique,Membres des corps législatifs et cadres supérieurs/cadres supérieures,32.8
2016,Colombie-Britannique,Cadres intermédiaires spécialisés/cadres intermédiaires spécialisées,47.1
2016,Colombie-Britannique,"Cadres intermédiaires dans le commerce de détail, de gros et des services à la clientèle",39.8
2016,Colombie-Britannique,"Cadres intermédiaires des métiers, des transports, de la production et des services d'utilité publique",18.3
2017,Canada,Membres des corps législatifs et cadres supérieurs/cadres supérieures,29.6
2017,Canada,Cadres intermédiaires spécialisés/cadres intermédiaires spécialisées,47.7
2017,Canada,"Cadres intermédiaires dans le commerce de détail, de gros et des services à la clientèle",38.7
2017,Canada,"Cadres intermédiaires des métiers, des transports, de la production et des services d'utilité publique",17.6
2017,Terre-Neuve-et-Labrador,Gestion,37.8
2017,Terre-Neuve-et-Labrador,Membres des corps législatifs et cadres supérieurs/cadres supérieures,
2017,Terre-Neuve-et-Labrador,Cadres intermédiaires spécialisés/cadres intermédiaires spécialisées,48.0
2017,Terre-Neuve-et-Labrador,"Cadres intermédiaires dans le commerce de détail, de gros et des services à la clientèle",45.8
2017,Terre-Neuve-et-Labrador,"Cadres intermédiaires des métiers, des transports, de la production et des services d'utilité publique",16.3
2017,Île-du-Prince-Édouard,Gestion,35.9
2017,Île-du-Prince-Édouard,Membres des corps législatifs et cadres supérieurs/cadres supérieures,
2017,Île-du-Prince-Édouard,Cadres intermédiaires spécialisés/cadres intermédiaires spécialisées,50.0
2017,Île-du-Prince-Édouard,"Cadres intermédiaires dans le commerce de détail, de gros et des services à la clientèle",50.0
2017,Île-du-Prince-Édouard,"Cadres intermédiaires des métiers, des transports, de la production et des services d'utilité publique",13.6
2017,Nouvelle-Écosse,Gestion,37.5
2017,Nouvelle-Écosse,Membres des corps législatifs et cadres supérieurs/cadres supérieures,
2017,Nouvelle-Écosse,Cadres intermédiaires spécialisés/cadres intermédiaires spécialisées,59.7
2017,Nouvelle-Écosse,"Cadres intermédiaires dans le commerce de détail, de gros et des services à la clientèle",35.4
2017,Nouvelle-Écosse,"Cadres intermédiaires des métiers, des transports, de la production et des services d'utilité publique",12.2
2017,Nouveau-Brunswick,Gestion,36.2
2017,Nouveau-Brunswick,Membres des corps législatifs et cadres supérieurs/cadres supérieures,
2017,Nouveau-Brunswick,Cadres intermédiaires spécialisés/cadres intermédiaires spécialisées,47.1
2017,Nouveau-Brunswick,"Cadres intermédiaires dans le commerce de détail, de gros et des services à la clientèle",43.9
2017,Nouveau-Brunswick,"Cadres intermédiaires des métiers, des transports, de la production et des services d'utilité publique",12.2
2017,Québec,Gestion,33.2
2017,Québec,Membres des corps législatifs et cadres supérieurs/cadres supérieures,38.5
2017,Québec,Cadres intermédiaires spécialisés/cadres intermédiaires spécialisées,42.2
2017,Québec,"Cadres intermédiaires dans le commerce de détail, de gros et des services à la clientèle",37.9
2017,Québec,"Cadres intermédiaires des métiers, des transports, de la production et des services d'utilité publique",17.6
2017,Ontario,Gestion,35.7
2017,Ontario,Membres des corps législatifs et cadres supérieurs/cadres supérieures,25.8
2017,Ontario,Cadres intermédiaires spécialisés/cadres intermédiaires spécialisées,48.0
2017,Ontario,"Cadres intermédiaires dans le commerce de détail, de gros et des services à la clientèle",37.7
2017,Ontario,"Cadres intermédiaires des métiers, des transports, de la production et des services d'utilité publique",17.4
2017,Manitoba,Gestion,30.0
2017,Manitoba,Membres des corps législatifs et cadres supérieurs/cadres supérieures,
2017,Manitoba,Cadres intermédiaires spécialisés/cadres intermédiaires spécialisées,45.2
2017,Manitoba,"Cadres intermédiaires dans le commerce de détail, de gros et des services à la clientèle",40.6
2017,Manitoba,"Cadres intermédiaires des métiers, des transports, de la production et des services d'utilité publique",17.1
2017,Saskatchewan,Gestion,31.7
2017,Saskatchewan,Membres des corps législatifs et cadres supérieurs/cadres supérieures,57.9
2017,Saskatchewan,Cadres intermédiaires spécialisés/cadres intermédiaires spécialisées,56.2
2017,Saskatchewan,"Cadres intermédiaires dans le commerce de détail, de gros et des services à la clientèle",39.0
2017,Saskatchewan,"Cadres intermédiaires des métiers, des transports, de la production et des services d'utilité publique",19.8
2017,Alberta,Gestion,32.3
2017,Alberta,Membres des corps législatifs et cadres supérieurs/cadres supérieures,
2017,Alberta,Cadres intermédiaires spécialisés/cadres intermédiaires spécialisées,46.3
2017,Alberta,"Cadres intermédiaires dans le commerce de détail, de gros et des services à la clientèle",37.9
2017,Alberta,"Cadres intermédiaires des métiers, des transports, de la production et des services d'utilité publique",18.4
2017,Colombie-Britannique,Gestion,37.2
2017,Colombie-Britannique,Membres des corps législatifs et cadres supérieurs/cadres supérieures,
2017,Colombie-Britannique,Cadres intermédiaires spécialisés/cadres intermédiaires spécialisées,56.0
2017,Colombie-Britannique,"Cadres intermédiaires dans le commerce de détail, de gros et des services à la clientèle",42.2
2017,Colombie-Britannique,"Cadres intermédiaires des métiers, des transports, de la production et des services d'utilité publique",17.3
2018,Canada,Membres des corps législatifs et cadres supérieurs/cadres supérieures,32.9
2018,Canada,Cadres intermédiaires spécialisés/cadres intermédiaires spécialisées,48.1
2018,Canada,"Cadres intermédiaires dans le commerce de détail, de gros et des services à la clientèle",38.1
2018,Canada,"Cadres intermédiaires des métiers, des transports, de la production et des services d'utilité publique",18.3
2018,Terre-Neuve-et-Labrador,Gestion,44.8
2018,Terre-Neuve-et-Labrador,Membres des corps législatifs et cadres supérieurs/cadres supérieures,
2018,Terre-Neuve-et-Labrador,Cadres intermédiaires spécialisés/cadres intermédiaires spécialisées,54.5
2018,Terre-Neuve-et-Labrador,"Cadres intermédiaires dans le commerce de détail, de gros et des services à la clientèle",51.0
2018,Terre-Neuve-et-Labrador,"Cadres intermédiaires des métiers, des transports, de la production et des services d'utilité publique",17.6
2018,Île-du-Prince-Édouard,Gestion,35.5
2018,Île-du-Prince-Édouard,Membres des corps législatifs et cadres supérieurs/cadres supérieures,
2018,Île-du-Prince-Édouard,Cadres intermédiaires spécialisés/cadres intermédiaires spécialisées,53.3
2018,Île-du-Prince-Édouard,"Cadres intermédiaires dans le commerce de détail, de gros et des services à la clientèle",47.6
2018,Île-du-Prince-Édouard,"Cadres intermédiaires des métiers, des transports, de la production et des services d'utilité publique",16.0
2018,Nouvelle-Écosse,Gestion,40.6
2018,Nouvelle-Écosse,Membres des corps législatifs et cadres supérieurs/cadres supérieures,
2018,Nouvelle-Écosse,Cadres intermédiaires spécialisés/cadres intermédiaires spécialisées,57.1
2018,Nouvelle-Écosse,"Cadres intermédiaires dans le commerce de détail, de gros et des services à la clientèle",45.5
2018,Nouvelle-Écosse,"Cadres intermédiaires des métiers, des transports, de la production et des services d'utilité publique",15.2
2018,Nouveau-Brunswick,Gestion,35.0
2018,Nouveau-Brunswick,Membres des corps législatifs et cadres supérieurs/cadres supérieures,
2018,Nouveau-Brunswick,Cadres intermédiaires spécialisés/cadres intermédiaires spécialisées,49.3
2018,Nouveau-Brunswick,"Cadres intermédiaires dans le commerce de détail, de gros et des services à la clientèle",38.0
2018,Nouveau-Brunswick,"Cadres intermédiaires des métiers, des transports, de la production et des services d'utilité publique",13.2
2018,Québec,Gestion,35.7
2018,Québec,Membres des corps législatifs et cadres supérieurs/cadres supérieures,39.2
2018,Québec,Cadres intermédiaires spécialisés/cadres intermédiaires spécialisées,51.2
2018,Québec,"Cadres intermédiaires dans le commerce de détail, de gros et des services à la clientèle",35.5
2018,Québec,"Cadres intermédiaires des métiers, des transports, de la production et des services d'utilité publique",19.4
2018,Ontario,Gestion,35.6
2018,Ontario,Membres des corps législatifs et cadres supérieurs/cadres supérieures,32.6
2018,Ontario,Cadres intermédiaires spécialisés/cadres intermédiaires spécialisées,47.3
2018,Ontario,"Cadres intermédiaires dans le commerce de détail, de gros et des services à la clientèle",38.0
2018,Ontario,"Cadres intermédiaires des métiers, des transports, de la production et des services d'utilité publique",16.4
2018,Manitoba,Gestion,31.6
2018,Manitoba,Membres des corps législatifs et cadres supérieurs/cadres supérieures,
2018,Manitoba,Cadres intermédiaires spécialisés/cadres intermédiaires spécialisées,51.4
2018,Manitoba,"Cadres intermédiaires dans le commerce de détail, de gros et des services à la clientèle",40.8
2018,Manitoba,"Cadres intermédiaires des métiers, des transports, de la production et des services d'utilité publique",16.3
2018,Saskatchewan,Gestion,31.1
2018,Saskatchewan,Membres des corps législatifs et cadres supérieurs/cadres supérieures,
2018,Saskatchewan,Cadres intermédiaires spécialisés/cadres intermédiaires spécialisées,56.5
2018,Saskatchewan,"Cadres intermédiaires dans le commerce de détail, de gros et des services à la clientèle",40.9
2018,Saskatchewan,"Cadres intermédiaires des métiers, des transports, de la production et des services d'utilité publique",19.8
2018,Alberta,Gestion,32.1
2018,Alberta,Membres des corps législatifs et cadres supérieurs/cadres supérieures,37.0
2018,Alberta,Cadres intermédiaires spécialisés/cadres intermédiaires spécialisées,40.8
2018,Alberta,"Cadres intermédiaires dans le commerce de détail, de gros et des services à la clientèle",39.4
2018,Alberta,"Cadres intermédiaires des métiers, des transports, de la production et des services d'utilité publique",21.9
2018,Colombie-Britannique,Gestion,33.5
2018,Colombie-Britannique,Membres des corps législatifs et cadres supérieurs/cadres supérieures,
2018,Colombie-Britannique,Cadres intermédiaires spécialisés/cadres intermédiaires spécialisées,46.7
2018,Colombie-Britannique,"Cadres intermédiaires dans le commerce de détail, de gros et des services à la clientèle",38.1
2018,Colombie-Britannique,"Cadres intermédiaires des métiers, des transports, de la production et des services d'utilité publique",18.0
2019,Canada,Membres des corps législatifs et cadres supérieurs/cadres supérieures,32.2
2019,Canada,Cadres intermédiaires spécialisés/cadres intermédiaires spécialisées,51.4
2019,Canada,"Cadres intermédiaires dans le commerce de détail, de gros et des services à la clientèle",38.8
2019,Canada,"Cadres intermédiaires des métiers, des transports, de la production et des services d'utilité publique",16.2
2019,Terre-Neuve-et-Labrador,Gestion,34.8
2019,Terre-Neuve-et-Labrador,Membres des corps législatifs et cadres supérieurs/cadres supérieures,
2019,Terre-Neuve-et-Labrador,Cadres intermédiaires spécialisés/cadres intermédiaires spécialisées,50.0
2019,Terre-Neuve-et-Labrador,"Cadres intermédiaires dans le commerce de détail, de gros et des services à la clientèle",40.8
2019,Terre-Neuve-et-Labrador,"Cadres intermédiaires des métiers, des transports, de la production et des services d'utilité publique",
2019,Île-du-Prince-Édouard,Gestion,36.8
2019,Île-du-Prince-Édouard,Membres des corps législatifs et cadres supérieurs/cadres supérieures,
2019,Île-du-Prince-Édouard,Cadres intermédiaires spécialisés/cadres intermédiaires spécialisées,46.2
2019,Île-du-Prince-Édouard,"Cadres intermédiaires dans le commerce de détail, de gros et des services à la clientèle",50.0
2019,Île-du-Prince-Édouard,"Cadres intermédiaires des métiers, des transports, de la production et des services d'utilité publique",21.7
2019,Nouvelle-Écosse,Gestion,39.9
2019,Nouvelle-Écosse,Membres des corps législatifs et cadres supérieurs/cadres supérieures,
2019,Nouvelle-Écosse,Cadres intermédiaires spécialisés/cadres intermédiaires spécialisées,57.3
2019,Nouvelle-Écosse,"Cadres intermédiaires dans le commerce de détail, de gros et des services à la clientèle",42.9
2019,Nouvelle-Écosse,"Cadres intermédiaires des métiers, des transports, de la production et des services d'utilité publique",17.4
2019,Nouveau-Brunswick,Gestion,37.6
2019,Nouveau-Brunswick,Membres des corps législatifs et cadres supérieurs/cadres supérieures,
2019,Nouveau-Brunswick,Cadres intermédiaires spécialisés/cadres intermédiaires spécialisées,54.5
2019,Nouveau-Brunswick,"Cadres intermédiaires dans le commerce de détail, de gros et des services à la clientèle",41.1
2019,Nouveau-Brunswick,"Cadres intermédiaires des métiers, des transports, de la production et des services d'utilité publique",16.9
2019,Québec,Gestion,35.8
2019,Québec,Membres des corps législatifs et cadres supérieurs/cadres supérieures,45.9
2019,Québec,Cadres intermédiaires spécialisés/cadres intermédiaires spécialisées,49.7
2019,Québec,"Cadres intermédiaires dans le commerce de détail, de gros et des services à la clientèle",38.9
2019,Québec,"Cadres intermédiaires des métiers, des transports, de la production et des services d'utilité publique",16.1
2019,Ontario,Gestion,36.2
2019,Ontario,Membres des corps législatifs et cadres supérieurs/cadres supérieures,28.9
2019,Ontario,Cadres intermédiaires spécialisés/cadres intermédiaires spécialisées,52.1
2019,Ontario,"Cadres intermédiaires dans le commerce de détail, de gros et des services à la clientèle",38.3
2019,Ontario,"Cadres intermédiaires des métiers, des transports, de la production et des services d'utilité publique",14.9
2019,Manitoba,Gestion,29.8
2019,Manitoba,Membres des corps législatifs et cadres supérieurs/cadres supérieures,
2019,Manitoba,Cadres intermédiaires spécialisés/cadres intermédiaires spécialisées,47.9
2019,Manitoba,"Cadres intermédiaires dans le commerce de détail, de gros et des services à la clientèle",42.9
2019,Manitoba,"Cadres intermédiaires des métiers, des transports, de la production et des services d'utilité publique",14.8
2019,Saskatchewan,Gestion,29.5
2019,Saskatchewan,Membres des corps législatifs et cadres supérieurs/cadres supérieures,53.8
2019,Saskatchewan,Cadres intermédiaires spécialisés/cadres intermédiaires spécialisées,51.1
2019,Saskatchewan,"Cadres intermédiaires dans le commerce de détail, de gros et des services à la clientèle",37.1
2019,Saskatchewan,"Cadres intermédiaires des métiers, des transports, de la production et des services d'utilité publique",18.9
2019,Alberta,Gestion,32.7
2019,Alberta,Membres des corps législatifs et cadres supérieurs/cadres supérieures,28.4
2019,Alberta,Cadres intermédiaires spécialisés/cadres intermédiaires spécialisées,53.7
2019,Alberta,"Cadres intermédiaires dans le commerce de détail, de gros et des services à la clientèle",37.3
2019,Alberta,"Cadres intermédiaires des métiers, des transports, de la production et des services d'utilité publique",17.2
2019,Colombie-Britannique,Gestion,35.5
2019,Colombie-Britannique,Membres des corps législatifs et cadres supérieurs/cadres supérieures,25.0
2019,Colombie-Britannique,Cadres intermédiaires spécialisés/cadres intermédiaires spécialisées,49.4
2019,Colombie-Britannique,"Cadres intermédiaires dans le commerce de détail, de gros et des services à la clientèle",39.7
2019,Colombie-Britannique,"Cadres intermédiaires des métiers, des transports, de la production et des services d'utilité publique",17.4
2020,Canada,Membres des corps législatifs et cadres supérieurs/cadres supérieures,28.9
2020,Canada,Cadres intermédiaires spécialisés/cadres intermédiaires spécialisées,50.0
2020,Canada,"Cadres intermédiaires dans le commerce de détail, de gros et des services à la clientèle",39.3
2020,Canada,"Cadres intermédiaires des métiers, des transports, de la production et des services d'utilité publique",17.5
2020,Terre-Neuve-et-Labrador,Gestion,38.5
2020,Terre-Neuve-et-Labrador,Membres des corps législatifs et cadres supérieurs/cadres supérieures,
2020,Terre-Neuve-et-Labrador,Cadres intermédiaires spécialisés/cadres intermédiaires spécialisées,56.8
2020,Terre-Neuve-et-Labrador,"Cadres intermédiaires dans le commerce de détail, de gros et des services à la clientèle",41.3
2020,Terre-Neuve-et-Labrador,"Cadres intermédiaires des métiers, des transports, de la production et des services d'utilité publique",13.5
2020,Île-du-Prince-Édouard,Gestion,36.5
2020,Île-du-Prince-Édouard,Membres des corps législatifs et cadres supérieurs/cadres supérieures,
2020,Île-du-Prince-Édouard,Cadres intermédiaires spécialisés/cadres intermédiaires spécialisées,60.0
2020,Île-du-Prince-Édouard,"Cadres intermédiaires dans le commerce de détail, de gros et des services à la clientèle",50.0
2020,Île-du-Prince-Édouard,"Cadres intermédiaires des métiers, des transports, de la production et des services d'utilité publique",14.8
2020,Nouvelle-Écosse,Gestion,39.4
2020,Nouvelle-Écosse,Membres des corps législatifs et cadres supérieurs/cadres supérieures,40.0
2020,Nouvelle-Écosse,Cadres intermédiaires spécialisés/cadres intermédiaires spécialisées,54.1
2020,Nouvelle-Écosse,"Cadres intermédiaires dans le commerce de détail, de gros et des services à la clientèle",47.0
2020,Nouvelle-Écosse,"Cadres intermédiaires des métiers, des transports, de la production et des services d'utilité publique",16.5
2020,Nouveau-Brunswick,Gestion,32.8
2020,Nouveau-Brunswick,Membres des corps législatifs et cadres supérieurs/cadres supérieures,
2020,Nouveau-Brunswick,Cadres intermédiaires spécialisés/cadres intermédiaires spécialisées,51.9
2020,Nouveau-Brunswick,"Cadres intermédiaires dans le commerce de détail, de gros et des services à la clientèle",35.2
2020,Nouveau-Brunswick,"Cadres intermédiaires des métiers, des transports, de la production et des services d'utilité publique",10.1
2020,Québec,Gestion,36.2
2020,Québec,Membres des corps législatifs et cadres supérieurs/cadres supérieures,42.0
2020,Québec,Cadres intermédiaires spécialisés/cadres intermédiaires spécialisées,52.1
2020,Québec,"Cadres intermédiaires dans le commerce de détail, de gros et des services à la clientèle",34.8
2020,Québec,"Cadres intermédiaires des métiers, des transports, de la production et des services d'utilité publique",17.6
2020,Ontario,Gestion,36.3
2020,Ontario,Membres des corps législatifs et cadres supérieurs/cadres supérieures,22.9
2020,Ontario,Cadres intermédiaires spécialisés/cadres intermédiaires spécialisées,48.5
2020,Ontario,"Cadres intermédiaires dans le commerce de détail, de gros et des services à la clientèle",40.0
2020,Ontario,"Cadres intermédiaires des métiers, des transports, de la production et des services d'utilité publique",16.2
2020,Manitoba,Gestion,30.4
2020,Manitoba,Membres des corps législatifs et cadres supérieurs/cadres supérieures,37.5
2020,Manitoba,Cadres intermédiaires spécialisés/cadres intermédiaires spécialisées,48.4
2020,Manitoba,"Cadres intermédiaires dans le commerce de détail, de gros et des services à la clientèle",39.2
2020,Manitoba,"Cadres intermédiaires des métiers, des transports, de la production et des services d'utilité publique",17.2
2020,Saskatchewan,Gestion,32.3
2020,Saskatchewan,Membres des corps législatifs et cadres supérieurs/cadres supérieures,46.7
2020,Saskatchewan,Cadres intermédiaires spécialisés/cadres intermédiaires spécialisées,55.4
2020,Saskatchewan,"Cadres intermédiaires dans le commerce de détail, de gros et des services à la clientèle",40.9
2020,Saskatchewan,"Cadres intermédiaires des métiers, des transports, de la production et des services d'utilité publique",19.1
2020,Alberta,Gestion,33.0
2020,Alberta,Membres des corps législatifs et cadres supérieurs/cadres supérieures,
2020,Alberta,Cadres intermédiaires spécialisés/cadres intermédiaires spécialisées,49.1
2020,Alberta,"Cadres intermédiaires dans le commerce de détail, de gros et des services à la clientèle",37.0
2020,Alberta,"Cadres intermédiaires des métiers, des transports, de la production et des services d'utilité publique",20.5
2020,Colombie-Britannique,Gestion,38.2
2020,Colombie-Britannique,Membres des corps législatifs et cadres supérieurs/cadres supérieures,34.4
2020,Colombie-Britannique,Cadres intermédiaires spécialisés/cadres intermédiaires spécialisées,50.0
2020,Colombie-Britannique,"Cadres intermédiaires dans le commerce de détail, de gros et des services à la clientèle",43.1
2020,Colombie-Britannique,"Cadres intermédiaires des métiers, des transports, de la production et des services d'utilité publique",17.8
2021,Canada,Membres des corps législatifs et cadres supérieurs/cadres supérieures,29.9
2021,Canada,Cadres intermédiaires spécialisés/cadres intermédiaires spécialisées,49.3
2021,Canada,"Cadres intermédiaires dans le commerce de détail, de gros et des services à la clientèle",40.3
2021,Canada,"Cadres intermédiaires des métiers, des transports, de la production et des services d'utilité publique",17.1
2021,Terre-Neuve-et-Labrador,Gestion,37.4
2021,Terre-Neuve-et-Labrador,Membres des corps législatifs et cadres supérieurs/cadres supérieures,
2021,Terre-Neuve-et-Labrador,Cadres intermédiaires spécialisés/cadres intermédiaires spécialisées,47.3
2021,Terre-Neuve-et-Labrador,"Cadres intermédiaires dans le commerce de détail, de gros et des services à la clientèle",40.4
2021,Terre-Neuve-et-Labrador,"Cadres intermédiaires des métiers, des transports, de la production et des services d'utilité publique",
2021,Île-du-Prince-Édouard,Gestion,36.9
2021,Île-du-Prince-Édouard,Membres des corps législatifs et cadres supérieurs/cadres supérieures,
2021,Île-du-Prince-Édouard,Cadres intermédiaires spécialisés/cadres intermédiaires spécialisées,50.0
2021,Île-du-Prince-Édouard,"Cadres intermédiaires dans le commerce de détail, de gros et des services à la clientèle",47.8
2021,Île-du-Prince-Édouard,"Cadres intermédiaires des métiers, des transports, de la production et des services d'utilité publique",16.7
2021,Nouvelle-Écosse,Gestion,45.6
2021,Nouvelle-Écosse,Membres des corps législatifs et cadres supérieurs/cadres supérieures,
2021,Nouvelle-Écosse,Cadres intermédiaires spécialisés/cadres intermédiaires spécialisées,55.0
2021,Nouvelle-Écosse,"Cadres intermédiaires dans le commerce de détail, de gros et des services à la clientèle",53.5
2021,Nouvelle-Écosse,"Cadres intermédiaires des métiers, des transports, de la production et des services d'utilité publique",23.5
2021,Nouveau-Brunswick,Gestion,35.1
2021,Nouveau-Brunswick,Membres des corps législatifs et cadres supérieurs/cadres supérieures,
2021,Nouveau-Brunswick,Cadres intermédiaires spécialisés/cadres intermédiaires spécialisées,50.0
2021,Nouveau-Brunswick,"Cadres intermédiaires dans le commerce de détail, de gros et des services à la clientèle",37.9
2021,Nouveau-Brunswick,"Cadres intermédiaires des métiers, des transports, de la production et des services d'utilité publique",11.4
2021,Québec,Gestion,35.6
2021,Québec,Membres des corps législatifs et cadres supérieurs/cadres supérieures,34.6
2021,Québec,Cadres intermédiaires spécialisés/cadres intermédiaires spécialisées,52.5
2021,Québec,"Cadres intermédiaires dans le commerce de détail, de gros et des services à la clientèle",35.2
2021,Québec,"Cadres intermédiaires des métiers, des transports, de la production et des services d'utilité publique",16.9
2021,Ontario,Gestion,36.8
2021,Ontario,Membres des corps législatifs et cadres supérieurs/cadres supérieures,28.1
2021,Ontario,Cadres intermédiaires spécialisés/cadres intermédiaires spécialisées,48.5
2021,Ontario,"Cadres intermédiaires dans le commerce de détail, de gros et des services à la clientèle",40.5
2021,Ontario,"Cadres intermédiaires des métiers, des transports, de la production et des services d'utilité publique",17.8
2021,Manitoba,Gestion,33.1
2021,Manitoba,Membres des corps législatifs et cadres supérieurs/cadres supérieures,
2021,Manitoba,Cadres intermédiaires spécialisés/cadres intermédiaires spécialisées,51.7
2021,Manitoba,"Cadres intermédiaires dans le commerce de détail, de gros et des services à la clientèle",40.5
2021,Manitoba,"Cadres intermédiaires des métiers, des transports, de la production et des services d'utilité publique",19.8
2021,Saskatchewan,Gestion,29.8
2021,Saskatchewan,Membres des corps législatifs et cadres supérieurs/cadres supérieures,
2021,Saskatchewan,Cadres intermédiaires spécialisés/cadres intermédiaires spécialisées,48.8
2021,Saskatchewan,"Cadres intermédiaires dans le commerce de détail, de gros et des services à la clientèle",37.9
2021,Saskatchewan,"Cadres intermédiaires des métiers, des transports, de la production et des services d'utilité publique",18.5
2021,Alberta,Gestion,34.2
2021,Alberta,Membres des corps législatifs et cadres supérieurs/cadres supérieures,42.6
2021,Alberta,Cadres intermédiaires spécialisés/cadres intermédiaires spécialisées,50.5
2021,Alberta,"Cadres intermédiaires dans le commerce de détail, de gros et des services à la clientèle",42.0
2021,Alberta,"Cadres intermédiaires des métiers, des transports, de la production et des services d'utilité publique",15.9
2021,Colombie-Britannique,Gestion,34.5
2021,Colombie-Britannique,Membres des corps législatifs et cadres supérieurs/cadres supérieures,21.2
2021,Colombie-Britannique,Cadres intermédiaires spécialisés/cadres intermédiaires spécialisées,44.4
2021,Colombie-Britannique,"Cadres intermédiaires dans le commerce de détail, de gros et des services à la clientèle",43.7
2021,Colombie-Britannique,"Cadres intermédiaires des métiers, des transports, de la production et des services d'utilité publique",15.7
2022,Canada,Membres des corps législatifs et cadres supérieurs/cadres supérieures,31.4
2022,Canada,Cadres intermédiaires spécialisés/cadres intermédiaires spécialisées,47.8
2022,Canada,"Cadres intermédiaires dans le commerce de détail, de gros et des services à la clientèle",39.9
2022,Canada,"Cadres intermédiaires des métiers, des transports, de la production et des services d'utilité publique",16.8
2022,Terre-Neuve-et-Labrador,Gestion,39.9
2022,Terre-Neuve-et-Labrador,Membres des corps législatifs et cadres supérieurs/cadres supérieures,
2022,Terre-Neuve-et-Labrador,Cadres intermédiaires spécialisés/cadres intermédiaires spécialisées,39.7
2022,Terre-Neuve-et-Labrador,"Cadres intermédiaires dans le commerce de détail, de gros et des services à la clientèle",55.1
2022,Terre-Neuve-et-Labrador,"Cadres intermédiaires des métiers, des transports, de la production et des services d'utilité publique",18.2
2022,Île-du-Prince-Édouard,Gestion,32.0
2022,Île-du-Prince-Édouard,Membres des corps législatifs et cadres supérieurs/cadres supérieures,
2022,Île-du-Prince-Édouard,Cadres intermédiaires spécialisés/cadres intermédiaires spécialisées,45.8
2022,Île-du-Prince-Édouard,"Cadres intermédiaires dans le commerce de détail, de gros et des services à la clientèle",47.4
2022,Île-du-Prince-Édouard,"Cadres intermédiaires des métiers, des transports, de la production et des services d'utilité publique",9.7
2022,Nouvelle-Écosse,Gestion,36.8
2022,Nouvelle-Écosse,Membres des corps législatifs et cadres supérieurs/cadres supérieures,
2022,Nouvelle-Écosse,Cadres intermédiaires spécialisés/cadres intermédiaires spécialisées,51.1
2022,Nouvelle-Écosse,"Cadres intermédiaires dans le commerce de détail, de gros et des services à la clientèle",43.9
2022,Nouvelle-Écosse,"Cadres intermédiaires des métiers, des transports, de la production et des services d'utilité publique",10.8
2022,Nouveau-Brunswick,Gestion,40.9
2022,Nouveau-Brunswick,Membres des corps législatifs et cadres supérieurs/cadres supérieures,
2022,Nouveau-Brunswick,Cadres intermédiaires spécialisés/cadres intermédiaires spécialisées,56.6
2022,Nouveau-Brunswick,"Cadres intermédiaires dans le commerce de détail, de gros et des services à la clientèle",45.6
2022,Nouveau-Brunswick,"Cadres intermédiaires des métiers, des transports, de la production et des services d'utilité publique",13.9
2022,Québec,Gestion,34.6
2022,Québec,Membres des corps législatifs et cadres supérieurs/cadres supérieures,30.9
2022,Québec,Cadres intermédiaires spécialisés/cadres intermédiaires spécialisées,48.9
2022,Québec,"Cadres intermédiaires dans le commerce de détail, de gros et des services à la clientèle",35.0
2022,Québec,"Cadres intermédiaires des métiers, des transports, de la production et des services d'utilité publique",17.1
2022,Ontario,Gestion,35.9
2022,Ontario,Membres des corps législatifs et cadres supérieurs/cadres supérieures,37.3
2022,Ontario,Cadres intermédiaires spécialisés/cadres intermédiaires spécialisées,47.4
2022,Ontario,"Cadres intermédiaires dans le commerce de détail, de gros et des services à la clientèle",39.9
2022,Ontario,"Cadres intermédiaires des métiers, des transports, de la production et des services d'utilité publique",14.5
2022,Manitoba,Gestion,32.3
2022,Manitoba,Membres des corps législatifs et cadres supérieurs/cadres supérieures,41.2
2022,Manitoba,Cadres intermédiaires spécialisés/cadres intermédiaires spécialisées,47.7
2022,Manitoba,"Cadres intermédiaires dans le commerce de détail, de gros et des services à la clientèle",38.4
2022,Manitoba,"Cadres intermédiaires des métiers, des transports, de la production et des services d'utilité publique",16.7
2022,Saskatchewan,Gestion,31.5
2022,Saskatchewan,Membres des corps législatifs et cadres supérieurs/cadres supérieures,50.0
2022,Saskatchewan,Cadres intermédiaires spécialisés/cadres intermédiaires spécialisées,49.1
2022,Saskatchewan,"Cadres intermédiaires dans le commerce de détail, de gros et des services à la clientèle",41.3
2022,Saskatchewan,"Cadres intermédiaires des métiers, des transports, de la production et des services d'utilité publique",16.0
2022,Alberta,Gestion,35.4
2022,Alberta,Membres des corps législatifs et cadres supérieurs/cadres supérieures,
2022,Alberta,Cadres intermédiaires spécialisés/cadres intermédiaires spécialisées,49.7
2022,Alberta,"Cadres intermédiaires dans le commerce de détail, de gros et des services à la clientèle",42.4
2022,Alberta,"Cadres intermédiaires des métiers, des transports, de la production et des services d'utilité publique",20.8
2022,Colombie-Britannique,Gestion,35.4
2022,Colombie-Britannique,Membres des corps législatifs et cadres supérieurs/cadres supérieures,
2022,Colombie-Britannique,Cadres intermédiaires spécialisés/cadres intermédiaires spécialisées,45.0
2022,Colombie-Britannique,"Cadres intermédiaires dans le commerce de détail, de gros et des services à la clientèle",41.7
2022,Colombie-Britannique,"Cadres intermédiaires des métiers, des transports, de la production et des services d'utilité publique",19.5
2023,Canada,Membres des corps législatifs et cadres supérieurs/cadres supérieures,30.1
2023,Canada,Cadres intermédiaires spécialisés/cadres intermédiaires spécialisées,47.9
2023,Canada,"Cadres intermédiaires dans le commerce de détail, de gros et des services à la clientèle",37.8
2023,Canada,"Cadres intermédiaires des métiers, des transports, de la production et des services d'utilité publique",17.7
2023,Terre-Neuve-et-Labrador,Gestion,39.1
2023,Terre-Neuve-et-Labrador,Membres des corps législatifs et cadres supérieurs/cadres supérieures,
2023,Terre-Neuve-et-Labrador,Cadres intermédiaires spécialisés/cadres intermédiaires spécialisées,50.0
2023,Terre-Neuve-et-Labrador,"Cadres intermédiaires dans le commerce de détail, de gros et des services à la clientèle",47.3
2023,Terre-Neuve-et-Labrador,"Cadres intermédiaires des métiers, des transports, de la production et des services d'utilité publique",14.6
2023,Île-du-Prince-Édouard,Gestion,33.3
2023,Île-du-Prince-Édouard,Membres des corps législatifs et cadres supérieurs/cadres supérieures,
2023,Île-du-Prince-Édouard,Cadres intermédiaires spécialisés/cadres intermédiaires spécialisées,52.0
2023,Île-du-Prince-Édouard,"Cadres intermédiaires dans le commerce de détail, de gros et des services à la clientèle",44.0
2023,Île-du-Prince-Édouard,"Cadres intermédiaires des métiers, des transports, de la production et des services d'utilité publique",6.9
2023,Nouvelle-Écosse,Gestion,39.4
2023,Nouvelle-Écosse,Membres des corps législatifs et cadres supérieurs/cadres supérieures,
2023,Nouvelle-Écosse,Cadres intermédiaires spécialisés/cadres intermédiaires spécialisées,52.2
2023,Nouvelle-Écosse,"Cadres intermédiaires dans le commerce de détail, de gros et des services à la clientèle",45.8
2023,Nouvelle-Écosse,"Cadres intermédiaires des métiers, des transports, de la production et des services d'utilité publique",14.0
2023,Nouveau-Brunswick,Gestion,39.7
2023,Nouveau-Brunswick,Membres des corps législatifs et cadres supérieurs/cadres supérieures,
2023,Nouveau-Brunswick,Cadres intermédiaires spécialisés/cadres intermédiaires spécialisées,56.6
2023,Nouveau-Brunswick,"Cadres intermédiaires dans le commerce de détail, de gros et des services à la clientèle",37.9
2023,Nouveau-Brunswick,"Cadres intermédiaires des métiers, des transports, de la production et des services d'utilité publique",17.8
2023,Québec,Gestion,35.7
2023,Québec,Membres des corps législatifs et cadres supérieurs/cadres supérieures,50.0
2023,Québec,Cadres intermédiaires spécialisés/cadres intermédiaires spécialisées,48.8
2023,Québec,"Cadres intermédiaires dans le commerce de détail, de gros et des services à la clientèle",34.6
2023,Québec,"Cadres intermédiaires des métiers, des transports, de la production et des services d'utilité publique",18.8
2023,Ontario,Gestion,35.4
2023,Ontario,Membres des corps législatifs et cadres supérieurs/cadres supérieures,24.1
2023,Ontario,Cadres intermédiaires spécialisés/cadres intermédiaires spécialisées,46.9
2023,Ontario,"Cadres intermédiaires dans le commerce de détail, de gros et des services à la clientèle",36.8
2023,Ontario,"Cadres intermédiaires des métiers, des transports, de la production et des services d'utilité publique",18.5
2023,Manitoba,Gestion,33.5
2023,Manitoba,Membres des corps législatifs et cadres supérieurs/cadres supérieures,35.7
2023,Manitoba,Cadres intermédiaires spécialisés/cadres intermédiaires spécialisées,45.0
2023,Manitoba,"Cadres intermédiaires dans le commerce de détail, de gros et des services à la clientèle",43.5
2023,Manitoba,"Cadres intermédiaires des métiers, des transports, de la production et des services d'utilité publique",11.8
2023,Saskatchewan,Gestion,32.8
2023,Saskatchewan,Membres des corps législatifs et cadres supérieurs/cadres supérieures,41.2
2023,Saskatchewan,Cadres intermédiaires spécialisés/cadres intermédiaires spécialisées,52.0
2023,Saskatchewan,"Cadres intermédiaires dans le commerce de détail, de gros et des services à la clientèle",40.7
2023,Saskatchewan,"Cadres intermédiaires des métiers, des transports, de la production et des services d'utilité publique",15.8
2023,Alberta,Gestion,34.4
2023,Alberta,Membres des corps législatifs et cadres supérieurs/cadres supérieures,34.7
2023,Alberta,Cadres intermédiaires spécialisés/cadres intermédiaires spécialisées,48.0
2023,Alberta,"Cadres intermédiaires dans le commerce de détail, de gros et des services à la clientèle",42.6
2023,Alberta,"Cadres intermédiaires des métiers, des transports, de la production et des services d'utilité publique",16.6
2023,Colombie-Britannique,Gestion,34.9
2023,Colombie-Britannique,Membres des corps législatifs et cadres supérieurs/cadres supérieures,29.7
2023,Colombie-Britannique,Cadres intermédiaires spécialisés/cadres intermédiaires spécialisées,47.8
2023,Colombie-Britannique,"Cadres intermédiaires dans le commerce de détail, de gros et des services à la clientèle",37.7
2023,Colombie-Britannique,"Cadres intermédiaires des métiers, des transports, de la production et des services d'utilité publique",17.8
