Year,Series,Geography,GeoCode,Value
2013,Wastewater discharge from manufacturing industries,,,66.0313712261764
2015,Wastewater discharge from manufacturing industries,,,63.1190926275992
2017,Wastewater discharge from manufacturing industries,,,63.0986619982493
2020,Wastewater discharge from manufacturing industries,,,64.3180083377371
2013,Wastewater discharged from municipal sewage systems,Alberta,48,99.98
2013,Wastewater discharged from municipal sewage systems,Assiniboine-Red drainage region,,100.0
2013,Wastewater discharged from municipal sewage systems,British Columbia,59,97.15
2013,Wastewater discharged from municipal sewage systems,,,99.05
2013,Wastewater discharged from municipal sewage systems,Churchill drainage region,,100.0
2013,Wastewater discharged from municipal sewage systems,Columbia drainage region,,100.0
2013,Wastewater discharged from municipal sewage systems,Fraser-Lower Mainland drainage region,,100.0
2013,Wastewater discharged from municipal sewage systems,Great Lakes drainage region,,100.0
2013,Wastewater discharged from municipal sewage systems,Lower Mackenzie drainage region,,96.77
2013,Wastewater discharged from municipal sewage systems,Lower Saskatchewan-Nelson drainage region,,100.0
2013,Wastewater discharged from municipal sewage systems,Manitoba,46,100.0
2013,Wastewater discharged from municipal sewage systems,Maritime Coastal drainage region,,95.48
2013,Wastewater discharged from municipal sewage systems,New Brunswick,13,100.0
2013,Wastewater discharged from municipal sewage systems,Newfoundland-Labrador drainage region,,76.3
2013,Wastewater discharged from municipal sewage systems,Newfoundland and Labrador,10,76.35
2013,Wastewater discharged from municipal sewage systems,North Saskatchewan drainage region,,100.0
2013,Wastewater discharged from municipal sewage systems,North Shore-Gaspé drainage region,,97.33
2013,Wastewater discharged from municipal sewage systems,Northern Ontario drainage region,,99.44
2013,Wastewater discharged from municipal sewage systems,Northern Quebec drainage region,,98.98
2013,Wastewater discharged from municipal sewage systems,Nova Scotia,12,93.7
2013,Wastewater discharged from municipal sewage systems,Okanagan-Similkameen drainage region,,100.0
2013,Wastewater discharged from municipal sewage systems,Ontario,35,100.0
2013,Wastewater discharged from municipal sewage systems,Ottawa drainage region,,99.83
2013,Wastewater discharged from municipal sewage systems,Pacific Coastal drainage region,,85.95
2013,Wastewater discharged from municipal sewage systems,Peace-Athabasca drainage region,,99.76
2013,Wastewater discharged from municipal sewage systems,Prince Edward Island,11,100.0
2013,Wastewater discharged from municipal sewage systems,Quebec,24,99.68
2013,Wastewater discharged from municipal sewage systems,Saint John-St. Croix drainage region,,100.0
2013,Wastewater discharged from municipal sewage systems,Saskatchewan,47,100.0
2013,Wastewater discharged from municipal sewage systems,South Saskatchewan drainage region,,100.0
2013,Wastewater discharged from municipal sewage systems,St. Lawrence drainage region,,99.91
2013,Wastewater discharged from municipal sewage systems,Total drainage regions,,99.05
2013,Wastewater discharged from municipal sewage systems,Winnipeg drainage region,,100.0
2013,Wastewater discharged from municipal sewage systems,Yukon,60,100.0
2013,Wastewater discharged from municipal sewage systems,Yukon drainage region,,100.0
2014,Wastewater discharged from municipal sewage systems,Alberta,48,99.99
2014,Wastewater discharged from municipal sewage systems,Assiniboine-Red drainage region,,99.97
2014,Wastewater discharged from municipal sewage systems,British Columbia,59,97.18
2014,Wastewater discharged from municipal sewage systems,,,99.04
2014,Wastewater discharged from municipal sewage systems,Churchill drainage region,,100.0
2014,Wastewater discharged from municipal sewage systems,Columbia drainage region,,100.0
2014,Wastewater discharged from municipal sewage systems,Fraser-Lower Mainland drainage region,,100.0
2014,Wastewater discharged from municipal sewage systems,Great Lakes drainage region,,100.0
2014,Wastewater discharged from municipal sewage systems,Lower Mackenzie drainage region,,100.0
2014,Wastewater discharged from municipal sewage systems,Lower Saskatchewan-Nelson drainage region,,99.45
2014,Wastewater discharged from municipal sewage systems,Manitoba,46,99.97
2014,Wastewater discharged from municipal sewage systems,Maritime Coastal drainage region,,96.0
2014,Wastewater discharged from municipal sewage systems,New Brunswick,13,100.0
2014,Wastewater discharged from municipal sewage systems,Newfoundland-Labrador drainage region,,76.94
2014,Wastewater discharged from municipal sewage systems,Newfoundland and Labrador,10,77.0
2014,Wastewater discharged from municipal sewage systems,North Saskatchewan drainage region,,100.0
2014,Wastewater discharged from municipal sewage systems,North Shore-Gaspé drainage region,,97.17
2014,Wastewater discharged from municipal sewage systems,Northern Ontario drainage region,,99.25
2014,Wastewater discharged from municipal sewage systems,Northern Quebec drainage region,,98.84
2014,Wastewater discharged from municipal sewage systems,Nova Scotia,12,94.4
2014,Wastewater discharged from municipal sewage systems,Okanagan-Similkameen drainage region,,100.0
2014,Wastewater discharged from municipal sewage systems,Ontario,35,100.0
2014,Wastewater discharged from municipal sewage systems,Ottawa drainage region,,99.8
2014,Wastewater discharged from municipal sewage systems,Pacific Coastal drainage region,,85.98
2014,Wastewater discharged from municipal sewage systems,Peace-Athabasca drainage region,,100.0
2014,Wastewater discharged from municipal sewage systems,Prince Edward Island,11,100.0
2014,Wastewater discharged from municipal sewage systems,Quebec,24,99.66
2014,Wastewater discharged from municipal sewage systems,Saint John-St. Croix drainage region,,100.0
2014,Wastewater discharged from municipal sewage systems,Saskatchewan,47,99.9
2014,Wastewater discharged from municipal sewage systems,South Saskatchewan drainage region,,100.0
2014,Wastewater discharged from municipal sewage systems,St. Lawrence drainage region,,99.9
2014,Wastewater discharged from municipal sewage systems,Total drainage regions,,99.04
2014,Wastewater discharged from municipal sewage systems,Winnipeg drainage region,,100.0
2014,Wastewater discharged from municipal sewage systems,Yukon,60,100.0
2014,Wastewater discharged from municipal sewage systems,Yukon drainage region,,100.0
2015,Wastewater discharged from municipal sewage systems,Alberta,48,100.0
2015,Wastewater discharged from municipal sewage systems,Assiniboine-Red drainage region,,100.0
2015,Wastewater discharged from municipal sewage systems,British Columbia,59,97.03
2015,Wastewater discharged from municipal sewage systems,,,99.05
2015,Wastewater discharged from municipal sewage systems,Churchill drainage region,,100.0
2015,Wastewater discharged from municipal sewage systems,Columbia drainage region,,100.0
2015,Wastewater discharged from municipal sewage systems,Fraser-Lower Mainland drainage region,,100.0
2015,Wastewater discharged from municipal sewage systems,Great Lakes drainage region,,100.0
2015,Wastewater discharged from municipal sewage systems,Lower Mackenzie drainage region,,100.0
2015,Wastewater discharged from municipal sewage systems,Lower Saskatchewan-Nelson drainage region,,100.0
2015,Wastewater discharged from municipal sewage systems,Manitoba,46,100.0
2015,Wastewater discharged from municipal sewage systems,Maritime Coastal drainage region,,95.75
2015,Wastewater discharged from municipal sewage systems,New Brunswick,13,100.0
2015,Wastewater discharged from municipal sewage systems,Newfoundland-Labrador drainage region,,80.64
2015,Wastewater discharged from municipal sewage systems,Newfoundland and Labrador,10,80.7
2015,Wastewater discharged from municipal sewage systems,North Saskatchewan drainage region,,100.0
2015,Wastewater discharged from municipal sewage systems,North Shore-Gaspé drainage region,,97.22
2015,Wastewater discharged from municipal sewage systems,Northern Ontario drainage region,,99.35
2015,Wastewater discharged from municipal sewage systems,Northern Quebec drainage region,,98.93
2015,Wastewater discharged from municipal sewage systems,Nova Scotia,12,93.97
2015,Wastewater discharged from municipal sewage systems,Okanagan-Similkameen drainage region,,100.0
2015,Wastewater discharged from municipal sewage systems,Ontario,35,100.0
2015,Wastewater discharged from municipal sewage systems,Ottawa drainage region,,99.81
2015,Wastewater discharged from municipal sewage systems,Pacific Coastal drainage region,,85.72
2015,Wastewater discharged from municipal sewage systems,Peace-Athabasca drainage region,,100.0
2015,Wastewater discharged from municipal sewage systems,Prince Edward Island,11,100.0
2015,Wastewater discharged from municipal sewage systems,Quebec,24,99.67
2015,Wastewater discharged from municipal sewage systems,Saint John-St. Croix drainage region,,100.0
2015,Wastewater discharged from municipal sewage systems,Saskatchewan,47,100.0
2015,Wastewater discharged from municipal sewage systems,South Saskatchewan drainage region,,100.0
2015,Wastewater discharged from municipal sewage systems,St. Lawrence drainage region,,99.9
2015,Wastewater discharged from municipal sewage systems,Total drainage regions,,99.05
2015,Wastewater discharged from municipal sewage systems,Winnipeg drainage region,,100.0
2015,Wastewater discharged from municipal sewage systems,Yukon,60,100.0
2015,Wastewater discharged from municipal sewage systems,Yukon drainage region,,100.0
2016,Wastewater discharged from municipal sewage systems,Alberta,48,100.0
2016,Wastewater discharged from municipal sewage systems,Assiniboine-Red drainage region,,99.97
2016,Wastewater discharged from municipal sewage systems,British Columbia,59,97.2
2016,Wastewater discharged from municipal sewage systems,,,99.06
2016,Wastewater discharged from municipal sewage systems,Churchill drainage region,,100.0
2016,Wastewater discharged from municipal sewage systems,Columbia drainage region,,100.0
2016,Wastewater discharged from municipal sewage systems,Fraser-Lower Mainland drainage region,,100.0
2016,Wastewater discharged from municipal sewage systems,Great Lakes drainage region,,99.99
2016,Wastewater discharged from municipal sewage systems,Lower Mackenzie drainage region,,100.0
2016,Wastewater discharged from municipal sewage systems,Lower Saskatchewan-Nelson drainage region,,100.0
2016,Wastewater discharged from municipal sewage systems,Manitoba,46,99.97
2016,Wastewater discharged from municipal sewage systems,Maritime Coastal drainage region,,95.75
2016,Wastewater discharged from municipal sewage systems,New Brunswick,13,100.0
2016,Wastewater discharged from municipal sewage systems,Newfoundland-Labrador drainage region,,82.64
2016,Wastewater discharged from municipal sewage systems,Newfoundland and Labrador,10,82.7
2016,Wastewater discharged from municipal sewage systems,North Saskatchewan drainage region,,100.0
2016,Wastewater discharged from municipal sewage systems,North Shore-Gaspé drainage region,,97.19
2016,Wastewater discharged from municipal sewage systems,Northern Ontario drainage region,,99.4
2016,Wastewater discharged from municipal sewage systems,Northern Quebec drainage region,,98.91
2016,Wastewater discharged from municipal sewage systems,Nova Scotia,12,94.11
2016,Wastewater discharged from municipal sewage systems,Okanagan-Similkameen drainage region,,100.0
2016,Wastewater discharged from municipal sewage systems,Ontario,35,100.0
2016,Wastewater discharged from municipal sewage systems,Ottawa drainage region,,99.83
2016,Wastewater discharged from municipal sewage systems,Pacific Coastal drainage region,,86.66
2016,Wastewater discharged from municipal sewage systems,Peace-Athabasca drainage region,,100.0
2016,Wastewater discharged from municipal sewage systems,Prince Edward Island,11,100.0
2016,Wastewater discharged from municipal sewage systems,Quebec,24,99.67
2016,Wastewater discharged from municipal sewage systems,Saint John-St. Croix drainage region,,100.0
2016,Wastewater discharged from municipal sewage systems,Saskatchewan,47,100.0
2016,Wastewater discharged from municipal sewage systems,South Saskatchewan drainage region,,100.0
2016,Wastewater discharged from municipal sewage systems,St. Lawrence drainage region,,99.9
2016,Wastewater discharged from municipal sewage systems,Total drainage regions,,99.06
2016,Wastewater discharged from municipal sewage systems,Winnipeg drainage region,,100.0
2016,Wastewater discharged from municipal sewage systems,Yukon,60,100.0
2016,Wastewater discharged from municipal sewage systems,Yukon drainage region,,100.0
2017,Wastewater discharged from municipal sewage systems,Alberta,48,100.0
2017,Wastewater discharged from municipal sewage systems,Assiniboine-Red drainage region,,99.97
2017,Wastewater discharged from municipal sewage systems,British Columbia,59,97.14
2017,Wastewater discharged from municipal sewage systems,,,99.04
2017,Wastewater discharged from municipal sewage systems,Churchill drainage region,,100.0
2017,Wastewater discharged from municipal sewage systems,Columbia drainage region,,100.0
2017,Wastewater discharged from municipal sewage systems,Fraser-Lower Mainland drainage region,,100.0
2017,Wastewater discharged from municipal sewage systems,Great Lakes drainage region,,99.99
2017,Wastewater discharged from municipal sewage systems,Lower Mackenzie drainage region,,100.0
2017,Wastewater discharged from municipal sewage systems,Lower Saskatchewan-Nelson drainage region,,100.0
2017,Wastewater discharged from municipal sewage systems,Manitoba,46,99.97
2017,Wastewater discharged from municipal sewage systems,Maritime Coastal drainage region,,95.6
2017,Wastewater discharged from municipal sewage systems,New Brunswick,13,100.0
2017,Wastewater discharged from municipal sewage systems,Newfoundland-Labrador drainage region,,81.39
2017,Wastewater discharged from municipal sewage systems,Newfoundland and Labrador,10,81.44
2017,Wastewater discharged from municipal sewage systems,North Saskatchewan drainage region,,100.0
2017,Wastewater discharged from municipal sewage systems,North Shore-Gaspé drainage region,,97.21
2017,Wastewater discharged from municipal sewage systems,Northern Ontario drainage region,,99.34
2017,Wastewater discharged from municipal sewage systems,Northern Quebec drainage region,,98.99
2017,Wastewater discharged from municipal sewage systems,Nova Scotia,12,93.77
2017,Wastewater discharged from municipal sewage systems,Okanagan-Similkameen drainage region,,100.0
2017,Wastewater discharged from municipal sewage systems,Ontario,35,100.0
2017,Wastewater discharged from municipal sewage systems,Ottawa drainage region,,99.84
2017,Wastewater discharged from municipal sewage systems,Pacific Coastal drainage region,,85.92
2017,Wastewater discharged from municipal sewage systems,Peace-Athabasca drainage region,,100.0
2017,Wastewater discharged from municipal sewage systems,Prince Edward Island,11,100.0
2017,Wastewater discharged from municipal sewage systems,Quebec,24,99.67
2017,Wastewater discharged from municipal sewage systems,Saint John-St. Croix drainage region,,100.0
2017,Wastewater discharged from municipal sewage systems,Saskatchewan,47,99.94
2017,Wastewater discharged from municipal sewage systems,South Saskatchewan drainage region,,99.98
2017,Wastewater discharged from municipal sewage systems,St. Lawrence drainage region,,99.9
2017,Wastewater discharged from municipal sewage systems,Total drainage regions,,99.04
2017,Wastewater discharged from municipal sewage systems,Winnipeg drainage region,,100.0
2017,Wastewater discharged from municipal sewage systems,Yukon,60,100.0
2017,Wastewater discharged from municipal sewage systems,Yukon drainage region,,100.0
2018,Wastewater discharged from municipal sewage systems,Alberta,48,100.0
2018,Wastewater discharged from municipal sewage systems,Assiniboine-Red drainage region,,99.93
2018,Wastewater discharged from municipal sewage systems,British Columbia,59,97.26
2018,Wastewater discharged from municipal sewage systems,,,99.05
2018,Wastewater discharged from municipal sewage systems,Churchill drainage region,,100.0
2018,Wastewater discharged from municipal sewage systems,Columbia drainage region,,100.0
2018,Wastewater discharged from municipal sewage systems,Fraser-Lower Mainland drainage region,,100.0
2018,Wastewater discharged from municipal sewage systems,Great Lakes drainage region,,100.0
2018,Wastewater discharged from municipal sewage systems,Lower Mackenzie drainage region,,100.0
2018,Wastewater discharged from municipal sewage systems,Lower Saskatchewan-Nelson drainage region,,100.0
2018,Wastewater discharged from municipal sewage systems,Manitoba,46,99.92
2018,Wastewater discharged from municipal sewage systems,Maritime Coastal drainage region,,96.22
2018,Wastewater discharged from municipal sewage systems,New Brunswick,13,100.0
2018,Wastewater discharged from municipal sewage systems,Newfoundland-Labrador drainage region,,80.62
2018,Wastewater discharged from municipal sewage systems,Newfoundland and Labrador,10,80.67
2018,Wastewater discharged from municipal sewage systems,North Saskatchewan drainage region,,100.0
2018,Wastewater discharged from municipal sewage systems,North Shore-Gaspé drainage region,,97.2
2018,Wastewater discharged from municipal sewage systems,Northern Ontario drainage region,,99.37
2018,Wastewater discharged from municipal sewage systems,Northern Quebec drainage region,,99.11
2018,Wastewater discharged from municipal sewage systems,Nova Scotia,12,94.8
2018,Wastewater discharged from municipal sewage systems,Okanagan-Similkameen drainage region,,100.0
2018,Wastewater discharged from municipal sewage systems,Ontario,35,100.0
2018,Wastewater discharged from municipal sewage systems,Ottawa drainage region,,99.84
2018,Wastewater discharged from municipal sewage systems,Pacific Coastal drainage region,,85.94
2018,Wastewater discharged from municipal sewage systems,Peace-Athabasca drainage region,,100.0
2018,Wastewater discharged from municipal sewage systems,Prince Edward Island,11,100.0
2018,Wastewater discharged from municipal sewage systems,Quebec,24,99.69
2018,Wastewater discharged from municipal sewage systems,Saint John-St. Croix drainage region,,100.0
2018,Wastewater discharged from municipal sewage systems,Saskatchewan,47,99.94
2018,Wastewater discharged from municipal sewage systems,South Saskatchewan drainage region,,100.0
2018,Wastewater discharged from municipal sewage systems,St. Lawrence drainage region,,99.91
2018,Wastewater discharged from municipal sewage systems,Total drainage regions,,99.05
2018,Wastewater discharged from municipal sewage systems,Winnipeg drainage region,,100.0
2018,Wastewater discharged from municipal sewage systems,Yukon,60,100.0
2018,Wastewater discharged from municipal sewage systems,Yukon drainage region,,100.0
2019,Wastewater discharged from municipal sewage systems,Alberta,48,99.99
2019,Wastewater discharged from municipal sewage systems,Assiniboine-Red drainage region,,99.94
2019,Wastewater discharged from municipal sewage systems,British Columbia,59,97.23
2019,Wastewater discharged from municipal sewage systems,,,99.1
2019,Wastewater discharged from municipal sewage systems,Churchill drainage region,,100.0
2019,Wastewater discharged from municipal sewage systems,Columbia drainage region,,100.0
2019,Wastewater discharged from municipal sewage systems,Fraser-Lower Mainland drainage region,,100.0
2019,Wastewater discharged from municipal sewage systems,Great Lakes drainage region,,100.0
2019,Wastewater discharged from municipal sewage systems,Lower Mackenzie drainage region,,100.0
2019,Wastewater discharged from municipal sewage systems,Lower Saskatchewan-Nelson drainage region,,100.0
2019,Wastewater discharged from municipal sewage systems,Manitoba,46,99.93
2019,Wastewater discharged from municipal sewage systems,Maritime Coastal drainage region,,96.24
2019,Wastewater discharged from municipal sewage systems,New Brunswick,13,100.0
2019,Wastewater discharged from municipal sewage systems,Newfoundland-Labrador drainage region,,80.14
2019,Wastewater discharged from municipal sewage systems,Newfoundland and Labrador,10,80.19
2019,Wastewater discharged from municipal sewage systems,North Saskatchewan drainage region,,100.0
2019,Wastewater discharged from municipal sewage systems,North Shore-Gaspé drainage region,,97.06
2019,Wastewater discharged from municipal sewage systems,Northern Ontario drainage region,,99.21
2019,Wastewater discharged from municipal sewage systems,Northern Quebec drainage region,,99.16
2019,Wastewater discharged from municipal sewage systems,Nova Scotia,12,94.73
2019,Wastewater discharged from municipal sewage systems,Okanagan-Similkameen drainage region,,100.0
2019,Wastewater discharged from municipal sewage systems,Ontario,35,100.0
2019,Wastewater discharged from municipal sewage systems,Ottawa drainage region,,99.83
2019,Wastewater discharged from municipal sewage systems,Pacific Coastal drainage region,,85.35
2019,Wastewater discharged from municipal sewage systems,Peace-Athabasca drainage region,,99.88
2019,Wastewater discharged from municipal sewage systems,Prince Edward Island,11,100.0
2019,Wastewater discharged from municipal sewage systems,Quebec,24,99.68
2019,Wastewater discharged from municipal sewage systems,Saint John-St. Croix drainage region,,100.0
2019,Wastewater discharged from municipal sewage systems,Saskatchewan,47,99.94
2019,Wastewater discharged from municipal sewage systems,South Saskatchewan drainage region,,100.0
2019,Wastewater discharged from municipal sewage systems,St. Lawrence drainage region,,99.91
2019,Wastewater discharged from municipal sewage systems,Total drainage regions,,99.1
2019,Wastewater discharged from municipal sewage systems,Winnipeg drainage region,,100.0
2019,Wastewater discharged from municipal sewage systems,Yukon,60,100.0
2019,Wastewater discharged from municipal sewage systems,Yukon drainage region,,100.0
2020,Wastewater discharged from municipal sewage systems,Alberta,48,100.0
2020,Wastewater discharged from municipal sewage systems,Assiniboine-Red drainage region,,99.93
2020,Wastewater discharged from municipal sewage systems,British Columbia,59,97.79
2020,Wastewater discharged from municipal sewage systems,,,99.12
2020,Wastewater discharged from municipal sewage systems,Churchill drainage region,,100.0
2020,Wastewater discharged from municipal sewage systems,Columbia drainage region,,100.0
2020,Wastewater discharged from municipal sewage systems,Fraser-Lower Mainland drainage region,,100.0
2020,Wastewater discharged from municipal sewage systems,Great Lakes drainage region,,100.0
2020,Wastewater discharged from municipal sewage systems,Lower Mackenzie drainage region,,100.0
2020,Wastewater discharged from municipal sewage systems,Lower Saskatchewan-Nelson drainage region,,100.0
2020,Wastewater discharged from municipal sewage systems,Manitoba,46,99.93
2020,Wastewater discharged from municipal sewage systems,Maritime Coastal drainage region,,95.85
2020,Wastewater discharged from municipal sewage systems,New Brunswick,13,100.0
2020,Wastewater discharged from municipal sewage systems,Newfoundland-Labrador drainage region,,81.15
2020,Wastewater discharged from municipal sewage systems,Newfoundland and Labrador,10,81.2
2020,Wastewater discharged from municipal sewage systems,North Saskatchewan drainage region,,100.0
2020,Wastewater discharged from municipal sewage systems,North Shore-Gaspé drainage region,,97.22
2020,Wastewater discharged from municipal sewage systems,Northern Ontario drainage region,,99.12
2020,Wastewater discharged from municipal sewage systems,Northern Quebec drainage region,,99.16
2020,Wastewater discharged from municipal sewage systems,Nova Scotia,12,94.28
2020,Wastewater discharged from municipal sewage systems,Okanagan-Similkameen drainage region,,100.0
2020,Wastewater discharged from municipal sewage systems,Ontario,35,100.0
2020,Wastewater discharged from municipal sewage systems,Ottawa drainage region,,99.84
2020,Wastewater discharged from municipal sewage systems,Pacific Coastal drainage region,,88.09
2020,Wastewater discharged from municipal sewage systems,Peace-Athabasca drainage region,,100.0
2020,Wastewater discharged from municipal sewage systems,Prince Edward Island,11,100.0
2020,Wastewater discharged from municipal sewage systems,Quebec,24,99.68
2020,Wastewater discharged from municipal sewage systems,Saint John-St. Croix drainage region,,100.0
2020,Wastewater discharged from municipal sewage systems,Saskatchewan,47,99.94
2020,Wastewater discharged from municipal sewage systems,South Saskatchewan drainage region,,100.0
2020,Wastewater discharged from municipal sewage systems,St. Lawrence drainage region,,99.91
2020,Wastewater discharged from municipal sewage systems,Total drainage regions,,99.12
2020,Wastewater discharged from municipal sewage systems,Winnipeg drainage region,,100.0
2020,Wastewater discharged from municipal sewage systems,Yukon,60,100.0
2020,Wastewater discharged from municipal sewage systems,Yukon drainage region,,100.0
