Year,Géographie,Type de logement,"Type d'énergie
",GeoCode,Value
2015,,,,,92.5
2019,,,,,90.5
2015,Canada,Maison individuelle,"Total, tous les types d'énergie	
",,112.2
2015,Canada,Maison individuelle,Électricité,,47.8
2015,Canada,Maison individuelle,Gaz naturel,,93.8
2015,Canada,Maison individuelle,Mazout,,67.6
2015,Canada,Maison double,"Total, tous les types d'énergie	
",,96.7
2015,Canada,Maison double,Électricité,,48.0
2015,Canada,Maison double,Gaz naturel,,85.1
2015,Canada,Maison double,Mazout,,
2015,Canada,Maison en rangée,"Total, tous les types d'énergie	
",,80.8
2015,Canada,Maison en rangée,Électricité,,33.0
2015,Canada,Maison en rangée,Gaz naturel,,67.3
2015,Canada,Maison en rangée,Mazout,,
2015,Canada,Duplex,"Total, tous les types d'énergie	
",,86.5
2015,Canada,Duplex,Électricité,,43.4
2015,Canada,Duplex,Gaz naturel,,73.3
2015,Canada,Duplex,Mazout,,58.0
2015,Canada,"Immeuble d'appartements (moins de 5 étages)
","Total, tous les types d'énergie	
",,47.1
2015,Canada,"Immeuble d'appartements (moins de 5 étages)
",Électricité,,28.9
2015,Canada,"Immeuble d'appartements (moins de 5 étages)
",Gaz naturel,,71.6
2015,Canada,"Immeuble d'appartements (moins de 5 étages)
",Mazout,,55.4
2015,Canada,"Immeuble d'appartements (5 étages ou plus)
","Total, tous les types d'énergie	
",,37.1
2015,Canada,"Immeuble d'appartements (5 étages ou plus)
",Électricité,,23.8
2015,Canada,"Immeuble d'appartements (5 étages ou plus)
",Gaz naturel,,72.8
2015,Canada,"Immeuble d'appartements (5 étages ou plus)
",Mazout,,
2015,Canada,Maison mobile,"Total, tous les types d'énergie	
",,79.8
2015,Canada,Maison mobile,Électricité,,34.2
2015,Canada,Maison mobile,Gaz naturel,,82.8
2015,Canada,Maison mobile,Mazout,,
2015,Terre-Neuve-et-Labrador,Maison individuelle,"Total, tous les types d'énergie	
",10,86.9
2015,Terre-Neuve-et-Labrador,Maison individuelle,Électricité,10,63.9
2015,Terre-Neuve-et-Labrador,Maison individuelle,Gaz naturel,10,
2015,Terre-Neuve-et-Labrador,Maison individuelle,Mazout,10,98.0
2015,Terre-Neuve-et-Labrador,Maison double,"Total, tous les types d'énergie	
",10,
2015,Terre-Neuve-et-Labrador,Maison double,Électricité,10,
2015,Terre-Neuve-et-Labrador,Maison double,Gaz naturel,10,
2015,Terre-Neuve-et-Labrador,Maison double,Mazout,10,
2015,Terre-Neuve-et-Labrador,Maison en rangée,"Total, tous les types d'énergie	
",10,
2015,Terre-Neuve-et-Labrador,Maison en rangée,Électricité,10,
2015,Terre-Neuve-et-Labrador,Maison en rangée,Gaz naturel,10,
2015,Terre-Neuve-et-Labrador,Maison en rangée,Mazout,10,
2015,Terre-Neuve-et-Labrador,Duplex,"Total, tous les types d'énergie	
",10,
2015,Terre-Neuve-et-Labrador,Duplex,Électricité,10,
2015,Terre-Neuve-et-Labrador,Duplex,Gaz naturel,10,
2015,Terre-Neuve-et-Labrador,Duplex,Mazout,10,
2015,Terre-Neuve-et-Labrador,"Immeuble d'appartements (moins de 5 étages)
","Total, tous les types d'énergie	
",10,
2015,Terre-Neuve-et-Labrador,"Immeuble d'appartements (moins de 5 étages)
",Électricité,10,
2015,Terre-Neuve-et-Labrador,"Immeuble d'appartements (moins de 5 étages)
",Gaz naturel,10,
2015,Terre-Neuve-et-Labrador,"Immeuble d'appartements (moins de 5 étages)
",Mazout,10,
2015,Terre-Neuve-et-Labrador,"Immeuble d'appartements (5 étages ou plus)
","Total, tous les types d'énergie	
",10,
2015,Terre-Neuve-et-Labrador,"Immeuble d'appartements (5 étages ou plus)
",Électricité,10,
2015,Terre-Neuve-et-Labrador,"Immeuble d'appartements (5 étages ou plus)
",Gaz naturel,10,
2015,Terre-Neuve-et-Labrador,"Immeuble d'appartements (5 étages ou plus)
",Mazout,10,
2015,Terre-Neuve-et-Labrador,Maison mobile,"Total, tous les types d'énergie	
",10,
2015,Terre-Neuve-et-Labrador,Maison mobile,Électricité,10,
2015,Terre-Neuve-et-Labrador,Maison mobile,Gaz naturel,10,
2015,Terre-Neuve-et-Labrador,Maison mobile,Mazout,10,
2015,Île-du-Prince-Édouard,Maison individuelle,"Total, tous les types d'énergie	
",11,113.0
2015,Île-du-Prince-Édouard,Maison individuelle,Électricité,11,43.2
2015,Île-du-Prince-Édouard,Maison individuelle,Gaz naturel,11,
2015,Île-du-Prince-Édouard,Maison individuelle,Mazout,11,82.4
2015,Île-du-Prince-Édouard,Maison double,"Total, tous les types d'énergie	
",11,
2015,Île-du-Prince-Édouard,Maison double,Électricité,11,
2015,Île-du-Prince-Édouard,Maison double,Gaz naturel,11,
2015,Île-du-Prince-Édouard,Maison double,Mazout,11,
2015,Île-du-Prince-Édouard,Maison en rangée,"Total, tous les types d'énergie	
",11,
2015,Île-du-Prince-Édouard,Maison en rangée,Électricité,11,
2015,Île-du-Prince-Édouard,Maison en rangée,Gaz naturel,11,
2015,Île-du-Prince-Édouard,Maison en rangée,Mazout,11,
2015,Île-du-Prince-Édouard,Duplex,"Total, tous les types d'énergie	
",11,
2015,Île-du-Prince-Édouard,Duplex,Électricité,11,
2015,Île-du-Prince-Édouard,Duplex,Gaz naturel,11,
2015,Île-du-Prince-Édouard,Duplex,Mazout,11,
2015,Île-du-Prince-Édouard,"Immeuble d'appartements (moins de 5 étages)
","Total, tous les types d'énergie	
",11,79.4
2015,Île-du-Prince-Édouard,"Immeuble d'appartements (moins de 5 étages)
",Électricité,11,24.0
2015,Île-du-Prince-Édouard,"Immeuble d'appartements (moins de 5 étages)
",Gaz naturel,11,
2015,Île-du-Prince-Édouard,"Immeuble d'appartements (moins de 5 étages)
",Mazout,11,
2015,Île-du-Prince-Édouard,"Immeuble d'appartements (5 étages ou plus)
","Total, tous les types d'énergie	
",11,
2015,Île-du-Prince-Édouard,"Immeuble d'appartements (5 étages ou plus)
",Électricité,11,
2015,Île-du-Prince-Édouard,"Immeuble d'appartements (5 étages ou plus)
",Gaz naturel,11,
2015,Île-du-Prince-Édouard,"Immeuble d'appartements (5 étages ou plus)
",Mazout,11,
2015,Île-du-Prince-Édouard,Maison mobile,"Total, tous les types d'énergie	
",11,
2015,Île-du-Prince-Édouard,Maison mobile,Électricité,11,
2015,Île-du-Prince-Édouard,Maison mobile,Gaz naturel,11,
2015,Île-du-Prince-Édouard,Maison mobile,Mazout,11,
2015,Nouvelle-Écosse,Maison individuelle,"Total, tous les types d'énergie	
",12,98.0
2015,Nouvelle-Écosse,Maison individuelle,Électricité,12,41.2
2015,Nouvelle-Écosse,Maison individuelle,Gaz naturel,12,
2015,Nouvelle-Écosse,Maison individuelle,Mazout,12,97.1
2015,Nouvelle-Écosse,Maison double,"Total, tous les types d'énergie	
",12,
2015,Nouvelle-Écosse,Maison double,Électricité,12,
2015,Nouvelle-Écosse,Maison double,Gaz naturel,12,
2015,Nouvelle-Écosse,Maison double,Mazout,12,
2015,Nouvelle-Écosse,Maison en rangée,"Total, tous les types d'énergie	
",12,
2015,Nouvelle-Écosse,Maison en rangée,Électricité,12,
2015,Nouvelle-Écosse,Maison en rangée,Gaz naturel,12,
2015,Nouvelle-Écosse,Maison en rangée,Mazout,12,
2015,Nouvelle-Écosse,Duplex,"Total, tous les types d'énergie	
",12,
2015,Nouvelle-Écosse,Duplex,Électricité,12,
2015,Nouvelle-Écosse,Duplex,Gaz naturel,12,
2015,Nouvelle-Écosse,Duplex,Mazout,12,
2015,Nouvelle-Écosse,"Immeuble d'appartements (moins de 5 étages)
","Total, tous les types d'énergie	
",12,57.3
2015,Nouvelle-Écosse,"Immeuble d'appartements (moins de 5 étages)
",Électricité,12,17.8
2015,Nouvelle-Écosse,"Immeuble d'appartements (moins de 5 étages)
",Gaz naturel,12,
2015,Nouvelle-Écosse,"Immeuble d'appartements (moins de 5 étages)
",Mazout,12,
2015,Nouvelle-Écosse,"Immeuble d'appartements (5 étages ou plus)
","Total, tous les types d'énergie	
",12,
2015,Nouvelle-Écosse,"Immeuble d'appartements (5 étages ou plus)
",Électricité,12,
2015,Nouvelle-Écosse,"Immeuble d'appartements (5 étages ou plus)
",Gaz naturel,12,
2015,Nouvelle-Écosse,"Immeuble d'appartements (5 étages ou plus)
",Mazout,12,
2015,Nouvelle-Écosse,Maison mobile,"Total, tous les types d'énergie	
",12,
2015,Nouvelle-Écosse,Maison mobile,Électricité,12,
2015,Nouvelle-Écosse,Maison mobile,Gaz naturel,12,
2015,Nouvelle-Écosse,Maison mobile,Mazout,12,
2015,Nouveau-Brunswick,Maison individuelle,"Total, tous les types d'énergie	
",13,80.8
2015,Nouveau-Brunswick,Maison individuelle,Électricité,13,68.9
2015,Nouveau-Brunswick,Maison individuelle,Gaz naturel,13,
2015,Nouveau-Brunswick,Maison individuelle,Mazout,13,79.0
2015,Nouveau-Brunswick,Maison double,"Total, tous les types d'énergie	
",13,
2015,Nouveau-Brunswick,Maison double,Électricité,13,
2015,Nouveau-Brunswick,Maison double,Gaz naturel,13,
2015,Nouveau-Brunswick,Maison double,Mazout,13,
2015,Nouveau-Brunswick,Maison en rangée,"Total, tous les types d'énergie	
",13,
2015,Nouveau-Brunswick,Maison en rangée,Électricité,13,
2015,Nouveau-Brunswick,Maison en rangée,Gaz naturel,13,
2015,Nouveau-Brunswick,Maison en rangée,Mazout,13,
2015,Nouveau-Brunswick,Duplex,"Total, tous les types d'énergie	
",13,
2015,Nouveau-Brunswick,Duplex,Électricité,13,
2015,Nouveau-Brunswick,Duplex,Gaz naturel,13,
2015,Nouveau-Brunswick,Duplex,Mazout,13,
2015,Nouveau-Brunswick,"Immeuble d'appartements (moins de 5 étages)
","Total, tous les types d'énergie	
",13,
2015,Nouveau-Brunswick,"Immeuble d'appartements (moins de 5 étages)
",Électricité,13,
2015,Nouveau-Brunswick,"Immeuble d'appartements (moins de 5 étages)
",Gaz naturel,13,
2015,Nouveau-Brunswick,"Immeuble d'appartements (moins de 5 étages)
",Mazout,13,
2015,Nouveau-Brunswick,"Immeuble d'appartements (5 étages ou plus)
","Total, tous les types d'énergie	
",13,
2015,Nouveau-Brunswick,"Immeuble d'appartements (5 étages ou plus)
",Électricité,13,
2015,Nouveau-Brunswick,"Immeuble d'appartements (5 étages ou plus)
",Gaz naturel,13,
2015,Nouveau-Brunswick,"Immeuble d'appartements (5 étages ou plus)
",Mazout,13,
2015,Nouveau-Brunswick,Maison mobile,"Total, tous les types d'énergie	
",13,
2015,Nouveau-Brunswick,Maison mobile,Électricité,13,
2015,Nouveau-Brunswick,Maison mobile,Gaz naturel,13,
2015,Nouveau-Brunswick,Maison mobile,Mazout,13,
2015,Québec,Maison individuelle,"Total, tous les types d'énergie	
",24,92.7
2015,Québec,Maison individuelle,Électricité,24,85.1
2015,Québec,Maison individuelle,Gaz naturel,24,71.6
2015,Québec,Maison individuelle,Mazout,24,23.4
2015,Québec,Maison double,"Total, tous les types d'énergie	
",24,79.0
2015,Québec,Maison double,Électricité,24,72.7
2015,Québec,Maison double,Gaz naturel,24,
2015,Québec,Maison double,Mazout,24,
2015,Québec,Maison en rangée,"Total, tous les types d'énergie	
",24,76.0
2015,Québec,Maison en rangée,Électricité,24,70.4
2015,Québec,Maison en rangée,Gaz naturel,24,
2015,Québec,Maison en rangée,Mazout,24,
2015,Québec,Duplex,"Total, tous les types d'énergie	
",24,76.2
2015,Québec,Duplex,Électricité,24,67.7
2015,Québec,Duplex,Gaz naturel,24,
2015,Québec,Duplex,Mazout,24,
2015,Québec,"Immeuble d'appartements (moins de 5 étages)
","Total, tous les types d'énergie	
",24,42.9
2015,Québec,"Immeuble d'appartements (moins de 5 étages)
",Électricité,24,39.3
2015,Québec,"Immeuble d'appartements (moins de 5 étages)
",Gaz naturel,24,
2015,Québec,"Immeuble d'appartements (moins de 5 étages)
",Mazout,24,
2015,Québec,"Immeuble d'appartements (5 étages ou plus)
","Total, tous les types d'énergie	
",24,40.1
2015,Québec,"Immeuble d'appartements (5 étages ou plus)
",Électricité,24,36.9
2015,Québec,"Immeuble d'appartements (5 étages ou plus)
",Gaz naturel,24,
2015,Québec,"Immeuble d'appartements (5 étages ou plus)
",Mazout,24,
2015,Québec,Maison mobile,"Total, tous les types d'énergie	
",24,64.1
2015,Québec,Maison mobile,Électricité,24,61.2
2015,Québec,Maison mobile,Gaz naturel,24,
2015,Québec,Maison mobile,Mazout,24,
2015,Ontario,Maison individuelle,"Total, tous les types d'énergie	
",35,122.6
2015,Ontario,Maison individuelle,Électricité,35,34.7
2015,Ontario,Maison individuelle,Gaz naturel,35,96.5
2015,Ontario,Maison individuelle,Mazout,35,75.0
2015,Ontario,Maison double,"Total, tous les types d'énergie	
",35,102.2
2015,Ontario,Maison double,Électricité,35,31.9
2015,Ontario,Maison double,Gaz naturel,35,79.9
2015,Ontario,Maison double,Mazout,35,
2015,Ontario,Maison en rangée,"Total, tous les types d'énergie	
",35,84.2
2015,Ontario,Maison en rangée,Électricité,35,25.3
2015,Ontario,Maison en rangée,Gaz naturel,35,68.1
2015,Ontario,Maison en rangée,Mazout,35,
2015,Ontario,Duplex,"Total, tous les types d'énergie	
",35,89.9
2015,Ontario,Duplex,Électricité,35,26.3
2015,Ontario,Duplex,Gaz naturel,35,68.5
2015,Ontario,Duplex,Mazout,35,
2015,Ontario,"Immeuble d'appartements (moins de 5 étages)
","Total, tous les types d'énergie	
",35,53.7
2015,Ontario,"Immeuble d'appartements (moins de 5 étages)
",Électricité,35,27.1
2015,Ontario,"Immeuble d'appartements (moins de 5 étages)
",Gaz naturel,35,73.5
2015,Ontario,"Immeuble d'appartements (moins de 5 étages)
",Mazout,35,
2015,Ontario,"Immeuble d'appartements (5 étages ou plus)
","Total, tous les types d'énergie	
",35,31.6
2015,Ontario,"Immeuble d'appartements (5 étages ou plus)
",Électricité,35,19.2
2015,Ontario,"Immeuble d'appartements (5 étages ou plus)
",Gaz naturel,35,76.5
2015,Ontario,"Immeuble d'appartements (5 étages ou plus)
",Mazout,35,
2015,Ontario,Maison mobile,"Total, tous les types d'énergie	
",35,
2015,Ontario,Maison mobile,Électricité,35,
2015,Ontario,Maison mobile,Gaz naturel,35,
2015,Ontario,Maison mobile,Mazout,35,
2015,Manitoba,Maison individuelle,"Total, tous les types d'énergie	
",46,113.7
2015,Manitoba,Maison individuelle,Électricité,46,51.9
2015,Manitoba,Maison individuelle,Gaz naturel,46,78.7
2015,Manitoba,Maison individuelle,Mazout,46,
2015,Manitoba,Maison double,"Total, tous les types d'énergie	
",46,
2015,Manitoba,Maison double,Électricité,46,
2015,Manitoba,Maison double,Gaz naturel,46,
2015,Manitoba,Maison double,Mazout,46,
2015,Manitoba,Maison en rangée,"Total, tous les types d'énergie	
",46,
2015,Manitoba,Maison en rangée,Électricité,46,
2015,Manitoba,Maison en rangée,Gaz naturel,46,
2015,Manitoba,Maison en rangée,Mazout,46,
2015,Manitoba,Duplex,"Total, tous les types d'énergie	
",46,
2015,Manitoba,Duplex,Électricité,46,
2015,Manitoba,Duplex,Gaz naturel,46,
2015,Manitoba,Duplex,Mazout,46,
2015,Manitoba,"Immeuble d'appartements (moins de 5 étages)
","Total, tous les types d'énergie	
",46,54.5
2015,Manitoba,"Immeuble d'appartements (moins de 5 étages)
",Électricité,46,39.3
2015,Manitoba,"Immeuble d'appartements (moins de 5 étages)
",Gaz naturel,46,
2015,Manitoba,"Immeuble d'appartements (moins de 5 étages)
",Mazout,46,
2015,Manitoba,"Immeuble d'appartements (5 étages ou plus)
","Total, tous les types d'énergie	
",46,45.0
2015,Manitoba,"Immeuble d'appartements (5 étages ou plus)
",Électricité,46,34.6
2015,Manitoba,"Immeuble d'appartements (5 étages ou plus)
",Gaz naturel,46,
2015,Manitoba,"Immeuble d'appartements (5 étages ou plus)
",Mazout,46,
2015,Manitoba,Maison mobile,"Total, tous les types d'énergie	
",46,
2015,Manitoba,Maison mobile,Électricité,46,
2015,Manitoba,Maison mobile,Gaz naturel,46,
2015,Manitoba,Maison mobile,Mazout,46,
2015,Saskatchewan,Maison individuelle,"Total, tous les types d'énergie	
",47,122.2
2015,Saskatchewan,Maison individuelle,Électricité,47,33.5
2015,Saskatchewan,Maison individuelle,Gaz naturel,47,91.2
2015,Saskatchewan,Maison individuelle,Mazout,47,
2015,Saskatchewan,Maison double,"Total, tous les types d'énergie	
",47,
2015,Saskatchewan,Maison double,Électricité,47,
2015,Saskatchewan,Maison double,Gaz naturel,47,
2015,Saskatchewan,Maison double,Mazout,47,
2015,Saskatchewan,Maison en rangée,"Total, tous les types d'énergie	
",47,
2015,Saskatchewan,Maison en rangée,Électricité,47,
2015,Saskatchewan,Maison en rangée,Gaz naturel,47,
2015,Saskatchewan,Maison en rangée,Mazout,47,
2015,Saskatchewan,Duplex,"Total, tous les types d'énergie	
",47,
2015,Saskatchewan,Duplex,Électricité,47,
2015,Saskatchewan,Duplex,Gaz naturel,47,
2015,Saskatchewan,Duplex,Mazout,47,
2015,Saskatchewan,"Immeuble d'appartements (moins de 5 étages)
","Total, tous les types d'énergie	
",47,50.6
2015,Saskatchewan,"Immeuble d'appartements (moins de 5 étages)
",Électricité,47,14.5
2015,Saskatchewan,"Immeuble d'appartements (moins de 5 étages)
",Gaz naturel,47,
2015,Saskatchewan,"Immeuble d'appartements (moins de 5 étages)
",Mazout,47,
2015,Saskatchewan,"Immeuble d'appartements (5 étages ou plus)
","Total, tous les types d'énergie	
",47,
2015,Saskatchewan,"Immeuble d'appartements (5 étages ou plus)
",Électricité,47,
2015,Saskatchewan,"Immeuble d'appartements (5 étages ou plus)
",Gaz naturel,47,
2015,Saskatchewan,"Immeuble d'appartements (5 étages ou plus)
",Mazout,47,
2015,Saskatchewan,Maison mobile,"Total, tous les types d'énergie	
",47,
2015,Saskatchewan,Maison mobile,Électricité,47,
2015,Saskatchewan,Maison mobile,Gaz naturel,47,
2015,Saskatchewan,Maison mobile,Mazout,47,
2015,Alberta,Maison individuelle,"Total, tous les types d'énergie	
",48,133.9
2015,Alberta,Maison individuelle,Électricité,48,28.5
2015,Alberta,Maison individuelle,Gaz naturel,48,106.3
2015,Alberta,Maison individuelle,Mazout,48,
2015,Alberta,Maison double,"Total, tous les types d'énergie	
",48,
2015,Alberta,Maison double,Électricité,48,
2015,Alberta,Maison double,Gaz naturel,48,
2015,Alberta,Maison double,Mazout,48,
2015,Alberta,Maison en rangée,"Total, tous les types d'énergie	
",48,94.9
2015,Alberta,Maison en rangée,Électricité,48,21.2
2015,Alberta,Maison en rangée,Gaz naturel,48,73.7
2015,Alberta,Maison en rangée,Mazout,48,
2015,Alberta,Duplex,"Total, tous les types d'énergie	
",48,100.1
2015,Alberta,Duplex,Électricité,48,16.8
2015,Alberta,Duplex,Gaz naturel,48,88.6
2015,Alberta,Duplex,Mazout,48,
2015,Alberta,"Immeuble d'appartements (moins de 5 étages)
","Total, tous les types d'énergie	
",48,49.4
2015,Alberta,"Immeuble d'appartements (moins de 5 étages)
",Électricité,48,9.7
2015,Alberta,"Immeuble d'appartements (moins de 5 étages)
",Gaz naturel,48,63.0
2015,Alberta,"Immeuble d'appartements (moins de 5 étages)
",Mazout,48,
2015,Alberta,"Immeuble d'appartements (5 étages ou plus)
","Total, tous les types d'énergie	
",48,
2015,Alberta,"Immeuble d'appartements (5 étages ou plus)
",Électricité,48,
2015,Alberta,"Immeuble d'appartements (5 étages ou plus)
",Gaz naturel,48,
2015,Alberta,"Immeuble d'appartements (5 étages ou plus)
",Mazout,48,
2015,Alberta,Maison mobile,"Total, tous les types d'énergie	
",48,103.5
2015,Alberta,Maison mobile,Électricité,48,26.0
2015,Alberta,Maison mobile,Gaz naturel,48,82.1
2015,Alberta,Maison mobile,Mazout,48,
2015,Colombie-Britannique,Maison individuelle,"Total, tous les types d'énergie	
",59,102.6
2015,Colombie-Britannique,Maison individuelle,Électricité,59,40.6
2015,Colombie-Britannique,Maison individuelle,Gaz naturel,59,75.6
2015,Colombie-Britannique,Maison individuelle,Mazout,59,89.2
2015,Colombie-Britannique,Maison double,"Total, tous les types d'énergie	
",59,100.2
2015,Colombie-Britannique,Maison double,Électricité,59,30.8
2015,Colombie-Britannique,Maison double,Gaz naturel,59,
2015,Colombie-Britannique,Maison double,Mazout,59,
2015,Colombie-Britannique,Maison en rangée,"Total, tous les types d'énergie	
",59,72.0
2015,Colombie-Britannique,Maison en rangée,Électricité,59,29.8
2015,Colombie-Britannique,Maison en rangée,Gaz naturel,59,65.6
2015,Colombie-Britannique,Maison en rangée,Mazout,59,
2015,Colombie-Britannique,Duplex,"Total, tous les types d'énergie	
",59,84.8
2015,Colombie-Britannique,Duplex,Électricité,59,34.4
2015,Colombie-Britannique,Duplex,Gaz naturel,59,58.0
2015,Colombie-Britannique,Duplex,Mazout,59,
2015,Colombie-Britannique,"Immeuble d'appartements (moins de 5 étages)
","Total, tous les types d'énergie	
",59,47.9
2015,Colombie-Britannique,"Immeuble d'appartements (moins de 5 étages)
",Électricité,59,16.4
2015,Colombie-Britannique,"Immeuble d'appartements (moins de 5 étages)
",Gaz naturel,59,80.7
2015,Colombie-Britannique,"Immeuble d'appartements (moins de 5 étages)
",Mazout,59,
2015,Colombie-Britannique,"Immeuble d'appartements (5 étages ou plus)
","Total, tous les types d'énergie	
",59,46.8
2015,Colombie-Britannique,"Immeuble d'appartements (5 étages ou plus)
",Électricité,59,19.6
2015,Colombie-Britannique,"Immeuble d'appartements (5 étages ou plus)
",Gaz naturel,59,79.8
2015,Colombie-Britannique,"Immeuble d'appartements (5 étages ou plus)
",Mazout,59,
2015,Colombie-Britannique,Maison mobile,"Total, tous les types d'énergie	
",59,89.0
2015,Colombie-Britannique,Maison mobile,Électricité,59,20.4
2015,Colombie-Britannique,Maison mobile,Gaz naturel,59,84.4
2015,Colombie-Britannique,Maison mobile,Mazout,59,
2019,Canada,Maison individuelle,"Total, tous les types d'énergie	
",,110.0
2019,Canada,Maison individuelle,Électricité,,45.2
2019,Canada,Maison individuelle,Gaz naturel,,99.1
2019,Canada,Maison individuelle,Mazout,,47.9
2019,Canada,Maison double,"Total, tous les types d'énergie	
",,93.2
2019,Canada,Maison double,Électricité,,43.6
2019,Canada,Maison double,Gaz naturel,,79.3
2019,Canada,Maison double,Mazout,,
2019,Canada,Maison en rangée,"Total, tous les types d'énergie	
",,79.2
2019,Canada,Maison en rangée,Électricité,,33.0
2019,Canada,Maison en rangée,Gaz naturel,,64.1
2019,Canada,Maison en rangée,Mazout,,
2019,Canada,Duplex,"Total, tous les types d'énergie	
",,86.3
2019,Canada,Duplex,Électricité,,44.4
2019,Canada,Duplex,Gaz naturel,,86.7
2019,Canada,Duplex,Mazout,,
2019,Canada,"Immeuble d'appartements (moins de 5 étages)
","Total, tous les types d'énergie	
",,46.7
2019,Canada,"Immeuble d'appartements (moins de 5 étages)
",Électricité,,26.8
2019,Canada,"Immeuble d'appartements (moins de 5 étages)
",Gaz naturel,,74.5
2019,Canada,"Immeuble d'appartements (moins de 5 étages)
",Mazout,,48.9
2019,Canada,"Immeuble d'appartements (5 étages ou plus)
","Total, tous les types d'énergie	
",,41.8
2019,Canada,"Immeuble d'appartements (5 étages ou plus)
",Électricité,,26.0
2019,Canada,"Immeuble d'appartements (5 étages ou plus)
",Gaz naturel,,66.7
2019,Canada,"Immeuble d'appartements (5 étages ou plus)
",Mazout,,
2019,Canada,Maison mobile,"Total, tous les types d'énergie	
",,89.1
2019,Canada,Maison mobile,Électricité,,41.4
2019,Canada,Maison mobile,Gaz naturel,,100.1
2019,Canada,Maison mobile,Mazout,,
2019,Terre-Neuve-et-Labrador,Maison individuelle,"Total, tous les types d'énergie	
",10,75.8
2019,Terre-Neuve-et-Labrador,Maison individuelle,Électricité,10,63.7
2019,Terre-Neuve-et-Labrador,Maison individuelle,Gaz naturel,10,
2019,Terre-Neuve-et-Labrador,Maison individuelle,Mazout,10,48.8
2019,Terre-Neuve-et-Labrador,Maison double,"Total, tous les types d'énergie	
",10,
2019,Terre-Neuve-et-Labrador,Maison double,Électricité,10,
2019,Terre-Neuve-et-Labrador,Maison double,Gaz naturel,10,
2019,Terre-Neuve-et-Labrador,Maison double,Mazout,10,
2019,Terre-Neuve-et-Labrador,Maison en rangée,"Total, tous les types d'énergie	
",10,
2019,Terre-Neuve-et-Labrador,Maison en rangée,Électricité,10,
2019,Terre-Neuve-et-Labrador,Maison en rangée,Gaz naturel,10,
2019,Terre-Neuve-et-Labrador,Maison en rangée,Mazout,10,
2019,Terre-Neuve-et-Labrador,Duplex,"Total, tous les types d'énergie	
",10,
2019,Terre-Neuve-et-Labrador,Duplex,Électricité,10,
2019,Terre-Neuve-et-Labrador,Duplex,Gaz naturel,10,
2019,Terre-Neuve-et-Labrador,Duplex,Mazout,10,
2019,Terre-Neuve-et-Labrador,"Immeuble d'appartements (moins de 5 étages)
","Total, tous les types d'énergie	
",10,
2019,Terre-Neuve-et-Labrador,"Immeuble d'appartements (moins de 5 étages)
",Électricité,10,
2019,Terre-Neuve-et-Labrador,"Immeuble d'appartements (moins de 5 étages)
",Gaz naturel,10,
2019,Terre-Neuve-et-Labrador,"Immeuble d'appartements (moins de 5 étages)
",Mazout,10,
2019,Île-du-Prince-Édouard,Maison individuelle,"Total, tous les types d'énergie	
",11,81.3
2019,Île-du-Prince-Édouard,Maison individuelle,Électricité,11,38.2
2019,Île-du-Prince-Édouard,Maison individuelle,Gaz naturel,11,
2019,Île-du-Prince-Édouard,Maison individuelle,Mazout,11,64.8
2019,Île-du-Prince-Édouard,Maison double,"Total, tous les types d'énergie	
",11,
2019,Île-du-Prince-Édouard,Maison double,Électricité,11,
2019,Île-du-Prince-Édouard,Maison double,Gaz naturel,11,
2019,Île-du-Prince-Édouard,Maison double,Mazout,11,
2019,Île-du-Prince-Édouard,Maison en rangée,"Total, tous les types d'énergie	
",11,
2019,Île-du-Prince-Édouard,Maison en rangée,Électricité,11,
2019,Île-du-Prince-Édouard,Maison en rangée,Gaz naturel,11,
2019,Île-du-Prince-Édouard,Maison en rangée,Mazout,11,
2019,Île-du-Prince-Édouard,Duplex,"Total, tous les types d'énergie	
",11,
2019,Île-du-Prince-Édouard,Duplex,Électricité,11,
2019,Île-du-Prince-Édouard,Duplex,Gaz naturel,11,
2019,Île-du-Prince-Édouard,Duplex,Mazout,11,
2019,Île-du-Prince-Édouard,"Immeuble d'appartements (moins de 5 étages)
","Total, tous les types d'énergie	
",11,
2019,Île-du-Prince-Édouard,"Immeuble d'appartements (moins de 5 étages)
",Électricité,11,
2019,Île-du-Prince-Édouard,"Immeuble d'appartements (moins de 5 étages)
",Gaz naturel,11,
2019,Île-du-Prince-Édouard,"Immeuble d'appartements (moins de 5 étages)
",Mazout,11,
2019,Île-du-Prince-Édouard,Maison mobile,"Total, tous les types d'énergie	
",11,
2019,Île-du-Prince-Édouard,Maison mobile,Électricité,11,
2019,Île-du-Prince-Édouard,Maison mobile,Gaz naturel,11,
2019,Île-du-Prince-Édouard,Maison mobile,Mazout,11,
2019,Nouvelle-Écosse,Maison individuelle,"Total, tous les types d'énergie	
",12,70.4
2019,Nouvelle-Écosse,Maison individuelle,Électricité,12,42.4
2019,Nouvelle-Écosse,Maison individuelle,Gaz naturel,12,
2019,Nouvelle-Écosse,Maison individuelle,Mazout,12,48.5
2019,Nouvelle-Écosse,Maison double,"Total, tous les types d'énergie	
",12,
2019,Nouvelle-Écosse,Maison double,Électricité,12,
2019,Nouvelle-Écosse,Maison double,Gaz naturel,12,
2019,Nouvelle-Écosse,Maison double,Mazout,12,
2019,Nouvelle-Écosse,Maison en rangée,"Total, tous les types d'énergie	
",12,
2019,Nouvelle-Écosse,Maison en rangée,Électricité,12,
2019,Nouvelle-Écosse,Maison en rangée,Gaz naturel,12,
2019,Nouvelle-Écosse,Maison en rangée,Mazout,12,
2019,Nouvelle-Écosse,Duplex,"Total, tous les types d'énergie	
",12,
2019,Nouvelle-Écosse,Duplex,Électricité,12,
2019,Nouvelle-Écosse,Duplex,Gaz naturel,12,
2019,Nouvelle-Écosse,Duplex,Mazout,12,
2019,Nouvelle-Écosse,"Immeuble d'appartements (moins de 5 étages)
","Total, tous les types d'énergie	
",12,52.6
2019,Nouvelle-Écosse,"Immeuble d'appartements (moins de 5 étages)
",Électricité,12,21.7
2019,Nouvelle-Écosse,"Immeuble d'appartements (moins de 5 étages)
",Gaz naturel,12,
2019,Nouvelle-Écosse,"Immeuble d'appartements (moins de 5 étages)
",Mazout,12,
2019,Nouvelle-Écosse,"Immeuble d'appartements (5 étages ou plus)
","Total, tous les types d'énergie	
",12,
2019,Nouvelle-Écosse,"Immeuble d'appartements (5 étages ou plus)
",Électricité,12,
2019,Nouvelle-Écosse,"Immeuble d'appartements (5 étages ou plus)
",Gaz naturel,12,
2019,Nouvelle-Écosse,"Immeuble d'appartements (5 étages ou plus)
",Mazout,12,
2019,Nouvelle-Écosse,Maison mobile,"Total, tous les types d'énergie	
",12,
2019,Nouvelle-Écosse,Maison mobile,Électricité,12,
2019,Nouvelle-Écosse,Maison mobile,Gaz naturel,12,
2019,Nouvelle-Écosse,Maison mobile,Mazout,12,
2019,Nouveau-Brunswick,Maison individuelle,"Total, tous les types d'énergie	
",13,67.1
2019,Nouveau-Brunswick,Maison individuelle,Électricité,13,58.8
2019,Nouveau-Brunswick,Maison individuelle,Gaz naturel,13,
2019,Nouveau-Brunswick,Maison individuelle,Mazout,13,47.4
2019,Nouveau-Brunswick,Maison double,"Total, tous les types d'énergie	
",13,
2019,Nouveau-Brunswick,Maison double,Électricité,13,
2019,Nouveau-Brunswick,Maison double,Gaz naturel,13,
2019,Nouveau-Brunswick,Maison double,Mazout,13,
2019,Nouveau-Brunswick,Maison en rangée,"Total, tous les types d'énergie	
",13,
2019,Nouveau-Brunswick,Maison en rangée,Électricité,13,
2019,Nouveau-Brunswick,Maison en rangée,Gaz naturel,13,
2019,Nouveau-Brunswick,Maison en rangée,Mazout,13,
2019,Nouveau-Brunswick,Duplex,"Total, tous les types d'énergie	
",13,
2019,Nouveau-Brunswick,Duplex,Électricité,13,
2019,Nouveau-Brunswick,Duplex,Gaz naturel,13,
2019,Nouveau-Brunswick,Duplex,Mazout,13,
2019,Nouveau-Brunswick,"Immeuble d'appartements (moins de 5 étages)
","Total, tous les types d'énergie	
",13,40.6
2019,Nouveau-Brunswick,"Immeuble d'appartements (moins de 5 étages)
",Électricité,13,40.6
2019,Nouveau-Brunswick,"Immeuble d'appartements (moins de 5 étages)
",Gaz naturel,13,
2019,Nouveau-Brunswick,"Immeuble d'appartements (moins de 5 étages)
",Mazout,13,
2019,Nouveau-Brunswick,"Immeuble d'appartements (5 étages ou plus)
","Total, tous les types d'énergie	
",13,
2019,Nouveau-Brunswick,"Immeuble d'appartements (5 étages ou plus)
",Électricité,13,
2019,Nouveau-Brunswick,"Immeuble d'appartements (5 étages ou plus)
",Gaz naturel,13,
2019,Nouveau-Brunswick,"Immeuble d'appartements (5 étages ou plus)
",Mazout,13,
2019,Nouveau-Brunswick,Maison mobile,"Total, tous les types d'énergie	
",13,
2019,Nouveau-Brunswick,Maison mobile,Électricité,13,
2019,Nouveau-Brunswick,Maison mobile,Gaz naturel,13,
2019,Nouveau-Brunswick,Maison mobile,Mazout,13,
2019,Québec,Maison individuelle,"Total, tous les types d'énergie	
",24,87.6
2019,Québec,Maison individuelle,Électricité,24,81.3
2019,Québec,Maison individuelle,Gaz naturel,24,66.1
2019,Québec,Maison individuelle,Mazout,24,40.5
2019,Québec,Maison double,"Total, tous les types d'énergie	
",24,75.8
2019,Québec,Maison double,Électricité,24,66.7
2019,Québec,Maison double,Gaz naturel,24,
2019,Québec,Maison double,Mazout,24,
2019,Québec,Maison en rangée,"Total, tous les types d'énergie	
",24,65.7
2019,Québec,Maison en rangée,Électricité,24,61.8
2019,Québec,Maison en rangée,Gaz naturel,24,
2019,Québec,Maison en rangée,Mazout,24,
2019,Québec,Duplex,"Total, tous les types d'énergie	
",24,68.8
2019,Québec,Duplex,Électricité,24,59.5
2019,Québec,Duplex,Gaz naturel,24,
2019,Québec,Duplex,Mazout,24,
2019,Québec,"Immeuble d'appartements (moins de 5 étages)
","Total, tous les types d'énergie	
",24,44.6
2019,Québec,"Immeuble d'appartements (moins de 5 étages)
",Électricité,24,36.6
2019,Québec,"Immeuble d'appartements (moins de 5 étages)
",Gaz naturel,24,63.9
2019,Québec,"Immeuble d'appartements (moins de 5 étages)
",Mazout,24,
2019,Québec,"Immeuble d'appartements (5 étages ou plus)
","Total, tous les types d'énergie	
",24,41.1
2019,Québec,"Immeuble d'appartements (5 étages ou plus)
",Électricité,24,40.1
2019,Québec,"Immeuble d'appartements (5 étages ou plus)
",Gaz naturel,24,
2019,Québec,"Immeuble d'appartements (5 étages ou plus)
",Mazout,24,
2019,Québec,Maison mobile,"Total, tous les types d'énergie	
",24,68.0
2019,Québec,Maison mobile,Électricité,24,67.4
2019,Québec,Maison mobile,Gaz naturel,24,
2019,Québec,Maison mobile,Mazout,24,
2019,Ontario,Maison individuelle,"Total, tous les types d'énergie	
",35,114.7
2019,Ontario,Maison individuelle,Électricité,35,32.2
2019,Ontario,Maison individuelle,Gaz naturel,35,93.9
2019,Ontario,Maison individuelle,Mazout,35,51.9
2019,Ontario,Maison double,"Total, tous les types d'énergie	
",35,102.4
2019,Ontario,Maison double,Électricité,35,29.5
2019,Ontario,Maison double,Gaz naturel,35,77.9
2019,Ontario,Maison double,Mazout,35,
2019,Ontario,Maison en rangée,"Total, tous les types d'énergie	
",35,80.5
2019,Ontario,Maison en rangée,Électricité,35,25.2
2019,Ontario,Maison en rangée,Gaz naturel,35,60.0
2019,Ontario,Maison en rangée,Mazout,35,
2019,Ontario,Duplex,"Total, tous les types d'énergie	
",35,102.6
2019,Ontario,Duplex,Électricité,35,29.9
2019,Ontario,Duplex,Gaz naturel,35,76.0
2019,Ontario,Duplex,Mazout,35,
2019,Ontario,"Immeuble d'appartements (moins de 5 étages)
","Total, tous les types d'énergie	
",35,47.1
2019,Ontario,"Immeuble d'appartements (moins de 5 étages)
",Électricité,35,23.3
2019,Ontario,"Immeuble d'appartements (moins de 5 étages)
",Gaz naturel,35,69.8
2019,Ontario,"Immeuble d'appartements (moins de 5 étages)
",Mazout,35,
2019,Ontario,"Immeuble d'appartements (5 étages ou plus)
","Total, tous les types d'énergie	
",35,43.1
2019,Ontario,"Immeuble d'appartements (5 étages ou plus)
",Électricité,35,25.7
2019,Ontario,"Immeuble d'appartements (5 étages ou plus)
",Gaz naturel,35,67.6
2019,Ontario,"Immeuble d'appartements (5 étages ou plus)
",Mazout,35,
2019,Ontario,Maison mobile,"Total, tous les types d'énergie	
",35,
2019,Ontario,Maison mobile,Électricité,35,
2019,Ontario,Maison mobile,Gaz naturel,35,
2019,Ontario,Maison mobile,Mazout,35,
2019,Manitoba,Maison individuelle,"Total, tous les types d'énergie	
",46,133.5
2019,Manitoba,Maison individuelle,Électricité,46,51.4
2019,Manitoba,Maison individuelle,Gaz naturel,46,107.2
2019,Manitoba,Maison individuelle,Mazout,46,
2019,Manitoba,Maison double,"Total, tous les types d'énergie	
",46,
2019,Manitoba,Maison double,Électricité,46,
2019,Manitoba,Maison double,Gaz naturel,46,
2019,Manitoba,Maison double,Mazout,46,
2019,Manitoba,Maison en rangée,"Total, tous les types d'énergie	
",46,
2019,Manitoba,Maison en rangée,Électricité,46,
2019,Manitoba,Maison en rangée,Gaz naturel,46,
2019,Manitoba,Maison en rangée,Mazout,46,
2019,Manitoba,Duplex,"Total, tous les types d'énergie	
",46,
2019,Manitoba,Duplex,Électricité,46,
2019,Manitoba,Duplex,Gaz naturel,46,
2019,Manitoba,Duplex,Mazout,46,
2019,Manitoba,"Immeuble d'appartements (moins de 5 étages)
","Total, tous les types d'énergie	
",46,
2019,Manitoba,"Immeuble d'appartements (moins de 5 étages)
",Électricité,46,
2019,Manitoba,"Immeuble d'appartements (moins de 5 étages)
",Gaz naturel,46,
2019,Manitoba,"Immeuble d'appartements (moins de 5 étages)
",Mazout,46,
2019,Manitoba,"Immeuble d'appartements (5 étages ou plus)
","Total, tous les types d'énergie	
",46,
2019,Manitoba,"Immeuble d'appartements (5 étages ou plus)
",Électricité,46,
2019,Manitoba,"Immeuble d'appartements (5 étages ou plus)
",Gaz naturel,46,
2019,Manitoba,"Immeuble d'appartements (5 étages ou plus)
",Mazout,46,
2019,Manitoba,Maison mobile,"Total, tous les types d'énergie	
",46,
2019,Manitoba,Maison mobile,Électricité,46,
2019,Manitoba,Maison mobile,Gaz naturel,46,
2019,Manitoba,Maison mobile,Mazout,46,
2019,Saskatchewan,Maison individuelle,"Total, tous les types d'énergie	
",47,126.7
2019,Saskatchewan,Maison individuelle,Électricité,47,32.7
2019,Saskatchewan,Maison individuelle,Gaz naturel,47,99.7
2019,Saskatchewan,Maison individuelle,Mazout,47,
2019,Saskatchewan,Maison double,"Total, tous les types d'énergie	
",47,
2019,Saskatchewan,Maison double,Électricité,47,
2019,Saskatchewan,Maison double,Gaz naturel,47,
2019,Saskatchewan,Maison double,Mazout,47,
2019,Saskatchewan,Maison en rangée,"Total, tous les types d'énergie	
",47,
2019,Saskatchewan,Maison en rangée,Électricité,47,
2019,Saskatchewan,Maison en rangée,Gaz naturel,47,
2019,Saskatchewan,Maison en rangée,Mazout,47,
2019,Saskatchewan,Duplex,"Total, tous les types d'énergie	
",47,
2019,Saskatchewan,Duplex,Électricité,47,
2019,Saskatchewan,Duplex,Gaz naturel,47,
2019,Saskatchewan,Duplex,Mazout,47,
2019,Saskatchewan,"Immeuble d'appartements (moins de 5 étages)
","Total, tous les types d'énergie	
",47,
2019,Saskatchewan,"Immeuble d'appartements (moins de 5 étages)
",Électricité,47,
2019,Saskatchewan,"Immeuble d'appartements (moins de 5 étages)
",Gaz naturel,47,
2019,Saskatchewan,"Immeuble d'appartements (moins de 5 étages)
",Mazout,47,
2019,Saskatchewan,"Immeuble d'appartements (5 étages ou plus)
","Total, tous les types d'énergie	
",47,
2019,Saskatchewan,"Immeuble d'appartements (5 étages ou plus)
",Électricité,47,
2019,Saskatchewan,"Immeuble d'appartements (5 étages ou plus)
",Gaz naturel,47,
2019,Saskatchewan,"Immeuble d'appartements (5 étages ou plus)
",Mazout,47,
2019,Saskatchewan,Maison mobile,"Total, tous les types d'énergie	
",47,
2019,Saskatchewan,Maison mobile,Électricité,47,
2019,Saskatchewan,Maison mobile,Gaz naturel,47,
2019,Saskatchewan,Maison mobile,Mazout,47,
2019,Alberta,Maison individuelle,"Total, tous les types d'énergie	
",48,142.7
2019,Alberta,Maison individuelle,Électricité,48,28.1
2019,Alberta,Maison individuelle,Gaz naturel,48,116.8
2019,Alberta,Maison individuelle,Mazout,48,
2019,Alberta,Maison double,"Total, tous les types d'énergie	
",48,
2019,Alberta,Maison double,Électricité,48,
2019,Alberta,Maison double,Gaz naturel,48,
2019,Alberta,Maison double,Mazout,48,
2019,Alberta,Maison en rangée,"Total, tous les types d'énergie	
",48,104.8
2019,Alberta,Maison en rangée,Électricité,48,21.5
2019,Alberta,Maison en rangée,Gaz naturel,48,83.3
2019,Alberta,Maison en rangée,Mazout,48,
2019,Alberta,Duplex,"Total, tous les types d'énergie	
",48,116.5
2019,Alberta,Duplex,Électricité,48,20.6
2019,Alberta,Duplex,Gaz naturel,48,96.0
2019,Alberta,Duplex,Mazout,48,
2019,Alberta,"Immeuble d'appartements (moins de 5 étages)
","Total, tous les types d'énergie	
",48,66.2
2019,Alberta,"Immeuble d'appartements (moins de 5 étages)
",Électricité,48,10.5
2019,Alberta,"Immeuble d'appartements (moins de 5 étages)
",Gaz naturel,48,96.6
2019,Alberta,"Immeuble d'appartements (moins de 5 étages)
",Mazout,48,
2019,Alberta,"Immeuble d'appartements (5 étages ou plus)
","Total, tous les types d'énergie	
",48,
2019,Alberta,"Immeuble d'appartements (5 étages ou plus)
",Électricité,48,
2019,Alberta,"Immeuble d'appartements (5 étages ou plus)
",Gaz naturel,48,
2019,Alberta,"Immeuble d'appartements (5 étages ou plus)
",Mazout,48,
2019,Alberta,Maison mobile,"Total, tous les types d'énergie	
",48,
2019,Alberta,Maison mobile,Électricité,48,
2019,Alberta,Maison mobile,Gaz naturel,48,
2019,Alberta,Maison mobile,Mazout,48,
2019,Colombie-Britannique,Maison individuelle,"Total, tous les types d'énergie	
",59,114.1
2019,Colombie-Britannique,Maison individuelle,Électricité,59,39.9
2019,Colombie-Britannique,Maison individuelle,Gaz naturel,59,95.6
2019,Colombie-Britannique,Maison individuelle,Mazout,59,
2019,Colombie-Britannique,Maison double,"Total, tous les types d'énergie	
",59,
2019,Colombie-Britannique,Maison double,Électricité,59,
2019,Colombie-Britannique,Maison double,Gaz naturel,59,
2019,Colombie-Britannique,Maison double,Mazout,59,
2019,Colombie-Britannique,Maison en rangée,"Total, tous les types d'énergie	
",59,72.6
2019,Colombie-Britannique,Maison en rangée,Électricité,59,31.7
2019,Colombie-Britannique,Maison en rangée,Gaz naturel,59,57.4
2019,Colombie-Britannique,Maison en rangée,Mazout,59,
2019,Colombie-Britannique,Duplex,"Total, tous les types d'énergie	
",59,93.9
2019,Colombie-Britannique,Duplex,Électricité,59,38.8
2019,Colombie-Britannique,Duplex,Gaz naturel,59,79.3
2019,Colombie-Britannique,Duplex,Mazout,59,
2019,Colombie-Britannique,"Immeuble d'appartements (moins de 5 étages)
","Total, tous les types d'énergie	
",59,37.7
2019,Colombie-Britannique,"Immeuble d'appartements (moins de 5 étages)
",Électricité,59,16.3
2019,Colombie-Britannique,"Immeuble d'appartements (moins de 5 étages)
",Gaz naturel,59,61.3
2019,Colombie-Britannique,"Immeuble d'appartements (moins de 5 étages)
",Mazout,59,
2019,Colombie-Britannique,"Immeuble d'appartements (5 étages ou plus)
","Total, tous les types d'énergie	
",59,30.0
2019,Colombie-Britannique,"Immeuble d'appartements (5 étages ou plus)
",Électricité,59,15.8
2019,Colombie-Britannique,"Immeuble d'appartements (5 étages ou plus)
",Gaz naturel,59,
2019,Colombie-Britannique,"Immeuble d'appartements (5 étages ou plus)
",Mazout,59,
2019,Colombie-Britannique,Maison mobile,"Total, tous les types d'énergie	
",59,93.9
2019,Colombie-Britannique,Maison mobile,Électricité,59,28.9
2019,Colombie-Britannique,Maison mobile,Gaz naturel,59,
2019,Colombie-Britannique,Maison mobile,Mazout,59,
2015,Canada,Total,Électricité,,41.8
2015,Canada,Total,Gaz naturel,,88.4
2015,Canada,Total,Mazout,,64.4
2015,Terre-Neuve-et-Labrador,Total,"Total, tous les types d'énergie	
",10,82.7
2015,Terre-Neuve-et-Labrador,Total,Électricité,10,64.3
2015,Terre-Neuve-et-Labrador,Total,Gaz naturel,10,
2015,Terre-Neuve-et-Labrador,Total,Mazout,10,98.0
2015,Île-du-Prince-Édouard,Total,"Total, tous les types d'énergie	
",11,105.7
2015,Île-du-Prince-Édouard,Total,Électricité,11,39.1
2015,Île-du-Prince-Édouard,Total,Gaz naturel,11,
2015,Île-du-Prince-Édouard,Total,Mazout,11,84.9
2015,Nouvelle-Écosse,Total,"Total, tous les types d'énergie	
",12,88.1
2015,Nouvelle-Écosse,Total,Électricité,12,39.3
2015,Nouvelle-Écosse,Total,Gaz naturel,12,
2015,Nouvelle-Écosse,Total,Mazout,12,93.7
2015,Nouveau-Brunswick,Total,"Total, tous les types d'énergie	
",13,78.8
2015,Nouveau-Brunswick,Total,Électricité,13,65.3
2015,Nouveau-Brunswick,Total,Gaz naturel,13,
2015,Nouveau-Brunswick,Total,Mazout,13,89.7
2015,Québec,Total,"Total, tous les types d'énergie	
",24,73.4
2015,Québec,Total,Électricité,24,67.2
2015,Québec,Total,Gaz naturel,24,60.0
2015,Québec,Total,Mazout,24,22.9
2015,Ontario,Total,"Total, tous les types d'énergie	
",35,101.0
2015,Ontario,Total,Électricité,35,31.2
2015,Ontario,Total,Gaz naturel,35,90.8
2015,Ontario,Total,Mazout,35,67.9
2015,Manitoba,Total,"Total, tous les types d'énergie	
",46,105.8
2015,Manitoba,Total,Électricité,46,51.9
2015,Manitoba,Total,Gaz naturel,46,81.7
2015,Manitoba,Total,Mazout,46,
2015,Saskatchewan,Total,"Total, tous les types d'énergie	
",47,112.0
2015,Saskatchewan,Total,Électricité,47,30.8
2015,Saskatchewan,Total,Gaz naturel,47,88.7
2015,Saskatchewan,Total,Mazout,47,
2015,Alberta,Total,"Total, tous les types d'énergie	
",48,117.7
2015,Alberta,Total,Électricité,48,24.8
2015,Alberta,Total,Gaz naturel,48,100.3
2015,Alberta,Total,Mazout,48,
2015,Colombie-Britannique,Total,"Total, tous les types d'énergie	
",59,80.3
2015,Colombie-Britannique,Total,Électricité,59,31.6
2015,Colombie-Britannique,Total,Gaz naturel,59,74.3
2015,Colombie-Britannique,Total,Mazout,59,89.2
2019,Canada,Total,Électricité,,39.7
2019,Canada,Total,Gaz naturel,,91.6
2019,Canada,Total,Mazout,,49.7
2019,Terre-Neuve-et-Labrador,Total,"Total, tous les types d'énergie	
",10,71.6
2019,Terre-Neuve-et-Labrador,Total,Électricité,10,60.4
2019,Terre-Neuve-et-Labrador,Total,Gaz naturel,10,
2019,Terre-Neuve-et-Labrador,Total,Mazout,10,50.5
2019,Île-du-Prince-Édouard,Total,"Total, tous les types d'énergie	
",11,75.0
2019,Île-du-Prince-Édouard,Total,Électricité,11,33.2
2019,Île-du-Prince-Édouard,Total,Gaz naturel,11,
2019,Île-du-Prince-Édouard,Total,Mazout,11,62.6
2019,Nouvelle-Écosse,Total,"Total, tous les types d'énergie	
",12,66.4
2019,Nouvelle-Écosse,Total,Électricité,12,37.9
2019,Nouvelle-Écosse,Total,Gaz naturel,12,
2019,Nouvelle-Écosse,Total,Mazout,12,50.7
2019,Nouveau-Brunswick,Total,"Total, tous les types d'énergie	
",13,63.5
2019,Nouveau-Brunswick,Total,Électricité,13,56.0
2019,Nouveau-Brunswick,Total,Gaz naturel,13,
2019,Nouveau-Brunswick,Total,Mazout,13,46.1
2019,Québec,Total,"Total, tous les types d'énergie	
",24,70.3
2019,Québec,Total,Électricité,24,63.6
2019,Québec,Total,Gaz naturel,24,64.5
2019,Québec,Total,Mazout,24,43.8
2019,Ontario,Total,"Total, tous les types d'énergie	
",35,94.8
2019,Ontario,Total,Électricité,35,29.7
2019,Ontario,Total,Gaz naturel,35,86.7
2019,Ontario,Total,Mazout,35,53.7
2019,Manitoba,Total,"Total, tous les types d'énergie	
",46,115.7
2019,Manitoba,Total,Électricité,46,47.7
2019,Manitoba,Total,Gaz naturel,46,106.0
2019,Manitoba,Total,Mazout,46,
2019,Saskatchewan,Total,"Total, tous les types d'énergie	
",47,120.5
2019,Saskatchewan,Total,Électricité,47,29.9
2019,Saskatchewan,Total,Gaz naturel,47,98.6
2019,Saskatchewan,Total,Mazout,47,
2019,Alberta,Total,"Total, tous les types d'énergie	
",48,124.6
2019,Alberta,Total,Électricité,48,24.3
2019,Alberta,Total,Gaz naturel,48,109.8
2019,Alberta,Total,Mazout,48,
2019,Colombie-Britannique,Total,"Total, tous les types d'énergie	
",59,86.7
2019,Colombie-Britannique,Total,Électricité,59,32.2
2019,Colombie-Britannique,Total,Gaz naturel,59,85.6
2019,Colombie-Britannique,Total,Mazout,59,
