Year,Géographie,Type de production d'électricité,GeoCode,Value
2015,,,,64.91
2016,,,,64.04
2017,,,,65.28
2018,,,,64.84
2019,,,,64.5
2020,,,,66.33
2021,,,,66.29
2022,,,,67.91
2015,Alberta,Turbine à hydraulique,48,3.21
2015,Alberta,Autres types de production électrique,48,0.0
2015,Alberta,Turbine éolienne,48,3.86
2015,Colombie-Britannique,Turbine à hydraulique,59,90.92
2015,Canada,Turbine à hydraulique,,63.37
2015,Canada,Autres types de production électrique,,0.0
2015,Canada,Solaire,,0.04
2015,Canada,Turbine marémotrice,,0.0
2015,Canada,Turbine éolienne,,1.49
2015,Manitoba,Turbine à hydraulique,46,98.42
2015,Manitoba,Turbine éolienne,46,1.13
2015,Nouveau-Brunswick,Turbine à hydraulique,13,19.94
2015,Nouveau-Brunswick,Turbine éolienne,13,4.72
2015,Terre-Neuve-et-Labrador,Turbine à hydraulique,10,95.47
2015,Terre-Neuve-et-Labrador,Turbine éolienne,10,0.23
2015,Territoires du Nord-Ouest,Turbine à hydraulique,61,25.39
2015,Territoires du Nord-Ouest,Turbine éolienne,61,3.34
2015,Nouvelle-Écosse,Turbine à hydraulique,12,10.16
2015,Nouvelle-Écosse,Turbine marémotrice,12,0.13
2015,Nouvelle-Écosse,Turbine éolienne,12,4.95
2015,Nunavut,Turbine à hydraulique,62,0.0
2015,Ontario,Turbine à hydraulique,35,25.08
2015,Ontario,Autres types de production électrique,35,0.0
2015,Ontario,Solaire,35,0.18
2015,Ontario,Turbine éolienne,35,2.11
2015,Île-du-Prince-Édouard,Turbine éolienne,11,98.34
2015,Québec,Turbine à hydraulique,24,99.0
2015,Québec,Turbine éolienne,24,0.39
2015,Saskatchewan,Turbine à hydraulique,47,14.45
2015,Saskatchewan,Autres types de production électrique,47,0.0
2015,Saskatchewan,Turbine éolienne,47,3.35
2015,Yukon,Turbine à hydraulique,60,94.16
2015,Yukon,Autres types de production électrique,60,0.0
2015,Yukon,Turbine éolienne,60,0.15
2016,Alberta,Turbine à hydraulique,48,2.46
2016,Alberta,Autres types de production électrique,48,0.22
2016,Alberta,Solaire,48,0.0
2016,Alberta,Turbine éolienne,48,5.79
2016,Colombie-Britannique,Turbine à hydraulique,59,88.7
2016,Colombie-Britannique,Autres types de production électrique,59,0.0
2016,Colombie-Britannique,Solaire,59,0.0
2016,Colombie-Britannique,Turbine marémotrice,59,0.0
2016,Colombie-Britannique,Turbine éolienne,59,1.79
2016,Canada,Turbine à hydraulique,,59.01
2016,Canada,Autres types de production électrique,,0.03
2016,Canada,Solaire,,0.28
2016,Canada,Turbine marémotrice,,0.0
2016,Canada,Turbine éolienne,,4.72
2016,Manitoba,Turbine à hydraulique,46,97.0
2016,Manitoba,Autres types de production électrique,46,0.0
2016,Manitoba,Solaire,46,0.0
2016,Manitoba,Turbine éolienne,46,2.6
2016,Nouveau-Brunswick,Turbine à hydraulique,13,21.43
2016,Nouveau-Brunswick,Autres types de production électrique,13,0.0
2016,Nouveau-Brunswick,Solaire,13,0.0
2016,Nouveau-Brunswick,Turbine marémotrice,13,0.0
2016,Nouveau-Brunswick,Turbine éolienne,13,5.06
2016,Terre-Neuve-et-Labrador,Turbine à hydraulique,10,94.31
2016,Terre-Neuve-et-Labrador,Autres types de production électrique,10,0.0
2016,Terre-Neuve-et-Labrador,Solaire,10,0.0
2016,Terre-Neuve-et-Labrador,Turbine marémotrice,10,0.0
2016,Terre-Neuve-et-Labrador,Turbine éolienne,10,0.45
2016,Territoires du Nord-Ouest,Turbine à hydraulique,61,30.04
2016,Territoires du Nord-Ouest,Solaire,61,0.03
2016,Territoires du Nord-Ouest,Turbine éolienne,61,1.8
2016,Nouvelle-Écosse,Turbine à hydraulique,12,8.18
2016,Nouvelle-Écosse,Autres types de production électrique,12,0.0
2016,Nouvelle-Écosse,Solaire,12,0.0
2016,Nouvelle-Écosse,Turbine marémotrice,12,0.19
2016,Nouvelle-Écosse,Turbine éolienne,12,10.19
2016,Nunavut,Turbine à hydraulique,62,0.0
2016,Nunavut,Solaire,62,0.0
2016,Nunavut,Turbine éolienne,62,0.0
2016,Ontario,Turbine à hydraulique,35,23.33
2016,Ontario,Autres types de production électrique,35,0.0
2016,Ontario,Solaire,35,1.14
2016,Ontario,Turbine éolienne,35,6.75
2016,Île-du-Prince-Édouard,Turbine à hydraulique,11,0.0
2016,Île-du-Prince-Édouard,Autres types de production électrique,11,0.0
2016,Île-du-Prince-Édouard,Solaire,11,0.0
2016,Île-du-Prince-Édouard,Turbine marémotrice,11,0.0
2016,Île-du-Prince-Édouard,Turbine éolienne,11,98.36
2016,Québec,Turbine à hydraulique,24,94.25
2016,Québec,Autres types de production électrique,24,0.0
2016,Québec,Solaire,24,0.0
2016,Québec,Turbine éolienne,24,4.65
2016,Saskatchewan,Turbine à hydraulique,47,13.34
2016,Saskatchewan,Autres types de production électrique,47,0.0
2016,Saskatchewan,Solaire,47,0.0
2016,Saskatchewan,Turbine éolienne,47,3.0
2016,Yukon,Turbine à hydraulique,60,93.85
2016,Yukon,Autres types de production électrique,60,0.0
2016,Yukon,Solaire,60,0.0
2016,Yukon,Turbine éolienne,60,0.11
2017,Alberta,Turbine à hydraulique,48,2.52
2017,Alberta,Autres types de production électrique,48,0.25
2017,Alberta,Solaire,48,0.0
2017,Alberta,Turbine éolienne,48,5.59
2017,Colombie-Britannique,Turbine à hydraulique,59,89.3
2017,Colombie-Britannique,Autres types de production électrique,59,0.0
2017,Colombie-Britannique,Solaire,59,0.0
2017,Colombie-Britannique,Turbine marémotrice,59,0.0
2017,Colombie-Britannique,Turbine éolienne,59,2.14
2017,Canada,Turbine à hydraulique,,60.17
2017,Canada,Autres types de production électrique,,0.03
2017,Canada,Solaire,,0.32
2017,Canada,Turbine marémotrice,,0.0
2017,Canada,Turbine éolienne,,4.76
2017,Manitoba,Turbine à hydraulique,46,97.07
2017,Manitoba,Autres types de production électrique,46,0.0
2017,Manitoba,Solaire,46,0.0
2017,Manitoba,Turbine éolienne,46,2.5
2017,Nouveau-Brunswick,Turbine à hydraulique,13,19.27
2017,Nouveau-Brunswick,Autres types de production électrique,13,0.0
2017,Nouveau-Brunswick,Solaire,13,0.0
2017,Nouveau-Brunswick,Turbine marémotrice,13,0.0
2017,Nouveau-Brunswick,Turbine éolienne,13,6.11
2017,Terre-Neuve-et-Labrador,Turbine à hydraulique,10,93.98
2017,Terre-Neuve-et-Labrador,Autres types de production électrique,10,0.0
2017,Terre-Neuve-et-Labrador,Solaire,10,0.0
2017,Terre-Neuve-et-Labrador,Turbine marémotrice,10,0.0
2017,Terre-Neuve-et-Labrador,Turbine éolienne,10,0.47
2017,Territoires du Nord-Ouest,Turbine à hydraulique,61,33.06
2017,Territoires du Nord-Ouest,Solaire,61,0.04
2017,Territoires du Nord-Ouest,Turbine éolienne,61,2.27
2017,Nouvelle-Écosse,Turbine à hydraulique,12,8.46
2017,Nouvelle-Écosse,Autres types de production électrique,12,0.0
2017,Nouvelle-Écosse,Solaire,12,0.0
2017,Nouvelle-Écosse,Turbine marémotrice,12,0.06
2017,Nouvelle-Écosse,Turbine éolienne,12,13.05
2017,Nunavut,Turbine à hydraulique,62,0.0
2017,Nunavut,Solaire,62,0.0
2017,Nunavut,Turbine éolienne,62,0.0
2017,Ontario,Turbine à hydraulique,35,25.85
2017,Ontario,Autres types de production électrique,35,0.0
2017,Ontario,Solaire,35,1.34
2017,Ontario,Turbine éolienne,35,6.75
2017,Île-du-Prince-Édouard,Turbine à hydraulique,11,0.0
2017,Île-du-Prince-Édouard,Autres types de production électrique,11,0.0
2017,Île-du-Prince-Édouard,Solaire,11,0.0
2017,Île-du-Prince-Édouard,Turbine marémotrice,11,0.0
2017,Île-du-Prince-Édouard,Turbine éolienne,11,98.23
2017,Québec,Turbine à hydraulique,24,94.23
2017,Québec,Autres types de production électrique,24,0.0
2017,Québec,Solaire,24,0.0
2017,Québec,Turbine éolienne,24,4.59
2017,Saskatchewan,Turbine à hydraulique,47,15.61
2017,Saskatchewan,Autres types de production électrique,47,0.0
2017,Saskatchewan,Solaire,47,0.0
2017,Saskatchewan,Turbine éolienne,47,3.01
2017,Yukon,Turbine à hydraulique,60,92.45
2017,Yukon,Autres types de production électrique,60,0.0
2017,Yukon,Solaire,60,0.0
2017,Yukon,Turbine éolienne,60,0.01
2018,Alberta,Turbine à hydraulique,48,2.52
2018,Alberta,Autres types de production électrique,48,0.26
2018,Alberta,Solaire,48,0.03
2018,Alberta,Turbine éolienne,48,5.19
2018,Colombie-Britannique,Turbine à hydraulique,59,89.59
2018,Colombie-Britannique,Autres types de production électrique,59,0.0
2018,Colombie-Britannique,Solaire,59,0.0
2018,Colombie-Britannique,Turbine marémotrice,59,0.0
2018,Colombie-Britannique,Turbine éolienne,59,2.11
2018,Canada,Turbine à hydraulique,,59.49
2018,Canada,Autres types de production électrique,,0.03
2018,Canada,Solaire,,0.34
2018,Canada,Turbine marémotrice,,0.0
2018,Canada,Turbine éolienne,,4.96
2018,Manitoba,Turbine à hydraulique,46,97.08
2018,Manitoba,Autres types de production électrique,46,0.0
2018,Manitoba,Solaire,46,0.0
2018,Manitoba,Turbine éolienne,46,2.63
2018,Nouveau-Brunswick,Turbine à hydraulique,13,18.54
2018,Nouveau-Brunswick,Autres types de production électrique,13,0.0
2018,Nouveau-Brunswick,Solaire,13,0.0
2018,Nouveau-Brunswick,Turbine marémotrice,13,0.0
2018,Nouveau-Brunswick,Turbine éolienne,13,6.04
2018,Terre-Neuve-et-Labrador,Turbine à hydraulique,10,95.51
2018,Terre-Neuve-et-Labrador,Autres types de production électrique,10,0.0
2018,Terre-Neuve-et-Labrador,Solaire,10,0.0
2018,Terre-Neuve-et-Labrador,Turbine marémotrice,10,0.0
2018,Terre-Neuve-et-Labrador,Turbine éolienne,10,0.47
2018,Territoires du Nord-Ouest,Turbine à hydraulique,61,33.64
2018,Territoires du Nord-Ouest,Solaire,61,0.04
2018,Territoires du Nord-Ouest,Turbine éolienne,61,2.39
2018,Nouvelle-Écosse,Turbine à hydraulique,12,9.03
2018,Nouvelle-Écosse,Autres types de production électrique,12,0.0
2018,Nouvelle-Écosse,Solaire,12,0.0
2018,Nouvelle-Écosse,Turbine marémotrice,12,0.19
2018,Nouvelle-Écosse,Turbine éolienne,12,11.68
2018,Nunavut,Turbine à hydraulique,62,0.0
2018,Nunavut,Solaire,62,0.0
2018,Nunavut,Turbine éolienne,62,0.0
2018,Ontario,Turbine à hydraulique,35,24.37
2018,Ontario,Autres types de production électrique,35,0.0
2018,Ontario,Solaire,35,1.41
2018,Ontario,Turbine éolienne,35,7.28
2018,Île-du-Prince-Édouard,Turbine à hydraulique,11,0.0
2018,Île-du-Prince-Édouard,Autres types de production électrique,11,0.0
2018,Île-du-Prince-Édouard,Solaire,11,0.04
2018,Île-du-Prince-Édouard,Turbine marémotrice,11,0.0
2018,Île-du-Prince-Édouard,Turbine éolienne,11,96.87
2018,Québec,Turbine à hydraulique,24,93.99
2018,Québec,Autres types de production électrique,24,0.0
2018,Québec,Solaire,24,0.0
2018,Québec,Turbine éolienne,24,4.98
2018,Saskatchewan,Turbine à hydraulique,47,14.46
2018,Saskatchewan,Autres types de production électrique,47,0.0
2018,Saskatchewan,Solaire,47,0.0
2018,Saskatchewan,Turbine éolienne,47,2.83
2018,Yukon,Turbine à hydraulique,60,87.51
2018,Yukon,Autres types de production électrique,60,0.0
2018,Yukon,Solaire,60,0.0
2018,Yukon,Turbine éolienne,60,0.0
2019,Alberta,Turbine à hydraulique,48,3.12
2019,Alberta,Autres types de production électrique,48,0.06
2019,Alberta,Solaire,48,0.03
2019,Alberta,Turbine éolienne,48,4.95
2019,Colombie-Britannique,Turbine à hydraulique,59,87.46
2019,Colombie-Britannique,Autres types de production électrique,59,0.0
2019,Colombie-Britannique,Solaire,59,0.0
2019,Colombie-Britannique,Turbine marémotrice,59,0.0
2019,Colombie-Britannique,Turbine éolienne,59,2.35
2019,Canada,Turbine à hydraulique,,58.97
2019,Canada,Autres types de production électrique,,0.03
2019,Canada,Solaire,,0.38
2019,Canada,Turbine marémotrice,,0.0
2019,Canada,Turbine éolienne,,5.12
2019,Manitoba,Turbine à hydraulique,46,97.07
2019,Manitoba,Autres types de production électrique,46,0.0
2019,Manitoba,Solaire,46,0.0
2019,Manitoba,Turbine éolienne,46,2.61
2019,Nouveau-Brunswick,Turbine à hydraulique,13,22.18
2019,Nouveau-Brunswick,Autres types de production électrique,13,0.0
2019,Nouveau-Brunswick,Solaire,13,0.0
2019,Nouveau-Brunswick,Turbine marémotrice,13,0.0
2019,Nouveau-Brunswick,Turbine éolienne,13,6.49
2019,Terre-Neuve-et-Labrador,Turbine à hydraulique,10,95.55
2019,Terre-Neuve-et-Labrador,Autres types de production électrique,10,0.0
2019,Terre-Neuve-et-Labrador,Solaire,10,0.0
2019,Terre-Neuve-et-Labrador,Turbine marémotrice,10,0.0
2019,Terre-Neuve-et-Labrador,Turbine éolienne,10,0.43
2019,Territoires du Nord-Ouest,Turbine à hydraulique,61,32.97
2019,Territoires du Nord-Ouest,Solaire,61,0.04
2019,Territoires du Nord-Ouest,Turbine éolienne,61,2.27
2019,Nouvelle-Écosse,Turbine à hydraulique,12,10.65
2019,Nouvelle-Écosse,Autres types de production électrique,12,0.0
2019,Nouvelle-Écosse,Solaire,12,0.0
2019,Nouvelle-Écosse,Turbine marémotrice,12,0.01
2019,Nouvelle-Écosse,Turbine éolienne,12,11.2
2019,Nunavut,Turbine à hydraulique,62,0.0
2019,Nunavut,Solaire,62,0.0
2019,Nunavut,Turbine éolienne,62,0.0
2019,Ontario,Turbine à hydraulique,35,24.52
2019,Ontario,Autres types de production électrique,35,0.0
2019,Ontario,Solaire,35,1.55
2019,Ontario,Turbine éolienne,35,7.35
2019,Île-du-Prince-Édouard,Turbine à hydraulique,11,0.0
2019,Île-du-Prince-Édouard,Autres types de production électrique,11,0.0
2019,Île-du-Prince-Édouard,Solaire,11,0.09
2019,Île-du-Prince-Édouard,Turbine marémotrice,11,0.0
2019,Île-du-Prince-Édouard,Turbine éolienne,11,99.02
2019,Québec,Turbine à hydraulique,24,93.72
2019,Québec,Autres types de production électrique,24,0.0
2019,Québec,Solaire,24,0.0
2019,Québec,Turbine éolienne,24,5.33
2019,Saskatchewan,Turbine à hydraulique,47,14.94
2019,Saskatchewan,Autres types de production électrique,47,0.49
2019,Saskatchewan,Solaire,47,0.0
2019,Saskatchewan,Turbine éolienne,47,3.14
2019,Yukon,Turbine à hydraulique,60,80.49
2019,Yukon,Autres types de production électrique,60,0.0
2019,Yukon,Solaire,60,0.0
2019,Yukon,Turbine éolienne,60,0.0
2020,Alberta,Turbine à hydraulique,48,3.23
2020,Alberta,Autres types de production électrique,48,0.05
2020,Alberta,Solaire,48,0.03
2020,Alberta,Turbine éolienne,48,7.01
2020,Colombie-Britannique,Turbine à hydraulique,59,87.94
2020,Colombie-Britannique,Autres types de production électrique,59,0.0
2020,Colombie-Britannique,Solaire,59,0.0
2020,Colombie-Britannique,Turbine marémotrice,59,0.0
2020,Colombie-Britannique,Turbine éolienne,59,4.15
2020,Canada,Turbine à hydraulique,,60.2
2020,Canada,Autres types de production électrique,,0.02
2020,Canada,Solaire,,0.4
2020,Canada,Turbine marémotrice,,0.0
2020,Canada,Turbine éolienne,,5.71
2020,Manitoba,Turbine à hydraulique,46,97.13
2020,Manitoba,Autres types de production électrique,46,0.0
2020,Manitoba,Solaire,46,0.0
2020,Manitoba,Turbine éolienne,46,2.57
2020,Nouveau-Brunswick,Turbine à hydraulique,13,22.62
2020,Nouveau-Brunswick,Autres types de production électrique,13,0.0
2020,Nouveau-Brunswick,Solaire,13,0.0
2020,Nouveau-Brunswick,Turbine marémotrice,13,0.0
2020,Nouveau-Brunswick,Turbine éolienne,13,7.31
2020,Terre-Neuve-et-Labrador,Turbine à hydraulique,10,95.79
2020,Terre-Neuve-et-Labrador,Autres types de production électrique,10,0.0
2020,Terre-Neuve-et-Labrador,Solaire,10,0.0
2020,Terre-Neuve-et-Labrador,Turbine marémotrice,10,0.0
2020,Terre-Neuve-et-Labrador,Turbine éolienne,10,0.45
2020,Territoires du Nord-Ouest,Turbine à hydraulique,61,37.0
2020,Territoires du Nord-Ouest,Solaire,61,0.16
2020,Territoires du Nord-Ouest,Turbine éolienne,61,2.81
2020,Nouvelle-Écosse,Turbine à hydraulique,12,8.3
2020,Nouvelle-Écosse,Autres types de production électrique,12,0.0
2020,Nouvelle-Écosse,Solaire,12,0.0
2020,Nouvelle-Écosse,Turbine marémotrice,12,0.0
2020,Nouvelle-Écosse,Turbine éolienne,12,10.01
2020,Nunavut,Turbine à hydraulique,62,0.0
2020,Nunavut,Solaire,62,0.0
2020,Nunavut,Turbine éolienne,62,0.0
2020,Ontario,Turbine à hydraulique,35,25.13
2020,Ontario,Autres types de production électrique,35,0.0
2020,Ontario,Solaire,35,1.63
2020,Ontario,Turbine éolienne,35,8.18
2020,Île-du-Prince-Édouard,Turbine à hydraulique,11,0.0
2020,Île-du-Prince-Édouard,Autres types de production électrique,11,0.0
2020,Île-du-Prince-Édouard,Solaire,11,0.09
2020,Île-du-Prince-Édouard,Turbine marémotrice,11,0.0
2020,Île-du-Prince-Édouard,Turbine éolienne,11,99.07
2020,Québec,Turbine à hydraulique,24,93.79
2020,Québec,Autres types de production électrique,24,0.0
2020,Québec,Solaire,24,0.0
2020,Québec,Turbine éolienne,24,5.23
2020,Saskatchewan,Turbine à hydraulique,47,18.04
2020,Saskatchewan,Autres types de production électrique,47,0.35
2020,Saskatchewan,Solaire,47,0.0
2020,Saskatchewan,Turbine éolienne,47,3.34
2020,Yukon,Turbine à hydraulique,60,82.61
2020,Yukon,Autres types de production électrique,60,0.0
2020,Yukon,Solaire,60,0.0
2020,Yukon,Turbine éolienne,60,0.0
2021,Alberta,Turbine à hydraulique,48,2.85
2021,Alberta,Autres types de production électrique,48,0.08
2021,Alberta,Solaire,48,0.34
2021,Alberta,Turbine éolienne,48,9.07
2021,Colombie-Britannique,Turbine à hydraulique,59,88.63
2021,Colombie-Britannique,Autres types de production électrique,59,0.0
2021,Colombie-Britannique,Solaire,59,0.01
2021,Colombie-Britannique,Turbine marémotrice,59,0.0
2021,Colombie-Britannique,Turbine éolienne,59,2.78
2021,Canada,Turbine à hydraulique,,60.06
2021,Canada,Autres types de production électrique,,0.03
2021,Canada,Solaire,,0.44
2021,Canada,Turbine marémotrice,,0.0
2021,Canada,Turbine éolienne,,5.76
2021,Manitoba,Turbine à hydraulique,46,96.31
2021,Manitoba,Autres types de production électrique,46,0.0
2021,Manitoba,Solaire,46,0.01
2021,Manitoba,Turbine éolienne,46,3.31
2021,Nouveau-Brunswick,Turbine à hydraulique,13,21.23
2021,Nouveau-Brunswick,Autres types de production électrique,13,0.0
2021,Nouveau-Brunswick,Solaire,13,0.0
2021,Nouveau-Brunswick,Turbine marémotrice,13,0.0
2021,Nouveau-Brunswick,Turbine éolienne,13,5.74
2021,Terre-Neuve-et-Labrador,Turbine à hydraulique,10,96.31
2021,Terre-Neuve-et-Labrador,Autres types de production électrique,10,0.0
2021,Terre-Neuve-et-Labrador,Solaire,10,0.0
2021,Terre-Neuve-et-Labrador,Turbine marémotrice,10,0.0
2021,Terre-Neuve-et-Labrador,Turbine éolienne,10,0.38
2021,Territoires du Nord-Ouest,Turbine à hydraulique,61,37.87
2021,Territoires du Nord-Ouest,Solaire,61,0.03
2021,Territoires du Nord-Ouest,Turbine éolienne,61,2.51
2021,Nouvelle-Écosse,Turbine à hydraulique,12,8.55
2021,Nouvelle-Écosse,Autres types de production électrique,12,0.0
2021,Nouvelle-Écosse,Solaire,12,0.0
2021,Nouvelle-Écosse,Turbine marémotrice,12,0.0
2021,Nouvelle-Écosse,Turbine éolienne,12,12.13
2021,Nunavut,Turbine à hydraulique,62,0.0
2021,Nunavut,Solaire,62,0.0
2021,Nunavut,Turbine éolienne,62,0.0
2021,Ontario,Turbine à hydraulique,35,23.79
2021,Ontario,Autres types de production électrique,35,0.0
2021,Ontario,Solaire,35,1.66
2021,Ontario,Turbine éolienne,35,8.47
2021,Île-du-Prince-Édouard,Turbine à hydraulique,11,0.0
2021,Île-du-Prince-Édouard,Autres types de production électrique,11,0.0
2021,Île-du-Prince-Édouard,Solaire,11,0.09
2021,Île-du-Prince-Édouard,Turbine marémotrice,11,0.0
2021,Île-du-Prince-Édouard,Turbine éolienne,11,98.83
2021,Québec,Turbine à hydraulique,24,94.16
2021,Québec,Autres types de production électrique,24,0.0
2021,Québec,Solaire,24,0.0
2021,Québec,Turbine éolienne,24,4.86
2021,Saskatchewan,Turbine à hydraulique,47,12.03
2021,Saskatchewan,Autres types de production électrique,47,0.42
2021,Saskatchewan,Solaire,47,0.02
2021,Saskatchewan,Turbine éolienne,47,3.5
2021,Yukon,Turbine à hydraulique,60,88.42
2021,Yukon,Autres types de production électrique,60,0.0
2021,Yukon,Solaire,60,0.02
2021,Yukon,Turbine éolienne,60,0.0
2022,Alberta,Turbine à hydraulique,48,3.0
2022,Alberta,Autres types de production électrique,48,0.05
2022,Alberta,Solaire,48,1.13
2022,Alberta,Turbine éolienne,48,9.6
2022,Colombie-Britannique,Turbine à hydraulique,59,90.93
2022,Colombie-Britannique,Autres types de production électrique,59,0.0
2022,Colombie-Britannique,Solaire,59,0.01
2022,Colombie-Britannique,Turbine marémotrice,59,0.0
2022,Colombie-Britannique,Turbine éolienne,59,2.08
2022,Canada,Turbine à hydraulique,,61.29
2022,Canada,Autres types de production électrique,,0.02
2022,Canada,Solaire,,0.5
2022,Canada,Turbine marémotrice,,0.0
2022,Canada,Turbine éolienne,,6.1
2022,Manitoba,Turbine à hydraulique,46,97.09
2022,Manitoba,Autres types de production électrique,46,0.0
2022,Manitoba,Solaire,46,0.0
2022,Manitoba,Turbine éolienne,46,2.61
2022,Nouveau-Brunswick,Turbine à hydraulique,13,26.81
2022,Nouveau-Brunswick,Autres types de production électrique,13,0.0
2022,Nouveau-Brunswick,Solaire,13,0.0
2022,Nouveau-Brunswick,Turbine marémotrice,13,0.0
2022,Nouveau-Brunswick,Turbine éolienne,13,4.52
2022,Terre-Neuve-et-Labrador,Turbine à hydraulique,10,96.62
2022,Terre-Neuve-et-Labrador,Autres types de production électrique,10,0.0
2022,Terre-Neuve-et-Labrador,Solaire,10,0.0
2022,Terre-Neuve-et-Labrador,Turbine marémotrice,10,0.0
2022,Terre-Neuve-et-Labrador,Turbine éolienne,10,0.43
2022,Territoires du Nord-Ouest,Turbine à hydraulique,61,34.56
2022,Territoires du Nord-Ouest,Solaire,61,0.04
2022,Territoires du Nord-Ouest,Turbine éolienne,61,2.41
2022,Nouvelle-Écosse,Turbine à hydraulique,12,9.83
2022,Nouvelle-Écosse,Autres types de production électrique,12,0.0
2022,Nouvelle-Écosse,Solaire,12,0.0
2022,Nouvelle-Écosse,Turbine marémotrice,12,0.0
2022,Nouvelle-Écosse,Turbine éolienne,12,15.28
2022,Nunavut,Turbine à hydraulique,62,0.0
2022,Nunavut,Solaire,62,0.0
2022,Nunavut,Turbine éolienne,62,0.0
2022,Ontario,Turbine à hydraulique,35,25.77
2022,Ontario,Autres types de production électrique,35,0.0
2022,Ontario,Solaire,35,1.49
2022,Ontario,Turbine éolienne,35,9.32
2022,Île-du-Prince-Édouard,Turbine à hydraulique,11,0.0
2022,Île-du-Prince-Édouard,Autres types de production électrique,11,0.0
2022,Île-du-Prince-Édouard,Solaire,11,0.11
2022,Île-du-Prince-Édouard,Turbine marémotrice,11,0.0
2022,Île-du-Prince-Édouard,Turbine éolienne,11,98.79
2022,Québec,Turbine à hydraulique,24,94.0
2022,Québec,Autres types de production électrique,24,0.0
2022,Québec,Solaire,24,0.01
2022,Québec,Turbine éolienne,24,5.04
2022,Saskatchewan,Turbine à hydraulique,47,13.61
2022,Saskatchewan,Autres types de production électrique,47,0.35
2022,Saskatchewan,Solaire,47,0.12
2022,Saskatchewan,Turbine éolienne,47,6.53
2022,Yukon,Turbine à hydraulique,60,88.24
2022,Yukon,Autres types de production électrique,60,0.0
2022,Yukon,Solaire,60,0.13
2022,Yukon,Turbine éolienne,60,0.0
2015,Alberta,"Total, tous les genres de production d'électricité",48,7.07
2015,Colombie-Britannique,"Total, tous les genres de production d'électricité",59,90.92
2015,Manitoba,"Total, tous les genres de production d'électricité",46,99.56
2015,Nouveau-Brunswick,"Total, tous les genres de production d'électricité",13,24.66
2015,Terre-Neuve-et-Labrador,"Total, tous les genres de production d'électricité",10,95.7
2015,Territoires du Nord-Ouest,"Total, tous les genres de production d'électricité",61,28.74
2015,Nouvelle-Écosse,"Total, tous les genres de production d'électricité",12,15.24
2015,Nunavut,"Total, tous les genres de production d'électricité",62,0.0
2015,Ontario,"Total, tous les genres de production d'électricité",35,27.37
2015,Île-du-Prince-Édouard,"Total, tous les genres de production d'électricité",11,98.34
2015,Québec,"Total, tous les genres de production d'électricité",24,99.38
2015,Saskatchewan,"Total, tous les genres de production d'électricité",47,17.8
2015,Yukon,"Total, tous les genres de production d'électricité",60,94.3
2016,Alberta,"Total, tous les genres de production d'électricité",48,8.48
2016,Colombie-Britannique,"Total, tous les genres de production d'électricité",59,90.5
2016,Manitoba,"Total, tous les genres de production d'électricité",46,99.6
2016,Nouveau-Brunswick,"Total, tous les genres de production d'électricité",13,26.49
2016,Terre-Neuve-et-Labrador,"Total, tous les genres de production d'électricité",10,94.77
2016,Territoires du Nord-Ouest,"Total, tous les genres de production d'électricité",61,31.87
2016,Nouvelle-Écosse,"Total, tous les genres de production d'électricité",12,18.56
2016,Nunavut,"Total, tous les genres de production d'électricité",62,0.0
2016,Ontario,"Total, tous les genres de production d'électricité",35,31.22
2016,Île-du-Prince-Édouard,"Total, tous les genres de production d'électricité",11,98.36
2016,Québec,"Total, tous les genres de production d'électricité",24,98.9
2016,Saskatchewan,"Total, tous les genres de production d'électricité",47,16.34
2016,Yukon,"Total, tous les genres de production d'électricité",60,93.96
2017,Alberta,"Total, tous les genres de production d'électricité",48,8.36
2017,Colombie-Britannique,"Total, tous les genres de production d'électricité",59,91.43
2017,Manitoba,"Total, tous les genres de production d'électricité",46,99.57
2017,Nouveau-Brunswick,"Total, tous les genres de production d'électricité",13,25.38
2017,Terre-Neuve-et-Labrador,"Total, tous les genres de production d'électricité",10,94.45
2017,Territoires du Nord-Ouest,"Total, tous les genres de production d'électricité",61,35.37
2017,Nouvelle-Écosse,"Total, tous les genres de production d'électricité",12,21.57
2017,Nunavut,"Total, tous les genres de production d'électricité",62,0.0
2017,Ontario,"Total, tous les genres de production d'électricité",35,33.94
2017,Île-du-Prince-Édouard,"Total, tous les genres de production d'électricité",11,98.23
2017,Québec,"Total, tous les genres de production d'électricité",24,98.82
2017,Saskatchewan,"Total, tous les genres de production d'électricité",47,18.62
2017,Yukon,"Total, tous les genres de production d'électricité",60,92.46
2018,Alberta,"Total, tous les genres de production d'électricité",48,8.01
2018,Colombie-Britannique,"Total, tous les genres de production d'électricité",59,91.7
2018,Manitoba,"Total, tous les genres de production d'électricité",46,99.71
2018,Nouveau-Brunswick,"Total, tous les genres de production d'électricité",13,24.59
2018,Terre-Neuve-et-Labrador,"Total, tous les genres de production d'électricité",10,95.98
2018,Territoires du Nord-Ouest,"Total, tous les genres de production d'électricité",61,36.06
2018,Nouvelle-Écosse,"Total, tous les genres de production d'électricité",12,20.9
2018,Nunavut,"Total, tous les genres de production d'électricité",62,0.0
2018,Ontario,"Total, tous les genres de production d'électricité",35,33.06
2018,Île-du-Prince-Édouard,"Total, tous les genres de production d'électricité",11,96.91
2018,Québec,"Total, tous les genres de production d'électricité",24,98.97
2018,Saskatchewan,"Total, tous les genres de production d'électricité",47,17.29
2018,Yukon,"Total, tous les genres de production d'électricité",60,87.51
2019,Alberta,"Total, tous les genres de production d'électricité",48,8.15
2019,Colombie-Britannique,"Total, tous les genres de production d'électricité",59,89.82
2019,Manitoba,"Total, tous les genres de production d'électricité",46,99.69
2019,Nouveau-Brunswick,"Total, tous les genres de production d'électricité",13,28.67
2019,Terre-Neuve-et-Labrador,"Total, tous les genres de production d'électricité",10,95.98
2019,Territoires du Nord-Ouest,"Total, tous les genres de production d'électricité",61,35.28
2019,Nouvelle-Écosse,"Total, tous les genres de production d'électricité",12,21.86
2019,Nunavut,"Total, tous les genres de production d'électricité",62,0.0
2019,Ontario,"Total, tous les genres de production d'électricité",35,33.42
2019,Île-du-Prince-Édouard,"Total, tous les genres de production d'électricité",11,99.1
2019,Québec,"Total, tous les genres de production d'électricité",24,99.06
2019,Saskatchewan,"Total, tous les genres de production d'électricité",47,18.58
2019,Yukon,"Total, tous les genres de production d'électricité",60,80.49
2020,Alberta,"Total, tous les genres de production d'électricité",48,10.32
2020,Colombie-Britannique,"Total, tous les genres de production d'électricité",59,92.09
2020,Manitoba,"Total, tous les genres de production d'électricité",46,99.71
2020,Nouveau-Brunswick,"Total, tous les genres de production d'électricité",13,29.93
2020,Terre-Neuve-et-Labrador,"Total, tous les genres de production d'électricité",10,96.24
2020,Territoires du Nord-Ouest,"Total, tous les genres de production d'électricité",61,39.96
2020,Nouvelle-Écosse,"Total, tous les genres de production d'électricité",12,18.31
2020,Nunavut,"Total, tous les genres de production d'électricité",62,0.0
2020,Ontario,"Total, tous les genres de production d'électricité",35,34.94
2020,Île-du-Prince-Édouard,"Total, tous les genres de production d'électricité",11,99.16
2020,Québec,"Total, tous les genres de production d'électricité",24,99.02
2020,Saskatchewan,"Total, tous les genres de production d'électricité",47,21.73
2020,Yukon,"Total, tous les genres de production d'électricité",60,82.61
2021,Alberta,"Total, tous les genres de production d'électricité",48,12.34
2021,Colombie-Britannique,"Total, tous les genres de production d'électricité",59,91.41
2021,Manitoba,"Total, tous les genres de production d'électricité",46,99.63
2021,Nouveau-Brunswick,"Total, tous les genres de production d'électricité",13,26.97
2021,Terre-Neuve-et-Labrador,"Total, tous les genres de production d'électricité",10,96.69
2021,Territoires du Nord-Ouest,"Total, tous les genres de production d'électricité",61,40.41
2021,Nouvelle-Écosse,"Total, tous les genres de production d'électricité",12,20.68
2021,Nunavut,"Total, tous les genres de production d'électricité",62,0.0
2021,Ontario,"Total, tous les genres de production d'électricité",35,33.92
2021,Île-du-Prince-Édouard,"Total, tous les genres de production d'électricité",11,98.92
2021,Québec,"Total, tous les genres de production d'électricité",24,99.03
2021,Saskatchewan,"Total, tous les genres de production d'électricité",47,15.97
2021,Yukon,"Total, tous les genres de production d'électricité",60,88.44
2022,Alberta,"Total, tous les genres de production d'électricité",48,13.79
2022,Colombie-Britannique,"Total, tous les genres de production d'électricité",59,93.01
2022,Manitoba,"Total, tous les genres de production d'électricité",46,99.7
2022,Nouveau-Brunswick,"Total, tous les genres de production d'électricité",13,31.33
2022,Terre-Neuve-et-Labrador,"Total, tous les genres de production d'électricité",10,97.05
2022,Territoires du Nord-Ouest,"Total, tous les genres de production d'électricité",61,37.0
2022,Nouvelle-Écosse,"Total, tous les genres de production d'électricité",12,25.11
2022,Nunavut,"Total, tous les genres de production d'électricité",62,0.0
2022,Ontario,"Total, tous les genres de production d'électricité",35,36.58
2022,Île-du-Prince-Édouard,"Total, tous les genres de production d'électricité",11,98.9
2022,Québec,"Total, tous les genres de production d'électricité",24,99.05
2022,Saskatchewan,"Total, tous les genres de production d'électricité",47,20.62
2022,Yukon,"Total, tous les genres de production d'électricité",60,88.38
