Year,Géographie,Progress,GeoCode,Value
2015,Alberta,79354.3,48,-5.3
2016,Alberta,75785.13,48,-4.5
2017,Alberta,78412.01,48,3.47
2018,Alberta,78965.77,48,0.71
2019,Alberta,77899.34,48,-1.35
2020,Alberta,70953.23,48,-8.92
2021,Alberta,74255.83,48,4.65
2022,Alberta,77267.18,48,4.06
2023,Alberta,76091.55,48,-1.52
2015,Colombie-Britannique,55508.25,59,0.9
2016,Colombie-Britannique,55935.81,59,0.77
2017,Colombie-Britannique,57209.45,59,2.28
2018,Colombie-Britannique,58192.24,59,1.72
2019,Colombie-Britannique,58668.7,59,0.82
2020,Colombie-Britannique,56137.81,59,-4.31
2021,Colombie-Britannique,59877.76,59,6.66
2022,Colombie-Britannique,60715.32,59,1.4
2023,Colombie-Britannique,60395.67,59,-0.53
2015,,57590.92,,-0.11
2016,,57534.31,,-0.1
2017,,58575.36,,1.81
2018,,59325.67,,1.28
2019,,59580.56,,0.43
2020,,55968.56,,-6.06
2021,,58971.42,,5.37
2022,,60321.36,,2.29
2023,,59562.98,,-1.26
2015,Manitoba,52591.3,46,-0.03
2016,Manitoba,52518.76,46,-0.14
2017,Manitoba,53407.65,46,1.69
2018,Manitoba,53706.44,46,0.56
2019,Manitoba,53651.99,46,-0.1
2020,Manitoba,51077.0,46,-4.8
2021,Manitoba,51366.31,46,0.57
2022,Manitoba,52709.66,46,2.62
2023,Manitoba,52135.9,46,-1.09
2015,Nouveau-Brunswick,45676.78,13,0.58
2016,Nouveau-Brunswick,45798.5,13,0.27
2017,Nouveau-Brunswick,46730.33,13,2.03
2018,Nouveau-Brunswick,47006.02,13,0.59
2019,Nouveau-Brunswick,47214.58,13,0.44
2020,Nouveau-Brunswick,45176.86,13,-4.32
2021,Nouveau-Brunswick,47130.63,13,4.32
2022,Nouveau-Brunswick,47012.56,13,-0.25
2023,Nouveau-Brunswick,46487.62,13,-1.12
2015,Terre-Neuve-et-Labrador,61908.06,10,-1.24
2016,Terre-Neuve-et-Labrador,62692.37,10,1.27
2017,Terre-Neuve-et-Labrador,63595.11,10,1.44
2018,Terre-Neuve-et-Labrador,62142.08,10,-2.28
2019,Terre-Neuve-et-Labrador,64735.06,10,4.17
2020,Terre-Neuve-et-Labrador,61706.18,10,-4.68
2021,Terre-Neuve-et-Labrador,62300.78,10,0.96
2022,Terre-Neuve-et-Labrador,60609.08,10,-2.72
2023,Terre-Neuve-et-Labrador,58200.89,10,-3.97
2015,Territoires du Nord-Ouest,102583.23,61,0.03
2016,Territoires du Nord-Ouest,100282.36,61,-2.24
2017,Territoires du Nord-Ouest,103636.69,61,3.34
2018,Territoires du Nord-Ouest,105173.34,61,1.48
2019,Territoires du Nord-Ouest,101300.57,61,-3.68
2020,Territoires du Nord-Ouest,92059.14,61,-9.12
2021,Territoires du Nord-Ouest,95067.18,61,3.27
2022,Territoires du Nord-Ouest,97510.7,61,2.57
2023,Territoires du Nord-Ouest,97054.74,61,-0.47
2015,Nouvelle-Écosse,44663.06,12,0.71
2016,Nouvelle-Écosse,45102.57,12,0.98
2017,Nouvelle-Écosse,45490.3,12,0.86
2018,Nouvelle-Écosse,45814.66,12,0.71
2019,Nouvelle-Écosse,46716.59,12,1.97
2020,Nouvelle-Écosse,43989.49,12,-5.84
2021,Nouvelle-Écosse,46294.26,12,5.24
2022,Nouvelle-Écosse,46764.07,12,1.01
2023,Nouvelle-Écosse,46390.09,12,-0.8
2015,Nunavut,69854.75,62,-1.74
2016,Nunavut,72446.52,62,3.71
2017,Nunavut,80518.38,62,11.14
2018,Nunavut,82720.11,62,2.73
2019,Nunavut,87952.83,62,6.33
2020,Nunavut,88477.42,62,0.6
2021,Nunavut,92900.26,62,5.0
2022,Nunavut,92850.28,62,-0.05
2023,Nunavut,95683.84,62,3.05
2015,Ontario,57323.6,35,1.77
2016,Ontario,57821.86,35,0.87
2017,Ontario,58598.51,35,1.34
2018,Ontario,59471.22,35,1.49
2019,Ontario,59682.86,35,0.36
2020,Ontario,56244.12,35,-5.76
2021,Ontario,59333.18,35,5.49
2022,Ontario,60499.2,35,1.97
2023,Ontario,59667.88,35,-1.37
2015,Île-du-Prince-Édouard,43910.23,11,1.03
2016,Île-du-Prince-Édouard,44162.0,11,0.57
2017,Île-du-Prince-Édouard,45351.94,11,2.69
2018,Île-du-Prince-Édouard,45356.92,11,0.01
2019,Île-du-Prince-Édouard,46356.68,11,2.2
2020,Île-du-Prince-Édouard,43990.63,11,-5.1
2021,Île-du-Prince-Édouard,46579.04,11,5.88
2022,Île-du-Prince-Édouard,47165.07,11,1.26
2023,Île-du-Prince-Édouard,46404.27,11,-1.61
2015,Québec,48999.95,24,0.54
2016,Québec,49487.44,24,0.99
2017,Québec,50486.37,24,2.02
2018,Québec,51299.21,24,1.61
2019,Québec,52154.34,24,1.67
2020,Québec,49285.5,24,-5.5
2021,Québec,52730.74,24,6.99
2022,Québec,53892.39,24,2.2
2023,Québec,53306.3,24,-1.09
2015,Saskatchewan,69766.8,47,-1.75
2016,Saskatchewan,68896.76,47,-1.25
2017,Saskatchewan,69952.02,47,1.53
2018,Saskatchewan,70566.77,47,0.88
2019,Saskatchewan,69764.13,47,-1.14
2020,Saskatchewan,66611.22,47,-4.52
2021,Saskatchewan,64846.52,47,-2.65
2022,Saskatchewan,68884.69,47,6.23
2023,Saskatchewan,68667.23,47,-0.32
2015,Yukon,70004.51,60,-9.26
2016,Yukon,73464.94,60,4.94
2017,Yukon,72926.42,60,-0.73
2018,Yukon,73063.88,60,0.19
2019,Yukon,70701.92,60,-3.23
2020,Yukon,70594.4,60,-0.15
2021,Yukon,75393.96,60,6.8
2022,Yukon,79327.09,60,5.22
2023,Yukon,77742.79,60,-2.0
