Year,Household income quintile,Household income decile,Geography,Series,GeoCode,Value
2010-2015,All quintiles,,Canada,Household expenditure per capita,,1.307
2010-2015,Lowest quintile,,Canada,Household expenditure per capita,,1.846
2010-2015,Second quintile,,Canada,Household expenditure per capita,,1.434
2010-2015,All quintiles,,Newfoundland and Labrador,Household expenditure per capita,10,3.696
2010-2015,Lowest quintile,,Newfoundland and Labrador,Household expenditure per capita,10,2.873
2010-2015,Second quintile,,Newfoundland and Labrador,Household expenditure per capita,10,2.754
2010-2015,All quintiles,,Prince Edward Island,Household expenditure per capita,11,1.686
2010-2015,Lowest quintile,,Prince Edward Island,Household expenditure per capita,11,0.403
2010-2015,Second quintile,,Prince Edward Island,Household expenditure per capita,11,1.013
2010-2015,All quintiles,,Nova Scotia,Household expenditure per capita,12,2.608
2010-2015,Lowest quintile,,Nova Scotia,Household expenditure per capita,12,2.301
2010-2015,Second quintile,,Nova Scotia,Household expenditure per capita,12,1.55
2010-2015,All quintiles,,New Brunswick,Household expenditure per capita,13,1.378
2010-2015,Lowest quintile,,New Brunswick,Household expenditure per capita,13,1.621
2010-2015,Second quintile,,New Brunswick,Household expenditure per capita,13,0.495
2010-2015,All quintiles,,Quebec,Household expenditure per capita,24,0.386
2010-2015,Lowest quintile,,Quebec,Household expenditure per capita,24,0.765
2010-2015,Second quintile,,Quebec,Household expenditure per capita,24,-0.186
2010-2015,All quintiles,,Ontario,Household expenditure per capita,35,1.424
2010-2015,Lowest quintile,,Ontario,Household expenditure per capita,35,4.778
2010-2015,Second quintile,,Ontario,Household expenditure per capita,35,2.092
2010-2015,All quintiles,,Manitoba,Household expenditure per capita,46,1.134
2010-2015,Lowest quintile,,Manitoba,Household expenditure per capita,46,-0.647
2010-2015,Second quintile,,Manitoba,Household expenditure per capita,46,2.809
2010-2015,All quintiles,,Saskatchewan,Household expenditure per capita,47,3.134
2010-2015,Lowest quintile,,Saskatchewan,Household expenditure per capita,47,3.609
2010-2015,Second quintile,,Saskatchewan,Household expenditure per capita,47,1.88
2010-2015,All quintiles,,Alberta,Household expenditure per capita,48,1.706
2010-2015,Lowest quintile,,Alberta,Household expenditure per capita,48,1.609
2010-2015,Second quintile,,Alberta,Household expenditure per capita,48,0.986
2010-2015,All quintiles,,British Columbia,Household expenditure per capita,59,0.757
2010-2015,Lowest quintile,,British Columbia,Household expenditure per capita,59,0.601
2010-2015,Second quintile,,British Columbia,Household expenditure per capita,59,-0.102
2011-2016,All quintiles,,Canada,Household expenditure per capita,,1.376
2011-2016,Lowest quintile,,Canada,Household expenditure per capita,,1.246
2011-2016,Second quintile,,Canada,Household expenditure per capita,,0.483
2011-2016,All quintiles,,Newfoundland and Labrador,Household expenditure per capita,10,2.744
2011-2016,Lowest quintile,,Newfoundland and Labrador,Household expenditure per capita,10,4.043
2011-2016,Second quintile,,Newfoundland and Labrador,Household expenditure per capita,10,1.415
2011-2016,All quintiles,,Prince Edward Island,Household expenditure per capita,11,1.556
2011-2016,Lowest quintile,,Prince Edward Island,Household expenditure per capita,11,-1.539
2011-2016,Second quintile,,Prince Edward Island,Household expenditure per capita,11,4.658
2011-2016,All quintiles,,Nova Scotia,Household expenditure per capita,12,1.672
2011-2016,Lowest quintile,,Nova Scotia,Household expenditure per capita,12,3.022
2011-2016,Second quintile,,Nova Scotia,Household expenditure per capita,12,2.392
2011-2016,All quintiles,,New Brunswick,Household expenditure per capita,13,0.791
2011-2016,Lowest quintile,,New Brunswick,Household expenditure per capita,13,-0.55
2011-2016,Second quintile,,New Brunswick,Household expenditure per capita,13,0.837
2011-2016,All quintiles,,Quebec,Household expenditure per capita,24,0.76
2011-2016,Lowest quintile,,Quebec,Household expenditure per capita,24,-0.175
2011-2016,Second quintile,,Quebec,Household expenditure per capita,24,0.632
2011-2016,All quintiles,,Ontario,Household expenditure per capita,35,2.008
2011-2016,Lowest quintile,,Ontario,Household expenditure per capita,35,2.427
2011-2016,Second quintile,,Ontario,Household expenditure per capita,35,2.207
2011-2016,All quintiles,,Manitoba,Household expenditure per capita,46,1.125
2011-2016,Lowest quintile,,Manitoba,Household expenditure per capita,46,0.954
2011-2016,Second quintile,,Manitoba,Household expenditure per capita,46,0.094
2011-2016,All quintiles,,Saskatchewan,Household expenditure per capita,47,2.877
2011-2016,Lowest quintile,,Saskatchewan,Household expenditure per capita,47,6.696
2011-2016,Second quintile,,Saskatchewan,Household expenditure per capita,47,2.955
2011-2016,All quintiles,,Alberta,Household expenditure per capita,48,0.408
2011-2016,Lowest quintile,,Alberta,Household expenditure per capita,48,-1.816
2011-2016,Second quintile,,Alberta,Household expenditure per capita,48,-0.993
2011-2016,All quintiles,,British Columbia,Household expenditure per capita,59,0.715
2011-2016,Lowest quintile,,British Columbia,Household expenditure per capita,59,-1.253
2011-2016,Second quintile,,British Columbia,Household expenditure per capita,59,-0.382
2012-2017,All quintiles,,Canada,Household expenditure per capita,,1.519
2012-2017,Lowest quintile,,Canada,Household expenditure per capita,,2.029
2012-2017,Second quintile,,Canada,Household expenditure per capita,,2.442
2012-2017,All quintiles,,Newfoundland and Labrador,Household expenditure per capita,10,1.529
2012-2017,Lowest quintile,,Newfoundland and Labrador,Household expenditure per capita,10,4.475
2012-2017,Second quintile,,Newfoundland and Labrador,Household expenditure per capita,10,2.789
2012-2017,All quintiles,,Prince Edward Island,Household expenditure per capita,11,0.087
2012-2017,Lowest quintile,,Prince Edward Island,Household expenditure per capita,11,5.237
2012-2017,Second quintile,,Prince Edward Island,Household expenditure per capita,11,0.342
2012-2017,All quintiles,,Nova Scotia,Household expenditure per capita,12,0.76
2012-2017,Lowest quintile,,Nova Scotia,Household expenditure per capita,12,0.641
2012-2017,Second quintile,,Nova Scotia,Household expenditure per capita,12,-1.549
2012-2017,All quintiles,,New Brunswick,Household expenditure per capita,13,0.879
2012-2017,Lowest quintile,,New Brunswick,Household expenditure per capita,13,-0.079
2012-2017,Second quintile,,New Brunswick,Household expenditure per capita,13,-0.279
2012-2017,All quintiles,,Quebec,Household expenditure per capita,24,1.624
2012-2017,Lowest quintile,,Quebec,Household expenditure per capita,24,2.856
2012-2017,Second quintile,,Quebec,Household expenditure per capita,24,1.72
2012-2017,All quintiles,,Ontario,Household expenditure per capita,35,1.896
2012-2017,Lowest quintile,,Ontario,Household expenditure per capita,35,2.173
2012-2017,Second quintile,,Ontario,Household expenditure per capita,35,3.265
2012-2017,All quintiles,,Manitoba,Household expenditure per capita,46,1.905
2012-2017,Lowest quintile,,Manitoba,Household expenditure per capita,46,1.962
2012-2017,Second quintile,,Manitoba,Household expenditure per capita,46,2.225
2012-2017,All quintiles,,Saskatchewan,Household expenditure per capita,47,2.495
2012-2017,Lowest quintile,,Saskatchewan,Household expenditure per capita,47,3.777
2012-2017,Second quintile,,Saskatchewan,Household expenditure per capita,47,3.513
2012-2017,All quintiles,,Alberta,Household expenditure per capita,48,-0.872
2012-2017,Lowest quintile,,Alberta,Household expenditure per capita,48,-0.797
2012-2017,Second quintile,,Alberta,Household expenditure per capita,48,-0.04
2012-2017,All quintiles,,British Columbia,Household expenditure per capita,59,2.111
2012-2017,Lowest quintile,,British Columbia,Household expenditure per capita,59,2.853
2012-2017,Second quintile,,British Columbia,Household expenditure per capita,59,2.77
2013-2018,All quintiles,,Canada,Household expenditure per capita,,
2013-2018,Lowest quintile,,Canada,Household expenditure per capita,,
2013-2018,Second quintile,,Canada,Household expenditure per capita,,
2013-2018,All quintiles,,Newfoundland and Labrador,Household expenditure per capita,10,
2013-2018,Lowest quintile,,Newfoundland and Labrador,Household expenditure per capita,10,
2013-2018,Second quintile,,Newfoundland and Labrador,Household expenditure per capita,10,
2013-2018,All quintiles,,Prince Edward Island,Household expenditure per capita,11,
2013-2018,Lowest quintile,,Prince Edward Island,Household expenditure per capita,11,
2013-2018,Second quintile,,Prince Edward Island,Household expenditure per capita,11,
2013-2018,All quintiles,,Nova Scotia,Household expenditure per capita,12,
2013-2018,Lowest quintile,,Nova Scotia,Household expenditure per capita,12,
2013-2018,Second quintile,,Nova Scotia,Household expenditure per capita,12,
2013-2018,All quintiles,,New Brunswick,Household expenditure per capita,13,
2013-2018,Lowest quintile,,New Brunswick,Household expenditure per capita,13,
2013-2018,Second quintile,,New Brunswick,Household expenditure per capita,13,
2013-2018,All quintiles,,Quebec,Household expenditure per capita,24,
2013-2018,Lowest quintile,,Quebec,Household expenditure per capita,24,
2013-2018,Second quintile,,Quebec,Household expenditure per capita,24,
2013-2018,All quintiles,,Ontario,Household expenditure per capita,35,
2013-2018,Lowest quintile,,Ontario,Household expenditure per capita,35,
2013-2018,Second quintile,,Ontario,Household expenditure per capita,35,
2013-2018,All quintiles,,Manitoba,Household expenditure per capita,46,
2013-2018,Lowest quintile,,Manitoba,Household expenditure per capita,46,
2013-2018,Second quintile,,Manitoba,Household expenditure per capita,46,
2013-2018,All quintiles,,Saskatchewan,Household expenditure per capita,47,
2013-2018,Lowest quintile,,Saskatchewan,Household expenditure per capita,47,
2013-2018,Second quintile,,Saskatchewan,Household expenditure per capita,47,
2013-2018,All quintiles,,Alberta,Household expenditure per capita,48,
2013-2018,Lowest quintile,,Alberta,Household expenditure per capita,48,
2013-2018,Second quintile,,Alberta,Household expenditure per capita,48,
2013-2018,All quintiles,,British Columbia,Household expenditure per capita,59,
2013-2018,Lowest quintile,,British Columbia,Household expenditure per capita,59,
2013-2018,Second quintile,,British Columbia,Household expenditure per capita,59,
2014-2019,All quintiles,,Canada,Household expenditure per capita,,1.929
2014-2019,Lowest quintile,,Canada,Household expenditure per capita,,1.97
2014-2019,Second quintile,,Canada,Household expenditure per capita,,1.924
2014-2019,All quintiles,,Newfoundland and Labrador,Household expenditure per capita,10,0.374
2014-2019,Lowest quintile,,Newfoundland and Labrador,Household expenditure per capita,10,2.86
2014-2019,Second quintile,,Newfoundland and Labrador,Household expenditure per capita,10,0.665
2014-2019,All quintiles,,Prince Edward Island,Household expenditure per capita,11,0.296
2014-2019,Lowest quintile,,Prince Edward Island,Household expenditure per capita,11,-2.429
2014-2019,Second quintile,,Prince Edward Island,Household expenditure per capita,11,1.354
2014-2019,All quintiles,,Nova Scotia,Household expenditure per capita,12,1.963
2014-2019,Lowest quintile,,Nova Scotia,Household expenditure per capita,12,2.436
2014-2019,Second quintile,,Nova Scotia,Household expenditure per capita,12,2.133
2014-2019,All quintiles,,New Brunswick,Household expenditure per capita,13,1.881
2014-2019,Lowest quintile,,New Brunswick,Household expenditure per capita,13,2.338
2014-2019,Second quintile,,New Brunswick,Household expenditure per capita,13,0.815
2014-2019,All quintiles,,Quebec,Household expenditure per capita,24,1.991
2014-2019,Lowest quintile,,Quebec,Household expenditure per capita,24,1.493
2014-2019,Second quintile,,Quebec,Household expenditure per capita,24,1.0
2014-2019,All quintiles,,Ontario,Household expenditure per capita,35,1.724
2014-2019,Lowest quintile,,Ontario,Household expenditure per capita,35,0.152
2014-2019,Second quintile,,Ontario,Household expenditure per capita,35,3.89
2014-2019,All quintiles,,Manitoba,Household expenditure per capita,46,1.696
2014-2019,Lowest quintile,,Manitoba,Household expenditure per capita,46,1.64
2014-2019,Second quintile,,Manitoba,Household expenditure per capita,46,2.344
2014-2019,All quintiles,,Saskatchewan,Household expenditure per capita,47,1.807
2014-2019,Lowest quintile,,Saskatchewan,Household expenditure per capita,47,-0.115
2014-2019,Second quintile,,Saskatchewan,Household expenditure per capita,47,-0.841
2014-2019,All quintiles,,Alberta,Household expenditure per capita,48,0.995
2014-2019,Lowest quintile,,Alberta,Household expenditure per capita,48,1.282
2014-2019,Second quintile,,Alberta,Household expenditure per capita,48,-0.317
2014-2019,All quintiles,,British Columbia,Household expenditure per capita,59,3.242
2014-2019,Lowest quintile,,British Columbia,Household expenditure per capita,59,4.735
2014-2019,Second quintile,,British Columbia,Household expenditure per capita,59,4.796
2015-2020,All quintiles,,Canada,Household expenditure per capita,,
2015-2020,Lowest quintile,,Canada,Household expenditure per capita,,
2015-2020,Second quintile,,Canada,Household expenditure per capita,,
2015-2020,All quintiles,,Newfoundland and Labrador,Household expenditure per capita,10,
2015-2020,Lowest quintile,,Newfoundland and Labrador,Household expenditure per capita,10,
2015-2020,Second quintile,,Newfoundland and Labrador,Household expenditure per capita,10,
2015-2020,All quintiles,,Prince Edward Island,Household expenditure per capita,11,
2015-2020,Lowest quintile,,Prince Edward Island,Household expenditure per capita,11,
2015-2020,Second quintile,,Prince Edward Island,Household expenditure per capita,11,
2015-2020,All quintiles,,Nova Scotia,Household expenditure per capita,12,
2015-2020,Lowest quintile,,Nova Scotia,Household expenditure per capita,12,
2015-2020,Second quintile,,Nova Scotia,Household expenditure per capita,12,
2015-2020,All quintiles,,New Brunswick,Household expenditure per capita,13,
2015-2020,Lowest quintile,,New Brunswick,Household expenditure per capita,13,
2015-2020,Second quintile,,New Brunswick,Household expenditure per capita,13,
2015-2020,All quintiles,,Quebec,Household expenditure per capita,24,
2015-2020,Lowest quintile,,Quebec,Household expenditure per capita,24,
2015-2020,Second quintile,,Quebec,Household expenditure per capita,24,
2015-2020,All quintiles,,Ontario,Household expenditure per capita,35,
2015-2020,Lowest quintile,,Ontario,Household expenditure per capita,35,
2015-2020,Second quintile,,Ontario,Household expenditure per capita,35,
2015-2020,All quintiles,,Manitoba,Household expenditure per capita,46,
2015-2020,Lowest quintile,,Manitoba,Household expenditure per capita,46,
2015-2020,Second quintile,,Manitoba,Household expenditure per capita,46,
2015-2020,All quintiles,,Saskatchewan,Household expenditure per capita,47,
2015-2020,Lowest quintile,,Saskatchewan,Household expenditure per capita,47,
2015-2020,Second quintile,,Saskatchewan,Household expenditure per capita,47,
2015-2020,All quintiles,,Alberta,Household expenditure per capita,48,
2015-2020,Lowest quintile,,Alberta,Household expenditure per capita,48,
2015-2020,Second quintile,,Alberta,Household expenditure per capita,48,
2015-2020,All quintiles,,British Columbia,Household expenditure per capita,59,
2015-2020,Lowest quintile,,British Columbia,Household expenditure per capita,59,
2015-2020,Second quintile,,British Columbia,Household expenditure per capita,59,
2016-2021,All quintiles,,Canada,Household expenditure per capita,,0.385
2016-2021,Lowest quintile,,Canada,Household expenditure per capita,,2.084
2016-2021,Second quintile,,Canada,Household expenditure per capita,,0.565
2016-2021,All quintiles,,Newfoundland and Labrador,Household expenditure per capita,10,0.783
2016-2021,Lowest quintile,,Newfoundland and Labrador,Household expenditure per capita,10,4.11
2016-2021,Second quintile,,Newfoundland and Labrador,Household expenditure per capita,10,2.075
2016-2021,All quintiles,,Prince Edward Island,Household expenditure per capita,11,0.949
2016-2021,Lowest quintile,,Prince Edward Island,Household expenditure per capita,11,10.767
2016-2021,Second quintile,,Prince Edward Island,Household expenditure per capita,11,-2.217
2016-2021,All quintiles,,Nova Scotia,Household expenditure per capita,12,0.854
2016-2021,Lowest quintile,,Nova Scotia,Household expenditure per capita,12,0.923
2016-2021,Second quintile,,Nova Scotia,Household expenditure per capita,12,1.348
2016-2021,All quintiles,,New Brunswick,Household expenditure per capita,13,2.068
2016-2021,Lowest quintile,,New Brunswick,Household expenditure per capita,13,4.033
2016-2021,Second quintile,,New Brunswick,Household expenditure per capita,13,3.253
2016-2021,All quintiles,,Quebec,Household expenditure per capita,24,1.155
2016-2021,Lowest quintile,,Quebec,Household expenditure per capita,24,3.174
2016-2021,Second quintile,,Quebec,Household expenditure per capita,24,0.894
2016-2021,All quintiles,,Ontario,Household expenditure per capita,35,-0.347
2016-2021,Lowest quintile,,Ontario,Household expenditure per capita,35,1.023
2016-2021,Second quintile,,Ontario,Household expenditure per capita,35,-2.139
2016-2021,All quintiles,,Manitoba,Household expenditure per capita,46,1.277
2016-2021,Lowest quintile,,Manitoba,Household expenditure per capita,46,1.766
2016-2021,Second quintile,,Manitoba,Household expenditure per capita,46,2.324
2016-2021,All quintiles,,Saskatchewan,Household expenditure per capita,47,0.362
2016-2021,Lowest quintile,,Saskatchewan,Household expenditure per capita,47,0.254
2016-2021,Second quintile,,Saskatchewan,Household expenditure per capita,47,0.862
2016-2021,All quintiles,,Alberta,Household expenditure per capita,48,-0.834
2016-2021,Lowest quintile,,Alberta,Household expenditure per capita,48,1.539
2016-2021,Second quintile,,Alberta,Household expenditure per capita,48,0.008
2016-2021,All quintiles,,British Columbia,Household expenditure per capita,59,1.559
2016-2021,Lowest quintile,,British Columbia,Household expenditure per capita,59,4.729
2016-2021,Second quintile,,British Columbia,Household expenditure per capita,59,2.891
2017-2022,All quintiles,,Canada,Household expenditure per capita,,
2017-2022,Lowest quintile,,Canada,Household expenditure per capita,,
2017-2022,Second quintile,,Canada,Household expenditure per capita,,
2017-2022,All quintiles,,Newfoundland and Labrador,Household expenditure per capita,10,
2017-2022,Lowest quintile,,Newfoundland and Labrador,Household expenditure per capita,10,
2017-2022,Second quintile,,Newfoundland and Labrador,Household expenditure per capita,10,
2017-2022,All quintiles,,Prince Edward Island,Household expenditure per capita,11,
2017-2022,Lowest quintile,,Prince Edward Island,Household expenditure per capita,11,
2017-2022,Second quintile,,Prince Edward Island,Household expenditure per capita,11,
2017-2022,All quintiles,,Nova Scotia,Household expenditure per capita,12,
2017-2022,Lowest quintile,,Nova Scotia,Household expenditure per capita,12,
2017-2022,Second quintile,,Nova Scotia,Household expenditure per capita,12,
2017-2022,All quintiles,,New Brunswick,Household expenditure per capita,13,
2017-2022,Lowest quintile,,New Brunswick,Household expenditure per capita,13,
2017-2022,Second quintile,,New Brunswick,Household expenditure per capita,13,
2017-2022,All quintiles,,Quebec,Household expenditure per capita,24,
2017-2022,Lowest quintile,,Quebec,Household expenditure per capita,24,
2017-2022,Second quintile,,Quebec,Household expenditure per capita,24,
2017-2022,All quintiles,,Ontario,Household expenditure per capita,35,
2017-2022,Lowest quintile,,Ontario,Household expenditure per capita,35,
2017-2022,Second quintile,,Ontario,Household expenditure per capita,35,
2017-2022,All quintiles,,Manitoba,Household expenditure per capita,46,
2017-2022,Lowest quintile,,Manitoba,Household expenditure per capita,46,
2017-2022,Second quintile,,Manitoba,Household expenditure per capita,46,
2017-2022,All quintiles,,Saskatchewan,Household expenditure per capita,47,
2017-2022,Lowest quintile,,Saskatchewan,Household expenditure per capita,47,
2017-2022,Second quintile,,Saskatchewan,Household expenditure per capita,47,
2017-2022,All quintiles,,Alberta,Household expenditure per capita,48,
2017-2022,Lowest quintile,,Alberta,Household expenditure per capita,48,
2017-2022,Second quintile,,Alberta,Household expenditure per capita,48,
2017-2022,All quintiles,,British Columbia,Household expenditure per capita,59,
2017-2022,Lowest quintile,,British Columbia,Household expenditure per capita,59,
2017-2022,Second quintile,,British Columbia,Household expenditure per capita,59,
2018-2023,All quintiles,,Canada,Household expenditure per capita,,
2018-2023,Lowest quintile,,Canada,Household expenditure per capita,,
2018-2023,Second quintile,,Canada,Household expenditure per capita,,
2018-2023,All quintiles,,Newfoundland and Labrador,Household expenditure per capita,10,
2018-2023,Lowest quintile,,Newfoundland and Labrador,Household expenditure per capita,10,
2018-2023,Second quintile,,Newfoundland and Labrador,Household expenditure per capita,10,
2018-2023,All quintiles,,Prince Edward Island,Household expenditure per capita,11,
2018-2023,Lowest quintile,,Prince Edward Island,Household expenditure per capita,11,
2018-2023,Second quintile,,Prince Edward Island,Household expenditure per capita,11,
2018-2023,All quintiles,,Nova Scotia,Household expenditure per capita,12,
2018-2023,Lowest quintile,,Nova Scotia,Household expenditure per capita,12,
2018-2023,Second quintile,,Nova Scotia,Household expenditure per capita,12,
2018-2023,All quintiles,,New Brunswick,Household expenditure per capita,13,
2018-2023,Lowest quintile,,New Brunswick,Household expenditure per capita,13,
2018-2023,Second quintile,,New Brunswick,Household expenditure per capita,13,
2018-2023,All quintiles,,Quebec,Household expenditure per capita,24,
2018-2023,Lowest quintile,,Quebec,Household expenditure per capita,24,
2018-2023,Second quintile,,Quebec,Household expenditure per capita,24,
2018-2023,All quintiles,,Ontario,Household expenditure per capita,35,
2018-2023,Lowest quintile,,Ontario,Household expenditure per capita,35,
2018-2023,Second quintile,,Ontario,Household expenditure per capita,35,
2018-2023,All quintiles,,Manitoba,Household expenditure per capita,46,
2018-2023,Lowest quintile,,Manitoba,Household expenditure per capita,46,
2018-2023,Second quintile,,Manitoba,Household expenditure per capita,46,
2018-2023,All quintiles,,Saskatchewan,Household expenditure per capita,47,
2018-2023,Lowest quintile,,Saskatchewan,Household expenditure per capita,47,
2018-2023,Second quintile,,Saskatchewan,Household expenditure per capita,47,
2018-2023,All quintiles,,Alberta,Household expenditure per capita,48,
2018-2023,Lowest quintile,,Alberta,Household expenditure per capita,48,
2018-2023,Second quintile,,Alberta,Household expenditure per capita,48,
2018-2023,All quintiles,,British Columbia,Household expenditure per capita,59,
2018-2023,Lowest quintile,,British Columbia,Household expenditure per capita,59,
2018-2023,Second quintile,,British Columbia,Household expenditure per capita,59,
2010-2015,,Total deciles,Canada,Income per capita,,0.252
2010-2015,,Lowest decile,Canada,Income per capita,,0.001
2010-2015,,Second decile,Canada,Income per capita,,0.152
2010-2015,,Third decile,Canada,Income per capita,,0.349
2010-2015,,Fourth decile,Canada,Income per capita,,0.441
2010-2015,,Total deciles,Newfoundland and Labrador,Income per capita,10,2.422
2010-2015,,Lowest decile,Newfoundland and Labrador,Income per capita,10,1.541
2010-2015,,Second decile,Newfoundland and Labrador,Income per capita,10,1.237
2010-2015,,Third decile,Newfoundland and Labrador,Income per capita,10,1.909
2010-2015,,Fourth decile,Newfoundland and Labrador,Income per capita,10,2.546
2010-2015,,Total deciles,Prince Edward Island,Income per capita,11,0.684
2010-2015,,Lowest decile,Prince Edward Island,Income per capita,11,-6.248
2010-2015,,Second decile,Prince Edward Island,Income per capita,11,-0.781
2010-2015,,Third decile,Prince Edward Island,Income per capita,11,-0.3
2010-2015,,Fourth decile,Prince Edward Island,Income per capita,11,1.029
2010-2015,,Total deciles,Nova Scotia,Income per capita,12,1.692
2010-2015,,Lowest decile,Nova Scotia,Income per capita,12,0.478
2010-2015,,Second decile,Nova Scotia,Income per capita,12,0.628
2010-2015,,Third decile,Nova Scotia,Income per capita,12,1.449
2010-2015,,Fourth decile,Nova Scotia,Income per capita,12,2.254
2010-2015,,Total deciles,New Brunswick,Income per capita,13,0.48
2010-2015,,Lowest decile,New Brunswick,Income per capita,13,-1.397
2010-2015,,Second decile,New Brunswick,Income per capita,13,0.436
2010-2015,,Third decile,New Brunswick,Income per capita,13,1.282
2010-2015,,Fourth decile,New Brunswick,Income per capita,13,1.593
2010-2015,,Total deciles,Quebec,Income per capita,24,0.241
2010-2015,,Lowest decile,Quebec,Income per capita,24,0.477
2010-2015,,Second decile,Quebec,Income per capita,24,0.047
2010-2015,,Third decile,Quebec,Income per capita,24,0.4
2010-2015,,Fourth decile,Quebec,Income per capita,24,0.291
2010-2015,,Total deciles,Ontario,Income per capita,35,0.174
2010-2015,,Lowest decile,Ontario,Income per capita,35,-0.49
2010-2015,,Second decile,Ontario,Income per capita,35,0.126
2010-2015,,Third decile,Ontario,Income per capita,35,0.281
2010-2015,,Fourth decile,Ontario,Income per capita,35,0.561
2010-2015,,Total deciles,Manitoba,Income per capita,46,-0.142
2010-2015,,Lowest decile,Manitoba,Income per capita,46,-1.519
2010-2015,,Second decile,Manitoba,Income per capita,46,0.022
2010-2015,,Third decile,Manitoba,Income per capita,46,0.246
2010-2015,,Fourth decile,Manitoba,Income per capita,46,-0.627
2010-2015,,Total deciles,Saskatchewan,Income per capita,47,0.485
2010-2015,,Lowest decile,Saskatchewan,Income per capita,47,5.139
2010-2015,,Second decile,Saskatchewan,Income per capita,47,0.721
2010-2015,,Third decile,Saskatchewan,Income per capita,47,1.32
2010-2015,,Fourth decile,Saskatchewan,Income per capita,47,0.734
2010-2015,,Total deciles,Alberta,Income per capita,48,-0.142
2010-2015,,Lowest decile,Alberta,Income per capita,48,1.744
2010-2015,,Second decile,Alberta,Income per capita,48,0.139
2010-2015,,Third decile,Alberta,Income per capita,48,-0.629
2010-2015,,Fourth decile,Alberta,Income per capita,48,-0.353
2010-2015,,Total deciles,British Columbia,Income per capita,59,-0.3
2010-2015,,Lowest decile,British Columbia,Income per capita,59,-0.847
2010-2015,,Second decile,British Columbia,Income per capita,59,-0.849
2010-2015,,Third decile,British Columbia,Income per capita,59,0.099
2010-2015,,Fourth decile,British Columbia,Income per capita,59,0.338
2010-2015,,Total deciles,Yukon,Income per capita,60,
2010-2015,,Lowest decile,Yukon,Income per capita,60,
2010-2015,,Second decile,Yukon,Income per capita,60,
2010-2015,,Third decile,Yukon,Income per capita,60,
2010-2015,,Fourth decile,Yukon,Income per capita,60,
2010-2015,,Total deciles,Northwest Territories,Income per capita,61,
2010-2015,,Lowest decile,Northwest Territories,Income per capita,61,
2010-2015,,Second decile,Northwest Territories,Income per capita,61,
2010-2015,,Third decile,Northwest Territories,Income per capita,61,
2010-2015,,Fourth decile,Northwest Territories,Income per capita,61,
2010-2015,,Total deciles,Nunavut,Income per capita,62,
2010-2015,,Lowest decile,Nunavut,Income per capita,62,
2010-2015,,Second decile,Nunavut,Income per capita,62,
2010-2015,,Third decile,Nunavut,Income per capita,62,
2010-2015,,Fourth decile,Nunavut,Income per capita,62,
2011-2016,,Total deciles,Canada,Income per capita,,-0.071
2011-2016,,Lowest decile,Canada,Income per capita,,-0.17
2011-2016,,Second decile,Canada,Income per capita,,0.37
2011-2016,,Third decile,Canada,Income per capita,,0.348
2011-2016,,Fourth decile,Canada,Income per capita,,0.08
2011-2016,,Total deciles,Newfoundland and Labrador,Income per capita,10,0.915
2011-2016,,Lowest decile,Newfoundland and Labrador,Income per capita,10,-0.85
2011-2016,,Second decile,Newfoundland and Labrador,Income per capita,10,0.397
2011-2016,,Third decile,Newfoundland and Labrador,Income per capita,10,1.236
2011-2016,,Fourth decile,Newfoundland and Labrador,Income per capita,10,2.081
2011-2016,,Total deciles,Prince Edward Island,Income per capita,11,-0.296
2011-2016,,Lowest decile,Prince Edward Island,Income per capita,11,-2.473
2011-2016,,Second decile,Prince Edward Island,Income per capita,11,-0.696
2011-2016,,Third decile,Prince Edward Island,Income per capita,11,-0.994
2011-2016,,Fourth decile,Prince Edward Island,Income per capita,11,-0.603
2011-2016,,Total deciles,Nova Scotia,Income per capita,12,1.19
2011-2016,,Lowest decile,Nova Scotia,Income per capita,12,-2.334
2011-2016,,Second decile,Nova Scotia,Income per capita,12,-0.122
2011-2016,,Third decile,Nova Scotia,Income per capita,12,0.972
2011-2016,,Fourth decile,Nova Scotia,Income per capita,12,1.265
2011-2016,,Total deciles,New Brunswick,Income per capita,13,0.386
2011-2016,,Lowest decile,New Brunswick,Income per capita,13,1.996
2011-2016,,Second decile,New Brunswick,Income per capita,13,0.083
2011-2016,,Third decile,New Brunswick,Income per capita,13,0.447
2011-2016,,Fourth decile,New Brunswick,Income per capita,13,0.654
2011-2016,,Total deciles,Quebec,Income per capita,24,0.436
2011-2016,,Lowest decile,Quebec,Income per capita,24,-0.07
2011-2016,,Second decile,Quebec,Income per capita,24,1.023
2011-2016,,Third decile,Quebec,Income per capita,24,0.913
2011-2016,,Fourth decile,Quebec,Income per capita,24,0.69
2011-2016,,Total deciles,Ontario,Income per capita,35,0.281
2011-2016,,Lowest decile,Ontario,Income per capita,35,0.433
2011-2016,,Second decile,Ontario,Income per capita,35,-0.08
2011-2016,,Third decile,Ontario,Income per capita,35,0.104
2011-2016,,Fourth decile,Ontario,Income per capita,35,0.023
2011-2016,,Total deciles,Manitoba,Income per capita,46,-0.146
2011-2016,,Lowest decile,Manitoba,Income per capita,46,0.204
2011-2016,,Second decile,Manitoba,Income per capita,46,0.503
2011-2016,,Third decile,Manitoba,Income per capita,46,0.209
2011-2016,,Fourth decile,Manitoba,Income per capita,46,-0.223
2011-2016,,Total deciles,Saskatchewan,Income per capita,47,-0.863
2011-2016,,Lowest decile,Saskatchewan,Income per capita,47,0.001
2011-2016,,Second decile,Saskatchewan,Income per capita,47,0.557
2011-2016,,Third decile,Saskatchewan,Income per capita,47,0.758
2011-2016,,Fourth decile,Saskatchewan,Income per capita,47,-0.376
2011-2016,,Total deciles,Alberta,Income per capita,48,-2.263
2011-2016,,Lowest decile,Alberta,Income per capita,48,-0.312
2011-2016,,Second decile,Alberta,Income per capita,48,-0.401
2011-2016,,Third decile,Alberta,Income per capita,48,-0.807
2011-2016,,Fourth decile,Alberta,Income per capita,48,-1.242
2011-2016,,Total deciles,British Columbia,Income per capita,59,-0.495
2011-2016,,Lowest decile,British Columbia,Income per capita,59,-2.604
2011-2016,,Second decile,British Columbia,Income per capita,59,0.815
2011-2016,,Third decile,British Columbia,Income per capita,59,0.292
2011-2016,,Fourth decile,British Columbia,Income per capita,59,-0.163
2011-2016,,Total deciles,Yukon,Income per capita,60,
2011-2016,,Lowest decile,Yukon,Income per capita,60,
2011-2016,,Second decile,Yukon,Income per capita,60,
2011-2016,,Third decile,Yukon,Income per capita,60,
2011-2016,,Fourth decile,Yukon,Income per capita,60,
2011-2016,,Total deciles,Northwest Territories,Income per capita,61,
2011-2016,,Lowest decile,Northwest Territories,Income per capita,61,
2011-2016,,Second decile,Northwest Territories,Income per capita,61,
2011-2016,,Third decile,Northwest Territories,Income per capita,61,
2011-2016,,Fourth decile,Northwest Territories,Income per capita,61,
2011-2016,,Total deciles,Nunavut,Income per capita,62,
2011-2016,,Lowest decile,Nunavut,Income per capita,62,
2011-2016,,Second decile,Nunavut,Income per capita,62,
2011-2016,,Third decile,Nunavut,Income per capita,62,
2011-2016,,Fourth decile,Nunavut,Income per capita,62,
2012-2017,,Total deciles,Canada,Income per capita,,0.075
2012-2017,,Lowest decile,Canada,Income per capita,,0.996
2012-2017,,Second decile,Canada,Income per capita,,0.525
2012-2017,,Third decile,Canada,Income per capita,,0.308
2012-2017,,Fourth decile,Canada,Income per capita,,0.176
2012-2017,,Total deciles,Newfoundland and Labrador,Income per capita,10,0.572
2012-2017,,Lowest decile,Newfoundland and Labrador,Income per capita,10,-0.133
2012-2017,,Second decile,Newfoundland and Labrador,Income per capita,10,0.29
2012-2017,,Third decile,Newfoundland and Labrador,Income per capita,10,0.847
2012-2017,,Fourth decile,Newfoundland and Labrador,Income per capita,10,0.68
2012-2017,,Total deciles,Prince Edward Island,Income per capita,11,0.503
2012-2017,,Lowest decile,Prince Edward Island,Income per capita,11,-4.692
2012-2017,,Second decile,Prince Edward Island,Income per capita,11,-1.428
2012-2017,,Third decile,Prince Edward Island,Income per capita,11,-0.318
2012-2017,,Fourth decile,Prince Edward Island,Income per capita,11,-0.18
2012-2017,,Total deciles,Nova Scotia,Income per capita,12,0.715
2012-2017,,Lowest decile,Nova Scotia,Income per capita,12,-0.45
2012-2017,,Second decile,Nova Scotia,Income per capita,12,-0.482
2012-2017,,Third decile,Nova Scotia,Income per capita,12,0.575
2012-2017,,Fourth decile,Nova Scotia,Income per capita,12,1.094
2012-2017,,Total deciles,New Brunswick,Income per capita,13,0.761
2012-2017,,Lowest decile,New Brunswick,Income per capita,13,1.743
2012-2017,,Second decile,New Brunswick,Income per capita,13,1.01
2012-2017,,Third decile,New Brunswick,Income per capita,13,1.47
2012-2017,,Fourth decile,New Brunswick,Income per capita,13,0.908
2012-2017,,Total deciles,Quebec,Income per capita,24,0.575
2012-2017,,Lowest decile,Quebec,Income per capita,24,0.787
2012-2017,,Second decile,Quebec,Income per capita,24,0.916
2012-2017,,Third decile,Quebec,Income per capita,24,1.036
2012-2017,,Fourth decile,Quebec,Income per capita,24,0.85
2012-2017,,Total deciles,Ontario,Income per capita,35,0.377
2012-2017,,Lowest decile,Ontario,Income per capita,35,1.294
2012-2017,,Second decile,Ontario,Income per capita,35,0.858
2012-2017,,Third decile,Ontario,Income per capita,35,0.333
2012-2017,,Fourth decile,Ontario,Income per capita,35,0.455
2012-2017,,Total deciles,Manitoba,Income per capita,46,0.258
2012-2017,,Lowest decile,Manitoba,Income per capita,46,1.095
2012-2017,,Second decile,Manitoba,Income per capita,46,-0.054
2012-2017,,Third decile,Manitoba,Income per capita,46,-0.028
2012-2017,,Fourth decile,Manitoba,Income per capita,46,-0.422
2012-2017,,Total deciles,Saskatchewan,Income per capita,47,-0.628
2012-2017,,Lowest decile,Saskatchewan,Income per capita,47,-0.355
2012-2017,,Second decile,Saskatchewan,Income per capita,47,-0.492
2012-2017,,Third decile,Saskatchewan,Income per capita,47,-1.147
2012-2017,,Fourth decile,Saskatchewan,Income per capita,47,-0.731
2012-2017,,Total deciles,Alberta,Income per capita,48,-2.173
2012-2017,,Lowest decile,Alberta,Income per capita,48,0.673
2012-2017,,Second decile,Alberta,Income per capita,48,-1.84
2012-2017,,Third decile,Alberta,Income per capita,48,-2.508
2012-2017,,Fourth decile,Alberta,Income per capita,48,-2.29
2012-2017,,Total deciles,British Columbia,Income per capita,59,0.061
2012-2017,,Lowest decile,British Columbia,Income per capita,59,0.63
2012-2017,,Second decile,British Columbia,Income per capita,59,0.765
2012-2017,,Third decile,British Columbia,Income per capita,59,0.817
2012-2017,,Fourth decile,British Columbia,Income per capita,59,0.282
2012-2017,,Total deciles,Yukon,Income per capita,60,
2012-2017,,Lowest decile,Yukon,Income per capita,60,
2012-2017,,Second decile,Yukon,Income per capita,60,
2012-2017,,Third decile,Yukon,Income per capita,60,
2012-2017,,Fourth decile,Yukon,Income per capita,60,
2012-2017,,Total deciles,Northwest Territories,Income per capita,61,
2012-2017,,Lowest decile,Northwest Territories,Income per capita,61,
2012-2017,,Second decile,Northwest Territories,Income per capita,61,
2012-2017,,Third decile,Northwest Territories,Income per capita,61,
2012-2017,,Fourth decile,Northwest Territories,Income per capita,61,
2012-2017,,Total deciles,Nunavut,Income per capita,62,
2012-2017,,Lowest decile,Nunavut,Income per capita,62,
2012-2017,,Second decile,Nunavut,Income per capita,62,
2012-2017,,Third decile,Nunavut,Income per capita,62,
2012-2017,,Fourth decile,Nunavut,Income per capita,62,
2013-2018,,Total deciles,Canada,Income per capita,,-0.262
2013-2018,,Lowest decile,Canada,Income per capita,,1.174
2013-2018,,Second decile,Canada,Income per capita,,0.767
2013-2018,,Third decile,Canada,Income per capita,,0.633
2013-2018,,Fourth decile,Canada,Income per capita,,0.209
2013-2018,,Total deciles,Newfoundland and Labrador,Income per capita,10,-0.549
2013-2018,,Lowest decile,Newfoundland and Labrador,Income per capita,10,-0.167
2013-2018,,Second decile,Newfoundland and Labrador,Income per capita,10,-0.475
2013-2018,,Third decile,Newfoundland and Labrador,Income per capita,10,-0.504
2013-2018,,Fourth decile,Newfoundland and Labrador,Income per capita,10,-0.287
2013-2018,,Total deciles,Prince Edward Island,Income per capita,11,-0.295
2013-2018,,Lowest decile,Prince Edward Island,Income per capita,11,-0.092
2013-2018,,Second decile,Prince Edward Island,Income per capita,11,0.738
2013-2018,,Third decile,Prince Edward Island,Income per capita,11,0.599
2013-2018,,Fourth decile,Prince Edward Island,Income per capita,11,-0.587
2013-2018,,Total deciles,Nova Scotia,Income per capita,12,-0.186
2013-2018,,Lowest decile,Nova Scotia,Income per capita,12,0.89
2013-2018,,Second decile,Nova Scotia,Income per capita,12,0.034
2013-2018,,Third decile,Nova Scotia,Income per capita,12,0.044
2013-2018,,Fourth decile,Nova Scotia,Income per capita,12,0.105
2013-2018,,Total deciles,New Brunswick,Income per capita,13,1.053
2013-2018,,Lowest decile,New Brunswick,Income per capita,13,2.506
2013-2018,,Second decile,New Brunswick,Income per capita,13,0.943
2013-2018,,Third decile,New Brunswick,Income per capita,13,1.105
2013-2018,,Fourth decile,New Brunswick,Income per capita,13,0.994
2013-2018,,Total deciles,Quebec,Income per capita,24,0.419
2013-2018,,Lowest decile,Quebec,Income per capita,24,1.92
2013-2018,,Second decile,Quebec,Income per capita,24,0.578
2013-2018,,Third decile,Quebec,Income per capita,24,0.849
2013-2018,,Fourth decile,Quebec,Income per capita,24,0.705
2013-2018,,Total deciles,Ontario,Income per capita,35,0.159
2013-2018,,Lowest decile,Ontario,Income per capita,35,0.864
2013-2018,,Second decile,Ontario,Income per capita,35,1.593
2013-2018,,Third decile,Ontario,Income per capita,35,1.468
2013-2018,,Fourth decile,Ontario,Income per capita,35,0.817
2013-2018,,Total deciles,Manitoba,Income per capita,46,-0.61
2013-2018,,Lowest decile,Manitoba,Income per capita,46,-0.748
2013-2018,,Second decile,Manitoba,Income per capita,46,-0.124
2013-2018,,Third decile,Manitoba,Income per capita,46,-0.266
2013-2018,,Fourth decile,Manitoba,Income per capita,46,-0.167
2013-2018,,Total deciles,Saskatchewan,Income per capita,47,-1.226
2013-2018,,Lowest decile,Saskatchewan,Income per capita,47,-1.143
2013-2018,,Second decile,Saskatchewan,Income per capita,47,-0.16
2013-2018,,Third decile,Saskatchewan,Income per capita,47,-0.456
2013-2018,,Fourth decile,Saskatchewan,Income per capita,47,-0.639
2013-2018,,Total deciles,Alberta,Income per capita,48,-2.418
2013-2018,,Lowest decile,Alberta,Income per capita,48,-0.927
2013-2018,,Second decile,Alberta,Income per capita,48,-2.04
2013-2018,,Third decile,Alberta,Income per capita,48,-2.45
2013-2018,,Fourth decile,Alberta,Income per capita,48,-1.905
2013-2018,,Total deciles,British Columbia,Income per capita,59,-0.591
2013-2018,,Lowest decile,British Columbia,Income per capita,59,4.037
2013-2018,,Second decile,British Columbia,Income per capita,59,1.076
2013-2018,,Third decile,British Columbia,Income per capita,59,0.508
2013-2018,,Fourth decile,British Columbia,Income per capita,59,-0.246
2013-2018,,Total deciles,Yukon,Income per capita,60,
2013-2018,,Lowest decile,Yukon,Income per capita,60,
2013-2018,,Second decile,Yukon,Income per capita,60,
2013-2018,,Third decile,Yukon,Income per capita,60,
2013-2018,,Fourth decile,Yukon,Income per capita,60,
2013-2018,,Total deciles,Northwest Territories,Income per capita,61,
2013-2018,,Lowest decile,Northwest Territories,Income per capita,61,
2013-2018,,Second decile,Northwest Territories,Income per capita,61,
2013-2018,,Third decile,Northwest Territories,Income per capita,61,
2013-2018,,Fourth decile,Northwest Territories,Income per capita,61,
2013-2018,,Total deciles,Nunavut,Income per capita,62,
2013-2018,,Lowest decile,Nunavut,Income per capita,62,
2013-2018,,Second decile,Nunavut,Income per capita,62,
2013-2018,,Third decile,Nunavut,Income per capita,62,
2013-2018,,Fourth decile,Nunavut,Income per capita,62,
2014-2019,,Total deciles,Canada,Income per capita,,-0.422
2014-2019,,Lowest decile,Canada,Income per capita,,0.734
2014-2019,,Second decile,Canada,Income per capita,,0.296
2014-2019,,Third decile,Canada,Income per capita,,-0.121
2014-2019,,Fourth decile,Canada,Income per capita,,-0.164
2014-2019,,Total deciles,Newfoundland and Labrador,Income per capita,10,-0.673
2014-2019,,Lowest decile,Newfoundland and Labrador,Income per capita,10,-0.439
2014-2019,,Second decile,Newfoundland and Labrador,Income per capita,10,0.291
2014-2019,,Third decile,Newfoundland and Labrador,Income per capita,10,-0.151
2014-2019,,Fourth decile,Newfoundland and Labrador,Income per capita,10,-1.486
2014-2019,,Total deciles,Prince Edward Island,Income per capita,11,-1.085
2014-2019,,Lowest decile,Prince Edward Island,Income per capita,11,-3.354
2014-2019,,Second decile,Prince Edward Island,Income per capita,11,-1.143
2014-2019,,Third decile,Prince Edward Island,Income per capita,11,-0.378
2014-2019,,Fourth decile,Prince Edward Island,Income per capita,11,-0.705
2014-2019,,Total deciles,Nova Scotia,Income per capita,12,-0.547
2014-2019,,Lowest decile,Nova Scotia,Income per capita,12,0.017
2014-2019,,Second decile,Nova Scotia,Income per capita,12,0.474
2014-2019,,Third decile,Nova Scotia,Income per capita,12,0.104
2014-2019,,Fourth decile,Nova Scotia,Income per capita,12,0.056
2014-2019,,Total deciles,New Brunswick,Income per capita,13,0.707
2014-2019,,Lowest decile,New Brunswick,Income per capita,13,1.138
2014-2019,,Second decile,New Brunswick,Income per capita,13,1.402
2014-2019,,Third decile,New Brunswick,Income per capita,13,1.608
2014-2019,,Fourth decile,New Brunswick,Income per capita,13,0.949
2014-2019,,Total deciles,Quebec,Income per capita,24,0.68
2014-2019,,Lowest decile,Quebec,Income per capita,24,-0.032
2014-2019,,Second decile,Quebec,Income per capita,24,0.463
2014-2019,,Third decile,Quebec,Income per capita,24,0.488
2014-2019,,Fourth decile,Quebec,Income per capita,24,0.491
2014-2019,,Total deciles,Ontario,Income per capita,35,-0.239
2014-2019,,Lowest decile,Ontario,Income per capita,35,1.139
2014-2019,,Second decile,Ontario,Income per capita,35,0.476
2014-2019,,Third decile,Ontario,Income per capita,35,0.023
2014-2019,,Fourth decile,Ontario,Income per capita,35,0.333
2014-2019,,Total deciles,Manitoba,Income per capita,46,-1.052
2014-2019,,Lowest decile,Manitoba,Income per capita,46,-1.016
2014-2019,,Second decile,Manitoba,Income per capita,46,-0.423
2014-2019,,Third decile,Manitoba,Income per capita,46,-0.628
2014-2019,,Fourth decile,Manitoba,Income per capita,46,-0.846
2014-2019,,Total deciles,Saskatchewan,Income per capita,47,-2.268
2014-2019,,Lowest decile,Saskatchewan,Income per capita,47,-4.268
2014-2019,,Second decile,Saskatchewan,Income per capita,47,-1.168
2014-2019,,Third decile,Saskatchewan,Income per capita,47,-1.255
2014-2019,,Fourth decile,Saskatchewan,Income per capita,47,-1.854
2014-2019,,Total deciles,Alberta,Income per capita,48,-2.371
2014-2019,,Lowest decile,Alberta,Income per capita,48,1.097
2014-2019,,Second decile,Alberta,Income per capita,48,-1.238
2014-2019,,Third decile,Alberta,Income per capita,48,-2.143
2014-2019,,Fourth decile,Alberta,Income per capita,48,-1.616
2014-2019,,Total deciles,British Columbia,Income per capita,59,-0.32
2014-2019,,Lowest decile,British Columbia,Income per capita,59,2.797
2014-2019,,Second decile,British Columbia,Income per capita,59,0.575
2014-2019,,Third decile,British Columbia,Income per capita,59,-0.277
2014-2019,,Fourth decile,British Columbia,Income per capita,59,-0.455
2014-2019,,Total deciles,Yukon,Income per capita,60,
2014-2019,,Lowest decile,Yukon,Income per capita,60,
2014-2019,,Second decile,Yukon,Income per capita,60,
2014-2019,,Third decile,Yukon,Income per capita,60,
2014-2019,,Fourth decile,Yukon,Income per capita,60,
2014-2019,,Total deciles,Northwest Territories,Income per capita,61,
2014-2019,,Lowest decile,Northwest Territories,Income per capita,61,
2014-2019,,Second decile,Northwest Territories,Income per capita,61,
2014-2019,,Third decile,Northwest Territories,Income per capita,61,
2014-2019,,Fourth decile,Northwest Territories,Income per capita,61,
2014-2019,,Total deciles,Nunavut,Income per capita,62,
2014-2019,,Lowest decile,Nunavut,Income per capita,62,
2014-2019,,Second decile,Nunavut,Income per capita,62,
2014-2019,,Third decile,Nunavut,Income per capita,62,
2014-2019,,Fourth decile,Nunavut,Income per capita,62,
2015-2020,,Total deciles,Canada,Income per capita,,0.391
2015-2020,,Lowest decile,Canada,Income per capita,,5.149
2015-2020,,Second decile,Canada,Income per capita,,3.083
2015-2020,,Third decile,Canada,Income per capita,,1.955
2015-2020,,Fourth decile,Canada,Income per capita,,1.11
2015-2020,,Total deciles,Newfoundland and Labrador,Income per capita,10,-0.04
2015-2020,,Lowest decile,Newfoundland and Labrador,Income per capita,10,4.881
2015-2020,,Second decile,Newfoundland and Labrador,Income per capita,10,3.188
2015-2020,,Third decile,Newfoundland and Labrador,Income per capita,10,2.415
2015-2020,,Fourth decile,Newfoundland and Labrador,Income per capita,10,1.573
2015-2020,,Total deciles,Prince Edward Island,Income per capita,11,0.215
2015-2020,,Lowest decile,Prince Edward Island,Income per capita,11,6.685
2015-2020,,Second decile,Prince Edward Island,Income per capita,11,2.227
2015-2020,,Third decile,Prince Edward Island,Income per capita,11,1.324
2015-2020,,Fourth decile,Prince Edward Island,Income per capita,11,0.175
2015-2020,,Total deciles,Nova Scotia,Income per capita,12,0.19
2015-2020,,Lowest decile,Nova Scotia,Income per capita,12,2.37
2015-2020,,Second decile,Nova Scotia,Income per capita,12,3.169
2015-2020,,Third decile,Nova Scotia,Income per capita,12,2.555
2015-2020,,Fourth decile,Nova Scotia,Income per capita,12,1.246
2015-2020,,Total deciles,New Brunswick,Income per capita,13,1.936
2015-2020,,Lowest decile,New Brunswick,Income per capita,13,6.35
2015-2020,,Second decile,New Brunswick,Income per capita,13,3.242
2015-2020,,Third decile,New Brunswick,Income per capita,13,2.35
2015-2020,,Fourth decile,New Brunswick,Income per capita,13,1.466
2015-2020,,Total deciles,Quebec,Income per capita,24,1.798
2015-2020,,Lowest decile,Quebec,Income per capita,24,5.916
2015-2020,,Second decile,Quebec,Income per capita,24,3.659
2015-2020,,Third decile,Quebec,Income per capita,24,2.985
2015-2020,,Fourth decile,Quebec,Income per capita,24,2.295
2015-2020,,Total deciles,Ontario,Income per capita,35,0.486
2015-2020,,Lowest decile,Ontario,Income per capita,35,5.318
2015-2020,,Second decile,Ontario,Income per capita,35,3.014
2015-2020,,Third decile,Ontario,Income per capita,35,1.821
2015-2020,,Fourth decile,Ontario,Income per capita,35,0.856
2015-2020,,Total deciles,Manitoba,Income per capita,46,0.251
2015-2020,,Lowest decile,Manitoba,Income per capita,46,4.82
2015-2020,,Second decile,Manitoba,Income per capita,46,2.756
2015-2020,,Third decile,Manitoba,Income per capita,46,1.606
2015-2020,,Fourth decile,Manitoba,Income per capita,46,1.125
2015-2020,,Total deciles,Saskatchewan,Income per capita,47,-0.846
2015-2020,,Lowest decile,Saskatchewan,Income per capita,47,4.532
2015-2020,,Second decile,Saskatchewan,Income per capita,47,1.924
2015-2020,,Third decile,Saskatchewan,Income per capita,47,0.308
2015-2020,,Fourth decile,Saskatchewan,Income per capita,47,-0.261
2015-2020,,Total deciles,Alberta,Income per capita,48,-2.498
2015-2020,,Lowest decile,Alberta,Income per capita,48,0.039
2015-2020,,Second decile,Alberta,Income per capita,48,-0.416
2015-2020,,Third decile,Alberta,Income per capita,48,-0.769
2015-2020,,Fourth decile,Alberta,Income per capita,48,-1.411
2015-2020,,Total deciles,British Columbia,Income per capita,59,0.887
2015-2020,,Lowest decile,British Columbia,Income per capita,59,7.448
2015-2020,,Second decile,British Columbia,Income per capita,59,5.185
2015-2020,,Third decile,British Columbia,Income per capita,59,3.049
2015-2020,,Fourth decile,British Columbia,Income per capita,59,1.73
2015-2020,,Total deciles,Yukon,Income per capita,60,
2015-2020,,Lowest decile,Yukon,Income per capita,60,
2015-2020,,Second decile,Yukon,Income per capita,60,
2015-2020,,Third decile,Yukon,Income per capita,60,
2015-2020,,Fourth decile,Yukon,Income per capita,60,
2015-2020,,Total deciles,Northwest Territories,Income per capita,61,
2015-2020,,Lowest decile,Northwest Territories,Income per capita,61,
2015-2020,,Second decile,Northwest Territories,Income per capita,61,
2015-2020,,Third decile,Northwest Territories,Income per capita,61,
2015-2020,,Fourth decile,Northwest Territories,Income per capita,61,
2015-2020,,Total deciles,Nunavut,Income per capita,62,
2015-2020,,Lowest decile,Nunavut,Income per capita,62,
2015-2020,,Second decile,Nunavut,Income per capita,62,
2015-2020,,Third decile,Nunavut,Income per capita,62,
2015-2020,,Fourth decile,Nunavut,Income per capita,62,
2016-2021,,Total deciles,Canada,Income per capita,,0.488
2016-2021,,Lowest decile,Canada,Income per capita,,1.178
2016-2021,,Second decile,Canada,Income per capita,,1.946
2016-2021,,Third decile,Canada,Income per capita,,1.417
2016-2021,,Fourth decile,Canada,Income per capita,,1.148
2016-2021,,Total deciles,Newfoundland and Labrador,Income per capita,10,0.749
2016-2021,,Lowest decile,Newfoundland and Labrador,Income per capita,10,2.716
2016-2021,,Second decile,Newfoundland and Labrador,Income per capita,10,1.865
2016-2021,,Third decile,Newfoundland and Labrador,Income per capita,10,2.21
2016-2021,,Fourth decile,Newfoundland and Labrador,Income per capita,10,1.57
2016-2021,,Total deciles,Prince Edward Island,Income per capita,11,0.394
2016-2021,,Lowest decile,Prince Edward Island,Income per capita,11,1.843
2016-2021,,Second decile,Prince Edward Island,Income per capita,11,1.822
2016-2021,,Third decile,Prince Edward Island,Income per capita,11,1.948
2016-2021,,Fourth decile,Prince Edward Island,Income per capita,11,1.043
2016-2021,,Total deciles,Nova Scotia,Income per capita,12,-0.176
2016-2021,,Lowest decile,Nova Scotia,Income per capita,12,3.619
2016-2021,,Second decile,Nova Scotia,Income per capita,12,1.887
2016-2021,,Third decile,Nova Scotia,Income per capita,12,1.119
2016-2021,,Fourth decile,Nova Scotia,Income per capita,12,0.214
2016-2021,,Total deciles,New Brunswick,Income per capita,13,1.236
2016-2021,,Lowest decile,New Brunswick,Income per capita,13,2.436
2016-2021,,Second decile,New Brunswick,Income per capita,13,2.848
2016-2021,,Third decile,New Brunswick,Income per capita,13,2.54
2016-2021,,Fourth decile,New Brunswick,Income per capita,13,1.806
2016-2021,,Total deciles,Quebec,Income per capita,24,1.389
2016-2021,,Lowest decile,Quebec,Income per capita,24,4.773
2016-2021,,Second decile,Quebec,Income per capita,24,2.112
2016-2021,,Third decile,Quebec,Income per capita,24,2.208
2016-2021,,Fourth decile,Quebec,Income per capita,24,1.995
2016-2021,,Total deciles,Ontario,Income per capita,35,0.283
2016-2021,,Lowest decile,Ontario,Income per capita,35,-1.688
2016-2021,,Second decile,Ontario,Income per capita,35,2.419
2016-2021,,Third decile,Ontario,Income per capita,35,1.556
2016-2021,,Fourth decile,Ontario,Income per capita,35,1.097
2016-2021,,Total deciles,Manitoba,Income per capita,46,-0.249
2016-2021,,Lowest decile,Manitoba,Income per capita,46,1.093
2016-2021,,Second decile,Manitoba,Income per capita,46,0.666
2016-2021,,Third decile,Manitoba,Income per capita,46,0.278
2016-2021,,Fourth decile,Manitoba,Income per capita,46,0.062
2016-2021,,Total deciles,Saskatchewan,Income per capita,47,-0.588
2016-2021,,Lowest decile,Saskatchewan,Income per capita,47,-3.478
2016-2021,,Second decile,Saskatchewan,Income per capita,47,0.414
2016-2021,,Third decile,Saskatchewan,Income per capita,47,0.453
2016-2021,,Fourth decile,Saskatchewan,Income per capita,47,0.055
2016-2021,,Total deciles,Alberta,Income per capita,48,-0.713
2016-2021,,Lowest decile,Alberta,Income per capita,48,-0.282
2016-2021,,Second decile,Alberta,Income per capita,48,-0.484
2016-2021,,Third decile,Alberta,Income per capita,48,-0.697
2016-2021,,Fourth decile,Alberta,Income per capita,48,-1.052
2016-2021,,Total deciles,British Columbia,Income per capita,59,1.089
2016-2021,,Lowest decile,British Columbia,Income per capita,59,4.768
2016-2021,,Second decile,British Columbia,Income per capita,59,2.907
2016-2021,,Third decile,British Columbia,Income per capita,59,1.773
2016-2021,,Fourth decile,British Columbia,Income per capita,59,1.223
2016-2021,,Total deciles,Yukon,Income per capita,60,
2016-2021,,Lowest decile,Yukon,Income per capita,60,
2016-2021,,Second decile,Yukon,Income per capita,60,
2016-2021,,Third decile,Yukon,Income per capita,60,
2016-2021,,Fourth decile,Yukon,Income per capita,60,
2016-2021,,Total deciles,Northwest Territories,Income per capita,61,
2016-2021,,Lowest decile,Northwest Territories,Income per capita,61,
2016-2021,,Second decile,Northwest Territories,Income per capita,61,
2016-2021,,Third decile,Northwest Territories,Income per capita,61,
2016-2021,,Fourth decile,Northwest Territories,Income per capita,61,
2016-2021,,Total deciles,Nunavut,Income per capita,62,
2016-2021,,Lowest decile,Nunavut,Income per capita,62,
2016-2021,,Second decile,Nunavut,Income per capita,62,
2016-2021,,Third decile,Nunavut,Income per capita,62,
2016-2021,,Fourth decile,Nunavut,Income per capita,62,
2017-2022,,Total deciles,Canada,Income per capita,,-0.287
2017-2022,,Lowest decile,Canada,Income per capita,,-0.824
2017-2022,,Second decile,Canada,Income per capita,,0.287
2017-2022,,Third decile,Canada,Income per capita,,0.363
2017-2022,,Fourth decile,Canada,Income per capita,,0.146
2017-2022,,Total deciles,Newfoundland and Labrador,Income per capita,10,0.041
2017-2022,,Lowest decile,Newfoundland and Labrador,Income per capita,10,0.7
2017-2022,,Second decile,Newfoundland and Labrador,Income per capita,10,0.765
2017-2022,,Third decile,Newfoundland and Labrador,Income per capita,10,0.985
2017-2022,,Fourth decile,Newfoundland and Labrador,Income per capita,10,1.039
2017-2022,,Total deciles,Prince Edward Island,Income per capita,11,-1.045
2017-2022,,Lowest decile,Prince Edward Island,Income per capita,11,3.612
2017-2022,,Second decile,Prince Edward Island,Income per capita,11,1.142
2017-2022,,Third decile,Prince Edward Island,Income per capita,11,0.624
2017-2022,,Fourth decile,Prince Edward Island,Income per capita,11,0.139
2017-2022,,Total deciles,Nova Scotia,Income per capita,12,-1.272
2017-2022,,Lowest decile,Nova Scotia,Income per capita,12,0.548
2017-2022,,Second decile,Nova Scotia,Income per capita,12,-0.031
2017-2022,,Third decile,Nova Scotia,Income per capita,12,-0.662
2017-2022,,Fourth decile,Nova Scotia,Income per capita,12,-1.258
2017-2022,,Total deciles,New Brunswick,Income per capita,13,-0.406
2017-2022,,Lowest decile,New Brunswick,Income per capita,13,0.817
2017-2022,,Second decile,New Brunswick,Income per capita,13,-0.112
2017-2022,,Third decile,New Brunswick,Income per capita,13,-0.574
2017-2022,,Fourth decile,New Brunswick,Income per capita,13,-0.184
2017-2022,,Total deciles,Quebec,Income per capita,24,1.003
2017-2022,,Lowest decile,Quebec,Income per capita,24,3.835
2017-2022,,Second decile,Quebec,Income per capita,24,1.978
2017-2022,,Third decile,Quebec,Income per capita,24,1.65
2017-2022,,Fourth decile,Quebec,Income per capita,24,1.52
2017-2022,,Total deciles,Ontario,Income per capita,35,-0.41
2017-2022,,Lowest decile,Ontario,Income per capita,35,-2.965
2017-2022,,Second decile,Ontario,Income per capita,35,0.342
2017-2022,,Third decile,Ontario,Income per capita,35,0.442
2017-2022,,Fourth decile,Ontario,Income per capita,35,0.156
2017-2022,,Total deciles,Manitoba,Income per capita,46,-1.437
2017-2022,,Lowest decile,Manitoba,Income per capita,46,-1.983
2017-2022,,Second decile,Manitoba,Income per capita,46,-0.341
2017-2022,,Third decile,Manitoba,Income per capita,46,-0.395
2017-2022,,Fourth decile,Manitoba,Income per capita,46,-0.237
2017-2022,,Total deciles,Saskatchewan,Income per capita,47,-0.783
2017-2022,,Lowest decile,Saskatchewan,Income per capita,47,-2.626
2017-2022,,Second decile,Saskatchewan,Income per capita,47,0.161
2017-2022,,Third decile,Saskatchewan,Income per capita,47,0.206
2017-2022,,Fourth decile,Saskatchewan,Income per capita,47,-0.334
2017-2022,,Total deciles,Alberta,Income per capita,48,-1.915
2017-2022,,Lowest decile,Alberta,Income per capita,48,-4.044
2017-2022,,Second decile,Alberta,Income per capita,48,-2.34
2017-2022,,Third decile,Alberta,Income per capita,48,-1.78
2017-2022,,Fourth decile,Alberta,Income per capita,48,-1.845
2017-2022,,Total deciles,British Columbia,Income per capita,59,-0.066
2017-2022,,Lowest decile,British Columbia,Income per capita,59,-1.526
2017-2022,,Second decile,British Columbia,Income per capita,59,0.057
2017-2022,,Third decile,British Columbia,Income per capita,59,-0.137
2017-2022,,Fourth decile,British Columbia,Income per capita,59,-0.142
2017-2022,,Total deciles,Yukon,Income per capita,60,
2017-2022,,Lowest decile,Yukon,Income per capita,60,
2017-2022,,Second decile,Yukon,Income per capita,60,
2017-2022,,Third decile,Yukon,Income per capita,60,
2017-2022,,Fourth decile,Yukon,Income per capita,60,
2017-2022,,Total deciles,Northwest Territories,Income per capita,61,
2017-2022,,Lowest decile,Northwest Territories,Income per capita,61,
2017-2022,,Second decile,Northwest Territories,Income per capita,61,
2017-2022,,Third decile,Northwest Territories,Income per capita,61,
2017-2022,,Fourth decile,Northwest Territories,Income per capita,61,
2017-2022,,Total deciles,Nunavut,Income per capita,62,
2017-2022,,Lowest decile,Nunavut,Income per capita,62,
2017-2022,,Second decile,Nunavut,Income per capita,62,
2017-2022,,Third decile,Nunavut,Income per capita,62,
2017-2022,,Fourth decile,Nunavut,Income per capita,62,
2018-2023,,Total deciles,Canada,Income per capita,,-0.531
2018-2023,,Lowest decile,Canada,Income per capita,,-0.874
2018-2023,,Second decile,Canada,Income per capita,,-0.249
2018-2023,,Third decile,Canada,Income per capita,,-0.323
2018-2023,,Fourth decile,Canada,Income per capita,,-0.351
2018-2023,,Total deciles,Newfoundland and Labrador,Income per capita,10,0.301
2018-2023,,Lowest decile,Newfoundland and Labrador,Income per capita,10,0.383
2018-2023,,Second decile,Newfoundland and Labrador,Income per capita,10,0.649
2018-2023,,Third decile,Newfoundland and Labrador,Income per capita,10,0.667
2018-2023,,Fourth decile,Newfoundland and Labrador,Income per capita,10,0.525
2018-2023,,Total deciles,Prince Edward Island,Income per capita,11,-1.76
2018-2023,,Lowest decile,Prince Edward Island,Income per capita,11,-3.491
2018-2023,,Second decile,Prince Edward Island,Income per capita,11,-1.31
2018-2023,,Third decile,Prince Edward Island,Income per capita,11,-1.454
2018-2023,,Fourth decile,Prince Edward Island,Income per capita,11,-0.674
2018-2023,,Total deciles,Nova Scotia,Income per capita,12,-1.516
2018-2023,,Lowest decile,Nova Scotia,Income per capita,12,-2.262
2018-2023,,Second decile,Nova Scotia,Income per capita,12,-0.968
2018-2023,,Third decile,Nova Scotia,Income per capita,12,-1.137
2018-2023,,Fourth decile,Nova Scotia,Income per capita,12,-1.151
2018-2023,,Total deciles,New Brunswick,Income per capita,13,-1.163
2018-2023,,Lowest decile,New Brunswick,Income per capita,13,-1.396
2018-2023,,Second decile,New Brunswick,Income per capita,13,-1.106
2018-2023,,Third decile,New Brunswick,Income per capita,13,-1.075
2018-2023,,Fourth decile,New Brunswick,Income per capita,13,-0.909
2018-2023,,Total deciles,Quebec,Income per capita,24,0.7
2018-2023,,Lowest decile,Quebec,Income per capita,24,0.98
2018-2023,,Second decile,Quebec,Income per capita,24,1.528
2018-2023,,Third decile,Quebec,Income per capita,24,1.348
2018-2023,,Fourth decile,Quebec,Income per capita,24,1.042
2018-2023,,Total deciles,Ontario,Income per capita,35,-0.827
2018-2023,,Lowest decile,Ontario,Income per capita,35,-0.744
2018-2023,,Second decile,Ontario,Income per capita,35,-0.704
2018-2023,,Third decile,Ontario,Income per capita,35,-0.733
2018-2023,,Fourth decile,Ontario,Income per capita,35,-0.779
2018-2023,,Total deciles,Manitoba,Income per capita,46,-0.899
2018-2023,,Lowest decile,Manitoba,Income per capita,46,-0.95
2018-2023,,Second decile,Manitoba,Income per capita,46,-0.517
2018-2023,,Third decile,Manitoba,Income per capita,46,-0.492
2018-2023,,Fourth decile,Manitoba,Income per capita,46,-0.727
2018-2023,,Total deciles,Saskatchewan,Income per capita,47,-0.787
2018-2023,,Lowest decile,Saskatchewan,Income per capita,47,-0.262
2018-2023,,Second decile,Saskatchewan,Income per capita,47,-0.655
2018-2023,,Third decile,Saskatchewan,Income per capita,47,-0.613
2018-2023,,Fourth decile,Saskatchewan,Income per capita,47,-0.992
2018-2023,,Total deciles,Alberta,Income per capita,48,-1.856
2018-2023,,Lowest decile,Alberta,Income per capita,48,-4.564
2018-2023,,Second decile,Alberta,Income per capita,48,-2.021
2018-2023,,Third decile,Alberta,Income per capita,48,-1.4
2018-2023,,Fourth decile,Alberta,Income per capita,48,-1.859
2018-2023,,Total deciles,British Columbia,Income per capita,59,-0.113
2018-2023,,Lowest decile,British Columbia,Income per capita,59,-2.211
2018-2023,,Second decile,British Columbia,Income per capita,59,-0.663
2018-2023,,Third decile,British Columbia,Income per capita,59,-0.465
2018-2023,,Fourth decile,British Columbia,Income per capita,59,-0.305
2018-2023,,Total deciles,Yukon,Income per capita,60,-1.687
2018-2023,,Lowest decile,Yukon,Income per capita,60,-4.447
2018-2023,,Second decile,Yukon,Income per capita,60,-1.859
2018-2023,,Third decile,Yukon,Income per capita,60,-1.852
2018-2023,,Fourth decile,Yukon,Income per capita,60,-0.561
2018-2023,,Total deciles,Northwest Territories,Income per capita,61,0.71
2018-2023,,Lowest decile,Northwest Territories,Income per capita,61,3.711
2018-2023,,Second decile,Northwest Territories,Income per capita,61,1.322
2018-2023,,Third decile,Northwest Territories,Income per capita,61,-0.628
2018-2023,,Fourth decile,Northwest Territories,Income per capita,61,1.116
2018-2023,,Total deciles,Nunavut,Income per capita,62,-0.633
2018-2023,,Lowest decile,Nunavut,Income per capita,62,3.85
2018-2023,,Second decile,Nunavut,Income per capita,62,0.386
2018-2023,,Third decile,Nunavut,Income per capita,62,1.878
2018-2023,,Fourth decile,Nunavut,Income per capita,62,0.472
2019-2024,,Total deciles,Canada,Income per capita,,-0.583
2019-2024,,Lowest decile,Canada,Income per capita,,-1.411
2019-2024,,Second decile,Canada,Income per capita,,-0.869
2019-2024,,Third decile,Canada,Income per capita,,-0.637
2019-2024,,Fourth decile,Canada,Income per capita,,-0.666
2019-2024,,Total deciles,Newfoundland and Labrador,Income per capita,10,0.733
2019-2024,,Lowest decile,Newfoundland and Labrador,Income per capita,10,1.25
2019-2024,,Second decile,Newfoundland and Labrador,Income per capita,10,0.749
2019-2024,,Third decile,Newfoundland and Labrador,Income per capita,10,1.122
2019-2024,,Fourth decile,Newfoundland and Labrador,Income per capita,10,1.798
2019-2024,,Total deciles,Prince Edward Island,Income per capita,11,-1.367
2019-2024,,Lowest decile,Prince Edward Island,Income per capita,11,0.996
2019-2024,,Second decile,Prince Edward Island,Income per capita,11,-1.533
2019-2024,,Third decile,Prince Edward Island,Income per capita,11,-1.827
2019-2024,,Fourth decile,Prince Edward Island,Income per capita,11,-1.542
2019-2024,,Total deciles,Nova Scotia,Income per capita,12,-1.15
2019-2024,,Lowest decile,Nova Scotia,Income per capita,12,-0.97
2019-2024,,Second decile,Nova Scotia,Income per capita,12,-1.269
2019-2024,,Third decile,Nova Scotia,Income per capita,12,-1.213
2019-2024,,Fourth decile,Nova Scotia,Income per capita,12,-1.256
2019-2024,,Total deciles,New Brunswick,Income per capita,13,-0.983
2019-2024,,Lowest decile,New Brunswick,Income per capita,13,-0.687
2019-2024,,Second decile,New Brunswick,Income per capita,13,-1.509
2019-2024,,Third decile,New Brunswick,Income per capita,13,-1.7
2019-2024,,Fourth decile,New Brunswick,Income per capita,13,-1.292
2019-2024,,Total deciles,Quebec,Income per capita,24,0.396
2019-2024,,Lowest decile,Quebec,Income per capita,24,1.288
2019-2024,,Second decile,Quebec,Income per capita,24,0.801
2019-2024,,Third decile,Quebec,Income per capita,24,0.722
2019-2024,,Fourth decile,Quebec,Income per capita,24,0.67
2019-2024,,Total deciles,Ontario,Income per capita,35,-0.574
2019-2024,,Lowest decile,Ontario,Income per capita,35,-2.554
2019-2024,,Second decile,Ontario,Income per capita,35,-1.066
2019-2024,,Third decile,Ontario,Income per capita,35,-0.8
2019-2024,,Fourth decile,Ontario,Income per capita,35,-1.131
2019-2024,,Total deciles,Manitoba,Income per capita,46,-0.809
2019-2024,,Lowest decile,Manitoba,Income per capita,46,-0.611
2019-2024,,Second decile,Manitoba,Income per capita,46,-0.774
2019-2024,,Third decile,Manitoba,Income per capita,46,-0.911
2019-2024,,Fourth decile,Manitoba,Income per capita,46,-0.991
2019-2024,,Total deciles,Saskatchewan,Income per capita,47,-0.459
2019-2024,,Lowest decile,Saskatchewan,Income per capita,47,0.409
2019-2024,,Second decile,Saskatchewan,Income per capita,47,-0.873
2019-2024,,Third decile,Saskatchewan,Income per capita,47,-1.329
2019-2024,,Fourth decile,Saskatchewan,Income per capita,47,-0.84
2019-2024,,Total deciles,Alberta,Income per capita,48,-2.523
2019-2024,,Lowest decile,Alberta,Income per capita,48,-3.587
2019-2024,,Second decile,Alberta,Income per capita,48,-3.121
2019-2024,,Third decile,Alberta,Income per capita,48,-2.669
2019-2024,,Fourth decile,Alberta,Income per capita,48,-2.838
2019-2024,,Total deciles,British Columbia,Income per capita,59,-0.5
2019-2024,,Lowest decile,British Columbia,Income per capita,59,-2.166
2019-2024,,Second decile,British Columbia,Income per capita,59,-1.003
2019-2024,,Third decile,British Columbia,Income per capita,59,-0.637
2019-2024,,Fourth decile,British Columbia,Income per capita,59,-0.633
2019-2024,,Total deciles,Yukon,Income per capita,60,-1.983
2019-2024,,Lowest decile,Yukon,Income per capita,60,-3.09
2019-2024,,Second decile,Yukon,Income per capita,60,-2.351
2019-2024,,Third decile,Yukon,Income per capita,60,-2.994
2019-2024,,Fourth decile,Yukon,Income per capita,60,-2.975
2019-2024,,Total deciles,Northwest Territories,Income per capita,61,2.068
2019-2024,,Lowest decile,Northwest Territories,Income per capita,61,12.121
2019-2024,,Second decile,Northwest Territories,Income per capita,61,3.683
2019-2024,,Third decile,Northwest Territories,Income per capita,61,1.606
2019-2024,,Fourth decile,Northwest Territories,Income per capita,61,1.72
2019-2024,,Total deciles,Nunavut,Income per capita,62,-1.875
2019-2024,,Lowest decile,Nunavut,Income per capita,62,1.339
2019-2024,,Second decile,Nunavut,Income per capita,62,0.639
2019-2024,,Third decile,Nunavut,Income per capita,62,-1.322
2019-2024,,Fourth decile,Nunavut,Income per capita,62,-1.274
