Year,Series,Basic services,Units,Sex,Geography,GeoCode,Value
2000,Access to basic drinking water services,Proportion of population using basic drinking water services,Percentage (%),,,,98.2
2001,Access to basic drinking water services,Proportion of population using basic drinking water services,Percentage (%),,,,98.2
2002,Access to basic drinking water services,Proportion of population using basic drinking water services,Percentage (%),,,,98.2
2003,Access to basic drinking water services,Proportion of population using basic drinking water services,Percentage (%),,,,98.2
2004,Access to basic drinking water services,Proportion of population using basic drinking water services,Percentage (%),,,,98.2
2005,Access to basic drinking water services,Proportion of population using basic drinking water services,Percentage (%),,,,98.2
2006,Access to basic drinking water services,Proportion of population using basic drinking water services,Percentage (%),,,,98.3
2007,Access to basic drinking water services,Proportion of population using basic drinking water services,Percentage (%),,,,98.4
2008,Access to basic drinking water services,Proportion of population using basic drinking water services,Percentage (%),,,,98.4
2009,Access to basic drinking water services,Proportion of population using basic drinking water services,Percentage (%),,,,98.5
2010,Access to basic drinking water services,Proportion of population using basic drinking water services,Percentage (%),,,,98.5
2011,Access to basic drinking water services,Proportion of population using basic drinking water services,Percentage (%),,,,98.6
2012,Access to basic drinking water services,Proportion of population using basic drinking water services,Percentage (%),,,,98.7
2013,Access to basic drinking water services,Proportion of population using basic drinking water services,Percentage (%),,,,98.7
2014,Access to basic drinking water services,Proportion of population using basic drinking water services,Percentage (%),,,,98.8
2015,Access to basic drinking water services,Proportion of population using basic drinking water services,Percentage (%),,,,98.8
2016,Access to basic drinking water services,Proportion of population using basic drinking water services,Percentage (%),,,,98.9
2017,Access to basic drinking water services,Proportion of population using basic drinking water services,Percentage (%),,,,98.9
2018,Access to basic drinking water services,Proportion of population using basic drinking water services,Percentage (%),,,,99.0
2019,Access to basic drinking water services,Proportion of population using basic drinking water services,Percentage (%),,,,99.0
2020,Access to basic drinking water services,Proportion of population using basic drinking water services,Percentage (%),,,,99.0
2021,Access to basic drinking water services,Proportion of population using basic drinking water services,Percentage (%),,,,99.0
2022,Access to basic drinking water services,Proportion of population using basic drinking water services,Percentage (%),,,,99.0
2000,Access to basic sanitation services,Proportion of population using basic sanitation services,Percentage (%),,,,77.4
2001,Access to basic sanitation services,Proportion of population using basic sanitation services,Percentage (%),,,,77.4
2002,Access to basic sanitation services,Proportion of population using basic sanitation services,Percentage (%),,,,77.4
2003,Access to basic sanitation services,Proportion of population using basic sanitation services,Percentage (%),,,,77.8
2004,Access to basic sanitation services,Proportion of population using basic sanitation services,Percentage (%),,,,78.3
2005,Access to basic sanitation services,Proportion of population using basic sanitation services,Percentage (%),,,,78.7
2006,Access to basic sanitation services,Proportion of population using basic sanitation services,Percentage (%),,,,79.2
2007,Access to basic sanitation services,Proportion of population using basic sanitation services,Percentage (%),,,,79.6
2008,Access to basic sanitation services,Proportion of population using basic sanitation services,Percentage (%),,,,79.9
2009,Access to basic sanitation services,Proportion of population using basic sanitation services,Percentage (%),,,,80.3
2010,Access to basic sanitation services,Proportion of population using basic sanitation services,Percentage (%),,,,80.7
2011,Access to basic sanitation services,Proportion of population using basic sanitation services,Percentage (%),,,,81.1
2012,Access to basic sanitation services,Proportion of population using basic sanitation services,Percentage (%),,,,81.4
2013,Access to basic sanitation services,Proportion of population using basic sanitation services,Percentage (%),,,,81.8
2014,Access to basic sanitation services,Proportion of population using basic sanitation services,Percentage (%),,,,82.2
2015,Access to basic sanitation services,Proportion of population using basic sanitation services,Percentage (%),,,,82.6
2016,Access to basic sanitation services,Proportion of population using basic sanitation services,Percentage (%),,,,82.9
2017,Access to basic sanitation services,Proportion of population using basic sanitation services,Percentage (%),,,,83.3
2018,Access to basic sanitation services,Proportion of population using basic sanitation services,Percentage (%),,,,83.7
2019,Access to basic sanitation services,Proportion of population using basic sanitation services,Percentage (%),,,,84.1
2020,Access to basic sanitation services,Proportion of population using basic sanitation services,Percentage (%),,,,84.0
2021,Access to basic sanitation services,Proportion of population using basic sanitation services,Percentage (%),,,,83.9
2022,Access to basic sanitation services,Proportion of population using basic sanitation services,Percentage (%),,,,83.9
2015,Access to clean fuels and technology,Proportion of population with primary reliance on clean fuels and technology,Percentage (%),,,,100.0
2016,Access to clean fuels and technology,Proportion of population with primary reliance on clean fuels and technology,Percentage (%),,,,100.0
2017,Access to clean fuels and technology,Proportion of population with primary reliance on clean fuels and technology,Percentage (%),,,,100.0
2018,Access to clean fuels and technology,Proportion of population with primary reliance on clean fuels and technology,Percentage (%),,,,100.0
2019,Access to clean fuels and technology,Proportion of population with primary reliance on clean fuels and technology,Percentage (%),,,,100.0
2020,Access to clean fuels and technology,Proportion of population with primary reliance on clean fuels and technology,Percentage (%),,,,100.0
2021,Access to clean fuels and technology,Proportion of population with primary reliance on clean fuels and technology,Percentage (%),,,,100.0
2022,Access to clean fuels and technology,Proportion of population with primary reliance on clean fuels and technology,Percentage (%),,,,100.0
2015,Access to clean fuels and technology,Proportion of population with access to electricity,Percentage (%),,,,100.0
2016,Access to clean fuels and technology,Proportion of population with access to electricity,Percentage (%),,,,100.0
2017,Access to clean fuels and technology,Proportion of population with access to electricity,Percentage (%),,,,100.0
2018,Access to clean fuels and technology,Proportion of population with access to electricity,Percentage (%),,,,100.0
2019,Access to clean fuels and technology,Proportion of population with access to electricity,Percentage (%),,,,100.0
2020,Access to clean fuels and technology,Proportion of population with access to electricity,Percentage (%),,,,100.0
2021,Access to clean fuels and technology,Proportion of population with access to electricity,Percentage (%),,,,100.0
2021,Access to basic mobility,Proportion of the rural population who live within 2 km of an all-season road,Percentage (%),,,,97.7
2021,Access to basic mobility,Proportion of the rural population who live within 2 km of an all-season road,Percentage (%),,Newfoundland and Labrador,10,96.1
2021,Access to basic mobility,Proportion of the rural population who live within 2 km of an all-season road,Percentage (%),,Prince Edward Island,11,99.9
2021,Access to basic mobility,Proportion of the rural population who live within 2 km of an all-season road,Percentage (%),,Nova Scotia,12,97.7
2021,Access to basic mobility,Proportion of the rural population who live within 2 km of an all-season road,Percentage (%),,New Brunswick,13,97.1
2021,Access to basic mobility,Proportion of the rural population who live within 2 km of an all-season road,Percentage (%),,Quebec,24,98.0
2021,Access to basic mobility,Proportion of the rural population who live within 2 km of an all-season road,Percentage (%),,Ontario,35,98.8
2021,Access to basic mobility,Proportion of the rural population who live within 2 km of an all-season road,Percentage (%),,Manitoba,46,97.2
2021,Access to basic mobility,Proportion of the rural population who live within 2 km of an all-season road,Percentage (%),,Saskatchewan,47,98.2
2021,Access to basic mobility,Proportion of the rural population who live within 2 km of an all-season road,Percentage (%),,Alberta,48,98.0
2021,Access to basic mobility,Proportion of the rural population who live within 2 km of an all-season road,Percentage (%),,British Columbia,59,95.0
2021,Access to basic mobility,Proportion of the rural population who live within 2 km of an all-season road,Percentage (%),,Yukon,60,88.2
2021,Access to basic mobility,Proportion of the rural population who live within 2 km of an all-season road,Percentage (%),,Northwest Territories,61,91.8
2021,Access to basic mobility,Proportion of the rural population who live within 2 km of an all-season road,Percentage (%),,Nunavut,62,82.2
2021,Access to basic mobility,Proportion of population within 500 metres of a public transit stop,Percentage (%),,Alberta,48,76.4
2021,Access to basic mobility,Proportion of population within 500 metres of a public transit stop,Percentage (%),,British Columbia,59,75.9
2021,Access to basic mobility,Proportion of population within 500 metres of a public transit stop,Percentage (%),,,,75.1
2021,Access to basic mobility,Proportion of population within 500 metres of a public transit stop,Percentage (%),,Manitoba,46,82.7
2021,Access to basic mobility,Proportion of population within 500 metres of a public transit stop,Percentage (%),,New Brunswick,13,51.1
2021,Access to basic mobility,Proportion of population within 500 metres of a public transit stop,Percentage (%),,Newfoundland and Labrador,10,54.5
2021,Access to basic mobility,Proportion of population within 500 metres of a public transit stop,Percentage (%),,Northwest Territories,61,87.9
2021,Access to basic mobility,Proportion of population within 500 metres of a public transit stop,Percentage (%),,Nova Scotia,12,58.3
2021,Access to basic mobility,Proportion of population within 500 metres of a public transit stop,Percentage (%),,Ontario,24,73.8
2021,Access to basic mobility,Proportion of population within 500 metres of a public transit stop,Percentage (%),,Prince Edward Island,11,40.8
2021,Access to basic mobility,Proportion of population within 500 metres of a public transit stop,Percentage (%),,Quebec,24,79.2
2021,Access to basic mobility,Proportion of population within 500 metres of a public transit stop,Percentage (%),,Saskatchewan,47,79.7
2021,Access to basic mobility,Proportion of population within 500 metres of a public transit stop,Percentage (%),,Yukon,60,75.5
2015,Access to basic education,Proportion of children in Grade 4 achieving at least a minimum proficiency level in mathematics,Percentage (%),Total,,,92.0
2019,Access to basic education,Proportion of children in Grade 4 achieving at least a minimum proficiency level in mathematics,Percentage (%),Total,,,92.0
2019,Access to basic education,Proportion of children in Grade 4 achieving at least a minimum proficiency level in mathematics,Percentage (%),Male,,,94.0
2019,Access to basic education,Proportion of children in Grade 4 achieving at least a minimum proficiency level in mathematics,Percentage (%),Female,,,91.0
2016,Access to basic education,Proportion of children in Grade 4 achieving at least a minimum proficiency level in reading,Percentage (%),Total,,,95.6
2016,Access to basic education,Proportion of children in Grade 4 achieving at least a minimum proficiency level in reading,Percentage (%),Male,,,95.3
2016,Access to basic education,Proportion of children in Grade 4 achieving at least a minimum proficiency level in reading,Percentage (%),Female,,,96.3
2018,Access to basic education,Proportion of children and young people at the end of lower secondary achieving at least a minimum proficiency level in reading,Percentage (%),Total,,,86.3
2018,Access to basic education,Proportion of children and young people at the end of lower secondary achieving at least a minimum proficiency level in reading,Percentage (%),Female,,,90.4
2018,Access to basic education,Proportion of children and young people at the end of lower secondary achieving at least a minimum proficiency level in reading,Percentage (%),Male,,,82.1
2018,Access to basic education,Proportion of children and young people at the end of lower secondary achieving at least a minimum proficiency level in mathematics,Percentage (%),Total,,,83.7
2018,Access to basic education,Proportion of children and young people at the end of lower secondary achieving at least a minimum proficiency level in mathematics,Percentage (%),Female,,,83.9
2018,Access to basic education,Proportion of children and young people at the end of lower secondary achieving at least a minimum proficiency level in mathematics,Percentage (%),Male,,,83.6
2016,Access to basic information services,Proportion of population covered by Evolved High-Speed Packet Access (HSPA+),Percentage (%),,,,99.5
2017,Access to basic information services,Proportion of population covered by Evolved High-Speed Packet Access (HSPA+),Percentage (%),,,,99.5
2018,Access to basic information services,Proportion of population covered by Evolved High-Speed Packet Access (HSPA+),Percentage (%),,,,99.5
2019,Access to basic information services,Proportion of population covered by Evolved High-Speed Packet Access (HSPA+),Percentage (%),,,,99.5
2020,Access to basic information services,Proportion of population covered by Evolved High-Speed Packet Access (HSPA+),Percentage (%),,,,99.5
2021,Access to basic information services,Proportion of population covered by Evolved High-Speed Packet Access (HSPA+),Percentage (%),,,,99.5
2016,Access to basic information services,Proportion of population covered by Long-Term Evolution (LTE),Percentage (%),,,,98.6
2017,Access to basic information services,Proportion of population covered by Long-Term Evolution (LTE),Percentage (%),,,,99.1
2018,Access to basic information services,Proportion of population covered by Long-Term Evolution (LTE),Percentage (%),,,,99.3
2019,Access to basic information services,Proportion of population covered by Long-Term Evolution (LTE),Percentage (%),,,,99.5
2020,Access to basic information services,Proportion of population covered by Long-Term Evolution (LTE),Percentage (%),,,,99.5
2021,Access to basic information services,Proportion of population covered by Long-Term Evolution (LTE),Percentage (%),,,,99.4
2016,Access to basic information services,Proportion of population covered by Long-Term Evolution - A (LTE-A),Percentage (%),,,,83.4
2017,Access to basic information services,Proportion of population covered by Long-Term Evolution - A (LTE-A),Percentage (%),,,,92.4
2018,Access to basic information services,Proportion of population covered by Long-Term Evolution - A (LTE-A),Percentage (%),,,,94.9
2019,Access to basic information services,Proportion of population covered by Long-Term Evolution - A (LTE-A),Percentage (%),,,,95.9
2020,Access to basic information services,Proportion of population covered by Long-Term Evolution - A (LTE-A),Percentage (%),,,,97.5
2021,Access to basic information services,Proportion of population covered by Long-Term Evolution - A (LTE-A),Percentage (%),,,,97.8
2016,Access to basic information services,Proportion of population covered by 5G,Percentage (%),,,,0.0
2017,Access to basic information services,Proportion of population covered by 5G,Percentage (%),,,,0.0
2018,Access to basic information services,Proportion of population covered by 5G,Percentage (%),,,,0.0
2019,Access to basic information services,Proportion of population covered by 5G,Percentage (%),,,,0.0
2020,Access to basic information services,Proportion of population covered by 5G,Percentage (%),,,,53.3
2021,Access to basic information services,Proportion of population covered by 5G,Percentage (%),,,,87.8
