Year,Geography,Function of Government,Value
2015,,,57.781
2016,,,58.964
2017,,,58.478
2018,,,57.637
2019,,,56.184
2020,,,56.624
2021,,,58.847
2015,Alberta,,74.022
2015,British Columbia,,75.654
2015,Canada,,57.781
2015,Manitoba,,74.61
2015,New Brunswick,,70.78
2015,Newfoundland and Labrador,,72.6
2015,Northwest Territories,,56.625
2015,Nova Scotia,,74.239
2015,Nunavut,,50.217
2015,Ontario,,75.195
2015,Prince Edward Island,,74.841
2015,Quebec,,71.828
2015,Saskatchewan,,75.657
2015,Yukon,,49.511
2016,Alberta,,71.854
2016,British Columbia,,75.452
2016,Canada,,58.964
2016,Manitoba,,74.876
2016,New Brunswick,,69.305
2016,Newfoundland and Labrador,,71.196
2016,Northwest Territories,,58.8
2016,Nova Scotia,,72.51
2016,Nunavut,,49.443
2016,Ontario,,75.284
2016,Prince Edward Island,,74.853
2016,Quebec,,72.028
2016,Saskatchewan,,74.423
2016,Yukon,,52.433
2017,Alberta,,71.505
2017,British Columbia,,75.563
2017,Canada,,58.478
2017,Manitoba,,75.184
2017,New Brunswick,,69.022
2017,Newfoundland and Labrador,,72.257
2017,Northwest Territories,,58.104
2017,Nova Scotia,,71.737
2017,Nunavut,,50.462
2017,Ontario,,75.359
2017,Prince Edward Island,,74.541
2017,Quebec,,71.33
2017,Saskatchewan,,75.912
2017,Yukon,,53.252
2018,Alberta,,71.908
2018,British Columbia,,75.765
2018,Canada,,57.637
2018,Manitoba,,75.811
2018,New Brunswick,,69.411
2018,Newfoundland and Labrador,,73.319
2018,Northwest Territories,,58.124
2018,Nova Scotia,,72.994
2018,Nunavut,,50.431
2018,Ontario,,74.17
2018,Prince Edward Island,,74.03
2018,Quebec,,71.345
2018,Saskatchewan,,75.52
2018,Yukon,,50.0
2019,Alberta,,70.669
2019,British Columbia,,76.055
2019,Canada,,56.184
2019,Manitoba,,74.892
2019,New Brunswick,,69.649
2019,Newfoundland and Labrador,,73.194
2019,Northwest Territories,,57.721
2019,Nova Scotia,,72.661
2019,Nunavut,,50.397
2019,Ontario,,74.28
2019,Prince Edward Island,,73.245
2019,Quebec,,71.502
2019,Saskatchewan,,75.25
2019,Yukon,,50.361
2020,Alberta,,71.758
2020,British Columbia,,76.761
2020,Canada,,56.624
2020,Manitoba,,74.735
2020,New Brunswick,,69.656
2020,Newfoundland and Labrador,,72.279
2020,Northwest Territories,,58.985
2020,Nova Scotia,,73.134
2020,Nunavut,,50.132
2020,Ontario,,74.633
2020,Prince Edward Island,,71.961
2020,Quebec,,72.306
2020,Saskatchewan,,74.923
2020,Yukon,,49.513
2021,Alberta,,70.025
2021,British Columbia,,75.998
2021,Canada,,58.847
2021,Manitoba,,75.012
2021,New Brunswick,,69.976
2021,Newfoundland and Labrador,,73.231
2021,Northwest Territories,,58.282
2021,Nova Scotia,,72.383
2021,Nunavut,,50.112
2021,Ontario,,74.961
2021,Prince Edward Island,,70.8
2021,Quebec,,73.808
2021,Saskatchewan,,68.914
2021,Yukon,,48.185
2015,Alberta,Education,27.241
2015,Alberta,Health,38.901
2015,Alberta,Other expenditure,25.978
2015,Alberta,Social protection,7.88
2015,British Columbia,Education,22.725
2015,British Columbia,Health,43.504
2015,British Columbia,Other expenditure,24.346
2015,British Columbia,Social protection,9.426
2015,Canada,Education,1.343
2015,Canada,Health,11.972
2015,Canada,Other expenditure,42.219
2015,Canada,Social protection,44.466
2015,Manitoba,Education,22.516
2015,Manitoba,Health,42.597
2015,Manitoba,Other expenditure,25.39
2015,Manitoba,Social protection,9.497
2015,New Brunswick,Education,17.373
2015,New Brunswick,Health,46.438
2015,New Brunswick,Other expenditure,29.22
2015,New Brunswick,Social protection,6.969
2015,Newfoundland and Labrador,Education,23.318
2015,Newfoundland and Labrador,Health,43.44
2015,Newfoundland and Labrador,Other expenditure,27.4
2015,Newfoundland and Labrador,Social protection,5.842
2015,Northwest Territories,Education,14.187
2015,Northwest Territories,Health,30.779
2015,Northwest Territories,Other expenditure,43.375
2015,Northwest Territories,Social protection,11.659
2015,Nova Scotia,Education,23.707
2015,Nova Scotia,Health,42.287
2015,Nova Scotia,Other expenditure,25.761
2015,Nova Scotia,Social protection,8.246
2015,Nunavut,Education,14.829
2015,Nunavut,Health,20.221
2015,Nunavut,Other expenditure,49.783
2015,Nunavut,Social protection,15.166
2015,Ontario,Education,24.663
2015,Ontario,Health,37.564
2015,Ontario,Other expenditure,24.805
2015,Ontario,Social protection,12.968
2015,Prince Edward Island,Education,25.053
2015,Prince Edward Island,Health,44.118
2015,Prince Edward Island,Other expenditure,25.159
2015,Prince Edward Island,Social protection,5.67
2015,Quebec,Education,18.983
2015,Quebec,Health,33.347
2015,Quebec,Other expenditure,28.172
2015,Quebec,Social protection,19.497
2015,Saskatchewan,Education,26.193
2015,Saskatchewan,Health,38.236
2015,Saskatchewan,Other expenditure,24.343
2015,Saskatchewan,Social protection,11.228
2015,Yukon,Education,15.014
2015,Yukon,Health,24.93
2015,Yukon,Other expenditure,50.489
2015,Yukon,Social protection,9.567
2016,Alberta,Education,26.613
2016,Alberta,Health,37.103
2016,Alberta,Other expenditure,28.146
2016,Alberta,Social protection,8.137
2016,British Columbia,Education,22.589
2016,British Columbia,Health,43.501
2016,British Columbia,Other expenditure,24.548
2016,British Columbia,Social protection,9.362
2016,Canada,Education,1.523
2016,Canada,Health,11.839
2016,Canada,Other expenditure,41.036
2016,Canada,Social protection,45.602
2016,Manitoba,Education,22.241
2016,Manitoba,Health,43.656
2016,Manitoba,Other expenditure,25.124
2016,Manitoba,Social protection,8.979
2016,New Brunswick,Education,16.659
2016,New Brunswick,Health,45.284
2016,New Brunswick,Other expenditure,30.695
2016,New Brunswick,Social protection,7.362
2016,Newfoundland and Labrador,Education,22.938
2016,Newfoundland and Labrador,Health,42.588
2016,Newfoundland and Labrador,Other expenditure,28.804
2016,Newfoundland and Labrador,Social protection,5.67
2016,Northwest Territories,Education,14.064
2016,Northwest Territories,Health,32.499
2016,Northwest Territories,Other expenditure,41.2
2016,Northwest Territories,Social protection,12.237
2016,Nova Scotia,Education,22.462
2016,Nova Scotia,Health,41.795
2016,Nova Scotia,Other expenditure,27.49
2016,Nova Scotia,Social protection,8.253
2016,Nunavut,Education,14.578
2016,Nunavut,Health,22.377
2016,Nunavut,Other expenditure,50.557
2016,Nunavut,Social protection,12.488
2016,Ontario,Education,24.742
2016,Ontario,Health,37.623
2016,Ontario,Other expenditure,24.716
2016,Ontario,Social protection,12.919
2016,Prince Edward Island,Education,25.251
2016,Prince Edward Island,Health,44.033
2016,Prince Edward Island,Other expenditure,25.147
2016,Prince Edward Island,Social protection,5.569
2016,Quebec,Education,19.233
2016,Quebec,Health,33.449
2016,Quebec,Other expenditure,27.972
2016,Quebec,Social protection,19.346
2016,Saskatchewan,Education,26.334
2016,Saskatchewan,Health,37.309
2016,Saskatchewan,Other expenditure,25.577
2016,Saskatchewan,Social protection,10.779
2016,Yukon,Education,16.518
2016,Yukon,Health,27.073
2016,Yukon,Other expenditure,47.567
2016,Yukon,Social protection,8.842
2017,Alberta,Education,26.178
2017,Alberta,Health,37.019
2017,Alberta,Other expenditure,28.495
2017,Alberta,Social protection,8.307
2017,British Columbia,Education,23.181
2017,British Columbia,Health,42.836
2017,British Columbia,Other expenditure,24.437
2017,British Columbia,Social protection,9.545
2017,Canada,Education,1.64
2017,Canada,Health,11.65
2017,Canada,Other expenditure,41.522
2017,Canada,Social protection,45.189
2017,Manitoba,Education,22.789
2017,Manitoba,Health,43.152
2017,Manitoba,Other expenditure,24.816
2017,Manitoba,Social protection,9.244
2017,New Brunswick,Education,16.54
2017,New Brunswick,Health,43.616
2017,New Brunswick,Other expenditure,30.978
2017,New Brunswick,Social protection,8.865
2017,Newfoundland and Labrador,Education,22.108
2017,Newfoundland and Labrador,Health,44.08
2017,Newfoundland and Labrador,Other expenditure,27.743
2017,Newfoundland and Labrador,Social protection,6.068
2017,Northwest Territories,Education,13.849
2017,Northwest Territories,Health,32.224
2017,Northwest Territories,Other expenditure,41.896
2017,Northwest Territories,Social protection,12.031
2017,Nova Scotia,Education,22.757
2017,Nova Scotia,Health,41.097
2017,Nova Scotia,Other expenditure,28.263
2017,Nova Scotia,Social protection,7.884
2017,Nunavut,Education,14.298
2017,Nunavut,Health,24.197
2017,Nunavut,Other expenditure,49.538
2017,Nunavut,Social protection,11.967
2017,Ontario,Education,25.766
2017,Ontario,Health,36.795
2017,Ontario,Other expenditure,24.641
2017,Ontario,Social protection,12.798
2017,Prince Edward Island,Education,24.77
2017,Prince Edward Island,Health,44.39
2017,Prince Edward Island,Other expenditure,25.459
2017,Prince Edward Island,Social protection,5.381
2017,Quebec,Education,19.312
2017,Quebec,Health,33.201
2017,Quebec,Other expenditure,28.67
2017,Quebec,Social protection,18.818
2017,Saskatchewan,Education,26.014
2017,Saskatchewan,Health,38.787
2017,Saskatchewan,Other expenditure,24.088
2017,Saskatchewan,Social protection,11.112
2017,Yukon,Education,16.531
2017,Yukon,Health,27.236
2017,Yukon,Other expenditure,46.748
2017,Yukon,Social protection,9.485
2018,Alberta,Education,25.131
2018,Alberta,Health,37.805
2018,Alberta,Other expenditure,28.092
2018,Alberta,Social protection,8.971
2018,British Columbia,Education,22.756
2018,British Columbia,Health,42.573
2018,British Columbia,Other expenditure,24.235
2018,British Columbia,Social protection,10.435
2018,Canada,Education,1.992
2018,Canada,Health,11.576
2018,Canada,Other expenditure,42.363
2018,Canada,Social protection,44.069
2018,Manitoba,Education,23.231
2018,Manitoba,Health,43.09
2018,Manitoba,Other expenditure,24.189
2018,Manitoba,Social protection,9.49
2018,New Brunswick,Education,16.716
2018,New Brunswick,Health,43.786
2018,New Brunswick,Other expenditure,30.589
2018,New Brunswick,Social protection,8.909
2018,Newfoundland and Labrador,Education,22.366
2018,Newfoundland and Labrador,Health,45.346
2018,Newfoundland and Labrador,Other expenditure,26.681
2018,Newfoundland and Labrador,Social protection,5.607
2018,Northwest Territories,Education,13.479
2018,Northwest Territories,Health,32.422
2018,Northwest Territories,Other expenditure,41.876
2018,Northwest Territories,Social protection,12.223
2018,Nova Scotia,Education,23.317
2018,Nova Scotia,Health,42.035
2018,Nova Scotia,Other expenditure,27.006
2018,Nova Scotia,Social protection,7.642
2018,Nunavut,Education,14.022
2018,Nunavut,Health,24.149
2018,Nunavut,Other expenditure,49.569
2018,Nunavut,Social protection,12.259
2018,Ontario,Education,25.58
2018,Ontario,Health,35.849
2018,Ontario,Other expenditure,25.83
2018,Ontario,Social protection,12.741
2018,Prince Edward Island,Education,25.031
2018,Prince Edward Island,Health,43.273
2018,Prince Edward Island,Other expenditure,25.97
2018,Prince Edward Island,Social protection,5.726
2018,Quebec,Education,19.541
2018,Quebec,Health,33.121
2018,Quebec,Other expenditure,28.655
2018,Quebec,Social protection,18.683
2018,Saskatchewan,Education,26.615
2018,Saskatchewan,Health,38.023
2018,Saskatchewan,Other expenditure,24.48
2018,Saskatchewan,Social protection,10.882
2018,Yukon,Education,15.443
2018,Yukon,Health,25.316
2018,Yukon,Other expenditure,50.0
2018,Yukon,Social protection,9.241
2019,Alberta,Education,24.328
2019,Alberta,Health,37.656
2019,Alberta,Other expenditure,29.331
2019,Alberta,Social protection,8.686
2019,British Columbia,Education,22.388
2019,British Columbia,Health,42.733
2019,British Columbia,Other expenditure,23.945
2019,British Columbia,Social protection,10.935
2019,Canada,Education,1.987
2019,Canada,Health,11.38
2019,Canada,Other expenditure,43.816
2019,Canada,Social protection,42.817
2019,Manitoba,Education,21.974
2019,Manitoba,Health,43.044
2019,Manitoba,Other expenditure,25.108
2019,Manitoba,Social protection,9.875
2019,New Brunswick,Education,16.945
2019,New Brunswick,Health,43.953
2019,New Brunswick,Other expenditure,30.351
2019,New Brunswick,Social protection,8.75
2019,Newfoundland and Labrador,Education,22.807
2019,Newfoundland and Labrador,Health,44.746
2019,Newfoundland and Labrador,Other expenditure,26.806
2019,Newfoundland and Labrador,Social protection,5.642
2019,Northwest Territories,Education,12.697
2019,Northwest Territories,Health,32.258
2019,Northwest Territories,Other expenditure,42.279
2019,Northwest Territories,Social protection,12.766
2019,Nova Scotia,Education,22.966
2019,Nova Scotia,Health,42.309
2019,Nova Scotia,Other expenditure,27.339
2019,Nova Scotia,Social protection,7.387
2019,Nunavut,Education,13.362
2019,Nunavut,Health,24.584
2019,Nunavut,Other expenditure,49.603
2019,Nunavut,Social protection,12.45
2019,Ontario,Education,24.988
2019,Ontario,Health,36.652
2019,Ontario,Other expenditure,25.72
2019,Ontario,Social protection,12.639
2019,Prince Edward Island,Education,24.661
2019,Prince Edward Island,Health,42.124
2019,Prince Edward Island,Other expenditure,26.755
2019,Prince Edward Island,Social protection,6.46
2019,Quebec,Education,19.536
2019,Quebec,Health,33.353
2019,Quebec,Other expenditure,28.498
2019,Quebec,Social protection,18.612
2019,Saskatchewan,Education,26.096
2019,Saskatchewan,Health,38.413
2019,Saskatchewan,Other expenditure,24.75
2019,Saskatchewan,Social protection,10.741
2019,Yukon,Education,14.243
2019,Yukon,Health,27.764
2019,Yukon,Other expenditure,49.639
2019,Yukon,Social protection,8.353
2020,Alberta,Education,22.845
2020,Alberta,Health,40.474
2020,Alberta,Other expenditure,28.242
2020,Alberta,Social protection,8.44
2020,British Columbia,Education,20.329
2020,British Columbia,Health,42.746
2020,British Columbia,Other expenditure,23.239
2020,British Columbia,Social protection,13.687
2020,Canada,Education,1.439
2020,Canada,Health,9.007
2020,Canada,Other expenditure,43.376
2020,Canada,Social protection,46.178
2020,Manitoba,Education,20.082
2020,Manitoba,Health,44.983
2020,Manitoba,Other expenditure,25.265
2020,Manitoba,Social protection,9.67
2020,New Brunswick,Education,16.647
2020,New Brunswick,Health,46.21
2020,New Brunswick,Other expenditure,30.344
2020,New Brunswick,Social protection,6.799
2020,Newfoundland and Labrador,Education,21.817
2020,Newfoundland and Labrador,Health,45.138
2020,Newfoundland and Labrador,Other expenditure,27.721
2020,Newfoundland and Labrador,Social protection,5.324
2020,Northwest Territories,Education,13.064
2020,Northwest Territories,Health,34.019
2020,Northwest Territories,Other expenditure,41.015
2020,Northwest Territories,Social protection,11.903
2020,Nova Scotia,Education,22.6
2020,Nova Scotia,Health,43.434
2020,Nova Scotia,Other expenditure,26.866
2020,Nova Scotia,Social protection,7.1
2020,Nunavut,Education,12.996
2020,Nunavut,Health,25.689
2020,Nunavut,Other expenditure,49.868
2020,Nunavut,Social protection,11.447
2020,Ontario,Education,22.942
2020,Ontario,Health,39.32
2020,Ontario,Other expenditure,25.367
2020,Ontario,Social protection,12.371
2020,Prince Edward Island,Education,23.95
2020,Prince Edward Island,Health,41.768
2020,Prince Edward Island,Other expenditure,28.039
2020,Prince Edward Island,Social protection,6.243
2020,Quebec,Education,18.764
2020,Quebec,Health,36.501
2020,Quebec,Other expenditure,27.694
2020,Quebec,Social protection,17.041
2020,Saskatchewan,Education,24.545
2020,Saskatchewan,Health,39.407
2020,Saskatchewan,Other expenditure,25.077
2020,Saskatchewan,Social protection,10.971
2020,Yukon,Education,12.662
2020,Yukon,Health,28.409
2020,Yukon,Other expenditure,50.487
2020,Yukon,Social protection,8.442
2021,Alberta,Education,21.983
2021,Alberta,Health,39.354
2021,Alberta,Other expenditure,29.975
2021,Alberta,Social protection,8.688
2021,British Columbia,Education,20.306
2021,British Columbia,Health,43.534
2021,British Columbia,Other expenditure,24.002
2021,British Columbia,Social protection,12.159
2021,Canada,Education,1.949
2021,Canada,Health,10.703
2021,Canada,Other expenditure,41.153
2021,Canada,Social protection,46.195
2021,Manitoba,Education,21.45
2021,Manitoba,Health,44.609
2021,Manitoba,Other expenditure,24.988
2021,Manitoba,Social protection,8.952
2021,New Brunswick,Education,16.955
2021,New Brunswick,Health,46.232
2021,New Brunswick,Other expenditure,30.024
2021,New Brunswick,Social protection,6.789
2021,Newfoundland and Labrador,Education,22.7
2021,Newfoundland and Labrador,Health,45.318
2021,Newfoundland and Labrador,Other expenditure,26.769
2021,Newfoundland and Labrador,Social protection,5.213
2021,Northwest Territories,Education,12.98
2021,Northwest Territories,Health,33.516
2021,Northwest Territories,Other expenditure,41.718
2021,Northwest Territories,Social protection,11.786
2021,Nova Scotia,Education,22.473
2021,Nova Scotia,Health,42.167
2021,Nova Scotia,Other expenditure,27.617
2021,Nova Scotia,Social protection,7.744
2021,Nunavut,Education,13.05
2021,Nunavut,Health,25.69
2021,Nunavut,Other expenditure,49.888
2021,Nunavut,Social protection,11.372
2021,Ontario,Education,22.873
2021,Ontario,Health,40.04
2021,Ontario,Other expenditure,25.039
2021,Ontario,Social protection,12.049
2021,Prince Edward Island,Education,23.089
2021,Prince Edward Island,Health,41.831
2021,Prince Edward Island,Other expenditure,29.2
2021,Prince Edward Island,Social protection,5.881
2021,Quebec,Education,18.873
2021,Quebec,Health,36.428
2021,Quebec,Other expenditure,26.192
2021,Quebec,Social protection,18.506
2021,Saskatchewan,Education,22.434
2021,Saskatchewan,Health,36.633
2021,Saskatchewan,Other expenditure,31.086
2021,Saskatchewan,Social protection,9.847
2021,Yukon,Education,13.105
2021,Yukon,Health,27.016
2021,Yukon,Other expenditure,51.815
2021,Yukon,Social protection,8.065
