Year,Unit,Value
2018,"Net official development assistance, total, as a proportion of the OECD Development Assistance Committee donors' gross national income (GNI)",0.277
2019,"Net official development assistance, total, as a proportion of the OECD Development Assistance Committee donors' gross national income (GNI)",0.275
2020,"Net official development assistance, total, as a proportion of the OECD Development Assistance Committee donors' gross national income (GNI)",0.311
2021,"Net official development assistance, total, as a proportion of the OECD Development Assistance Committee donors' gross national income (GNI)",0.319
