Year,Geography,Sex,Value
2015,,,12.3
2016,,,11.0
2017,,,11.3
2018,,,10.3
2019,,,10.7
2015,Canada,Both sexes,12.3
2015,Canada,Males,18.4
2015,Canada,Females,6.3
2015,Newfoundland and Labrador,Both sexes,11.9
2015,Newfoundland and Labrador,Males,19.2
2015,Newfoundland and Labrador,Females,4.8
2015,Prince Edward Island,Both sexes,5.4
2015,Prince Edward Island,Males,7.0
2015,Prince Edward Island,Females,4.0
2015,Nova Scotia,Both sexes,13.4
2015,Nova Scotia,Males,22.5
2015,Nova Scotia,Females,4.6
2015,New Brunswick,Both sexes,16.7
2015,New Brunswick,Males,26.6
2015,New Brunswick,Females,7.1
2015,Quebec,Both sexes,13.9
2015,Quebec,Males,20.7
2015,Quebec,Females,7.2
2015,Ontario,Both sexes,9.8
2015,Ontario,Males,14.3
2015,Ontario,Females,5.4
2015,Manitoba,Both sexes,13.8
2015,Manitoba,Males,18.5
2015,Manitoba,Females,9.2
2015,Saskatchewan,Both sexes,14.1
2015,Saskatchewan,Males,22.6
2015,Saskatchewan,Females,5.3
2015,Alberta,Both sexes,15.8
2015,Alberta,Males,22.9
2015,Alberta,Females,8.4
2015,British Columbia,Both sexes,11.6
2015,British Columbia,Males,18.1
2015,British Columbia,Females,5.2
2015,Yukon,Both sexes,13.4
2015,Yukon,Males,26.4
2015,Yukon,Females,0.0
2015,Northwest Territories,Both sexes,20.4
2015,Northwest Territories,Males,39.9
2015,Northwest Territories,Females,0.0
2015,Nunavut,Both sexes,79.2
2015,Nunavut,Males,132.0
2015,Nunavut,Females,22.6
2015,Unknown province or territory of residence,Both sexes,0.0
2015,Unknown province or territory of residence,Males,0.0
2015,Unknown province or territory of residence,Females,0.0
2016,Canada,Both sexes,11.0
2016,Canada,Males,16.3
2016,Canada,Females,5.7
2016,Newfoundland and Labrador,Both sexes,13.8
2016,Newfoundland and Labrador,Males,21.0
2016,Newfoundland and Labrador,Females,6.7
2016,Prince Edward Island,Both sexes,6.7
2016,Prince Edward Island,Males,12.3
2016,Prince Edward Island,Females,1.3
2016,Nova Scotia,Both sexes,13.2
2016,Nova Scotia,Males,20.9
2016,Nova Scotia,Females,5.8
2016,New Brunswick,Both sexes,15.8
2016,New Brunswick,Males,25.4
2016,New Brunswick,Females,6.5
2016,Quebec,Both sexes,9.4
2016,Quebec,Males,14.4
2016,Quebec,Females,4.4
2016,Ontario,Both sexes,9.8
2016,Ontario,Males,14.4
2016,Ontario,Females,5.3
2016,Manitoba,Both sexes,15.2
2016,Manitoba,Males,21.5
2016,Manitoba,Females,8.9
2016,Saskatchewan,Both sexes,15.7
2016,Saskatchewan,Males,21.9
2016,Saskatchewan,Females,9.3
2016,Alberta,Both sexes,13.9
2016,Alberta,Males,20.3
2016,Alberta,Females,7.4
2016,British Columbia,Both sexes,10.1
2016,British Columbia,Males,15.2
2016,British Columbia,Females,5.1
2016,Yukon,Both sexes,18.4
2016,Yukon,Males,25.8
2016,Yukon,Females,10.7
2016,Northwest Territories,Both sexes,26.9
2016,Northwest Territories,Males,35.0
2016,Northwest Territories,Females,18.4
2016,Nunavut,Both sexes,67.2
2016,Nunavut,Males,93.5
2016,Nunavut,Females,39.1
2016,Unknown province or territory of residence,Both sexes,0.0
2016,Unknown province or territory of residence,Males,0.0
2016,Unknown province or territory of residence,Females,0.0
2017,Canada,Both sexes,11.3
2017,Canada,Males,17.1
2017,Canada,Females,5.7
2017,Newfoundland and Labrador,Both sexes,17.4
2017,Newfoundland and Labrador,Males,26.9
2017,Newfoundland and Labrador,Females,8.2
2017,Prince Edward Island,Both sexes,10.5
2017,Prince Edward Island,Males,14.8
2017,Prince Edward Island,Females,6.4
2017,Nova Scotia,Both sexes,14.5
2017,Nova Scotia,Males,22.0
2017,Nova Scotia,Females,7.2
2017,New Brunswick,Both sexes,12.6
2017,New Brunswick,Males,20.5
2017,New Brunswick,Females,4.9
2017,Quebec,Both sexes,10.5
2017,Quebec,Males,15.9
2017,Quebec,Females,5.1
2017,Ontario,Both sexes,10.0
2017,Ontario,Males,14.8
2017,Ontario,Females,5.3
2017,Manitoba,Both sexes,15.5
2017,Manitoba,Males,20.5
2017,Manitoba,Females,10.4
2017,Saskatchewan,Both sexes,15.1
2017,Saskatchewan,Males,22.2
2017,Saskatchewan,Females,8.0
2017,Alberta,Both sexes,14.7
2017,Alberta,Males,23.0
2017,Alberta,Females,6.3
2017,British Columbia,Both sexes,9.9
2017,British Columbia,Males,15.1
2017,British Columbia,Females,4.7
2017,Northwest Territories,Both sexes,13.5
2017,Northwest Territories,Males,26.3
2017,Northwest Territories,Females,0.0
2017,Nunavut,Both sexes,50.0
2017,Nunavut,Males,81.3
2017,Nunavut,Females,16.4
2017,Unknown province or territory of residence,Both sexes,0.0
2017,Unknown province or territory of residence,Males,0.0
2017,Unknown province or territory of residence,Females,0.0
2018,Canada,Both sexes,10.3
2018,Canada,Males,15.7
2018,Canada,Females,5.0
2018,Newfoundland and Labrador,Both sexes,13.7
2018,Newfoundland and Labrador,Males,23.1
2018,Newfoundland and Labrador,Females,4.5
2018,Prince Edward Island,Both sexes,4.6
2018,Prince Edward Island,Males,8.0
2018,Prince Edward Island,Females,1.3
2018,Nova Scotia,Both sexes,12.8
2018,Nova Scotia,Males,20.9
2018,Nova Scotia,Females,5.1
2018,New Brunswick,Both sexes,14.7
2018,New Brunswick,Males,24.1
2018,New Brunswick,Females,5.4
2018,Quebec,Both sexes,9.6
2018,Quebec,Males,14.3
2018,Quebec,Females,4.9
2018,Ontario,Both sexes,8.9
2018,Ontario,Males,13.5
2018,Ontario,Females,4.4
2018,Manitoba,Both sexes,13.8
2018,Manitoba,Males,20.1
2018,Manitoba,Females,7.4
2018,Saskatchewan,Both sexes,19.3
2018,Saskatchewan,Males,29.2
2018,Saskatchewan,Females,9.2
2018,Alberta,Both sexes,13.2
2018,Alberta,Males,19.5
2018,Alberta,Females,6.7
2018,British Columbia,Both sexes,8.2
2018,British Columbia,Males,12.6
2018,British Columbia,Females,3.8
2018,Northwest Territories,Both sexes,24.7
2018,Northwest Territories,Males,39.3
2018,Northwest Territories,Females,9.2
2018,Nunavut,Both sexes,54.7
2018,Nunavut,Males,101.3
2018,Nunavut,Females,5.4
2018,Unknown province or territory of residence,Both sexes,0.0
2018,Unknown province or territory of residence,Males,0.0
2018,Unknown province or territory of residence,Females,0.0
2019,Canada,Both sexes,10.7
2019,Canada,Males,16.4
2019,Canada,Females,5.0
2019,Newfoundland and Labrador,Both sexes,11.5
2019,Newfoundland and Labrador,Males,17.0
2019,Newfoundland and Labrador,Females,6.0
2019,Prince Edward Island,Both sexes,10.8
2019,Prince Edward Island,Males,18.1
2019,Prince Edward Island,Females,3.8
2019,Nova Scotia,Both sexes,12.7
2019,Nova Scotia,Males,21.1
2019,Nova Scotia,Females,4.6
2019,New Brunswick,Both sexes,10.0
2019,New Brunswick,Males,14.8
2019,New Brunswick,Females,5.4
2019,Quebec,Both sexes,11.5
2019,Quebec,Males,17.7
2019,Quebec,Females,5.3
2019,Ontario,Both sexes,9.1
2019,Ontario,Males,13.8
2019,Ontario,Females,4.5
2019,Manitoba,Both sexes,15.1
2019,Manitoba,Males,22.5
2019,Manitoba,Females,7.7
2019,Saskatchewan,Both sexes,14.2
2019,Saskatchewan,Males,22.7
2019,Saskatchewan,Females,5.5
2019,Alberta,Both sexes,13.0
2019,Alberta,Males,19.6
2019,Alberta,Females,6.3
2019,British Columbia,Both sexes,8.9
2019,British Columbia,Males,13.9
2019,British Columbia,Females,4.0
2019,Northwest Territories,Both sexes,15.5
2019,Northwest Territories,Males,17.3
2019,Northwest Territories,Females,13.7
2019,Nunavut,Both sexes,82.9
2019,Nunavut,Males,121.2
2019,Nunavut,Females,42.5
2019,Unknown province or territory of residence,Both sexes,0.0
2019,Unknown province or territory of residence,Males,0.0
2019,Unknown province or territory of residence,Females,0.0
