Year,Tobacco Product,Sex,Age group,Value
2015,,,,15.5
2017,,,,17.8
2019,,,,14.0
2020,,,,12.1
2021,,,,11.9
2022,,,,12.9
2015,Any tobacco product,Both sexes,15-19 years-old,13.1
2015,Cigarettes,Both sexes,15-19 years-old,9.8
2015,Cigars,Both sexes,15-19 years-old,1.3
2015,E-cigarettes,Both sexes,15-19 years-old,6.3
2015,Little cigars or cigarillos,Both sexes,15-19 years-old,3.0
2015,Smokeless tobacco,Both sexes,15-19 years-old,0.9
2015,Water pipe with tobacco,Both sexes,15-19 years-old,1.7
2015,Any tobacco product,Both sexes,20-24 years-old,23.8
2015,Cigarettes,Both sexes,20-24 years-old,18.9
2015,Cigars,Both sexes,20-24 years-old,2.3
2015,E-cigarettes,Both sexes,20-24 years-old,6.3
2015,Little cigars or cigarillos,Both sexes,20-24 years-old,5.7
2015,Pipe,Both sexes,20-24 years-old,1.5
2015,Smokeless tobacco,Both sexes,20-24 years-old,1.8
2015,Water pipe with tobacco,Both sexes,20-24 years-old,2.7
2015,Any tobacco product,Both sexes,25+ years-old,14.9
2015,Cigarettes,Both sexes,25+ years-old,12.9
2015,Cigars,Both sexes,25+ years-old,1.1
2015,E-cigarettes,Both sexes,25+ years-old,2.6
2015,Little cigars or cigarillos,Both sexes,25+ years-old,1.3
2015,Pipe,Both sexes,25+ years-old,0.4
2015,Smokeless tobacco,Both sexes,25+ years-old,0.2
2015,Any tobacco product,Both sexes,25-44 years-old,17.8
2015,Cigarettes,Both sexes,25-44 years-old,15.3
2015,Cigars,Both sexes,25-44 years-old,1.1
2015,E-cigarettes,Both sexes,25-44 years-old,3.4
2015,Little cigars or cigarillos,Both sexes,25-44 years-old,1.7
2015,Any tobacco product,Both sexes,45+ years-old,13.0
2015,Cigarettes,Both sexes,45+ years-old,11.4
2015,Cigars,Both sexes,45+ years-old,1.0
2015,E-cigarettes,Both sexes,45+ years-old,2.1
2015,Little cigars or cigarillos,Both sexes,45+ years-old,1.0
2015,Cigarettes,Both sexes,All age groups,13.2
2015,Cigars,Both sexes,All age groups,1.2
2015,E-cigarettes,Both sexes,All age groups,3.2
2015,Little cigars or cigarillos,Both sexes,All age groups,1.8
2015,Pipe,Both sexes,All age groups,0.5
2015,Smokeless tobacco,Both sexes,All age groups,0.4
2015,Water pipe with tobacco,Both sexes,All age groups,0.5
2017,Any tobacco product,Both sexes,15-19 years-old,9.2
2017,Cigarettes,Both sexes,15-19 years-old,6.6
2017,Cigars,Both sexes,15-19 years-old,1.0
2017,E-cigarettes,Both sexes,15-19 years-old,6.3
2017,Little cigars or cigarillos,Both sexes,15-19 years-old,2.2
2017,Smokeless tobacco,Both sexes,15-19 years-old,1.6
2017,Water pipe with tobacco,Both sexes,15-19 years-old,1.5
2017,Any tobacco product,Both sexes,20-24 years-old,20.6
2017,Cigarettes,Both sexes,20-24 years-old,15.6
2017,Cigars,Both sexes,20-24 years-old,2.1
2017,E-cigarettes,Both sexes,20-24 years-old,6.0
2017,Little cigars or cigarillos,Both sexes,20-24 years-old,3.7
2017,Smokeless tobacco,Both sexes,20-24 years-old,1.4
2017,Water pipe with tobacco,Both sexes,20-24 years-old,3.1
2017,Any tobacco product,Both sexes,25+ years-old,18.2
2017,Cigarettes,Both sexes,25+ years-old,16.0
2017,Cigars,Both sexes,25+ years-old,0.6
2017,E-cigarettes,Both sexes,25+ years-old,2.3
2017,Little cigars or cigarillos,Both sexes,25+ years-old,1.1
2017,Any tobacco product,Both sexes,25-44 years-old,22.4
2017,Cigarettes,Both sexes,25-44 years-old,18.7
2017,E-cigarettes,Both sexes,25-44 years-old,3.2
2017,Little cigars or cigarillos,Both sexes,25-44 years-old,1.9
2017,Any tobacco product,Both sexes,45+ years-old,15.6
2017,Cigarettes,Both sexes,45+ years-old,14.2
2017,E-cigarettes,Both sexes,45+ years-old,1.7
2017,Little cigars or cigarillos,Both sexes,45+ years-old,0.6
2017,Cigarettes,Both sexes,All age groups,15.3
2017,Cigars,Both sexes,All age groups,0.8
2017,E-cigarettes,Both sexes,All age groups,2.9
2017,Little cigars or cigarillos,Both sexes,All age groups,1.4
2017,Pipe,Both sexes,All age groups,0.3
2017,Smokeless tobacco,Both sexes,All age groups,0.7
2017,Water pipe with tobacco,Both sexes,All age groups,0.7
2019,Any tobacco product,Both sexes,15-19 years-old,7.4
2019,Cigarettes,Both sexes,15-19 years-old,5.1
2019,Vaping,Both sexes,15-19 years-old,15.1
2019,Any tobacco product,Both sexes,20-24 years-old,18.3
2019,Cigarettes,Both sexes,20-24 years-old,13.3
2019,Little cigars or cigarillos,Both sexes,20-24 years-old,3.9
2019,Vaping,Both sexes,20-24 years-old,15.2
2019,Any tobacco product,Both sexes,25+ years-old,14.4
2019,Cigarettes,Both sexes,25+ years-old,12.5
2019,Cigars,Both sexes,25+ years-old,1.3
2019,Little cigars or cigarillos,Both sexes,25+ years-old,1.7
2019,Vaping,Both sexes,25+ years-old,2.9
2019,Any tobacco product,Both sexes,25-44 years-old,16.0
2019,Cigarettes,Both sexes,25-44 years-old,13.2
2019,Little cigars or cigarillos,Both sexes,25-44 years-old,1.7
2019,Vaping,Both sexes,25-44 years-old,5.0
2019,Any tobacco product,Both sexes,45+ years-old,13.4
2019,Cigarettes,Both sexes,45+ years-old,12.0
2019,Cigars,Both sexes,45+ years-old,0.9
2019,Little cigars or cigarillos,Both sexes,45+ years-old,1.6
2019,Vaping,Both sexes,45+ years-old,1.6
2019,Chewing tobacco,Both sexes,All age groups,0.4
2019,Cigarettes,Both sexes,All age groups,11.9
2019,Cigars,Both sexes,All age groups,1.4
2019,Little cigars or cigarillos,Both sexes,All age groups,1.9
2019,Vaping,Both sexes,All age groups,4.7
2019,Water pipe with tobacco,Both sexes,All age groups,0.4
2020,Any tobacco product,Both sexes,15-19 years-old,6.0
2020,Cigarettes,Both sexes,15-19 years-old,3.1
2020,Vaping,Both sexes,15-19 years-old,14.4
2020,Any tobacco product,Both sexes,20-24 years-old,12.5
2020,Cigarettes,Both sexes,20-24 years-old,8.4
2020,Little cigars or cigarillos,Both sexes,20-24 years-old,2.8
2020,Vaping,Both sexes,20-24 years-old,13.0
2020,Any tobacco product,Both sexes,25+ years-old,12.5
2020,Cigarettes,Both sexes,25+ years-old,11.0
2020,Cigars,Both sexes,25+ years-old,1.1
2020,Little cigars or cigarillos,Both sexes,25+ years-old,1.6
2020,Vaping,Both sexes,25+ years-old,3.2
2020,Any tobacco product,Both sexes,25-44 years-old,12.4
2020,Cigarettes,Both sexes,25-44 years-old,10.5
2020,Little cigars or cigarillos,Both sexes,25-44 years-old,2.0
2020,Vaping,Both sexes,25-44 years-old,5.1
2020,Any tobacco product,Both sexes,45+ years-old,12.6
2020,Cigarettes,Both sexes,45+ years-old,11.4
2020,Cigars,Both sexes,45+ years-old,0.7
2020,Little cigars or cigarillos,Both sexes,45+ years-old,1.3
2020,Vaping,Both sexes,45+ years-old,2.0
2020,Chewing tobacco,Both sexes,All age groups,0.5
2020,Cigarettes,Both sexes,All age groups,10.3
2020,Cigars,Both sexes,All age groups,1.2
2020,Little cigars or cigarillos,Both sexes,All age groups,1.7
2020,Vaping,Both sexes,All age groups,4.7
2020,Water pipe with tobacco,Both sexes,All age groups,0.5
2021,Any tobacco product,Both sexes,15-19 years-old,5.3
2021,Any tobacco product,Both sexes,20-24 years-old,12.7
2021,Any tobacco product,Both sexes,25+ years-old,12.3
2021,Any tobacco product,Both sexes,25-44 years-old,13.6
2021,Any tobacco product,Both sexes,45+ years-old,11.5
2021,Chewing tobacco,Both sexes,All age groups,0.4
2021,Chewing tobacco,Both sexes,15-19 years-old,0.6
2021,Chewing tobacco,Both sexes,20-24 years-old,1.0
2021,Chewing tobacco,Both sexes,25+ years-old,0.4
2021,Chewing tobacco,Both sexes,45+ years-old,0.3
2021,Cigarettes,Both sexes,15-19 years-old,3.3
2021,Cigarettes,Both sexes,20-24 years-old,9.8
2021,Cigarettes,Both sexes,25+ years-old,10.8
2021,Cigarettes,Both sexes,25-44 years-old,11.3
2021,Cigarettes,Both sexes,45+ years-old,10.4
2021,Cigarettes,Both sexes,All age groups,10.2
2021,Cigars,Both sexes,15-19 years-old,1.2
2021,Cigars,Both sexes,20-24 years-old,1.8
2021,Cigars,Both sexes,25+ years-old,0.9
2021,Cigars,Both sexes,25-44 years-old,1.4
2021,Cigars,Both sexes,45+ years-old,0.6
2021,Cigars,Both sexes,All age groups,1.0
2021,Little cigars or cigarillos,Both sexes,15-19 years-old,2.0
2021,Little cigars or cigarillos,Both sexes,20-24 years-old,2.3
2021,Little cigars or cigarillos,Both sexes,25+ years-old,1.5
2021,Little cigars or cigarillos,Both sexes,25-44 years-old,2.2
2021,Little cigars or cigarillos,Both sexes,45+ years-old,1.0
2021,Little cigars or cigarillos,Both sexes,All age groups,1.6
2021,Vaping,Both sexes,15-19 years-old,12.7
2021,Vaping,Both sexes,20-24 years-old,17.2
2021,Vaping,Both sexes,25+ years-old,3.6
2021,Vaping,Both sexes,25-44 years-old,6.1
2021,Vaping,Both sexes,45+ years-old,2.0
2021,Vaping,Both sexes,All age groups,5.2
2021,Pipe,Both sexes,All age groups,0.3
2021,Pipe,Both sexes,25+ years-old,0.3
2021,Pipe,Both sexes,45+ years-old,0.3
2021,Water pipe with tobacco,Both sexes,All age groups,0.4
2021,Water pipe with tobacco,Both sexes,15-19 years-old,0.8
2021,Water pipe with tobacco,Both sexes,20-24 years-old,1.6
2021,Water pipe with tobacco,Both sexes,25+ years-old,0.3
2021,Water pipe with tobacco,Both sexes,25-44 years-old,0.6
2015,Any tobacco product,Female,All age groups,11.6
2015,Cigarettes,Female,All age groups,10.6
2015,E-cigarettes,Female,All age groups,2.8
2015,Little cigars or cigarillos,Female,All age groups,0.9
2015,Pipe,Female,All age groups,0.3
2015,Water pipe with tobacco,Female,All age groups,0.4
2017,Any tobacco product,Female,All age groups,14.4
2017,Cigarettes,Female,All age groups,13.6
2017,Cigars,Female,All age groups,0.1
2017,E-cigarettes,Female,All age groups,2.2
2017,Water pipe with tobacco,Female,All age groups,0.5
2019,Any tobacco product,Female,15-19 years-old,5.0
2019,Vaping,Female,15-19 years-old,13.6
2019,Any tobacco product,Female,20-24 years-old,14.2
2019,Cigarettes,Female,20-24 years-old,10.6
2019,Vaping,Female,20-24 years-old,11.8
2019,Any tobacco product,Female,25+ years-old,12.5
2019,Cigarettes,Female,25+ years-old,11.8
2019,Little cigars or cigarillos,Female,25+ years-old,0.8
2019,Vaping,Female,25+ years-old,2.1
2019,Any tobacco product,Female,25-44 years-old,13.8
2019,Cigarettes,Female,25-44 years-old,12.8
2019,Vaping,Female,25-44 years-old,3.3
2019,Any tobacco product,Female,45+ years-old,11.8
2019,Cigarettes,Female,45+ years-old,11.3
2019,Vaping,Female,45+ years-old,1.3
2019,Any tobacco product,Female,All age groups,12.0
2019,Cigarettes,Female,All age groups,11.0
2019,Little cigars or cigarillos,Female,All age groups,1.0
2019,Vaping,Female,All age groups,3.6
2020,Vaping,Female,15-19 years-old,13.9
2020,Any tobacco product,Female,20-24 years-old,6.8
2020,Cigarettes,Female,20-24 years-old,4.3
2020,Vaping,Female,20-24 years-old,10.2
2020,Any tobacco product,Female,25+ years-old,10.0
2020,Cigarettes,Female,25+ years-old,9.4
2020,Vaping,Female,25+ years-old,2.3
2020,Any tobacco product,Female,25-44 years-old,9.1
2020,Cigarettes,Female,25-44 years-old,8.5
2020,Any tobacco product,Female,45+ years-old,10.6
2020,Cigarettes,Female,45+ years-old,10.0
2020,Vaping,Female,45+ years-old,1.8
2020,Any tobacco product,Female,All age groups,9.5
2020,Cigarettes,Female,All age groups,8.6
2020,Little cigars or cigarillos,Female,All age groups,0.8
2020,Vaping,Female,All age groups,3.6
2021,Any tobacco product,Female,20-24 years-old,4.6
2021,Any tobacco product,Female,25+ years-old,7.7
2021,Any tobacco product,Female,25-44 years-old,9.5
2021,Any tobacco product,Female,45+ years-old,8.9
2021,Any tobacco product,Female,All age groups,9.9
2021,Any tobacco product,Female,All age groups,9.1
2021,Cigarettes,Female,15-19 years-old,2.7
2021,Cigarettes,Female,20-24 years-old,6.1
2021,Cigarettes,Female,25+ years-old,9.2
2021,Cigarettes,Female,25-44 years-old,8.6
2021,Cigarettes,Female,45+ years-old,9.5
2021,Cigarettes,Female,All age groups,8.5
2021,Cigars,Female,All age groups,0.2
2021,Little cigars or cigarillos,Female,All age groups,0.8
2021,Little cigars or cigarillos,Female,15-19 years-old,1.4
2021,Little cigars or cigarillos,Female,20-24 years-old,0.8
2021,Little cigars or cigarillos,Female,25+ years-old,0.8
2021,Little cigars or cigarillos,Female,25-44 years-old,1.4
2021,Little cigars or cigarillos,Female,45+ years-old,0.4
2021,Vaping,Female,15-19 years-old,13.0
2021,Vaping,Female,20-24 years-old,14.0
2021,Vaping,Female,25+ years-old,3.1
2021,Vaping,Female,25-44 years-old,5.3
2021,Vaping,Female,45+ years-old,1.7
2021,Vaping,Female,All age groups,4.5
2021,Pipe,Female,All age groups,0.1
2021,Water pipe with tobacco,Female,All age groups,0.2
2021,Water pipe with tobacco,Female,20-24 years-old,1.4
2015,Any tobacco product,Male,All age groups,19.5
2015,Cigarettes,Male,All age groups,15.8
2015,Cigars,Male,All age groups,2.2
2015,E-cigarettes,Male,All age groups,3.6
2015,Little cigars or cigarillos,Male,All age groups,2.7
2015,Pipe,Male,All age groups,0.8
2015,Smokeless tobacco,Male,All age groups,0.8
2015,Water pipe with tobacco,Male,All age groups,0.7
2017,Any tobacco product,Male,All age groups,21.2
2017,Cigarettes,Male,All age groups,17.0
2017,Cigars,Male,All age groups,1.5
2017,E-cigarettes,Male,All age groups,3.6
2017,Little cigars or cigarillos,Male,All age groups,2.1
2017,Smokeless tobacco,Male,All age groups,1.5
2017,Water pipe with tobacco,Male,All age groups,0.9
2019,Any tobacco product,Male,15-19 years-old,9.1
2019,Cigarettes,Male,15-19 years-old,6.0
2019,Vaping,Male,15-19 years-old,16.1
2019,Any tobacco product,Male,20-24 years-old,21.6
2019,Cigarettes,Male,20-24 years-old,15.3
2019,Vaping,Male,20-24 years-old,18.0
2019,Any tobacco product,Male,25+ years-old,16.3
2019,Cigarettes,Male,25+ years-old,13.2
2019,Cigars,Male,25+ years-old,2.3
2019,Little cigars or cigarillos,Male,25+ years-old,2.6
2019,Vaping,Male,25+ years-old,3.8
2019,Any tobacco product,Male,25-44 years-old,18.2
2019,Cigarettes,Male,25-44 years-old,13.7
2019,Vaping,Male,25-44 years-old,6.7
2019,Any tobacco product,Male,45+ years-old,15.1
2019,Cigarettes,Male,45+ years-old,12.9
2019,Cigars,Male,45+ years-old,1.5
2019,Little cigars or cigarillos,Male,45+ years-old,2.6
2019,Vaping,Male,45+ years-old,1.9
2019,Any tobacco product,Male,All age groups,15.9
2019,Chewing tobacco,Male,All age groups,0.7
2019,Cigarettes,Male,All age groups,12.6
2019,Cigars,Male,All age groups,2.4
2019,Little cigars or cigarillos,Male,All age groups,2.8
2019,Vaping,Male,All age groups,5.8
2019,Water pipe with tobacco,Male,All age groups,0.5
2020,Any tobacco product,Male,15-19 years-old,7.3
2020,Vaping,Male,15-19 years-old,14.7
2020,Any tobacco product,Male,20-24 years-old,17.8
2020,Cigarettes,Male,20-24 years-old,12.3
2020,Vaping,Male,20-24 years-old,15.7
2020,Any tobacco product,Male,25+ years-old,15.1
2020,Cigarettes,Male,25+ years-old,12.7
2020,Cigars,Male,25+ years-old,1.9
2020,Little cigars or cigarillos,Male,25+ years-old,2.6
2020,Vaping,Male,25+ years-old,4.1
2020,Any tobacco product,Male,25-44 years-old,15.6
2020,Cigarettes,Male,25-44 years-old,12.5
2020,Vaping,Male,25-44 years-old,7.0
2020,Any tobacco product,Male,45+ years-old,14.8
2020,Cigarettes,Male,45+ years-old,12.8
2020,Little cigars or cigarillos,Male,45+ years-old,2.2
2020,Vaping,Male,45+ years-old,2.1
2020,Any tobacco product,Male,All age groups,14.8
2020,Chewing tobacco,Male,All age groups,1.0
2020,Cigarettes,Male,All age groups,12.1
2020,Cigars,Male,All age groups,1.9
2020,Little cigars or cigarillos,Male,All age groups,2.7
2020,Vaping,Male,All age groups,5.7
2021,Any tobacco product,Male,15-19 years-old,5.9
2021,Any tobacco product,Male,20-24 years-old,17.2
2021,Any tobacco product,Male,25+ years-old,15.0
2021,Any tobacco product,Male,25-44 years-old,18.3
2021,Any tobacco product,Male,45+ years-old,12.9
2021,Any tobacco product,Male,All age groups,14.5
2021,Chewing tobacco,Male,All age groups,0.8
2021,Chewing tobacco,Male,20-24 years-old,1.8
2021,Chewing tobacco,Male,25+ years-old,0.7
2021,Cigarettes,Male,15-19 years-old,3.8
2021,Cigarettes,Male,20-24 years-old,13.2
2021,Cigarettes,Male,25+ years-old,12.3
2021,Cigarettes,Male,25-44 years-old,14.2
2021,Cigarettes,Male,45+ years-old,11.1
2021,Cigarettes,Male,All age groups,11.8
2021,Cigars,Male,All age groups,1.7
2021,Cigars,Male,15-19 years-old,1.7
2021,Cigars,Male,20-24 years-old,3.1
2021,Cigars,Male,25+ years-old,1.6
2021,Cigars,Male,25-44 years-old,2.4
2021,Cigars,Male,45+ years-old,1.1
2021,Little cigars or cigarillos,Male,15-19 years-old,2.4
2021,Little cigars or cigarillos,Male,20-24 years-old,3.6
2021,Little cigars or cigarillos,Male,25+ years-old,2.2
2021,Little cigars or cigarillos,Male,25-44 years-old,3.0
2021,Little cigars or cigarillos,Male,45+ years-old,1.6
2021,Little cigars or cigarillos,Male,All age groups,2.3
2021,Vaping,Male,15-19 years-old,12.2
2021,Vaping,Male,20-24 years-old,20.0
2021,Vaping,Male,25+ years-old,3.8
2021,Vaping,Male,25-44 years-old,6.5
2021,Vaping,Male,45+ years-old,2.0
2021,Vaping,Male,All age groups,5.7
2021,Pipe,Male,All age groups,0.5
2021,Pipe,Male,25+ years-old,0.5
2021,Pipe,Male,45+ years-old,0.6
2021,Water pipe with tobacco,Male,All age groups,0.6
2021,Water pipe with tobacco,Male,20-24 years-old,1.9
2022,Cigarettes,Both sexes,All age groups,10.9
2022,Cigars,Both sexes,All age groups,1.1
2022,Little cigars or cigarillos,Both sexes,All age groups,1.7
2022,Pipe,Both sexes,All age groups,0.3
2022,Chewing tobacco,Both sexes,All age groups,0.6
2022,Water pipe with tobacco,Both sexes,All age groups,0.6
2022,Vaping,Both sexes,All age groups,5.8
2022,Any tobacco product,Both sexes,15-19 years-old,6.2
2022,Cigarettes,Both sexes,15-19 years-old,4.2
2022,Cigars,Both sexes,15-19 years-old,1.7
2022,Little cigars or cigarillos,Both sexes,15-19 years-old,1.9
2022,Pipe,Both sexes,15-19 years-old,0.4
2022,Chewing tobacco,Both sexes,15-19 years-old,0.6
2022,Water pipe with tobacco,Both sexes,15-19 years-old,0.6
2022,Vaping,Both sexes,15-19 years-old,13.6
2022,Any tobacco product,Both sexes,20-24 years-old,10.7
2022,Cigarettes,Both sexes,20-24 years-old,7.7
2022,Cigars,Both sexes,20-24 years-old,1.8
2022,Little cigars or cigarillos,Both sexes,20-24 years-old,2.2
2022,Chewing tobacco,Both sexes,20-24 years-old,0.8
2022,Water pipe with tobacco,Both sexes,20-24 years-old,1.4
2022,Vaping,Both sexes,20-24 years-old,19.7
2022,Any tobacco product,Both sexes,25+ years-old,13.6
2022,Cigarettes,Both sexes,25+ years-old,11.7
2022,Cigars,Both sexes,25+ years-old,1.0
2022,Little cigars or cigarillos,Both sexes,25+ years-old,1.7
2022,Pipe,Both sexes,25+ years-old,0.3
2022,Chewing tobacco,Both sexes,25+ years-old,0.6
2022,Water pipe with tobacco,Both sexes,25+ years-old,0.5
2022,Vaping,Both sexes,25+ years-old,3.9
2022,Any tobacco product,Both sexes,25-44 years-old,13.4
2022,Cigarettes,Both sexes,25-44 years-old,10.9
2022,Cigars,Both sexes,25-44 years-old,1.2
2022,Little cigars or cigarillos,Both sexes,25-44 years-old,2.2
2022,Chewing tobacco,Both sexes,25-44 years-old,0.8
2022,Water pipe with tobacco,Both sexes,25-44 years-old,0.7
2022,Vaping,Both sexes,25-44 years-old,7.1
2022,Any tobacco product,Both sexes,45+ years-old,13.7
2022,Cigarettes,Both sexes,45+ years-old,12.3
2022,Cigars,Both sexes,45+ years-old,0.8
2022,Little cigars or cigarillos,Both sexes,45+ years-old,1.0
2022,Pipe,Both sexes,45+ years-old,0.4
2022,Chewing tobacco,Both sexes,45+ years-old,0.4
2022,Water pipe with tobacco,Both sexes,45+ years-old,0.4
2022,Vaping,Both sexes,45+ years-old,2.0
2022,Any tobacco product,Female,All age groups,9.7
2022,Cigarettes,Female,All age groups,9.1
2022,Cigars,Female,All age groups,0.3
2022,Little cigars or cigarillos,Female,All age groups,1.0
2022,Chewing tobacco,Female,All age groups,0.1
2022,Water pipe with tobacco,Female,All age groups,0.3
2022,Vaping,Female,All age groups,5.0
2022,Any tobacco product,Female,15-19 years-old,4.7
2022,Cigarettes,Female,15-19 years-old,3.3
2022,Cigars,Female,15-19 years-old,1.1
2022,Little cigars or cigarillos,Female,15-19 years-old,1.4
2022,Vaping,Female,15-19 years-old,13.2
2022,Any tobacco product,Female,20-24 years-old,7.7
2022,Cigarettes,Female,20-24 years-old,5.6
2022,Little cigars or cigarillos,Female,20-24 years-old,1.6
2022,Water pipe with tobacco,Female,20-24 years-old,1.1
2022,Vaping,Female,20-24 years-old,16.5
2022,Any tobacco product,Female,25+ years-old,10.2
2022,Cigarettes,Female,25+ years-old,9.8
2022,Cigars,Female,25+ years-old,0.3
2022,Little cigars or cigarillos,Female,25+ years-old,0.9
2022,Vaping,Female,25+ years-old,3.4
2022,Any tobacco product,Female,25-44 years-old,9.5
2022,Cigarettes,Female,25-44 years-old,9.2
2022,Little cigars or cigarillos,Female,25-44 years-old,1.0
2022,Vaping,Female,25-44 years-old,5.9
2022,Any tobacco product,Female,45+ years-old,10.6
2022,Cigarettes,Female,45+ years-old,10.1
2022,Little cigars or cigarillos,Female,45+ years-old,0.9
2022,Vaping,Female,45+ years-old,2.0
2022,Any tobacco product,Male,All age groups,16.2
2022,Cigarettes,Male,All age groups,12.9
2022,Cigars,Male,All age groups,1.9
2022,Little cigars or cigarillos,Male,All age groups,2.4
2022,Pipe,Male,All age groups,0.5
2022,Chewing tobacco,Male,All age groups,1.1
2022,Water pipe with tobacco,Male,All age groups,0.8
2022,Vaping,Male,All age groups,6.5
2022,Any tobacco product,Male,15-19 years-old,7.7
2022,Cigarettes,Male,15-19 years-old,5.1
2022,Cigars,Male,15-19 years-old,2.2
2022,Little cigars or cigarillos,Male,15-19 years-old,2.4
2022,Vaping,Male,15-19 years-old,14.0
2022,Any tobacco product,Male,20-24 years-old,13.6
2022,Cigarettes,Male,20-24 years-old,9.6
2022,Cigars,Male,20-24 years-old,2.9
2022,Little cigars or cigarillos,Male,20-24 years-old,2.7
2022,Water pipe with tobacco,Male,20-24 years-old,1.6
2022,Vaping,Male,20-24 years-old,22.7
2022,Any tobacco product,Male,25+ years-old,17.1
2022,Cigarettes,Male,25+ years-old,13.8
2022,Cigars,Male,25+ years-old,1.7
2022,Little cigars or cigarillos,Male,25+ years-old,2.4
2022,Chewing tobacco,Male,25+ years-old,1.0
2022,Water pipe with tobacco,Male,25+ years-old,0.8
2022,Vaping,Male,25+ years-old,4.5
2022,Any tobacco product,Male,25-44 years-old,17.2
2022,Cigarettes,Male,25-44 years-old,12.6
2022,Little cigars or cigarillos,Male,25-44 years-old,3.3
2022,Vaping,Male,25-44 years-old,8.2
2022,Any tobacco product,Male,45+ years-old,17.1
2022,Cigarettes,Male,45+ years-old,14.5
2022,Little cigars or cigarillos,Male,45+ years-old,1.8
2022,Vaping,Male,45+ years-old,2.0
