Year,Assistance type,Value
2012,Basic health,383.472
2013,Basic health,457.793
2014,Basic health,343.104
2015,Basic health,291.535
2016,Basic health,324.04
2017,Basic health,324.412
2018,Basic health,289.851
2019,Basic health,221.434
2020,Basic health,293.247
2021,Basic health,1030.238
2012,Medical research,37.88
2013,Medical research,43.977
2014,Medical research,44.892
2015,Medical research,33.069
2016,Medical research,25.909
2017,Medical research,5.802
2018,Medical research,7.867
2019,Medical research,6.501
2020,Medical research,6.258
2021,Medical research,4.438
2012,,383.472
2013,,457.793
2014,,343.104
2015,,291.535
2016,,324.04
2017,,324.412
2018,,289.851
2019,,221.434
2020,,293.247
2021,,1030.238
