Year,Geography,Type of provider,Value
2015,Canada,Audiologists,1.2
2016,Canada,Audiologists,1.4
2017,Canada,Audiologists,1.35
2018,Canada,Audiologists,1.3
2019,Canada,Audiologists,1.37
2015,Canada,Chiropractors,
2016,Canada,Chiropractors,2.45
2017,Canada,Chiropractors,2.45
2018,Canada,Chiropractors,2.46
2019,Canada,Chiropractors,
2015,Canada,Dental assistants,
2016,Canada,Dental assistants,9.29
2017,Canada,Dental assistants,10.0
2018,Canada,Dental assistants,
2019,Canada,Dental assistants,
2015,Canada,Dental hygienists,7.54
2016,Canada,Dental hygienists,7.74
2017,Canada,Dental hygienists,7.86
2018,Canada,Dental hygienists,7.72
2019,Canada,Dental hygienists,8.17
2015,Canada,Dentists,7.46
2016,Canada,Dentists,7.42
2017,Canada,Dentists,7.93
2018,Canada,Dentists,8.24
2019,Canada,Dentists,7.61
2015,Canada,Dietitians,6.48
2016,Canada,Dietitians,6.48
2017,Canada,Dietitians,6.3
2018,Canada,Dietitians,6.49
2019,Canada,Dietitians,6.35
2015,Canada,Environmental public health professionals,1.02
2016,Canada,Environmental public health professionals,0.79
2017,Canada,Environmental public health professionals,0.71
2018,Canada,Environmental public health professionals,1.02
2019,Canada,Environmental public health professionals,1.02
2015,Canada,Family medicine,24.25
2016,Canada,Family medicine,24.55
2017,Canada,Family medicine,25.9
2018,Canada,Family medicine,25.4
2019,Canada,Family medicine,24.27
2015,Canada,Genetic counsellors,0.33
2016,Canada,Genetic counsellors,0.29
2017,Canada,Genetic counsellors,0.32
2018,Canada,Genetic counsellors,0.35
2019,Canada,Genetic counsellors,0.32
2015,Canada,Health information management professionals,
2016,Canada,Health information management professionals,3.35
2017,Canada,Health information management professionals,3.24
2018,Canada,Health information management professionals,
2019,Canada,Health information management professionals,3.44
2015,Canada,Licensed practical nurses,83.89
2016,Canada,Licensed practical nurses,84.5
2017,Canada,Licensed practical nurses,85.49
2018,Canada,Licensed practical nurses,83.35
2019,Canada,Licensed practical nurses,83.84
2015,Canada,Medical laboratory technologists,19.74
2016,Canada,Medical laboratory technologists,18.47
2017,Canada,Medical laboratory technologists,18.36
2018,Canada,Medical laboratory technologists,17.93
2019,Canada,Medical laboratory technologists,18.14
2015,Canada,Medical physicists,0.22
2016,Canada,Medical physicists,0.22
2017,Canada,Medical physicists,0.28
2018,Canada,Medical physicists,0.32
2019,Canada,Medical physicists,0.28
2015,Canada,Medical radiation technologists,13.14
2016,Canada,Medical radiation technologists,13.36
2017,Canada,Medical radiation technologists,13.95
2018,Canada,Medical radiation technologists,13.89
2019,Canada,Medical radiation technologists,13.65
2015,Canada,Midwives,
2016,Canada,Midwives,0.0
2017,Canada,Midwives,0.04
2018,Canada,Midwives,0.07
2019,Canada,Midwives,0.14
2015,Canada,Nurse practitioners,4.95
2016,Canada,Nurse practitioners,5.36
2017,Canada,Nurse practitioners,5.87
2018,Canada,Nurse practitioners,5.89
2019,Canada,Nurse practitioners,6.42
2015,Canada,Occupational therapists,7.46
2016,Canada,Occupational therapists,7.49
2017,Canada,Occupational therapists,7.29
2018,Canada,Occupational therapists,7.51
2019,Canada,Occupational therapists,7.54
2015,Canada,Opticians,
2016,Canada,Opticians,4.18
2017,Canada,Opticians,4.45
2018,Canada,Opticians,
2019,Canada,Opticians,4.31
2015,Canada,Optometrists,2.22
2016,Canada,Optometrists,2.2
2017,Canada,Optometrists,2.21
2018,Canada,Optometrists,2.25
2019,Canada,Optometrists,2.49
2015,Canada,Paramedics,
2016,Canada,Paramedics,
2017,Canada,Paramedics,35.65
2018,Canada,Paramedics,34.31
2019,Canada,Paramedics,
2015,Canada,Pharmacists,26.14
2016,Canada,Pharmacists,27.07
2017,Canada,Pharmacists,26.11
2018,Canada,Pharmacists,26.52
2019,Canada,Pharmacists,26.38
2015,Canada,Pharmacy technicians,0.22
2016,Canada,Pharmacy technicians,0.5
2017,Canada,Pharmacy technicians,4.95
2018,Canada,Pharmacy technicians,6.1
2019,Canada,Pharmacy technicians,6.95
2015,Canada,Physician assistants,0.04
2016,Canada,Physician assistants,
2017,Canada,Physician assistants,0.04
2018,Canada,Physician assistants,0.07
2019,Canada,Physician assistants,0.04
2015,Canada,Physicians,46.68
2016,Canada,Physicians,47.34
2017,Canada,Physicians,47.92
2018,Canada,Physicians,49.6
2019,Canada,Physicians,47.6
2015,Canada,Physiotherapists,9.79
2016,Canada,Physiotherapists,10.04
2017,Canada,Physiotherapists,10.1
2018,Canada,Physiotherapists,10.31
2019,Canada,Physiotherapists,10.52
2015,Canada,Psychologists,8.59
2016,Canada,Psychologists,9.11
2017,Canada,Psychologists,8.89
2018,Canada,Psychologists,8.91
2019,Canada,Psychologists,9.86
2015,Canada,Registered nurses,218.76
2016,Canada,Registered nurses,216.84
2017,Canada,Registered nurses,212.36
2018,Canada,Registered nurses,205.88
2019,Canada,Registered nurses,202.44
2015,Canada,Registered psychiatric nurses,
2016,Canada,Registered psychiatric nurses,
2017,Canada,Registered psychiatric nurses,
2018,Canada,Registered psychiatric nurses,
2019,Canada,Registered psychiatric nurses,
2015,Canada,Regulated nurses,307.61
2016,Canada,Regulated nurses,306.7
2017,Canada,Regulated nurses,303.72
2018,Canada,Regulated nurses,295.12
2019,Canada,Regulated nurses,292.7
2015,Canada,Respiratory therapists,5.13
2016,Canada,Respiratory therapists,5.36
2017,Canada,Respiratory therapists,5.27
2018,Canada,Respiratory therapists,5.47
2019,Canada,Respiratory therapists,5.68
2015,Canada,Social workers,54.54
2016,Canada,Social workers,54.29
2017,Canada,Social workers,54.29
2018,Canada,Social workers,54.48
2019,Canada,Social workers,55.43
2015,Canada,Specialists,22.43
2016,Canada,Specialists,22.79
2017,Canada,Specialists,22.02
2018,Canada,Specialists,24.2
2019,Canada,Specialists,23.33
2015,Canada,Speech-language pathologists,4.84
2016,Canada,Speech-language pathologists,5.08
2017,Canada,Speech-language pathologists,5.05
2018,Canada,Speech-language pathologists,5.16
2019,Canada,Speech-language pathologists,5.19
2015,Newfoundland and Labrador,Audiologists,6.25
2016,Newfoundland and Labrador,Audiologists,7.37
2017,Newfoundland and Labrador,Audiologists,7.19
2018,Newfoundland and Labrador,Audiologists,7.04
2019,Newfoundland and Labrador,Audiologists,7.42
2015,Newfoundland and Labrador,Chiropractors,
2016,Newfoundland and Labrador,Chiropractors,12.84
2017,Newfoundland and Labrador,Chiropractors,13.05
2018,Newfoundland and Labrador,Chiropractors,13.32
2019,Newfoundland and Labrador,Chiropractors,
2015,Newfoundland and Labrador,Dental assistants,
2016,Newfoundland and Labrador,Dental assistants,48.73
2017,Newfoundland and Labrador,Dental assistants,53.16
2018,Newfoundland and Labrador,Dental assistants,
2019,Newfoundland and Labrador,Dental assistants,
2015,Newfoundland and Labrador,Dental hygienists,39.2
2016,Newfoundland and Labrador,Dental hygienists,40.61
2017,Newfoundland and Labrador,Dental hygienists,41.81
2018,Newfoundland and Labrador,Dental hygienists,41.88
2019,Newfoundland and Labrador,Dental hygienists,44.35
2015,Newfoundland and Labrador,Dentists,38.82
2016,Newfoundland and Labrador,Dentists,38.91
2017,Newfoundland and Labrador,Dentists,42.19
2018,Newfoundland and Labrador,Dentists,44.73
2019,Newfoundland and Labrador,Dentists,41.31
2015,Newfoundland and Labrador,Dietitians,33.7
2016,Newfoundland and Labrador,Dietitians,34.0
2017,Newfoundland and Labrador,Dietitians,33.49
2018,Newfoundland and Labrador,Dietitians,35.21
2019,Newfoundland and Labrador,Dietitians,34.45
2015,Newfoundland and Labrador,Environmental public health professionals,5.3
2016,Newfoundland and Labrador,Environmental public health professionals,4.16
2017,Newfoundland and Labrador,Environmental public health professionals,3.78
2018,Newfoundland and Labrador,Environmental public health professionals,5.52
2019,Newfoundland and Labrador,Environmental public health professionals,5.52
2015,Newfoundland and Labrador,Genetic counsellors,1.7
2016,Newfoundland and Labrador,Genetic counsellors,1.51
2017,Newfoundland and Labrador,Genetic counsellors,1.7
2018,Newfoundland and Labrador,Genetic counsellors,1.9
2019,Newfoundland and Labrador,Genetic counsellors,1.71
2015,Newfoundland and Labrador,Health information management professionals,
2016,Newfoundland and Labrador,Health information management professionals,17.57
2017,Newfoundland and Labrador,Health information management professionals,17.22
2018,Newfoundland and Labrador,Health information management professionals,
2019,Newfoundland and Labrador,Health information management professionals,18.65
2015,Newfoundland and Labrador,Medical laboratory technologists,102.63
2016,Newfoundland and Labrador,Medical laboratory technologists,96.9
2017,Newfoundland and Labrador,Medical laboratory technologists,97.62
2018,Newfoundland and Labrador,Medical laboratory technologists,97.27
2019,Newfoundland and Labrador,Medical laboratory technologists,98.41
2015,Newfoundland and Labrador,Medical physicists,1.14
2016,Newfoundland and Labrador,Medical physicists,1.13
2017,Newfoundland and Labrador,Medical physicists,1.51
2018,Newfoundland and Labrador,Medical physicists,1.71
2019,Newfoundland and Labrador,Medical physicists,1.52
2015,Newfoundland and Labrador,Medical radiation technologists,68.36
2016,Newfoundland and Labrador,Medical radiation technologists,70.08
2017,Newfoundland and Labrador,Medical radiation technologists,74.16
2018,Newfoundland and Labrador,Medical radiation technologists,75.38
2019,Newfoundland and Labrador,Medical radiation technologists,74.05
2015,Newfoundland and Labrador,Midwives,
2016,Newfoundland and Labrador,Midwives,0.0
2017,Newfoundland and Labrador,Midwives,0.19
2018,Newfoundland and Labrador,Midwives,0.38
2019,Newfoundland and Labrador,Midwives,0.76
2015,Newfoundland and Labrador,Occupational therapists,38.82
2016,Newfoundland and Labrador,Occupational therapists,39.29
2017,Newfoundland and Labrador,Occupational therapists,38.78
2018,Newfoundland and Labrador,Occupational therapists,40.73
2019,Newfoundland and Labrador,Occupational therapists,40.92
2015,Newfoundland and Labrador,Opticians,
2016,Newfoundland and Labrador,Opticians,21.91
2017,Newfoundland and Labrador,Opticians,23.65
2018,Newfoundland and Labrador,Opticians,
2019,Newfoundland and Labrador,Opticians,23.41
2015,Newfoundland and Labrador,Optometrists,11.55
2016,Newfoundland and Labrador,Optometrists,11.52
2017,Newfoundland and Labrador,Optometrists,11.73
2018,Newfoundland and Labrador,Optometrists,12.18
2019,Newfoundland and Labrador,Optometrists,13.51
2015,Newfoundland and Labrador,Paramedics,
2016,Newfoundland and Labrador,Paramedics,
2017,Newfoundland and Labrador,Paramedics,189.57
2018,Newfoundland and Labrador,Paramedics,186.16
2019,Newfoundland and Labrador,Paramedics,
2015,Newfoundland and Labrador,Pharmacists,135.95
2016,Newfoundland and Labrador,Pharmacists,142.04
2017,Newfoundland and Labrador,Pharmacists,138.87
2018,Newfoundland and Labrador,Pharmacists,143.9
2019,Newfoundland and Labrador,Pharmacists,143.14
2015,Newfoundland and Labrador,Pharmacy technicians,1.14
2016,Newfoundland and Labrador,Pharmacy technicians,2.64
2017,Newfoundland and Labrador,Pharmacy technicians,26.3
2018,Newfoundland and Labrador,Pharmacy technicians,33.12
2019,Newfoundland and Labrador,Pharmacy technicians,37.69
2015,Newfoundland and Labrador,Physician assistants,0.19
2016,Newfoundland and Labrador,Physician assistants,
2017,Newfoundland and Labrador,Physician assistants,0.19
2018,Newfoundland and Labrador,Physician assistants,0.38
2019,Newfoundland and Labrador,Physician assistants,0.19
2015,Newfoundland and Labrador,Physicians,242.75
2016,Newfoundland and Labrador,Physicians,248.38
2017,Newfoundland and Labrador,Physicians,254.84
2018,Newfoundland and Labrador,Physicians,269.15
2019,Newfoundland and Labrador,Physicians,258.3
2015,Newfoundland and Labrador,Family medicine,126.11
2016,Newfoundland and Labrador,Family medicine,128.82
2017,Newfoundland and Labrador,Family medicine,137.73
2018,Newfoundland and Labrador,Family medicine,137.81
2019,Newfoundland and Labrador,Family medicine,131.72
2015,Newfoundland and Labrador,Specialists,116.64
2016,Newfoundland and Labrador,Specialists,119.56
2017,Newfoundland and Labrador,Specialists,117.11
2018,Newfoundland and Labrador,Specialists,131.34
2019,Newfoundland and Labrador,Specialists,126.58
2015,Newfoundland and Labrador,Physiotherapists,50.94
2016,Newfoundland and Labrador,Physiotherapists,52.7
2017,Newfoundland and Labrador,Physiotherapists,53.73
2018,Newfoundland and Labrador,Physiotherapists,55.96
2019,Newfoundland and Labrador,Physiotherapists,57.1
2015,Newfoundland and Labrador,Psychologists,44.69
2016,Newfoundland and Labrador,Psychologists,47.79
2017,Newfoundland and Labrador,Psychologists,47.3
2018,Newfoundland and Labrador,Psychologists,48.35
2019,Newfoundland and Labrador,Psychologists,53.49
2015,Newfoundland and Labrador,Regulated nurses,1599.65
2016,Newfoundland and Labrador,Regulated nurses,1609.1
2017,Newfoundland and Labrador,Regulated nurses,1615.12
2018,Newfoundland and Labrador,Regulated nurses,1601.39
2019,Newfoundland and Labrador,Regulated nurses,1588.26
2015,Newfoundland and Labrador,Licensed practical nurses,436.27
2016,Newfoundland and Labrador,Licensed practical nurses,443.31
2017,Newfoundland and Labrador,Licensed practical nurses,454.63
2018,Newfoundland and Labrador,Licensed practical nurses,452.27
2019,Newfoundland and Labrador,Licensed practical nurses,454.93
2015,Newfoundland and Labrador,Nurse practitioners,25.75
2016,Newfoundland and Labrador,Nurse practitioners,28.14
2017,Newfoundland and Labrador,Nurse practitioners,31.22
2018,Newfoundland and Labrador,Nurse practitioners,31.98
2019,Newfoundland and Labrador,Nurse practitioners,34.83
2015,Newfoundland and Labrador,Registered nurses,1137.63
2016,Newfoundland and Labrador,Registered nurses,1137.65
2017,Newfoundland and Labrador,Registered nurses,1129.28
2018,Newfoundland and Labrador,Registered nurses,1117.15
2019,Newfoundland and Labrador,Registered nurses,1098.5
2015,Newfoundland and Labrador,Registered psychiatric nurses,
2016,Newfoundland and Labrador,Registered psychiatric nurses,
2017,Newfoundland and Labrador,Registered psychiatric nurses,
2018,Newfoundland and Labrador,Registered psychiatric nurses,
2019,Newfoundland and Labrador,Registered psychiatric nurses,
2015,Newfoundland and Labrador,Respiratory therapists,26.7
2016,Newfoundland and Labrador,Respiratory therapists,28.14
2017,Newfoundland and Labrador,Respiratory therapists,28.0
2018,Newfoundland and Labrador,Respiratory therapists,29.69
2019,Newfoundland and Labrador,Respiratory therapists,30.84
2015,Newfoundland and Labrador,Social workers,283.65
2016,Newfoundland and Labrador,Social workers,284.84
2017,Newfoundland and Labrador,Social workers,288.71
2018,Newfoundland and Labrador,Social workers,295.61
2019,Newfoundland and Labrador,Social workers,300.75
2015,Newfoundland and Labrador,Speech-language pathologists,25.18
2016,Newfoundland and Labrador,Speech-language pathologists,26.63
2017,Newfoundland and Labrador,Speech-language pathologists,26.87
2018,Newfoundland and Labrador,Speech-language pathologists,27.98
2019,Newfoundland and Labrador,Speech-language pathologists,28.17
2015,Prince Edward Island,Audiologists,6.25
2016,Prince Edward Island,Audiologists,7.37
2017,Prince Edward Island,Audiologists,7.19
2018,Prince Edward Island,Audiologists,7.04
2019,Prince Edward Island,Audiologists,7.42
2015,Prince Edward Island,Chiropractors,
2016,Prince Edward Island,Chiropractors,12.84
2017,Prince Edward Island,Chiropractors,13.05
2018,Prince Edward Island,Chiropractors,13.32
2019,Prince Edward Island,Chiropractors,
2015,Prince Edward Island,Dental assistants,
2016,Prince Edward Island,Dental assistants,48.73
2017,Prince Edward Island,Dental assistants,53.16
2018,Prince Edward Island,Dental assistants,
2019,Prince Edward Island,Dental assistants,
2015,Prince Edward Island,Dental hygienists,39.2
2016,Prince Edward Island,Dental hygienists,40.61
2017,Prince Edward Island,Dental hygienists,41.81
2018,Prince Edward Island,Dental hygienists,41.88
2019,Prince Edward Island,Dental hygienists,44.35
2015,Prince Edward Island,Dentists,38.82
2016,Prince Edward Island,Dentists,38.91
2017,Prince Edward Island,Dentists,42.19
2018,Prince Edward Island,Dentists,44.73
2019,Prince Edward Island,Dentists,41.31
2015,Prince Edward Island,Dietitians,33.7
2016,Prince Edward Island,Dietitians,34.0
2017,Prince Edward Island,Dietitians,33.49
2018,Prince Edward Island,Dietitians,35.21
2019,Prince Edward Island,Dietitians,34.45
2015,Prince Edward Island,Environmental public health professionals,5.3
2016,Prince Edward Island,Environmental public health professionals,4.16
2017,Prince Edward Island,Environmental public health professionals,3.78
2018,Prince Edward Island,Environmental public health professionals,5.52
2019,Prince Edward Island,Environmental public health professionals,5.52
2015,Prince Edward Island,Genetic counsellors,1.7
2016,Prince Edward Island,Genetic counsellors,1.51
2017,Prince Edward Island,Genetic counsellors,1.7
2018,Prince Edward Island,Genetic counsellors,1.9
2019,Prince Edward Island,Genetic counsellors,1.71
2015,Prince Edward Island,Health information management professionals,
2016,Prince Edward Island,Health information management professionals,17.57
2017,Prince Edward Island,Health information management professionals,17.22
2018,Prince Edward Island,Health information management professionals,
2019,Prince Edward Island,Health information management professionals,18.65
2015,Prince Edward Island,Medical laboratory technologists,102.63
2016,Prince Edward Island,Medical laboratory technologists,96.9
2017,Prince Edward Island,Medical laboratory technologists,97.62
2018,Prince Edward Island,Medical laboratory technologists,97.27
2019,Prince Edward Island,Medical laboratory technologists,98.41
2015,Prince Edward Island,Medical physicists,1.14
2016,Prince Edward Island,Medical physicists,1.13
2017,Prince Edward Island,Medical physicists,1.51
2018,Prince Edward Island,Medical physicists,1.71
2019,Prince Edward Island,Medical physicists,1.52
2015,Prince Edward Island,Medical radiation technologists,68.36
2016,Prince Edward Island,Medical radiation technologists,70.08
2017,Prince Edward Island,Medical radiation technologists,74.16
2018,Prince Edward Island,Medical radiation technologists,75.38
2019,Prince Edward Island,Medical radiation technologists,74.05
2015,Prince Edward Island,Midwives,
2016,Prince Edward Island,Midwives,0.0
2017,Prince Edward Island,Midwives,0.19
2018,Prince Edward Island,Midwives,0.38
2019,Prince Edward Island,Midwives,0.76
2015,Prince Edward Island,Occupational therapists,38.82
2016,Prince Edward Island,Occupational therapists,39.29
2017,Prince Edward Island,Occupational therapists,38.78
2018,Prince Edward Island,Occupational therapists,40.73
2019,Prince Edward Island,Occupational therapists,40.92
2015,Prince Edward Island,Opticians,
2016,Prince Edward Island,Opticians,21.91
2017,Prince Edward Island,Opticians,23.65
2018,Prince Edward Island,Opticians,
2019,Prince Edward Island,Opticians,23.41
2015,Prince Edward Island,Optometrists,11.55
2016,Prince Edward Island,Optometrists,11.52
2017,Prince Edward Island,Optometrists,11.73
2018,Prince Edward Island,Optometrists,12.18
2019,Prince Edward Island,Optometrists,13.51
2015,Prince Edward Island,Paramedics,
2016,Prince Edward Island,Paramedics,
2017,Prince Edward Island,Paramedics,189.57
2018,Prince Edward Island,Paramedics,186.16
2019,Prince Edward Island,Paramedics,
2015,Prince Edward Island,Pharmacists,135.95
2016,Prince Edward Island,Pharmacists,142.04
2017,Prince Edward Island,Pharmacists,138.87
2018,Prince Edward Island,Pharmacists,143.9
2019,Prince Edward Island,Pharmacists,143.14
2015,Prince Edward Island,Pharmacy technicians,1.14
2016,Prince Edward Island,Pharmacy technicians,2.64
2017,Prince Edward Island,Pharmacy technicians,26.3
2018,Prince Edward Island,Pharmacy technicians,33.12
2019,Prince Edward Island,Pharmacy technicians,37.69
2015,Prince Edward Island,Physician assistants,0.19
2016,Prince Edward Island,Physician assistants,
2017,Prince Edward Island,Physician assistants,0.19
2018,Prince Edward Island,Physician assistants,0.38
2019,Prince Edward Island,Physician assistants,0.19
2015,Prince Edward Island,Physicians,242.75
2016,Prince Edward Island,Physicians,248.38
2017,Prince Edward Island,Physicians,254.84
2018,Prince Edward Island,Physicians,269.15
2019,Prince Edward Island,Physicians,258.3
2015,Prince Edward Island,Family medicine,126.11
2016,Prince Edward Island,Family medicine,128.82
2017,Prince Edward Island,Family medicine,137.73
2018,Prince Edward Island,Family medicine,137.81
2019,Prince Edward Island,Family medicine,131.72
2015,Prince Edward Island,Specialists,116.64
2016,Prince Edward Island,Specialists,119.56
2017,Prince Edward Island,Specialists,117.11
2018,Prince Edward Island,Specialists,131.34
2019,Prince Edward Island,Specialists,126.58
2015,Prince Edward Island,Physiotherapists,50.94
2016,Prince Edward Island,Physiotherapists,52.7
2017,Prince Edward Island,Physiotherapists,53.73
2018,Prince Edward Island,Physiotherapists,55.96
2019,Prince Edward Island,Physiotherapists,57.1
2015,Prince Edward Island,Psychologists,44.69
2016,Prince Edward Island,Psychologists,47.79
2017,Prince Edward Island,Psychologists,47.3
2018,Prince Edward Island,Psychologists,48.35
2019,Prince Edward Island,Psychologists,53.49
2015,Prince Edward Island,Regulated nurses,1599.65
2016,Prince Edward Island,Regulated nurses,1609.1
2017,Prince Edward Island,Regulated nurses,1615.12
2018,Prince Edward Island,Regulated nurses,1601.39
2019,Prince Edward Island,Regulated nurses,1588.26
2015,Prince Edward Island,Licensed practical nurses,436.27
2016,Prince Edward Island,Licensed practical nurses,443.31
2017,Prince Edward Island,Licensed practical nurses,454.63
2018,Prince Edward Island,Licensed practical nurses,452.27
2019,Prince Edward Island,Licensed practical nurses,454.93
2015,Prince Edward Island,Nurse practitioners,25.75
2016,Prince Edward Island,Nurse practitioners,28.14
2017,Prince Edward Island,Nurse practitioners,31.22
2018,Prince Edward Island,Nurse practitioners,31.98
2019,Prince Edward Island,Nurse practitioners,34.83
2015,Prince Edward Island,Registered nurses,1137.63
2016,Prince Edward Island,Registered nurses,1137.65
2017,Prince Edward Island,Registered nurses,1129.28
2018,Prince Edward Island,Registered nurses,1117.15
2019,Prince Edward Island,Registered nurses,1098.5
2015,Prince Edward Island,Registered psychiatric nurses,
2016,Prince Edward Island,Registered psychiatric nurses,
2017,Prince Edward Island,Registered psychiatric nurses,
2018,Prince Edward Island,Registered psychiatric nurses,
2019,Prince Edward Island,Registered psychiatric nurses,
2015,Prince Edward Island,Respiratory therapists,26.7
2016,Prince Edward Island,Respiratory therapists,28.14
2017,Prince Edward Island,Respiratory therapists,28.0
2018,Prince Edward Island,Respiratory therapists,29.69
2019,Prince Edward Island,Respiratory therapists,30.84
2015,Prince Edward Island,Social workers,283.65
2016,Prince Edward Island,Social workers,284.84
2017,Prince Edward Island,Social workers,288.71
2018,Prince Edward Island,Social workers,295.61
2019,Prince Edward Island,Social workers,300.75
2015,Prince Edward Island,Speech-language pathologists,25.18
2016,Prince Edward Island,Speech-language pathologists,26.63
2017,Prince Edward Island,Speech-language pathologists,26.87
2018,Prince Edward Island,Speech-language pathologists,27.98
2019,Prince Edward Island,Speech-language pathologists,28.17
2015,Nova Scotia,Audiologists,6.25
2016,Nova Scotia,Audiologists,7.37
2017,Nova Scotia,Audiologists,7.19
2018,Nova Scotia,Audiologists,7.04
2019,Nova Scotia,Audiologists,7.42
2015,Nova Scotia,Chiropractors,
2016,Nova Scotia,Chiropractors,12.84
2017,Nova Scotia,Chiropractors,13.05
2018,Nova Scotia,Chiropractors,13.32
2019,Nova Scotia,Chiropractors,
2015,Nova Scotia,Dental assistants,
2016,Nova Scotia,Dental assistants,48.73
2017,Nova Scotia,Dental assistants,53.16
2018,Nova Scotia,Dental assistants,
2019,Nova Scotia,Dental assistants,
2015,Nova Scotia,Dental hygienists,39.2
2016,Nova Scotia,Dental hygienists,40.61
2017,Nova Scotia,Dental hygienists,41.81
2018,Nova Scotia,Dental hygienists,41.88
2019,Nova Scotia,Dental hygienists,44.35
2015,Nova Scotia,Dentists,38.82
2016,Nova Scotia,Dentists,38.91
2017,Nova Scotia,Dentists,42.19
2018,Nova Scotia,Dentists,44.73
2019,Nova Scotia,Dentists,41.31
2015,Nova Scotia,Dietitians,33.7
2016,Nova Scotia,Dietitians,34.0
2017,Nova Scotia,Dietitians,33.49
2018,Nova Scotia,Dietitians,35.21
2019,Nova Scotia,Dietitians,34.45
2015,Nova Scotia,Environmental public health professionals,5.3
2016,Nova Scotia,Environmental public health professionals,4.16
2017,Nova Scotia,Environmental public health professionals,3.78
2018,Nova Scotia,Environmental public health professionals,5.52
2019,Nova Scotia,Environmental public health professionals,5.52
2015,Nova Scotia,Genetic counsellors,1.7
2016,Nova Scotia,Genetic counsellors,1.51
2017,Nova Scotia,Genetic counsellors,1.7
2018,Nova Scotia,Genetic counsellors,1.9
2019,Nova Scotia,Genetic counsellors,1.71
2015,Nova Scotia,Health information management professionals,
2016,Nova Scotia,Health information management professionals,17.57
2017,Nova Scotia,Health information management professionals,17.22
2018,Nova Scotia,Health information management professionals,
2019,Nova Scotia,Health information management professionals,18.65
2015,Nova Scotia,Medical laboratory technologists,102.63
2016,Nova Scotia,Medical laboratory technologists,96.9
2017,Nova Scotia,Medical laboratory technologists,97.62
2018,Nova Scotia,Medical laboratory technologists,97.27
2019,Nova Scotia,Medical laboratory technologists,98.41
2015,Nova Scotia,Medical physicists,1.14
2016,Nova Scotia,Medical physicists,1.13
2017,Nova Scotia,Medical physicists,1.51
2018,Nova Scotia,Medical physicists,1.71
2019,Nova Scotia,Medical physicists,1.52
2015,Nova Scotia,Medical radiation technologists,68.36
2016,Nova Scotia,Medical radiation technologists,70.08
2017,Nova Scotia,Medical radiation technologists,74.16
2018,Nova Scotia,Medical radiation technologists,75.38
2019,Nova Scotia,Medical radiation technologists,74.05
2015,Nova Scotia,Midwives,
2016,Nova Scotia,Midwives,0.0
2017,Nova Scotia,Midwives,0.19
2018,Nova Scotia,Midwives,0.38
2019,Nova Scotia,Midwives,0.76
2015,Nova Scotia,Occupational therapists,38.82
2016,Nova Scotia,Occupational therapists,39.29
2017,Nova Scotia,Occupational therapists,38.78
2018,Nova Scotia,Occupational therapists,40.73
2019,Nova Scotia,Occupational therapists,40.92
2015,Nova Scotia,Opticians,
2016,Nova Scotia,Opticians,21.91
2017,Nova Scotia,Opticians,23.65
2018,Nova Scotia,Opticians,
2019,Nova Scotia,Opticians,23.41
2015,Nova Scotia,Optometrists,11.55
2016,Nova Scotia,Optometrists,11.52
2017,Nova Scotia,Optometrists,11.73
2018,Nova Scotia,Optometrists,12.18
2019,Nova Scotia,Optometrists,13.51
2015,Nova Scotia,Paramedics,
2016,Nova Scotia,Paramedics,
2017,Nova Scotia,Paramedics,189.57
2018,Nova Scotia,Paramedics,186.16
2019,Nova Scotia,Paramedics,
2015,Nova Scotia,Pharmacists,135.95
2016,Nova Scotia,Pharmacists,142.04
2017,Nova Scotia,Pharmacists,138.87
2018,Nova Scotia,Pharmacists,143.9
2019,Nova Scotia,Pharmacists,143.14
2015,Nova Scotia,Pharmacy technicians,1.14
2016,Nova Scotia,Pharmacy technicians,2.64
2017,Nova Scotia,Pharmacy technicians,26.3
2018,Nova Scotia,Pharmacy technicians,33.12
2019,Nova Scotia,Pharmacy technicians,37.69
2015,Nova Scotia,Physician assistants,0.19
2016,Nova Scotia,Physician assistants,
2017,Nova Scotia,Physician assistants,0.19
2018,Nova Scotia,Physician assistants,0.38
2019,Nova Scotia,Physician assistants,0.19
2015,Nova Scotia,Physicians,242.75
2016,Nova Scotia,Physicians,248.38
2017,Nova Scotia,Physicians,254.84
2018,Nova Scotia,Physicians,269.15
2019,Nova Scotia,Physicians,258.3
2015,Nova Scotia,Family medicine,126.11
2016,Nova Scotia,Family medicine,128.82
2017,Nova Scotia,Family medicine,137.73
2018,Nova Scotia,Family medicine,137.81
2019,Nova Scotia,Family medicine,131.72
2015,Nova Scotia,Specialists,116.64
2016,Nova Scotia,Specialists,119.56
2017,Nova Scotia,Specialists,117.11
2018,Nova Scotia,Specialists,131.34
2019,Nova Scotia,Specialists,126.58
2015,Nova Scotia,Physiotherapists,50.94
2016,Nova Scotia,Physiotherapists,52.7
2017,Nova Scotia,Physiotherapists,53.73
2018,Nova Scotia,Physiotherapists,55.96
2019,Nova Scotia,Physiotherapists,57.1
2015,Nova Scotia,Psychologists,44.69
2016,Nova Scotia,Psychologists,47.79
2017,Nova Scotia,Psychologists,47.3
2018,Nova Scotia,Psychologists,48.35
2019,Nova Scotia,Psychologists,53.49
2015,Nova Scotia,Regulated nurses,1599.65
2016,Nova Scotia,Regulated nurses,1609.1
2017,Nova Scotia,Regulated nurses,1615.12
2018,Nova Scotia,Regulated nurses,1601.39
2019,Nova Scotia,Regulated nurses,1588.26
2015,Nova Scotia,Licensed practical nurses,436.27
2016,Nova Scotia,Licensed practical nurses,443.31
2017,Nova Scotia,Licensed practical nurses,454.63
2018,Nova Scotia,Licensed practical nurses,452.27
2019,Nova Scotia,Licensed practical nurses,454.93
2015,Nova Scotia,Nurse practitioners,25.75
2016,Nova Scotia,Nurse practitioners,28.14
2017,Nova Scotia,Nurse practitioners,31.22
2018,Nova Scotia,Nurse practitioners,31.98
2019,Nova Scotia,Nurse practitioners,34.83
2015,Nova Scotia,Registered nurses,1137.63
2016,Nova Scotia,Registered nurses,1137.65
2017,Nova Scotia,Registered nurses,1129.28
2018,Nova Scotia,Registered nurses,1117.15
2019,Nova Scotia,Registered nurses,1098.5
2015,Nova Scotia,Registered psychiatric nurses,
2016,Nova Scotia,Registered psychiatric nurses,
2017,Nova Scotia,Registered psychiatric nurses,
2018,Nova Scotia,Registered psychiatric nurses,
2019,Nova Scotia,Registered psychiatric nurses,
2015,Nova Scotia,Respiratory therapists,26.7
2016,Nova Scotia,Respiratory therapists,28.14
2017,Nova Scotia,Respiratory therapists,28.0
2018,Nova Scotia,Respiratory therapists,29.69
2019,Nova Scotia,Respiratory therapists,30.84
2015,Nova Scotia,Social workers,283.65
2016,Nova Scotia,Social workers,284.84
2017,Nova Scotia,Social workers,288.71
2018,Nova Scotia,Social workers,295.61
2019,Nova Scotia,Social workers,300.75
2015,Nova Scotia,Speech-language pathologists,25.18
2016,Nova Scotia,Speech-language pathologists,26.63
2017,Nova Scotia,Speech-language pathologists,26.87
2018,Nova Scotia,Speech-language pathologists,27.98
2019,Nova Scotia,Speech-language pathologists,28.17
2015,New Brunswick,Audiologists,6.25
2016,New Brunswick,Audiologists,7.37
2017,New Brunswick,Audiologists,7.19
2018,New Brunswick,Audiologists,7.04
2019,New Brunswick,Audiologists,7.42
2015,New Brunswick,Chiropractors,
2016,New Brunswick,Chiropractors,12.84
2017,New Brunswick,Chiropractors,13.05
2018,New Brunswick,Chiropractors,13.32
2019,New Brunswick,Chiropractors,
2015,New Brunswick,Dental assistants,
2016,New Brunswick,Dental assistants,48.73
2017,New Brunswick,Dental assistants,53.16
2018,New Brunswick,Dental assistants,
2019,New Brunswick,Dental assistants,
2015,New Brunswick,Dental hygienists,39.2
2016,New Brunswick,Dental hygienists,40.61
2017,New Brunswick,Dental hygienists,41.81
2018,New Brunswick,Dental hygienists,41.88
2019,New Brunswick,Dental hygienists,44.35
2015,New Brunswick,Dentists,38.82
2016,New Brunswick,Dentists,38.91
2017,New Brunswick,Dentists,42.19
2018,New Brunswick,Dentists,44.73
2019,New Brunswick,Dentists,41.31
2015,New Brunswick,Dietitians,33.7
2016,New Brunswick,Dietitians,34.0
2017,New Brunswick,Dietitians,33.49
2018,New Brunswick,Dietitians,35.21
2019,New Brunswick,Dietitians,34.45
2015,New Brunswick,Environmental public health professionals,5.3
2016,New Brunswick,Environmental public health professionals,4.16
2017,New Brunswick,Environmental public health professionals,3.78
2018,New Brunswick,Environmental public health professionals,5.52
2019,New Brunswick,Environmental public health professionals,5.52
2015,New Brunswick,Genetic counsellors,1.7
2016,New Brunswick,Genetic counsellors,1.51
2017,New Brunswick,Genetic counsellors,1.7
2018,New Brunswick,Genetic counsellors,1.9
2019,New Brunswick,Genetic counsellors,1.71
2015,New Brunswick,Health information management professionals,
2016,New Brunswick,Health information management professionals,17.57
2017,New Brunswick,Health information management professionals,17.22
2018,New Brunswick,Health information management professionals,
2019,New Brunswick,Health information management professionals,18.65
2015,New Brunswick,Medical laboratory technologists,102.63
2016,New Brunswick,Medical laboratory technologists,96.9
2017,New Brunswick,Medical laboratory technologists,97.62
2018,New Brunswick,Medical laboratory technologists,97.27
2019,New Brunswick,Medical laboratory technologists,98.41
2015,New Brunswick,Medical physicists,1.14
2016,New Brunswick,Medical physicists,1.13
2017,New Brunswick,Medical physicists,1.51
2018,New Brunswick,Medical physicists,1.71
2019,New Brunswick,Medical physicists,1.52
2015,New Brunswick,Medical radiation technologists,68.36
2016,New Brunswick,Medical radiation technologists,70.08
2017,New Brunswick,Medical radiation technologists,74.16
2018,New Brunswick,Medical radiation technologists,75.38
2019,New Brunswick,Medical radiation technologists,74.05
2015,New Brunswick,Midwives,
2016,New Brunswick,Midwives,0.0
2017,New Brunswick,Midwives,0.19
2018,New Brunswick,Midwives,0.38
2019,New Brunswick,Midwives,0.76
2015,New Brunswick,Occupational therapists,38.82
2016,New Brunswick,Occupational therapists,39.29
2017,New Brunswick,Occupational therapists,38.78
2018,New Brunswick,Occupational therapists,40.73
2019,New Brunswick,Occupational therapists,40.92
2015,New Brunswick,Opticians,
2016,New Brunswick,Opticians,21.91
2017,New Brunswick,Opticians,23.65
2018,New Brunswick,Opticians,
2019,New Brunswick,Opticians,23.41
2015,New Brunswick,Optometrists,11.55
2016,New Brunswick,Optometrists,11.52
2017,New Brunswick,Optometrists,11.73
2018,New Brunswick,Optometrists,12.18
2019,New Brunswick,Optometrists,13.51
2015,New Brunswick,Paramedics,
2016,New Brunswick,Paramedics,
2017,New Brunswick,Paramedics,189.57
2018,New Brunswick,Paramedics,186.16
2019,New Brunswick,Paramedics,
2015,New Brunswick,Pharmacists,135.95
2016,New Brunswick,Pharmacists,142.04
2017,New Brunswick,Pharmacists,138.87
2018,New Brunswick,Pharmacists,143.9
2019,New Brunswick,Pharmacists,143.14
2015,New Brunswick,Pharmacy technicians,1.14
2016,New Brunswick,Pharmacy technicians,2.64
2017,New Brunswick,Pharmacy technicians,26.3
2018,New Brunswick,Pharmacy technicians,33.12
2019,New Brunswick,Pharmacy technicians,37.69
2015,New Brunswick,Physician assistants,0.19
2016,New Brunswick,Physician assistants,
2017,New Brunswick,Physician assistants,0.19
2018,New Brunswick,Physician assistants,0.38
2019,New Brunswick,Physician assistants,0.19
2015,New Brunswick,Physicians,242.75
2016,New Brunswick,Physicians,248.38
2017,New Brunswick,Physicians,254.84
2018,New Brunswick,Physicians,269.15
2019,New Brunswick,Physicians,258.3
2015,New Brunswick,Family medicine,126.11
2016,New Brunswick,Family medicine,128.82
2017,New Brunswick,Family medicine,137.73
2018,New Brunswick,Family medicine,137.81
2019,New Brunswick,Family medicine,131.72
2015,New Brunswick,Specialists,116.64
2016,New Brunswick,Specialists,119.56
2017,New Brunswick,Specialists,117.11
2018,New Brunswick,Specialists,131.34
2019,New Brunswick,Specialists,126.58
2015,New Brunswick,Physiotherapists,50.94
2016,New Brunswick,Physiotherapists,52.7
2017,New Brunswick,Physiotherapists,53.73
2018,New Brunswick,Physiotherapists,55.96
2019,New Brunswick,Physiotherapists,57.1
2015,New Brunswick,Psychologists,44.69
2016,New Brunswick,Psychologists,47.79
2017,New Brunswick,Psychologists,47.3
2018,New Brunswick,Psychologists,48.35
2019,New Brunswick,Psychologists,53.49
2015,New Brunswick,Regulated nurses,1599.65
2016,New Brunswick,Regulated nurses,1609.1
2017,New Brunswick,Regulated nurses,1615.12
2018,New Brunswick,Regulated nurses,1601.39
2019,New Brunswick,Regulated nurses,1588.26
2015,New Brunswick,Licensed practical nurses,436.27
2016,New Brunswick,Licensed practical nurses,443.31
2017,New Brunswick,Licensed practical nurses,454.63
2018,New Brunswick,Licensed practical nurses,452.27
2019,New Brunswick,Licensed practical nurses,454.93
2015,New Brunswick,Nurse practitioners,25.75
2016,New Brunswick,Nurse practitioners,28.14
2017,New Brunswick,Nurse practitioners,31.22
2018,New Brunswick,Nurse practitioners,31.98
2019,New Brunswick,Nurse practitioners,34.83
2015,New Brunswick,Registered nurses,1137.63
2016,New Brunswick,Registered nurses,1137.65
2017,New Brunswick,Registered nurses,1129.28
2018,New Brunswick,Registered nurses,1117.15
2019,New Brunswick,Registered nurses,1098.5
2015,New Brunswick,Registered psychiatric nurses,
2016,New Brunswick,Registered psychiatric nurses,
2017,New Brunswick,Registered psychiatric nurses,
2018,New Brunswick,Registered psychiatric nurses,
2019,New Brunswick,Registered psychiatric nurses,
2015,New Brunswick,Respiratory therapists,26.7
2016,New Brunswick,Respiratory therapists,28.14
2017,New Brunswick,Respiratory therapists,28.0
2018,New Brunswick,Respiratory therapists,29.69
2019,New Brunswick,Respiratory therapists,30.84
2015,New Brunswick,Social workers,283.65
2016,New Brunswick,Social workers,284.84
2017,New Brunswick,Social workers,288.71
2018,New Brunswick,Social workers,295.61
2019,New Brunswick,Social workers,300.75
2015,New Brunswick,Speech-language pathologists,25.18
2016,New Brunswick,Speech-language pathologists,26.63
2017,New Brunswick,Speech-language pathologists,26.87
2018,New Brunswick,Speech-language pathologists,27.98
2019,New Brunswick,Speech-language pathologists,28.17
2015,Quebec,Audiologists,6.25
2016,Quebec,Audiologists,7.37
2017,Quebec,Audiologists,7.19
2018,Quebec,Audiologists,7.04
2019,Quebec,Audiologists,7.42
2015,Quebec,Chiropractors,
2016,Quebec,Chiropractors,12.84
2017,Quebec,Chiropractors,13.05
2018,Quebec,Chiropractors,13.32
2019,Quebec,Chiropractors,
2015,Quebec,Dental assistants,
2016,Quebec,Dental assistants,48.73
2017,Quebec,Dental assistants,53.16
2018,Quebec,Dental assistants,
2019,Quebec,Dental assistants,
2015,Quebec,Dental hygienists,39.2
2016,Quebec,Dental hygienists,40.61
2017,Quebec,Dental hygienists,41.81
2018,Quebec,Dental hygienists,41.88
2019,Quebec,Dental hygienists,44.35
2015,Quebec,Dentists,38.82
2016,Quebec,Dentists,38.91
2017,Quebec,Dentists,42.19
2018,Quebec,Dentists,44.73
2019,Quebec,Dentists,41.31
2015,Quebec,Dietitians,33.7
2016,Quebec,Dietitians,34.0
2017,Quebec,Dietitians,33.49
2018,Quebec,Dietitians,35.21
2019,Quebec,Dietitians,34.45
2015,Quebec,Environmental public health professionals,5.3
2016,Quebec,Environmental public health professionals,4.16
2017,Quebec,Environmental public health professionals,3.78
2018,Quebec,Environmental public health professionals,5.52
2019,Quebec,Environmental public health professionals,5.52
2015,Quebec,Genetic counsellors,1.7
2016,Quebec,Genetic counsellors,1.51
2017,Quebec,Genetic counsellors,1.7
2018,Quebec,Genetic counsellors,1.9
2019,Quebec,Genetic counsellors,1.71
2015,Quebec,Health information management professionals,
2016,Quebec,Health information management professionals,17.57
2017,Quebec,Health information management professionals,17.22
2018,Quebec,Health information management professionals,
2019,Quebec,Health information management professionals,18.65
2015,Quebec,Medical laboratory technologists,102.63
2016,Quebec,Medical laboratory technologists,96.9
2017,Quebec,Medical laboratory technologists,97.62
2018,Quebec,Medical laboratory technologists,97.27
2019,Quebec,Medical laboratory technologists,98.41
2015,Quebec,Medical physicists,1.14
2016,Quebec,Medical physicists,1.13
2017,Quebec,Medical physicists,1.51
2018,Quebec,Medical physicists,1.71
2019,Quebec,Medical physicists,1.52
2015,Quebec,Medical radiation technologists,68.36
2016,Quebec,Medical radiation technologists,70.08
2017,Quebec,Medical radiation technologists,74.16
2018,Quebec,Medical radiation technologists,75.38
2019,Quebec,Medical radiation technologists,74.05
2015,Quebec,Midwives,
2016,Quebec,Midwives,0.0
2017,Quebec,Midwives,0.19
2018,Quebec,Midwives,0.38
2019,Quebec,Midwives,0.76
2015,Quebec,Occupational therapists,38.82
2016,Quebec,Occupational therapists,39.29
2017,Quebec,Occupational therapists,38.78
2018,Quebec,Occupational therapists,40.73
2019,Quebec,Occupational therapists,40.92
2015,Quebec,Opticians,
2016,Quebec,Opticians,21.91
2017,Quebec,Opticians,23.65
2018,Quebec,Opticians,
2019,Quebec,Opticians,23.41
2015,Quebec,Optometrists,11.55
2016,Quebec,Optometrists,11.52
2017,Quebec,Optometrists,11.73
2018,Quebec,Optometrists,12.18
2019,Quebec,Optometrists,13.51
2015,Quebec,Paramedics,
2016,Quebec,Paramedics,
2017,Quebec,Paramedics,189.57
2018,Quebec,Paramedics,186.16
2019,Quebec,Paramedics,
2015,Quebec,Pharmacists,135.95
2016,Quebec,Pharmacists,142.04
2017,Quebec,Pharmacists,138.87
2018,Quebec,Pharmacists,143.9
2019,Quebec,Pharmacists,143.14
2015,Quebec,Pharmacy technicians,1.14
2016,Quebec,Pharmacy technicians,2.64
2017,Quebec,Pharmacy technicians,26.3
2018,Quebec,Pharmacy technicians,33.12
2019,Quebec,Pharmacy technicians,37.69
2015,Quebec,Physician assistants,0.19
2016,Quebec,Physician assistants,
2017,Quebec,Physician assistants,0.19
2018,Quebec,Physician assistants,0.38
2019,Quebec,Physician assistants,0.19
2015,Quebec,Physicians,242.75
2016,Quebec,Physicians,248.38
2017,Quebec,Physicians,254.84
2018,Quebec,Physicians,269.15
2019,Quebec,Physicians,258.3
2015,Quebec,Family medicine,126.11
2016,Quebec,Family medicine,128.82
2017,Quebec,Family medicine,137.73
2018,Quebec,Family medicine,137.81
2019,Quebec,Family medicine,131.72
2015,Quebec,Specialists,116.64
2016,Quebec,Specialists,119.56
2017,Quebec,Specialists,117.11
2018,Quebec,Specialists,131.34
2019,Quebec,Specialists,126.58
2015,Quebec,Physiotherapists,50.94
2016,Quebec,Physiotherapists,52.7
2017,Quebec,Physiotherapists,53.73
2018,Quebec,Physiotherapists,55.96
2019,Quebec,Physiotherapists,57.1
2015,Quebec,Psychologists,44.69
2016,Quebec,Psychologists,47.79
2017,Quebec,Psychologists,47.3
2018,Quebec,Psychologists,48.35
2019,Quebec,Psychologists,53.49
2015,Quebec,Regulated nurses,1599.65
2016,Quebec,Regulated nurses,1609.1
2017,Quebec,Regulated nurses,1615.12
2018,Quebec,Regulated nurses,1601.39
2019,Quebec,Regulated nurses,1588.26
2015,Quebec,Licensed practical nurses,436.27
2016,Quebec,Licensed practical nurses,443.31
2017,Quebec,Licensed practical nurses,454.63
2018,Quebec,Licensed practical nurses,452.27
2019,Quebec,Licensed practical nurses,454.93
2015,Quebec,Nurse practitioners,25.75
2016,Quebec,Nurse practitioners,28.14
2017,Quebec,Nurse practitioners,31.22
2018,Quebec,Nurse practitioners,31.98
2019,Quebec,Nurse practitioners,34.83
2015,Quebec,Registered nurses,1137.63
2016,Quebec,Registered nurses,1137.65
2017,Quebec,Registered nurses,1129.28
2018,Quebec,Registered nurses,1117.15
2019,Quebec,Registered nurses,1098.5
2015,Quebec,Registered psychiatric nurses,
2016,Quebec,Registered psychiatric nurses,
2017,Quebec,Registered psychiatric nurses,
2018,Quebec,Registered psychiatric nurses,
2019,Quebec,Registered psychiatric nurses,
2015,Quebec,Respiratory therapists,26.7
2016,Quebec,Respiratory therapists,28.14
2017,Quebec,Respiratory therapists,28.0
2018,Quebec,Respiratory therapists,29.69
2019,Quebec,Respiratory therapists,30.84
2015,Quebec,Social workers,283.65
2016,Quebec,Social workers,284.84
2017,Quebec,Social workers,288.71
2018,Quebec,Social workers,295.61
2019,Quebec,Social workers,300.75
2015,Quebec,Speech-language pathologists,25.18
2016,Quebec,Speech-language pathologists,26.63
2017,Quebec,Speech-language pathologists,26.87
2018,Quebec,Speech-language pathologists,27.98
2019,Quebec,Speech-language pathologists,28.17
2015,Ontario,Audiologists,6.25
2016,Ontario,Audiologists,7.37
2017,Ontario,Audiologists,7.19
2018,Ontario,Audiologists,7.04
2019,Ontario,Audiologists,7.42
2015,Ontario,Chiropractors,
2016,Ontario,Chiropractors,12.84
2017,Ontario,Chiropractors,13.05
2018,Ontario,Chiropractors,13.32
2019,Ontario,Chiropractors,
2015,Ontario,Dental assistants,
2016,Ontario,Dental assistants,48.73
2017,Ontario,Dental assistants,53.16
2018,Ontario,Dental assistants,
2019,Ontario,Dental assistants,
2015,Ontario,Dental hygienists,39.2
2016,Ontario,Dental hygienists,40.61
2017,Ontario,Dental hygienists,41.81
2018,Ontario,Dental hygienists,41.88
2019,Ontario,Dental hygienists,44.35
2015,Ontario,Dentists,38.82
2016,Ontario,Dentists,38.91
2017,Ontario,Dentists,42.19
2018,Ontario,Dentists,44.73
2019,Ontario,Dentists,41.31
2015,Ontario,Dietitians,33.7
2016,Ontario,Dietitians,34.0
2017,Ontario,Dietitians,33.49
2018,Ontario,Dietitians,35.21
2019,Ontario,Dietitians,34.45
2015,Ontario,Environmental public health professionals,5.3
2016,Ontario,Environmental public health professionals,4.16
2017,Ontario,Environmental public health professionals,3.78
2018,Ontario,Environmental public health professionals,5.52
2019,Ontario,Environmental public health professionals,5.52
2015,Ontario,Genetic counsellors,1.7
2016,Ontario,Genetic counsellors,1.51
2017,Ontario,Genetic counsellors,1.7
2018,Ontario,Genetic counsellors,1.9
2019,Ontario,Genetic counsellors,1.71
2015,Ontario,Health information management professionals,
2016,Ontario,Health information management professionals,17.57
2017,Ontario,Health information management professionals,17.22
2018,Ontario,Health information management professionals,
2019,Ontario,Health information management professionals,18.65
2015,Ontario,Medical laboratory technologists,102.63
2016,Ontario,Medical laboratory technologists,96.9
2017,Ontario,Medical laboratory technologists,97.62
2018,Ontario,Medical laboratory technologists,97.27
2019,Ontario,Medical laboratory technologists,98.41
2015,Ontario,Medical physicists,1.14
2016,Ontario,Medical physicists,1.13
2017,Ontario,Medical physicists,1.51
2018,Ontario,Medical physicists,1.71
2019,Ontario,Medical physicists,1.52
2015,Ontario,Medical radiation technologists,68.36
2016,Ontario,Medical radiation technologists,70.08
2017,Ontario,Medical radiation technologists,74.16
2018,Ontario,Medical radiation technologists,75.38
2019,Ontario,Medical radiation technologists,74.05
2015,Ontario,Midwives,
2016,Ontario,Midwives,0.0
2017,Ontario,Midwives,0.19
2018,Ontario,Midwives,0.38
2019,Ontario,Midwives,0.76
2015,Ontario,Occupational therapists,38.82
2016,Ontario,Occupational therapists,39.29
2017,Ontario,Occupational therapists,38.78
2018,Ontario,Occupational therapists,40.73
2019,Ontario,Occupational therapists,40.92
2015,Ontario,Opticians,
2016,Ontario,Opticians,21.91
2017,Ontario,Opticians,23.65
2018,Ontario,Opticians,
2019,Ontario,Opticians,23.41
2015,Ontario,Optometrists,11.55
2016,Ontario,Optometrists,11.52
2017,Ontario,Optometrists,11.73
2018,Ontario,Optometrists,12.18
2019,Ontario,Optometrists,13.51
2015,Ontario,Paramedics,
2016,Ontario,Paramedics,
2017,Ontario,Paramedics,189.57
2018,Ontario,Paramedics,186.16
2019,Ontario,Paramedics,
2015,Ontario,Pharmacists,135.95
2016,Ontario,Pharmacists,142.04
2017,Ontario,Pharmacists,138.87
2018,Ontario,Pharmacists,143.9
2019,Ontario,Pharmacists,143.14
2015,Ontario,Pharmacy technicians,1.14
2016,Ontario,Pharmacy technicians,2.64
2017,Ontario,Pharmacy technicians,26.3
2018,Ontario,Pharmacy technicians,33.12
2019,Ontario,Pharmacy technicians,37.69
2015,Ontario,Physician assistants,0.19
2016,Ontario,Physician assistants,
2017,Ontario,Physician assistants,0.19
2018,Ontario,Physician assistants,0.38
2019,Ontario,Physician assistants,0.19
2015,Ontario,Physicians,242.75
2016,Ontario,Physicians,248.38
2017,Ontario,Physicians,254.84
2018,Ontario,Physicians,269.15
2019,Ontario,Physicians,258.3
2015,Ontario,Family medicine,126.11
2016,Ontario,Family medicine,128.82
2017,Ontario,Family medicine,137.73
2018,Ontario,Family medicine,137.81
2019,Ontario,Family medicine,131.72
2015,Ontario,Specialists,116.64
2016,Ontario,Specialists,119.56
2017,Ontario,Specialists,117.11
2018,Ontario,Specialists,131.34
2019,Ontario,Specialists,126.58
2015,Ontario,Physiotherapists,50.94
2016,Ontario,Physiotherapists,52.7
2017,Ontario,Physiotherapists,53.73
2018,Ontario,Physiotherapists,55.96
2019,Ontario,Physiotherapists,57.1
2015,Ontario,Psychologists,44.69
2016,Ontario,Psychologists,47.79
2017,Ontario,Psychologists,47.3
2018,Ontario,Psychologists,48.35
2019,Ontario,Psychologists,53.49
2015,Ontario,Regulated nurses,1599.65
2016,Ontario,Regulated nurses,1609.1
2017,Ontario,Regulated nurses,1615.12
2018,Ontario,Regulated nurses,1601.39
2019,Ontario,Regulated nurses,1588.26
2015,Ontario,Licensed practical nurses,436.27
2016,Ontario,Licensed practical nurses,443.31
2017,Ontario,Licensed practical nurses,454.63
2018,Ontario,Licensed practical nurses,452.27
2019,Ontario,Licensed practical nurses,454.93
2015,Ontario,Nurse practitioners,25.75
2016,Ontario,Nurse practitioners,28.14
2017,Ontario,Nurse practitioners,31.22
2018,Ontario,Nurse practitioners,31.98
2019,Ontario,Nurse practitioners,34.83
2015,Ontario,Registered nurses,1137.63
2016,Ontario,Registered nurses,1137.65
2017,Ontario,Registered nurses,1129.28
2018,Ontario,Registered nurses,1117.15
2019,Ontario,Registered nurses,1098.5
2015,Ontario,Registered psychiatric nurses,
2016,Ontario,Registered psychiatric nurses,
2017,Ontario,Registered psychiatric nurses,
2018,Ontario,Registered psychiatric nurses,
2019,Ontario,Registered psychiatric nurses,
2015,Ontario,Respiratory therapists,26.7
2016,Ontario,Respiratory therapists,28.14
2017,Ontario,Respiratory therapists,28.0
2018,Ontario,Respiratory therapists,29.69
2019,Ontario,Respiratory therapists,30.84
2015,Ontario,Social workers,283.65
2016,Ontario,Social workers,284.84
2017,Ontario,Social workers,288.71
2018,Ontario,Social workers,295.61
2019,Ontario,Social workers,300.75
2015,Ontario,Speech-language pathologists,25.18
2016,Ontario,Speech-language pathologists,26.63
2017,Ontario,Speech-language pathologists,26.87
2018,Ontario,Speech-language pathologists,27.98
2019,Ontario,Speech-language pathologists,28.17
2015,Manitoba,Audiologists,6.25
2016,Manitoba,Audiologists,7.37
2017,Manitoba,Audiologists,7.19
2018,Manitoba,Audiologists,7.04
2019,Manitoba,Audiologists,7.42
2015,Manitoba,Chiropractors,
2016,Manitoba,Chiropractors,12.84
2017,Manitoba,Chiropractors,13.05
2018,Manitoba,Chiropractors,13.32
2019,Manitoba,Chiropractors,
2015,Manitoba,Dental assistants,
2016,Manitoba,Dental assistants,48.73
2017,Manitoba,Dental assistants,53.16
2018,Manitoba,Dental assistants,
2019,Manitoba,Dental assistants,
2015,Manitoba,Dental hygienists,39.2
2016,Manitoba,Dental hygienists,40.61
2017,Manitoba,Dental hygienists,41.81
2018,Manitoba,Dental hygienists,41.88
2019,Manitoba,Dental hygienists,44.35
2015,Manitoba,Dentists,38.82
2016,Manitoba,Dentists,38.91
2017,Manitoba,Dentists,42.19
2018,Manitoba,Dentists,44.73
2019,Manitoba,Dentists,41.31
2015,Manitoba,Dietitians,33.7
2016,Manitoba,Dietitians,34.0
2017,Manitoba,Dietitians,33.49
2018,Manitoba,Dietitians,35.21
2019,Manitoba,Dietitians,34.45
2015,Manitoba,Environmental public health professionals,5.3
2016,Manitoba,Environmental public health professionals,4.16
2017,Manitoba,Environmental public health professionals,3.78
2018,Manitoba,Environmental public health professionals,5.52
2019,Manitoba,Environmental public health professionals,5.52
2015,Manitoba,Genetic counsellors,1.7
2016,Manitoba,Genetic counsellors,1.51
2017,Manitoba,Genetic counsellors,1.7
2018,Manitoba,Genetic counsellors,1.9
2019,Manitoba,Genetic counsellors,1.71
2015,Manitoba,Health information management professionals,
2016,Manitoba,Health information management professionals,17.57
2017,Manitoba,Health information management professionals,17.22
2018,Manitoba,Health information management professionals,
2019,Manitoba,Health information management professionals,18.65
2015,Manitoba,Medical laboratory technologists,102.63
2016,Manitoba,Medical laboratory technologists,96.9
2017,Manitoba,Medical laboratory technologists,97.62
2018,Manitoba,Medical laboratory technologists,97.27
2019,Manitoba,Medical laboratory technologists,98.41
2015,Manitoba,Medical physicists,1.14
2016,Manitoba,Medical physicists,1.13
2017,Manitoba,Medical physicists,1.51
2018,Manitoba,Medical physicists,1.71
2019,Manitoba,Medical physicists,1.52
2015,Manitoba,Medical radiation technologists,68.36
2016,Manitoba,Medical radiation technologists,70.08
2017,Manitoba,Medical radiation technologists,74.16
2018,Manitoba,Medical radiation technologists,75.38
2019,Manitoba,Medical radiation technologists,74.05
2015,Manitoba,Midwives,
2016,Manitoba,Midwives,0.0
2017,Manitoba,Midwives,0.19
2018,Manitoba,Midwives,0.38
2019,Manitoba,Midwives,0.76
2015,Manitoba,Occupational therapists,38.82
2016,Manitoba,Occupational therapists,39.29
2017,Manitoba,Occupational therapists,38.78
2018,Manitoba,Occupational therapists,40.73
2019,Manitoba,Occupational therapists,40.92
2015,Manitoba,Opticians,
2016,Manitoba,Opticians,21.91
2017,Manitoba,Opticians,23.65
2018,Manitoba,Opticians,
2019,Manitoba,Opticians,23.41
2015,Manitoba,Optometrists,11.55
2016,Manitoba,Optometrists,11.52
2017,Manitoba,Optometrists,11.73
2018,Manitoba,Optometrists,12.18
2019,Manitoba,Optometrists,13.51
2015,Manitoba,Paramedics,
2016,Manitoba,Paramedics,
2017,Manitoba,Paramedics,189.57
2018,Manitoba,Paramedics,186.16
2019,Manitoba,Paramedics,
2015,Manitoba,Pharmacists,135.95
2016,Manitoba,Pharmacists,142.04
2017,Manitoba,Pharmacists,138.87
2018,Manitoba,Pharmacists,143.9
2019,Manitoba,Pharmacists,143.14
2015,Manitoba,Pharmacy technicians,1.14
2016,Manitoba,Pharmacy technicians,2.64
2017,Manitoba,Pharmacy technicians,26.3
2018,Manitoba,Pharmacy technicians,33.12
2019,Manitoba,Pharmacy technicians,37.69
2015,Manitoba,Physician assistants,0.19
2016,Manitoba,Physician assistants,
2017,Manitoba,Physician assistants,0.19
2018,Manitoba,Physician assistants,0.38
2019,Manitoba,Physician assistants,0.19
2015,Manitoba,Physicians,242.75
2016,Manitoba,Physicians,248.38
2017,Manitoba,Physicians,254.84
2018,Manitoba,Physicians,269.15
2019,Manitoba,Physicians,258.3
2015,Manitoba,Family medicine,126.11
2016,Manitoba,Family medicine,128.82
2017,Manitoba,Family medicine,137.73
2018,Manitoba,Family medicine,137.81
2019,Manitoba,Family medicine,131.72
2015,Manitoba,Specialists,116.64
2016,Manitoba,Specialists,119.56
2017,Manitoba,Specialists,117.11
2018,Manitoba,Specialists,131.34
2019,Manitoba,Specialists,126.58
2015,Manitoba,Physiotherapists,50.94
2016,Manitoba,Physiotherapists,52.7
2017,Manitoba,Physiotherapists,53.73
2018,Manitoba,Physiotherapists,55.96
2019,Manitoba,Physiotherapists,57.1
2015,Manitoba,Psychologists,44.69
2016,Manitoba,Psychologists,47.79
2017,Manitoba,Psychologists,47.3
2018,Manitoba,Psychologists,48.35
2019,Manitoba,Psychologists,53.49
2015,Manitoba,Regulated nurses,1599.65
2016,Manitoba,Regulated nurses,1609.1
2017,Manitoba,Regulated nurses,1615.12
2018,Manitoba,Regulated nurses,1601.39
2019,Manitoba,Regulated nurses,1588.26
2015,Manitoba,Licensed practical nurses,436.27
2016,Manitoba,Licensed practical nurses,443.31
2017,Manitoba,Licensed practical nurses,454.63
2018,Manitoba,Licensed practical nurses,452.27
2019,Manitoba,Licensed practical nurses,454.93
2015,Manitoba,Nurse practitioners,25.75
2016,Manitoba,Nurse practitioners,28.14
2017,Manitoba,Nurse practitioners,31.22
2018,Manitoba,Nurse practitioners,31.98
2019,Manitoba,Nurse practitioners,34.83
2015,Manitoba,Registered nurses,1137.63
2016,Manitoba,Registered nurses,1137.65
2017,Manitoba,Registered nurses,1129.28
2018,Manitoba,Registered nurses,1117.15
2019,Manitoba,Registered nurses,1098.5
2015,Manitoba,Registered psychiatric nurses,
2016,Manitoba,Registered psychiatric nurses,
2017,Manitoba,Registered psychiatric nurses,
2018,Manitoba,Registered psychiatric nurses,
2019,Manitoba,Registered psychiatric nurses,
2015,Manitoba,Respiratory therapists,26.7
2016,Manitoba,Respiratory therapists,28.14
2017,Manitoba,Respiratory therapists,28.0
2018,Manitoba,Respiratory therapists,29.69
2019,Manitoba,Respiratory therapists,30.84
2015,Manitoba,Social workers,283.65
2016,Manitoba,Social workers,284.84
2017,Manitoba,Social workers,288.71
2018,Manitoba,Social workers,295.61
2019,Manitoba,Social workers,300.75
2015,Manitoba,Speech-language pathologists,25.18
2016,Manitoba,Speech-language pathologists,26.63
2017,Manitoba,Speech-language pathologists,26.87
2018,Manitoba,Speech-language pathologists,27.98
2019,Manitoba,Speech-language pathologists,28.17
2015,Saskatchewan,Audiologists,6.25
2016,Saskatchewan,Audiologists,7.37
2017,Saskatchewan,Audiologists,7.19
2018,Saskatchewan,Audiologists,7.04
2019,Saskatchewan,Audiologists,7.42
2015,Saskatchewan,Chiropractors,
2016,Saskatchewan,Chiropractors,12.84
2017,Saskatchewan,Chiropractors,13.05
2018,Saskatchewan,Chiropractors,13.32
2019,Saskatchewan,Chiropractors,
2015,Saskatchewan,Dental assistants,
2016,Saskatchewan,Dental assistants,48.73
2017,Saskatchewan,Dental assistants,53.16
2018,Saskatchewan,Dental assistants,
2019,Saskatchewan,Dental assistants,
2015,Saskatchewan,Dental hygienists,39.2
2016,Saskatchewan,Dental hygienists,40.61
2017,Saskatchewan,Dental hygienists,41.81
2018,Saskatchewan,Dental hygienists,41.88
2019,Saskatchewan,Dental hygienists,44.35
2015,Saskatchewan,Dentists,38.82
2016,Saskatchewan,Dentists,38.91
2017,Saskatchewan,Dentists,42.19
2018,Saskatchewan,Dentists,44.73
2019,Saskatchewan,Dentists,41.31
2015,Saskatchewan,Dietitians,33.7
2016,Saskatchewan,Dietitians,34.0
2017,Saskatchewan,Dietitians,33.49
2018,Saskatchewan,Dietitians,35.21
2019,Saskatchewan,Dietitians,34.45
2015,Saskatchewan,Environmental public health professionals,5.3
2016,Saskatchewan,Environmental public health professionals,4.16
2017,Saskatchewan,Environmental public health professionals,3.78
2018,Saskatchewan,Environmental public health professionals,5.52
2019,Saskatchewan,Environmental public health professionals,5.52
2015,Saskatchewan,Genetic counsellors,1.7
2016,Saskatchewan,Genetic counsellors,1.51
2017,Saskatchewan,Genetic counsellors,1.7
2018,Saskatchewan,Genetic counsellors,1.9
2019,Saskatchewan,Genetic counsellors,1.71
2015,Saskatchewan,Health information management professionals,
2016,Saskatchewan,Health information management professionals,17.57
2017,Saskatchewan,Health information management professionals,17.22
2018,Saskatchewan,Health information management professionals,
2019,Saskatchewan,Health information management professionals,18.65
2015,Saskatchewan,Medical laboratory technologists,102.63
2016,Saskatchewan,Medical laboratory technologists,96.9
2017,Saskatchewan,Medical laboratory technologists,97.62
2018,Saskatchewan,Medical laboratory technologists,97.27
2019,Saskatchewan,Medical laboratory technologists,98.41
2015,Saskatchewan,Medical physicists,1.14
2016,Saskatchewan,Medical physicists,1.13
2017,Saskatchewan,Medical physicists,1.51
2018,Saskatchewan,Medical physicists,1.71
2019,Saskatchewan,Medical physicists,1.52
2015,Saskatchewan,Medical radiation technologists,68.36
2016,Saskatchewan,Medical radiation technologists,70.08
2017,Saskatchewan,Medical radiation technologists,74.16
2018,Saskatchewan,Medical radiation technologists,75.38
2019,Saskatchewan,Medical radiation technologists,74.05
2015,Saskatchewan,Midwives,
2016,Saskatchewan,Midwives,0.0
2017,Saskatchewan,Midwives,0.19
2018,Saskatchewan,Midwives,0.38
2019,Saskatchewan,Midwives,0.76
2015,Saskatchewan,Occupational therapists,38.82
2016,Saskatchewan,Occupational therapists,39.29
2017,Saskatchewan,Occupational therapists,38.78
2018,Saskatchewan,Occupational therapists,40.73
2019,Saskatchewan,Occupational therapists,40.92
2015,Saskatchewan,Opticians,
2016,Saskatchewan,Opticians,21.91
2017,Saskatchewan,Opticians,23.65
2018,Saskatchewan,Opticians,
2019,Saskatchewan,Opticians,23.41
2015,Saskatchewan,Optometrists,11.55
2016,Saskatchewan,Optometrists,11.52
2017,Saskatchewan,Optometrists,11.73
2018,Saskatchewan,Optometrists,12.18
2019,Saskatchewan,Optometrists,13.51
2015,Saskatchewan,Paramedics,
2016,Saskatchewan,Paramedics,
2017,Saskatchewan,Paramedics,189.57
2018,Saskatchewan,Paramedics,186.16
2019,Saskatchewan,Paramedics,
2015,Saskatchewan,Pharmacists,135.95
2016,Saskatchewan,Pharmacists,142.04
2017,Saskatchewan,Pharmacists,138.87
2018,Saskatchewan,Pharmacists,143.9
2019,Saskatchewan,Pharmacists,143.14
2015,Saskatchewan,Pharmacy technicians,1.14
2016,Saskatchewan,Pharmacy technicians,2.64
2017,Saskatchewan,Pharmacy technicians,26.3
2018,Saskatchewan,Pharmacy technicians,33.12
2019,Saskatchewan,Pharmacy technicians,37.69
2015,Saskatchewan,Physician assistants,0.19
2016,Saskatchewan,Physician assistants,
2017,Saskatchewan,Physician assistants,0.19
2018,Saskatchewan,Physician assistants,0.38
2019,Saskatchewan,Physician assistants,0.19
2015,Saskatchewan,Physicians,242.75
2016,Saskatchewan,Physicians,248.38
2017,Saskatchewan,Physicians,254.84
2018,Saskatchewan,Physicians,269.15
2019,Saskatchewan,Physicians,258.3
2015,Saskatchewan,Family medicine,126.11
2016,Saskatchewan,Family medicine,128.82
2017,Saskatchewan,Family medicine,137.73
2018,Saskatchewan,Family medicine,137.81
2019,Saskatchewan,Family medicine,131.72
2015,Saskatchewan,Specialists,116.64
2016,Saskatchewan,Specialists,119.56
2017,Saskatchewan,Specialists,117.11
2018,Saskatchewan,Specialists,131.34
2019,Saskatchewan,Specialists,126.58
2015,Saskatchewan,Physiotherapists,50.94
2016,Saskatchewan,Physiotherapists,52.7
2017,Saskatchewan,Physiotherapists,53.73
2018,Saskatchewan,Physiotherapists,55.96
2019,Saskatchewan,Physiotherapists,57.1
2015,Saskatchewan,Psychologists,44.69
2016,Saskatchewan,Psychologists,47.79
2017,Saskatchewan,Psychologists,47.3
2018,Saskatchewan,Psychologists,48.35
2019,Saskatchewan,Psychologists,53.49
2015,Saskatchewan,Regulated nurses,1599.65
2016,Saskatchewan,Regulated nurses,1609.1
2017,Saskatchewan,Regulated nurses,1615.12
2018,Saskatchewan,Regulated nurses,1601.39
2019,Saskatchewan,Regulated nurses,1588.26
2015,Saskatchewan,Licensed practical nurses,436.27
2016,Saskatchewan,Licensed practical nurses,443.31
2017,Saskatchewan,Licensed practical nurses,454.63
2018,Saskatchewan,Licensed practical nurses,452.27
2019,Saskatchewan,Licensed practical nurses,454.93
2015,Saskatchewan,Nurse practitioners,25.75
2016,Saskatchewan,Nurse practitioners,28.14
2017,Saskatchewan,Nurse practitioners,31.22
2018,Saskatchewan,Nurse practitioners,31.98
2019,Saskatchewan,Nurse practitioners,34.83
2015,Saskatchewan,Registered nurses,1137.63
2016,Saskatchewan,Registered nurses,1137.65
2017,Saskatchewan,Registered nurses,1129.28
2018,Saskatchewan,Registered nurses,1117.15
2019,Saskatchewan,Registered nurses,1098.5
2015,Saskatchewan,Registered psychiatric nurses,
2016,Saskatchewan,Registered psychiatric nurses,
2017,Saskatchewan,Registered psychiatric nurses,
2018,Saskatchewan,Registered psychiatric nurses,
2019,Saskatchewan,Registered psychiatric nurses,
2015,Saskatchewan,Respiratory therapists,26.7
2016,Saskatchewan,Respiratory therapists,28.14
2017,Saskatchewan,Respiratory therapists,28.0
2018,Saskatchewan,Respiratory therapists,29.69
2019,Saskatchewan,Respiratory therapists,30.84
2015,Saskatchewan,Social workers,283.65
2016,Saskatchewan,Social workers,284.84
2017,Saskatchewan,Social workers,288.71
2018,Saskatchewan,Social workers,295.61
2019,Saskatchewan,Social workers,300.75
2015,Saskatchewan,Speech-language pathologists,25.18
2016,Saskatchewan,Speech-language pathologists,26.63
2017,Saskatchewan,Speech-language pathologists,26.87
2018,Saskatchewan,Speech-language pathologists,27.98
2019,Saskatchewan,Speech-language pathologists,28.17
2015,Alberta,Audiologists,6.25
2016,Alberta,Audiologists,7.37
2017,Alberta,Audiologists,7.19
2018,Alberta,Audiologists,7.04
2019,Alberta,Audiologists,7.42
2015,Alberta,Chiropractors,
2016,Alberta,Chiropractors,12.84
2017,Alberta,Chiropractors,13.05
2018,Alberta,Chiropractors,13.32
2019,Alberta,Chiropractors,
2015,Alberta,Dental assistants,
2016,Alberta,Dental assistants,48.73
2017,Alberta,Dental assistants,53.16
2018,Alberta,Dental assistants,
2019,Alberta,Dental assistants,
2015,Alberta,Dental hygienists,39.2
2016,Alberta,Dental hygienists,40.61
2017,Alberta,Dental hygienists,41.81
2018,Alberta,Dental hygienists,41.88
2019,Alberta,Dental hygienists,44.35
2015,Alberta,Dentists,38.82
2016,Alberta,Dentists,38.91
2017,Alberta,Dentists,42.19
2018,Alberta,Dentists,44.73
2019,Alberta,Dentists,41.31
2015,Alberta,Dietitians,33.7
2016,Alberta,Dietitians,34.0
2017,Alberta,Dietitians,33.49
2018,Alberta,Dietitians,35.21
2019,Alberta,Dietitians,34.45
2015,Alberta,Environmental public health professionals,5.3
2016,Alberta,Environmental public health professionals,4.16
2017,Alberta,Environmental public health professionals,3.78
2018,Alberta,Environmental public health professionals,5.52
2019,Alberta,Environmental public health professionals,5.52
2015,Alberta,Genetic counsellors,1.7
2016,Alberta,Genetic counsellors,1.51
2017,Alberta,Genetic counsellors,1.7
2018,Alberta,Genetic counsellors,1.9
2019,Alberta,Genetic counsellors,1.71
2015,Alberta,Health information management professionals,
2016,Alberta,Health information management professionals,17.57
2017,Alberta,Health information management professionals,17.22
2018,Alberta,Health information management professionals,
2019,Alberta,Health information management professionals,18.65
2015,Alberta,Medical laboratory technologists,102.63
2016,Alberta,Medical laboratory technologists,96.9
2017,Alberta,Medical laboratory technologists,97.62
2018,Alberta,Medical laboratory technologists,97.27
2019,Alberta,Medical laboratory technologists,98.41
2015,Alberta,Medical physicists,1.14
2016,Alberta,Medical physicists,1.13
2017,Alberta,Medical physicists,1.51
2018,Alberta,Medical physicists,1.71
2019,Alberta,Medical physicists,1.52
2015,Alberta,Medical radiation technologists,68.36
2016,Alberta,Medical radiation technologists,70.08
2017,Alberta,Medical radiation technologists,74.16
2018,Alberta,Medical radiation technologists,75.38
2019,Alberta,Medical radiation technologists,74.05
2015,Alberta,Midwives,
2016,Alberta,Midwives,0.0
2017,Alberta,Midwives,0.19
2018,Alberta,Midwives,0.38
2019,Alberta,Midwives,0.76
2015,Alberta,Occupational therapists,38.82
2016,Alberta,Occupational therapists,39.29
2017,Alberta,Occupational therapists,38.78
2018,Alberta,Occupational therapists,40.73
2019,Alberta,Occupational therapists,40.92
2015,Alberta,Opticians,
2016,Alberta,Opticians,21.91
2017,Alberta,Opticians,23.65
2018,Alberta,Opticians,
2019,Alberta,Opticians,23.41
2015,Alberta,Optometrists,11.55
2016,Alberta,Optometrists,11.52
2017,Alberta,Optometrists,11.73
2018,Alberta,Optometrists,12.18
2019,Alberta,Optometrists,13.51
2015,Alberta,Paramedics,
2016,Alberta,Paramedics,
2017,Alberta,Paramedics,189.57
2018,Alberta,Paramedics,186.16
2019,Alberta,Paramedics,
2015,Alberta,Pharmacists,135.95
2016,Alberta,Pharmacists,142.04
2017,Alberta,Pharmacists,138.87
2018,Alberta,Pharmacists,143.9
2019,Alberta,Pharmacists,143.14
2015,Alberta,Pharmacy technicians,1.14
2016,Alberta,Pharmacy technicians,2.64
2017,Alberta,Pharmacy technicians,26.3
2018,Alberta,Pharmacy technicians,33.12
2019,Alberta,Pharmacy technicians,37.69
2015,Alberta,Physician assistants,0.19
2016,Alberta,Physician assistants,
2017,Alberta,Physician assistants,0.19
2018,Alberta,Physician assistants,0.38
2019,Alberta,Physician assistants,0.19
2015,Alberta,Physicians,242.75
2016,Alberta,Physicians,248.38
2017,Alberta,Physicians,254.84
2018,Alberta,Physicians,269.15
2019,Alberta,Physicians,258.3
2015,Alberta,Family medicine,126.11
2016,Alberta,Family medicine,128.82
2017,Alberta,Family medicine,137.73
2018,Alberta,Family medicine,137.81
2019,Alberta,Family medicine,131.72
2015,Alberta,Specialists,116.64
2016,Alberta,Specialists,119.56
2017,Alberta,Specialists,117.11
2018,Alberta,Specialists,131.34
2019,Alberta,Specialists,126.58
2015,Alberta,Physiotherapists,50.94
2016,Alberta,Physiotherapists,52.7
2017,Alberta,Physiotherapists,53.73
2018,Alberta,Physiotherapists,55.96
2019,Alberta,Physiotherapists,57.1
2015,Alberta,Psychologists,44.69
2016,Alberta,Psychologists,47.79
2017,Alberta,Psychologists,47.3
2018,Alberta,Psychologists,48.35
2019,Alberta,Psychologists,53.49
2015,Alberta,Regulated nurses,1599.65
2016,Alberta,Regulated nurses,1609.1
2017,Alberta,Regulated nurses,1615.12
2018,Alberta,Regulated nurses,1601.39
2019,Alberta,Regulated nurses,1588.26
2015,Alberta,Licensed practical nurses,436.27
2016,Alberta,Licensed practical nurses,443.31
2017,Alberta,Licensed practical nurses,454.63
2018,Alberta,Licensed practical nurses,452.27
2019,Alberta,Licensed practical nurses,454.93
2015,Alberta,Nurse practitioners,25.75
2016,Alberta,Nurse practitioners,28.14
2017,Alberta,Nurse practitioners,31.22
2018,Alberta,Nurse practitioners,31.98
2019,Alberta,Nurse practitioners,34.83
2015,Alberta,Registered nurses,1137.63
2016,Alberta,Registered nurses,1137.65
2017,Alberta,Registered nurses,1129.28
2018,Alberta,Registered nurses,1117.15
2019,Alberta,Registered nurses,1098.5
2015,Alberta,Registered psychiatric nurses,
2016,Alberta,Registered psychiatric nurses,
2017,Alberta,Registered psychiatric nurses,
2018,Alberta,Registered psychiatric nurses,
2019,Alberta,Registered psychiatric nurses,
2015,Alberta,Respiratory therapists,26.7
2016,Alberta,Respiratory therapists,28.14
2017,Alberta,Respiratory therapists,28.0
2018,Alberta,Respiratory therapists,29.69
2019,Alberta,Respiratory therapists,30.84
2015,Alberta,Social workers,283.65
2016,Alberta,Social workers,284.84
2017,Alberta,Social workers,288.71
2018,Alberta,Social workers,295.61
2019,Alberta,Social workers,300.75
2015,Alberta,Speech-language pathologists,25.18
2016,Alberta,Speech-language pathologists,26.63
2017,Alberta,Speech-language pathologists,26.87
2018,Alberta,Speech-language pathologists,27.98
2019,Alberta,Speech-language pathologists,28.17
2015,British Columbia,Audiologists,6.25
2016,British Columbia,Audiologists,7.37
2017,British Columbia,Audiologists,7.19
2018,British Columbia,Audiologists,7.04
2019,British Columbia,Audiologists,7.42
2015,British Columbia,Chiropractors,
2016,British Columbia,Chiropractors,12.84
2017,British Columbia,Chiropractors,13.05
2018,British Columbia,Chiropractors,13.32
2019,British Columbia,Chiropractors,
2015,British Columbia,Dental assistants,
2016,British Columbia,Dental assistants,48.73
2017,British Columbia,Dental assistants,53.16
2018,British Columbia,Dental assistants,
2019,British Columbia,Dental assistants,
2015,British Columbia,Dental hygienists,39.2
2016,British Columbia,Dental hygienists,40.61
2017,British Columbia,Dental hygienists,41.81
2018,British Columbia,Dental hygienists,41.88
2019,British Columbia,Dental hygienists,44.35
2015,British Columbia,Dentists,38.82
2016,British Columbia,Dentists,38.91
2017,British Columbia,Dentists,42.19
2018,British Columbia,Dentists,44.73
2019,British Columbia,Dentists,41.31
2015,British Columbia,Dietitians,33.7
2016,British Columbia,Dietitians,34.0
2017,British Columbia,Dietitians,33.49
2018,British Columbia,Dietitians,35.21
2019,British Columbia,Dietitians,34.45
2015,British Columbia,Environmental public health professionals,5.3
2016,British Columbia,Environmental public health professionals,4.16
2017,British Columbia,Environmental public health professionals,3.78
2018,British Columbia,Environmental public health professionals,5.52
2019,British Columbia,Environmental public health professionals,5.52
2015,British Columbia,Genetic counsellors,1.7
2016,British Columbia,Genetic counsellors,1.51
2017,British Columbia,Genetic counsellors,1.7
2018,British Columbia,Genetic counsellors,1.9
2019,British Columbia,Genetic counsellors,1.71
2015,British Columbia,Health information management professionals,
2016,British Columbia,Health information management professionals,17.57
2017,British Columbia,Health information management professionals,17.22
2018,British Columbia,Health information management professionals,
2019,British Columbia,Health information management professionals,18.65
2015,British Columbia,Medical laboratory technologists,102.63
2016,British Columbia,Medical laboratory technologists,96.9
2017,British Columbia,Medical laboratory technologists,97.62
2018,British Columbia,Medical laboratory technologists,97.27
2019,British Columbia,Medical laboratory technologists,98.41
2015,British Columbia,Medical physicists,1.14
2016,British Columbia,Medical physicists,1.13
2017,British Columbia,Medical physicists,1.51
2018,British Columbia,Medical physicists,1.71
2019,British Columbia,Medical physicists,1.52
2015,British Columbia,Medical radiation technologists,68.36
2016,British Columbia,Medical radiation technologists,70.08
2017,British Columbia,Medical radiation technologists,74.16
2018,British Columbia,Medical radiation technologists,75.38
2019,British Columbia,Medical radiation technologists,74.05
2015,British Columbia,Midwives,
2016,British Columbia,Midwives,0.0
2017,British Columbia,Midwives,0.19
2018,British Columbia,Midwives,0.38
2019,British Columbia,Midwives,0.76
2015,British Columbia,Occupational therapists,38.82
2016,British Columbia,Occupational therapists,39.29
2017,British Columbia,Occupational therapists,38.78
2018,British Columbia,Occupational therapists,40.73
2019,British Columbia,Occupational therapists,40.92
2015,British Columbia,Opticians,
2016,British Columbia,Opticians,21.91
2017,British Columbia,Opticians,23.65
2018,British Columbia,Opticians,
2019,British Columbia,Opticians,23.41
2015,British Columbia,Optometrists,11.55
2016,British Columbia,Optometrists,11.52
2017,British Columbia,Optometrists,11.73
2018,British Columbia,Optometrists,12.18
2019,British Columbia,Optometrists,13.51
2015,British Columbia,Paramedics,
2016,British Columbia,Paramedics,
2017,British Columbia,Paramedics,189.57
2018,British Columbia,Paramedics,186.16
2019,British Columbia,Paramedics,
2015,British Columbia,Pharmacists,135.95
2016,British Columbia,Pharmacists,142.04
2017,British Columbia,Pharmacists,138.87
2018,British Columbia,Pharmacists,143.9
2019,British Columbia,Pharmacists,143.14
2015,British Columbia,Pharmacy technicians,1.14
2016,British Columbia,Pharmacy technicians,2.64
2017,British Columbia,Pharmacy technicians,26.3
2018,British Columbia,Pharmacy technicians,33.12
2019,British Columbia,Pharmacy technicians,37.69
2015,British Columbia,Physician assistants,0.19
2016,British Columbia,Physician assistants,
2017,British Columbia,Physician assistants,0.19
2018,British Columbia,Physician assistants,0.38
2019,British Columbia,Physician assistants,0.19
2015,British Columbia,Physicians,242.75
2016,British Columbia,Physicians,248.38
2017,British Columbia,Physicians,254.84
2018,British Columbia,Physicians,269.15
2019,British Columbia,Physicians,258.3
2015,British Columbia,Family medicine,126.11
2016,British Columbia,Family medicine,128.82
2017,British Columbia,Family medicine,137.73
2018,British Columbia,Family medicine,137.81
2019,British Columbia,Family medicine,131.72
2015,British Columbia,Specialists,116.64
2016,British Columbia,Specialists,119.56
2017,British Columbia,Specialists,117.11
2018,British Columbia,Specialists,131.34
2019,British Columbia,Specialists,126.58
2015,British Columbia,Physiotherapists,50.94
2016,British Columbia,Physiotherapists,52.7
2017,British Columbia,Physiotherapists,53.73
2018,British Columbia,Physiotherapists,55.96
2019,British Columbia,Physiotherapists,57.1
2015,British Columbia,Psychologists,44.69
2016,British Columbia,Psychologists,47.79
2017,British Columbia,Psychologists,47.3
2018,British Columbia,Psychologists,48.35
2019,British Columbia,Psychologists,53.49
2015,British Columbia,Regulated nurses,1599.65
2016,British Columbia,Regulated nurses,1609.1
2017,British Columbia,Regulated nurses,1615.12
2018,British Columbia,Regulated nurses,1601.39
2019,British Columbia,Regulated nurses,1588.26
2015,British Columbia,Licensed practical nurses,436.27
2016,British Columbia,Licensed practical nurses,443.31
2017,British Columbia,Licensed practical nurses,454.63
2018,British Columbia,Licensed practical nurses,452.27
2019,British Columbia,Licensed practical nurses,454.93
2015,British Columbia,Nurse practitioners,25.75
2016,British Columbia,Nurse practitioners,28.14
2017,British Columbia,Nurse practitioners,31.22
2018,British Columbia,Nurse practitioners,31.98
2019,British Columbia,Nurse practitioners,34.83
2015,British Columbia,Registered nurses,1137.63
2016,British Columbia,Registered nurses,1137.65
2017,British Columbia,Registered nurses,1129.28
2018,British Columbia,Registered nurses,1117.15
2019,British Columbia,Registered nurses,1098.5
2015,British Columbia,Registered psychiatric nurses,
2016,British Columbia,Registered psychiatric nurses,
2017,British Columbia,Registered psychiatric nurses,
2018,British Columbia,Registered psychiatric nurses,
2019,British Columbia,Registered psychiatric nurses,
2015,British Columbia,Respiratory therapists,26.7
2016,British Columbia,Respiratory therapists,28.14
2017,British Columbia,Respiratory therapists,28.0
2018,British Columbia,Respiratory therapists,29.69
2019,British Columbia,Respiratory therapists,30.84
2015,British Columbia,Social workers,283.65
2016,British Columbia,Social workers,284.84
2017,British Columbia,Social workers,288.71
2018,British Columbia,Social workers,295.61
2019,British Columbia,Social workers,300.75
2015,British Columbia,Speech-language pathologists,25.18
2016,British Columbia,Speech-language pathologists,26.63
2017,British Columbia,Speech-language pathologists,26.87
2018,British Columbia,Speech-language pathologists,27.98
2019,British Columbia,Speech-language pathologists,28.17
2015,Yukon,Audiologists,6.25
2016,Yukon,Audiologists,7.37
2017,Yukon,Audiologists,7.19
2018,Yukon,Audiologists,7.04
2019,Yukon,Audiologists,7.42
2015,Yukon,Chiropractors,
2016,Yukon,Chiropractors,12.84
2017,Yukon,Chiropractors,13.05
2018,Yukon,Chiropractors,13.32
2019,Yukon,Chiropractors,
2015,Yukon,Dental assistants,
2016,Yukon,Dental assistants,48.73
2017,Yukon,Dental assistants,53.16
2018,Yukon,Dental assistants,
2019,Yukon,Dental assistants,
2015,Yukon,Dental hygienists,39.2
2016,Yukon,Dental hygienists,40.61
2017,Yukon,Dental hygienists,41.81
2018,Yukon,Dental hygienists,41.88
2019,Yukon,Dental hygienists,44.35
2015,Yukon,Dentists,38.82
2016,Yukon,Dentists,38.91
2017,Yukon,Dentists,42.19
2018,Yukon,Dentists,44.73
2019,Yukon,Dentists,41.31
2015,Yukon,Dietitians,33.7
2016,Yukon,Dietitians,34.0
2017,Yukon,Dietitians,33.49
2018,Yukon,Dietitians,35.21
2019,Yukon,Dietitians,34.45
2015,Yukon,Environmental public health professionals,5.3
2016,Yukon,Environmental public health professionals,4.16
2017,Yukon,Environmental public health professionals,3.78
2018,Yukon,Environmental public health professionals,5.52
2019,Yukon,Environmental public health professionals,5.52
2015,Yukon,Genetic counsellors,1.7
2016,Yukon,Genetic counsellors,1.51
2017,Yukon,Genetic counsellors,1.7
2018,Yukon,Genetic counsellors,1.9
2019,Yukon,Genetic counsellors,1.71
2015,Yukon,Health information management professionals,
2016,Yukon,Health information management professionals,17.57
2017,Yukon,Health information management professionals,17.22
2018,Yukon,Health information management professionals,
2019,Yukon,Health information management professionals,18.65
2015,Yukon,Medical laboratory technologists,102.63
2016,Yukon,Medical laboratory technologists,96.9
2017,Yukon,Medical laboratory technologists,97.62
2018,Yukon,Medical laboratory technologists,97.27
2019,Yukon,Medical laboratory technologists,98.41
2015,Yukon,Medical physicists,1.14
2016,Yukon,Medical physicists,1.13
2017,Yukon,Medical physicists,1.51
2018,Yukon,Medical physicists,1.71
2019,Yukon,Medical physicists,1.52
2015,Yukon,Medical radiation technologists,68.36
2016,Yukon,Medical radiation technologists,70.08
2017,Yukon,Medical radiation technologists,74.16
2018,Yukon,Medical radiation technologists,75.38
2019,Yukon,Medical radiation technologists,74.05
2015,Yukon,Midwives,
2016,Yukon,Midwives,0.0
2017,Yukon,Midwives,0.19
2018,Yukon,Midwives,0.38
2019,Yukon,Midwives,0.76
2015,Yukon,Occupational therapists,38.82
2016,Yukon,Occupational therapists,39.29
2017,Yukon,Occupational therapists,38.78
2018,Yukon,Occupational therapists,40.73
2019,Yukon,Occupational therapists,40.92
2015,Yukon,Opticians,
2016,Yukon,Opticians,21.91
2017,Yukon,Opticians,23.65
2018,Yukon,Opticians,
2019,Yukon,Opticians,23.41
2015,Yukon,Optometrists,11.55
2016,Yukon,Optometrists,11.52
2017,Yukon,Optometrists,11.73
2018,Yukon,Optometrists,12.18
2019,Yukon,Optometrists,13.51
2015,Yukon,Paramedics,
2016,Yukon,Paramedics,
2017,Yukon,Paramedics,189.57
2018,Yukon,Paramedics,186.16
2019,Yukon,Paramedics,
2015,Yukon,Pharmacists,135.95
2016,Yukon,Pharmacists,142.04
2017,Yukon,Pharmacists,138.87
2018,Yukon,Pharmacists,143.9
2019,Yukon,Pharmacists,143.14
2015,Yukon,Pharmacy technicians,1.14
2016,Yukon,Pharmacy technicians,2.64
2017,Yukon,Pharmacy technicians,26.3
2018,Yukon,Pharmacy technicians,33.12
2019,Yukon,Pharmacy technicians,37.69
2015,Yukon,Physician assistants,0.19
2016,Yukon,Physician assistants,
2017,Yukon,Physician assistants,0.19
2018,Yukon,Physician assistants,0.38
2019,Yukon,Physician assistants,0.19
2015,Yukon,Physicians,242.75
2016,Yukon,Physicians,248.38
2017,Yukon,Physicians,254.84
2018,Yukon,Physicians,269.15
2019,Yukon,Physicians,258.3
2015,Yukon,Family medicine,126.11
2016,Yukon,Family medicine,128.82
2017,Yukon,Family medicine,137.73
2018,Yukon,Family medicine,137.81
2019,Yukon,Family medicine,131.72
2015,Yukon,Specialists,116.64
2016,Yukon,Specialists,119.56
2017,Yukon,Specialists,117.11
2018,Yukon,Specialists,131.34
2019,Yukon,Specialists,126.58
2015,Yukon,Physiotherapists,50.94
2016,Yukon,Physiotherapists,52.7
2017,Yukon,Physiotherapists,53.73
2018,Yukon,Physiotherapists,55.96
2019,Yukon,Physiotherapists,57.1
2015,Yukon,Psychologists,44.69
2016,Yukon,Psychologists,47.79
2017,Yukon,Psychologists,47.3
2018,Yukon,Psychologists,48.35
2019,Yukon,Psychologists,53.49
2015,Yukon,Regulated nurses,1599.65
2016,Yukon,Regulated nurses,1609.1
2017,Yukon,Regulated nurses,1615.12
2018,Yukon,Regulated nurses,1601.39
2019,Yukon,Regulated nurses,1588.26
2015,Yukon,Licensed practical nurses,436.27
2016,Yukon,Licensed practical nurses,443.31
2017,Yukon,Licensed practical nurses,454.63
2018,Yukon,Licensed practical nurses,452.27
2019,Yukon,Licensed practical nurses,454.93
2015,Yukon,Nurse practitioners,25.75
2016,Yukon,Nurse practitioners,28.14
2017,Yukon,Nurse practitioners,31.22
2018,Yukon,Nurse practitioners,31.98
2019,Yukon,Nurse practitioners,34.83
2015,Yukon,Registered nurses,1137.63
2016,Yukon,Registered nurses,1137.65
2017,Yukon,Registered nurses,1129.28
2018,Yukon,Registered nurses,1117.15
2019,Yukon,Registered nurses,1098.5
2015,Yukon,Registered psychiatric nurses,
2016,Yukon,Registered psychiatric nurses,
2017,Yukon,Registered psychiatric nurses,
2018,Yukon,Registered psychiatric nurses,
2019,Yukon,Registered psychiatric nurses,
2015,Yukon,Respiratory therapists,26.7
2016,Yukon,Respiratory therapists,28.14
2017,Yukon,Respiratory therapists,28.0
2018,Yukon,Respiratory therapists,29.69
2019,Yukon,Respiratory therapists,30.84
2015,Yukon,Social workers,283.65
2016,Yukon,Social workers,284.84
2017,Yukon,Social workers,288.71
2018,Yukon,Social workers,295.61
2019,Yukon,Social workers,300.75
2015,Yukon,Speech-language pathologists,25.18
2016,Yukon,Speech-language pathologists,26.63
2017,Yukon,Speech-language pathologists,26.87
2018,Yukon,Speech-language pathologists,27.98
2019,Yukon,Speech-language pathologists,28.17
2015,Northwest Territories,Audiologists,6.25
2016,Northwest Territories,Audiologists,7.37
2017,Northwest Territories,Audiologists,7.19
2018,Northwest Territories,Audiologists,7.04
2019,Northwest Territories,Audiologists,7.42
2015,Northwest Territories,Chiropractors,
2016,Northwest Territories,Chiropractors,12.84
2017,Northwest Territories,Chiropractors,13.05
2018,Northwest Territories,Chiropractors,13.32
2019,Northwest Territories,Chiropractors,
2015,Northwest Territories,Dental assistants,
2016,Northwest Territories,Dental assistants,48.73
2017,Northwest Territories,Dental assistants,53.16
2018,Northwest Territories,Dental assistants,
2019,Northwest Territories,Dental assistants,
2015,Northwest Territories,Dental hygienists,39.2
2016,Northwest Territories,Dental hygienists,40.61
2017,Northwest Territories,Dental hygienists,41.81
2018,Northwest Territories,Dental hygienists,41.88
2019,Northwest Territories,Dental hygienists,44.35
2015,Northwest Territories,Dentists,38.82
2016,Northwest Territories,Dentists,38.91
2017,Northwest Territories,Dentists,42.19
2018,Northwest Territories,Dentists,44.73
2019,Northwest Territories,Dentists,41.31
2015,Northwest Territories,Dietitians,33.7
2016,Northwest Territories,Dietitians,34.0
2017,Northwest Territories,Dietitians,33.49
2018,Northwest Territories,Dietitians,35.21
2019,Northwest Territories,Dietitians,34.45
2015,Northwest Territories,Environmental public health professionals,5.3
2016,Northwest Territories,Environmental public health professionals,4.16
2017,Northwest Territories,Environmental public health professionals,3.78
2018,Northwest Territories,Environmental public health professionals,5.52
2019,Northwest Territories,Environmental public health professionals,5.52
2015,Northwest Territories,Genetic counsellors,1.7
2016,Northwest Territories,Genetic counsellors,1.51
2017,Northwest Territories,Genetic counsellors,1.7
2018,Northwest Territories,Genetic counsellors,1.9
2019,Northwest Territories,Genetic counsellors,1.71
2015,Northwest Territories,Health information management professionals,
2016,Northwest Territories,Health information management professionals,17.57
2017,Northwest Territories,Health information management professionals,17.22
2018,Northwest Territories,Health information management professionals,
2019,Northwest Territories,Health information management professionals,18.65
2015,Northwest Territories,Medical laboratory technologists,102.63
2016,Northwest Territories,Medical laboratory technologists,96.9
2017,Northwest Territories,Medical laboratory technologists,97.62
2018,Northwest Territories,Medical laboratory technologists,97.27
2019,Northwest Territories,Medical laboratory technologists,98.41
2015,Northwest Territories,Medical physicists,1.14
2016,Northwest Territories,Medical physicists,1.13
2017,Northwest Territories,Medical physicists,1.51
2018,Northwest Territories,Medical physicists,1.71
2019,Northwest Territories,Medical physicists,1.52
2015,Northwest Territories,Medical radiation technologists,68.36
2016,Northwest Territories,Medical radiation technologists,70.08
2017,Northwest Territories,Medical radiation technologists,74.16
2018,Northwest Territories,Medical radiation technologists,75.38
2019,Northwest Territories,Medical radiation technologists,74.05
2015,Northwest Territories,Midwives,
2016,Northwest Territories,Midwives,0.0
2017,Northwest Territories,Midwives,0.19
2018,Northwest Territories,Midwives,0.38
2019,Northwest Territories,Midwives,0.76
2015,Northwest Territories,Occupational therapists,38.82
2016,Northwest Territories,Occupational therapists,39.29
2017,Northwest Territories,Occupational therapists,38.78
2018,Northwest Territories,Occupational therapists,40.73
2019,Northwest Territories,Occupational therapists,40.92
2015,Northwest Territories,Opticians,
2016,Northwest Territories,Opticians,21.91
2017,Northwest Territories,Opticians,23.65
2018,Northwest Territories,Opticians,
2019,Northwest Territories,Opticians,23.41
2015,Northwest Territories,Optometrists,11.55
2016,Northwest Territories,Optometrists,11.52
2017,Northwest Territories,Optometrists,11.73
2018,Northwest Territories,Optometrists,12.18
2019,Northwest Territories,Optometrists,13.51
2015,Northwest Territories,Paramedics,
2016,Northwest Territories,Paramedics,
2017,Northwest Territories,Paramedics,189.57
2018,Northwest Territories,Paramedics,186.16
2019,Northwest Territories,Paramedics,
2015,Northwest Territories,Pharmacists,135.95
2016,Northwest Territories,Pharmacists,142.04
2017,Northwest Territories,Pharmacists,138.87
2018,Northwest Territories,Pharmacists,143.9
2019,Northwest Territories,Pharmacists,143.14
2015,Northwest Territories,Pharmacy technicians,1.14
2016,Northwest Territories,Pharmacy technicians,2.64
2017,Northwest Territories,Pharmacy technicians,26.3
2018,Northwest Territories,Pharmacy technicians,33.12
2019,Northwest Territories,Pharmacy technicians,37.69
2015,Northwest Territories,Physician assistants,0.19
2016,Northwest Territories,Physician assistants,
2017,Northwest Territories,Physician assistants,0.19
2018,Northwest Territories,Physician assistants,0.38
2019,Northwest Territories,Physician assistants,0.19
2015,Northwest Territories,Physicians,242.75
2016,Northwest Territories,Physicians,248.38
2017,Northwest Territories,Physicians,254.84
2018,Northwest Territories,Physicians,269.15
2019,Northwest Territories,Physicians,258.3
2015,Northwest Territories,Family medicine,126.11
2016,Northwest Territories,Family medicine,128.82
2017,Northwest Territories,Family medicine,137.73
2018,Northwest Territories,Family medicine,137.81
2019,Northwest Territories,Family medicine,131.72
2015,Northwest Territories,Specialists,116.64
2016,Northwest Territories,Specialists,119.56
2017,Northwest Territories,Specialists,117.11
2018,Northwest Territories,Specialists,131.34
2019,Northwest Territories,Specialists,126.58
2015,Northwest Territories,Physiotherapists,50.94
2016,Northwest Territories,Physiotherapists,52.7
2017,Northwest Territories,Physiotherapists,53.73
2018,Northwest Territories,Physiotherapists,55.96
2019,Northwest Territories,Physiotherapists,57.1
2015,Northwest Territories,Psychologists,44.69
2016,Northwest Territories,Psychologists,47.79
2017,Northwest Territories,Psychologists,47.3
2018,Northwest Territories,Psychologists,48.35
2019,Northwest Territories,Psychologists,53.49
2015,Northwest Territories,Regulated nurses,1599.65
2016,Northwest Territories,Regulated nurses,1609.1
2017,Northwest Territories,Regulated nurses,1615.12
2018,Northwest Territories,Regulated nurses,1601.39
2019,Northwest Territories,Regulated nurses,1588.26
2015,Northwest Territories,Licensed practical nurses,436.27
2016,Northwest Territories,Licensed practical nurses,443.31
2017,Northwest Territories,Licensed practical nurses,454.63
2018,Northwest Territories,Licensed practical nurses,452.27
2019,Northwest Territories,Licensed practical nurses,454.93
2015,Northwest Territories,Nurse practitioners,25.75
2016,Northwest Territories,Nurse practitioners,28.14
2017,Northwest Territories,Nurse practitioners,31.22
2018,Northwest Territories,Nurse practitioners,31.98
2019,Northwest Territories,Nurse practitioners,34.83
2015,Northwest Territories,Registered nurses,1137.63
2016,Northwest Territories,Registered nurses,1137.65
2017,Northwest Territories,Registered nurses,1129.28
2018,Northwest Territories,Registered nurses,1117.15
2019,Northwest Territories,Registered nurses,1098.5
2015,Northwest Territories,Registered psychiatric nurses,
2016,Northwest Territories,Registered psychiatric nurses,
2017,Northwest Territories,Registered psychiatric nurses,
2018,Northwest Territories,Registered psychiatric nurses,
2019,Northwest Territories,Registered psychiatric nurses,
2015,Northwest Territories,Respiratory therapists,26.7
2016,Northwest Territories,Respiratory therapists,28.14
2017,Northwest Territories,Respiratory therapists,28.0
2018,Northwest Territories,Respiratory therapists,29.69
2019,Northwest Territories,Respiratory therapists,30.84
2015,Northwest Territories,Social workers,283.65
2016,Northwest Territories,Social workers,284.84
2017,Northwest Territories,Social workers,288.71
2018,Northwest Territories,Social workers,295.61
2019,Northwest Territories,Social workers,300.75
2015,Northwest Territories,Speech-language pathologists,25.18
2016,Northwest Territories,Speech-language pathologists,26.63
2017,Northwest Territories,Speech-language pathologists,26.87
2018,Northwest Territories,Speech-language pathologists,27.98
2019,Northwest Territories,Speech-language pathologists,28.17
2015,Nunavut,Audiologists,6.25
2016,Nunavut,Audiologists,7.37
2017,Nunavut,Audiologists,7.19
2018,Nunavut,Audiologists,7.04
2019,Nunavut,Audiologists,7.42
2015,Nunavut,Chiropractors,
2016,Nunavut,Chiropractors,12.84
2017,Nunavut,Chiropractors,13.05
2018,Nunavut,Chiropractors,13.32
2019,Nunavut,Chiropractors,
2015,Nunavut,Dental assistants,
2016,Nunavut,Dental assistants,48.73
2017,Nunavut,Dental assistants,53.16
2018,Nunavut,Dental assistants,
2019,Nunavut,Dental assistants,
2015,Nunavut,Dental hygienists,39.2
2016,Nunavut,Dental hygienists,40.61
2017,Nunavut,Dental hygienists,41.81
2018,Nunavut,Dental hygienists,41.88
2019,Nunavut,Dental hygienists,44.35
2015,Nunavut,Dentists,38.82
2016,Nunavut,Dentists,38.91
2017,Nunavut,Dentists,42.19
2018,Nunavut,Dentists,44.73
2019,Nunavut,Dentists,41.31
2015,Nunavut,Dietitians,33.7
2016,Nunavut,Dietitians,34.0
2017,Nunavut,Dietitians,33.49
2018,Nunavut,Dietitians,35.21
2019,Nunavut,Dietitians,34.45
2015,Nunavut,Environmental public health professionals,5.3
2016,Nunavut,Environmental public health professionals,4.16
2017,Nunavut,Environmental public health professionals,3.78
2018,Nunavut,Environmental public health professionals,5.52
2019,Nunavut,Environmental public health professionals,5.52
2015,Nunavut,Genetic counsellors,1.7
2016,Nunavut,Genetic counsellors,1.51
2017,Nunavut,Genetic counsellors,1.7
2018,Nunavut,Genetic counsellors,1.9
2019,Nunavut,Genetic counsellors,1.71
2015,Nunavut,Health information management professionals,
2016,Nunavut,Health information management professionals,17.57
2017,Nunavut,Health information management professionals,17.22
2018,Nunavut,Health information management professionals,
2019,Nunavut,Health information management professionals,18.65
2015,Nunavut,Medical laboratory technologists,102.63
2016,Nunavut,Medical laboratory technologists,96.9
2017,Nunavut,Medical laboratory technologists,97.62
2018,Nunavut,Medical laboratory technologists,97.27
2019,Nunavut,Medical laboratory technologists,98.41
2015,Nunavut,Medical physicists,1.14
2016,Nunavut,Medical physicists,1.13
2017,Nunavut,Medical physicists,1.51
2018,Nunavut,Medical physicists,1.71
2019,Nunavut,Medical physicists,1.52
2015,Nunavut,Medical radiation technologists,68.36
2016,Nunavut,Medical radiation technologists,70.08
2017,Nunavut,Medical radiation technologists,74.16
2018,Nunavut,Medical radiation technologists,75.38
2019,Nunavut,Medical radiation technologists,74.05
2015,Nunavut,Midwives,
2016,Nunavut,Midwives,0.0
2017,Nunavut,Midwives,0.19
2018,Nunavut,Midwives,0.38
2019,Nunavut,Midwives,0.76
2015,Nunavut,Occupational therapists,38.82
2016,Nunavut,Occupational therapists,39.29
2017,Nunavut,Occupational therapists,38.78
2018,Nunavut,Occupational therapists,40.73
2019,Nunavut,Occupational therapists,40.92
2015,Nunavut,Opticians,
2016,Nunavut,Opticians,21.91
2017,Nunavut,Opticians,23.65
2018,Nunavut,Opticians,
2019,Nunavut,Opticians,23.41
2015,Nunavut,Optometrists,11.55
2016,Nunavut,Optometrists,11.52
2017,Nunavut,Optometrists,11.73
2018,Nunavut,Optometrists,12.18
2019,Nunavut,Optometrists,13.51
2015,Nunavut,Paramedics,
2016,Nunavut,Paramedics,
2017,Nunavut,Paramedics,189.57
2018,Nunavut,Paramedics,186.16
2019,Nunavut,Paramedics,
2015,Nunavut,Pharmacists,135.95
2016,Nunavut,Pharmacists,142.04
2017,Nunavut,Pharmacists,138.87
2018,Nunavut,Pharmacists,143.9
2019,Nunavut,Pharmacists,143.14
2015,Nunavut,Pharmacy technicians,1.14
2016,Nunavut,Pharmacy technicians,2.64
2017,Nunavut,Pharmacy technicians,26.3
2018,Nunavut,Pharmacy technicians,33.12
2019,Nunavut,Pharmacy technicians,37.69
2015,Nunavut,Physician assistants,0.19
2016,Nunavut,Physician assistants,
2017,Nunavut,Physician assistants,0.19
2018,Nunavut,Physician assistants,0.38
2019,Nunavut,Physician assistants,0.19
2015,Nunavut,Physicians,242.75
2016,Nunavut,Physicians,248.38
2017,Nunavut,Physicians,254.84
2018,Nunavut,Physicians,269.15
2019,Nunavut,Physicians,258.3
2015,Nunavut,Family medicine,126.11
2016,Nunavut,Family medicine,128.82
2017,Nunavut,Family medicine,137.73
2018,Nunavut,Family medicine,137.81
2019,Nunavut,Family medicine,131.72
2015,Nunavut,Specialists,116.64
2016,Nunavut,Specialists,119.56
2017,Nunavut,Specialists,117.11
2018,Nunavut,Specialists,131.34
2019,Nunavut,Specialists,126.58
2015,Nunavut,Physiotherapists,50.94
2016,Nunavut,Physiotherapists,52.7
2017,Nunavut,Physiotherapists,53.73
2018,Nunavut,Physiotherapists,55.96
2019,Nunavut,Physiotherapists,57.1
2015,Nunavut,Psychologists,44.69
2016,Nunavut,Psychologists,47.79
2017,Nunavut,Psychologists,47.3
2018,Nunavut,Psychologists,48.35
2019,Nunavut,Psychologists,53.49
2015,Nunavut,Regulated nurses,1599.65
2016,Nunavut,Regulated nurses,1609.1
2017,Nunavut,Regulated nurses,1615.12
2018,Nunavut,Regulated nurses,1601.39
2019,Nunavut,Regulated nurses,1588.26
2015,Nunavut,Licensed practical nurses,436.27
2016,Nunavut,Licensed practical nurses,443.31
2017,Nunavut,Licensed practical nurses,454.63
2018,Nunavut,Licensed practical nurses,452.27
2019,Nunavut,Licensed practical nurses,454.93
2015,Nunavut,Nurse practitioners,25.75
2016,Nunavut,Nurse practitioners,28.14
2017,Nunavut,Nurse practitioners,31.22
2018,Nunavut,Nurse practitioners,31.98
2019,Nunavut,Nurse practitioners,34.83
2015,Nunavut,Registered nurses,1137.63
2016,Nunavut,Registered nurses,1137.65
2017,Nunavut,Registered nurses,1129.28
2018,Nunavut,Registered nurses,1117.15
2019,Nunavut,Registered nurses,1098.5
2015,Nunavut,Registered psychiatric nurses,
2016,Nunavut,Registered psychiatric nurses,
2017,Nunavut,Registered psychiatric nurses,
2018,Nunavut,Registered psychiatric nurses,
2019,Nunavut,Registered psychiatric nurses,
2015,Nunavut,Respiratory therapists,26.7
2016,Nunavut,Respiratory therapists,28.14
2017,Nunavut,Respiratory therapists,28.0
2018,Nunavut,Respiratory therapists,29.69
2019,Nunavut,Respiratory therapists,30.84
2015,Nunavut,Social workers,283.65
2016,Nunavut,Social workers,284.84
2017,Nunavut,Social workers,288.71
2018,Nunavut,Social workers,295.61
2019,Nunavut,Social workers,300.75
2015,Nunavut,Speech-language pathologists,25.18
2016,Nunavut,Speech-language pathologists,26.63
2017,Nunavut,Speech-language pathologists,26.87
2018,Nunavut,Speech-language pathologists,27.98
2019,Nunavut,Speech-language pathologists,28.17
