Year,Economic activity,Units,Value
2006,Agriculture (ISIC4 A01 A0210 A0322),United States dollars per cubic meter (USD/m3),0.4
2007,Agriculture (ISIC4 A01 A0210 A0322),United States dollars per cubic meter (USD/m3),0.4
2008,Agriculture (ISIC4 A01 A0210 A0322),United States dollars per cubic meter (USD/m3),0.46
2009,Agriculture (ISIC4 A01 A0210 A0322),United States dollars per cubic meter (USD/m3),0.4
2010,Agriculture (ISIC4 A01 A0210 A0322),United States dollars per cubic meter (USD/m3),0.18
2011,Agriculture (ISIC4 A01 A0210 A0322),United States dollars per cubic meter (USD/m3),0.21
2012,Agriculture (ISIC4 A01 A0210 A0322),United States dollars per cubic meter (USD/m3),0.22
2013,Agriculture (ISIC4 A01 A0210 A0322),United States dollars per cubic meter (USD/m3),0.26
2014,Agriculture (ISIC4 A01 A0210 A0322),United States dollars per cubic meter (USD/m3),0.25
2015,Agriculture (ISIC4 A01 A0210 A0322),United States dollars per cubic meter (USD/m3),0.37
2016,Agriculture (ISIC4 A01 A0210 A0322),United States dollars per cubic meter (USD/m3),0.32
2017,Agriculture (ISIC4 A01 A0210 A0322),United States dollars per cubic meter (USD/m3),0.29
2018,Agriculture (ISIC4 A01 A0210 A0322),United States dollars per cubic meter (USD/m3),0.26
2019,Agriculture (ISIC4 A01 A0210 A0322),United States dollars per cubic meter (USD/m3),0.27
2020,Agriculture (ISIC4 A01 A0210 A0322),United States dollars per cubic meter (USD/m3),0.24
2000,Industries,United States dollars per cubic meter (USD/m3),9.93
2001,Industries,United States dollars per cubic meter (USD/m3),9.65
2002,Industries,United States dollars per cubic meter (USD/m3),9.53
2003,Industries,United States dollars per cubic meter (USD/m3),9.73
2004,Industries,United States dollars per cubic meter (USD/m3),10.2
2005,Industries,United States dollars per cubic meter (USD/m3),10.78
2006,Industries,United States dollars per cubic meter (USD/m3),10.88
2007,Industries,United States dollars per cubic meter (USD/m3),10.94
2008,Industries,United States dollars per cubic meter (USD/m3),11.68
2009,Industries,United States dollars per cubic meter (USD/m3),9.85
2010,Industries,United States dollars per cubic meter (USD/m3),10.97
2011,Industries,United States dollars per cubic meter (USD/m3),11.93
2012,Industries,United States dollars per cubic meter (USD/m3),12.14
2013,Industries,United States dollars per cubic meter (USD/m3),12.66
2014,Industries,United States dollars per cubic meter (USD/m3),13.6
2015,Industries,United States dollars per cubic meter (USD/m3),12.4
2016,Industries,United States dollars per cubic meter (USD/m3),11.88
2017,Industries,United States dollars per cubic meter (USD/m3),12.75
2018,Industries,United States dollars per cubic meter (USD/m3),13.4
2019,Industries,United States dollars per cubic meter (USD/m3),13.24
2020,Industries,United States dollars per cubic meter (USD/m3),12.68
2006,Total (Overall),United States dollars per cubic meter (USD/m3),30.16
2007,Total (Overall),United States dollars per cubic meter (USD/m3),30.77
2008,Total (Overall),United States dollars per cubic meter (USD/m3),32.16
2009,Total (Overall),United States dollars per cubic meter (USD/m3),32.19
2010,Total (Overall),United States dollars per cubic meter (USD/m3),31.78
2011,Total (Overall),United States dollars per cubic meter (USD/m3),33.74
2012,Total (Overall),United States dollars per cubic meter (USD/m3),35.24
2013,Total (Overall),United States dollars per cubic meter (USD/m3),37.09
2014,Total (Overall),United States dollars per cubic meter (USD/m3),39.34
2015,Total (Overall),United States dollars per cubic meter (USD/m3),40.49
2016,Total (Overall),United States dollars per cubic meter (USD/m3),40.2
2017,Total (Overall),United States dollars per cubic meter (USD/m3),40.75
2018,Total (Overall),United States dollars per cubic meter (USD/m3),41.99
2019,Total (Overall),United States dollars per cubic meter (USD/m3),42.64
2020,Total (Overall),United States dollars per cubic meter (USD/m3),40.38
2000,Services (ISIC4 G to T),United States dollars per cubic meter (USD/m3),134.69
2001,Services (ISIC4 G to T),United States dollars per cubic meter (USD/m3),138.4
2002,Services (ISIC4 G to T),United States dollars per cubic meter (USD/m3),142.36
2003,Services (ISIC4 G to T),United States dollars per cubic meter (USD/m3),143.59
2004,Services (ISIC4 G to T),United States dollars per cubic meter (USD/m3),145.26
2005,Services (ISIC4 G to T),United States dollars per cubic meter (USD/m3),147.79
2006,Services (ISIC4 G to T),United States dollars per cubic meter (USD/m3),151.71
2007,Services (ISIC4 G to T),United States dollars per cubic meter (USD/m3),154.5
2008,Services (ISIC4 G to T),United States dollars per cubic meter (USD/m3),160.07
2009,Services (ISIC4 G to T),United States dollars per cubic meter (USD/m3),170.61
2010,Services (ISIC4 G to T),United States dollars per cubic meter (USD/m3),179.25
2011,Services (ISIC4 G to T),United States dollars per cubic meter (USD/m3),189.35
2012,Services (ISIC4 G to T),United States dollars per cubic meter (USD/m3),195.42
2013,Services (ISIC4 G to T),United States dollars per cubic meter (USD/m3),201.83
2014,Services (ISIC4 G to T),United States dollars per cubic meter (USD/m3),207.0
2015,Services (ISIC4 G to T),United States dollars per cubic meter (USD/m3),215.39
2016,Services (ISIC4 G to T),United States dollars per cubic meter (USD/m3),223.52
2017,Services (ISIC4 G to T),United States dollars per cubic meter (USD/m3),230.25
2018,Services (ISIC4 G to T),United States dollars per cubic meter (USD/m3),236.25
2019,Services (ISIC4 G to T),United States dollars per cubic meter (USD/m3),242.39
2020,Services (ISIC4 G to T),United States dollars per cubic meter (USD/m3),228.8
2007,Agriculture (ISIC4 A01 A0210 A0322),Change in water-use efficiency over time (%),0.0
2008,Agriculture (ISIC4 A01 A0210 A0322),Change in water-use efficiency over time (%),15.0
2009,Agriculture (ISIC4 A01 A0210 A0322),Change in water-use efficiency over time (%),-13.04347826
2010,Agriculture (ISIC4 A01 A0210 A0322),Change in water-use efficiency over time (%),-55.0
2011,Agriculture (ISIC4 A01 A0210 A0322),Change in water-use efficiency over time (%),16.66666667
2012,Agriculture (ISIC4 A01 A0210 A0322),Change in water-use efficiency over time (%),4.761904762
2013,Agriculture (ISIC4 A01 A0210 A0322),Change in water-use efficiency over time (%),18.18181818
2014,Agriculture (ISIC4 A01 A0210 A0322),Change in water-use efficiency over time (%),-3.846153846
2015,Agriculture (ISIC4 A01 A0210 A0322),Change in water-use efficiency over time (%),48.0
2016,Agriculture (ISIC4 A01 A0210 A0322),Change in water-use efficiency over time (%),-13.51351351
2017,Agriculture (ISIC4 A01 A0210 A0322),Change in water-use efficiency over time (%),-9.375
2018,Agriculture (ISIC4 A01 A0210 A0322),Change in water-use efficiency over time (%),-10.34482759
2019,Agriculture (ISIC4 A01 A0210 A0322),Change in water-use efficiency over time (%),3.846153846
2020,Agriculture (ISIC4 A01 A0210 A0322),Change in water-use efficiency over time (%),-11.11111111
2001,Industries,Change in water-use efficiency over time (%),-2.819738167
2002,Industries,Change in water-use efficiency over time (%),-1.243523316
2003,Industries,Change in water-use efficiency over time (%),2.098635887
2004,Industries,Change in water-use efficiency over time (%),4.830421377
2005,Industries,Change in water-use efficiency over time (%),5.68627451
2006,Industries,Change in water-use efficiency over time (%),0.927643785
2007,Industries,Change in water-use efficiency over time (%),0.551470588
2008,Industries,Change in water-use efficiency over time (%),6.76416819
2009,Industries,Change in water-use efficiency over time (%),-15.66780822
2010,Industries,Change in water-use efficiency over time (%),11.37055838
2011,Industries,Change in water-use efficiency over time (%),8.751139471
2012,Industries,Change in water-use efficiency over time (%),1.760268231
2013,Industries,Change in water-use efficiency over time (%),4.283360791
2014,Industries,Change in water-use efficiency over time (%),7.424960506
2015,Industries,Change in water-use efficiency over time (%),-8.823529412
2016,Industries,Change in water-use efficiency over time (%),-4.193548387
2017,Industries,Change in water-use efficiency over time (%),7.323232323
2018,Industries,Change in water-use efficiency over time (%),5.098039216
2019,Industries,Change in water-use efficiency over time (%),-1.194029851
2020,Industries,Change in water-use efficiency over time (%),-4.229607251
2007,Total (Overall),Change in water-use efficiency over time (%),2.022546419
2008,Total (Overall),Change in water-use efficiency over time (%),4.517387065
2009,Total (Overall),Change in water-use efficiency over time (%),0.093283582
2010,Total (Overall),Change in water-use efficiency over time (%),-1.273687481
2011,Total (Overall),Change in water-use efficiency over time (%),6.167400881
2012,Total (Overall),Change in water-use efficiency over time (%),4.445761707
2013,Total (Overall),Change in water-use efficiency over time (%),5.249716232
2014,Total (Overall),Change in water-use efficiency over time (%),6.066325155
2015,Total (Overall),Change in water-use efficiency over time (%),2.92323335
2016,Total (Overall),Change in water-use efficiency over time (%),-0.716226229
2017,Total (Overall),Change in water-use efficiency over time (%),1.368159204
2018,Total (Overall),Change in water-use efficiency over time (%),3.042944785
2019,Total (Overall),Change in water-use efficiency over time (%),1.547987616
2020,Total (Overall),Change in water-use efficiency over time (%),-5.300187617
2001,Services (ISIC4 G to T),Change in water-use efficiency over time (%),2.754473235
2002,Services (ISIC4 G to T),Change in water-use efficiency over time (%),2.861271676
2003,Services (ISIC4 G to T),Change in water-use efficiency over time (%),0.864006743
2004,Services (ISIC4 G to T),Change in water-use efficiency over time (%),1.163033637
2005,Services (ISIC4 G to T),Change in water-use efficiency over time (%),1.74170453
2006,Services (ISIC4 G to T),Change in water-use efficiency over time (%),2.652412207
2007,Services (ISIC4 G to T),Change in water-use efficiency over time (%),1.839035001
2008,Services (ISIC4 G to T),Change in water-use efficiency over time (%),3.605177994
2009,Services (ISIC4 G to T),Change in water-use efficiency over time (%),6.584619229
2010,Services (ISIC4 G to T),Change in water-use efficiency over time (%),5.064181467
2011,Services (ISIC4 G to T),Change in water-use efficiency over time (%),5.634588563
2012,Services (ISIC4 G to T),Change in water-use efficiency over time (%),3.205703723
2013,Services (ISIC4 G to T),Change in water-use efficiency over time (%),3.280114625
2014,Services (ISIC4 G to T),Change in water-use efficiency over time (%),2.56156171
2015,Services (ISIC4 G to T),Change in water-use efficiency over time (%),4.053140097
2016,Services (ISIC4 G to T),Change in water-use efficiency over time (%),3.774548493
2017,Services (ISIC4 G to T),Change in water-use efficiency over time (%),3.010916249
2018,Services (ISIC4 G to T),Change in water-use efficiency over time (%),2.605863192
2019,Services (ISIC4 G to T),Change in water-use efficiency over time (%),2.598941799
2020,Services (ISIC4 G to T),Change in water-use efficiency over time (%),-5.606666942
