Year,Industry,Size,Value
2019,,,2.71272419907307
2019,Food products,1-9 employees,0.863245692072956
2019,Beverages,1-9 employees,0.852251580565026
2019,Textiles,1-9 employees,4.20931942932995
2019,"Wood products, excluding furniture",1-9 employees,0.891952435858737
2019,Paper and paper products,1-9 employees,0.261886447249301
2019,Printing and reproduction of recorded media,1-9 employees,1.76645886537408
2019,Coke and refined petroleum products,1-9 employees,1.61130205481092
2019,Rubber and plastics products,1-9 employees,0.571647030377511
2019,Other non-metallic mineral products,1-9 employees,4.61800540063731
2019,Basic metals,1-9 employees,0.280730731047414
2019,"Fabricated metal products, except machinery",1-9 employees,1.14519484433241
2019,"Computer, electronic and optical products",1-9 employees,0.64474266518572
2019,Electrical equipment,1-9 employees,0.961791298367686
2019,Machinery and equipment n.e.c.,1-9 employees,0.679820166719327
2019,"Motor vehicles, trailers and semi-trailers",1-9 employees,0.180523501763595
2019,Furniture,1-9 employees,1.50947106756337
2019,Other manufacturing,1-9 employees,2.14009295186633
2019,Total manufacturing,1-9 employees,1.04487438671421
2019,Food products,10-19 employees,2.16255675827448
2019,Beverages,10-19 employees,1.66590501128281
2019,"Wood products, excluding furniture",10-19 employees,1.65745387056094
2019,Printing and reproduction of recorded media,10-19 employees,2.19402674155743
2019,Coke and refined petroleum products,10-19 employees,1.44369902845096
2019,Rubber and plastics products,10-19 employees,1.57307133265451
2019,Basic metals,10-19 employees,0.622735095973618
2019,"Fabricated metal products, except machinery",10-19 employees,1.7640016833261
2019,"Computer, electronic and optical products",10-19 employees,1.22591931675068
2019,Machinery and equipment n.e.c.,10-19 employees,1.32057509602897
2019,"Motor vehicles, trailers and semi-trailers",10-19 employees,0.346096351781882
2019,Furniture,10-19 employees,2.05179464651416
2019,Other manufacturing,10-19 employees,3.61277903565616
2019,Total manufacturing,10-19 employees,1.66784981235886
2019,Food products,20-49 employees,7.87574126705405
2019,Beverages,20-49 employees,7.21744104540551
2019,Textiles,20-49 employees,16.4119957905311
2019,"Wood products, excluding furniture",20-49 employees,9.42481170053566
2019,Paper and paper products,20-49 employees,3.23675213601591
2019,Printing and reproduction of recorded media,20-49 employees,11.4882996042003
2019,Coke and refined petroleum products,20-49 employees,6.94953142365855
2019,Rubber and plastics products,20-49 employees,6.99419014447239
2019,Other non-metallic mineral products,20-49 employees,16.345061051381
2019,Basic metals,20-49 employees,3.36618315645298
2019,"Fabricated metal products, except machinery",20-49 employees,10.6398332382158
2019,"Computer, electronic and optical products",20-49 employees,5.34494556677903
2019,Electrical equipment,20-49 employees,9.98847889648385
2019,Machinery and equipment n.e.c.,20-49 employees,7.42100687294096
2019,"Motor vehicles, trailers and semi-trailers",20-49 employees,1.6619070453869
2019,Furniture,20-49 employees,10.1455482056364
2019,Other manufacturing,20-49 employees,13.2569890930747
2019,Total manufacturing,20-49 employees,7.19752799777909
2019,Food products,250 employees and more,49.0826186356185
2019,Beverages,250 employees and more,67.2044856851932
2019,"Wood products, excluding furniture",250 employees and more,17.592802030712
2019,Printing and reproduction of recorded media,250 employees and more,33.5551187784987
2019,Coke and refined petroleum products,250 employees and more,54.9717539009764
2019,Rubber and plastics products,250 employees and more,42.5085670878106
2019,Basic metals,250 employees and more,73.4556509421368
2019,"Fabricated metal products, except machinery",250 employees and more,31.3027228079541
2019,"Computer, electronic and optical products",250 employees and more,53.57200551825
2019,Machinery and equipment n.e.c.,250 employees and more,41.6479895285083
2019,"Motor vehicles, trailers and semi-trailers",250 employees and more,82.6673485538635
2019,Furniture,250 employees and more,39.7668116135796
2019,Other manufacturing,250 employees and more,32.2615846362512
2019,Total manufacturing,250 employees and more,50.5241605020918
2019,Food products,50-249 employees,40.01583764698
2019,Beverages,50-249 employees,23.0599166775535
2019,Textiles,50-249 employees,48.9779182262829
2019,"Wood products, excluding furniture",50-249 employees,70.4329799623327
2019,Paper and paper products,50-249 employees,42.1893010992116
2019,Printing and reproduction of recorded media,50-249 employees,50.9960960103695
2019,Coke and refined petroleum products,50-249 employees,35.0237135921031
2019,Rubber and plastics products,50-249 employees,48.352524404685
2019,Other non-metallic mineral products,50-249 employees,60.2357522284798
2019,Basic metals,50-249 employees,22.2747000743892
2019,"Fabricated metal products, except machinery",50-249 employees,55.1482474261715
2019,"Computer, electronic and optical products",50-249 employees,39.2123869330345
2019,Electrical equipment,50-249 employees,58.2397149073833
2019,Machinery and equipment n.e.c.,50-249 employees,48.9306083358024
2019,"Motor vehicles, trailers and semi-trailers",50-249 employees,15.1441245472041
2019,Furniture,50-249 employees,46.5263744667064
2019,Other manufacturing,50-249 employees,48.7285542831516
2019,Total manufacturing,50-249 employees,39.565587301056
2019,Food products,Total small-scale industries,3.02580245034744
2019,Beverages,Total small-scale industries,2.51815659184783
2019,Textiles,Total small-scale industries,4.20931942932995
2019,"Wood products, excluding furniture",Total small-scale industries,2.54940630641967
2019,Paper and paper products,Total small-scale industries,0.261886447249301
2019,Printing and reproduction of recorded media,Total small-scale industries,3.96048560693151
2019,Coke and refined petroleum products,Total small-scale industries,3.05500108326188
2019,Rubber and plastics products,Total small-scale industries,2.14471836303202
2019,Other non-metallic mineral products,Total small-scale industries,4.61800540063731
2019,Basic metals,Total small-scale industries,0.903465827021032
2019,"Fabricated metal products, except machinery",Total small-scale industries,2.90919652765852
2019,"Computer, electronic and optical products",Total small-scale industries,1.8706619819364
2019,Electrical equipment,Total small-scale industries,0.961791298367686
2019,Machinery and equipment n.e.c.,Total small-scale industries,2.0003952627483
2019,"Motor vehicles, trailers and semi-trailers",Total small-scale industries,0.526619853545478
2019,Furniture,Total small-scale industries,3.56126571407754
2019,Other manufacturing,Total small-scale industries,5.75287198752249
2020,,,3.46959676157285
2020,Food products,1-9 employees,0.722698384524072
2020,Beverages,1-9 employees,1.107762206282
2020,Textiles,1-9 employees,5.06202803097768
2020,"Wood products, excluding furniture",1-9 employees,0.800562635907725
2020,Paper and paper products,1-9 employees,0.205389500045247
2020,Printing and reproduction of recorded media,1-9 employees,3.17187353601734
2020,Coke and refined petroleum products,1-9 employees,2.20693821916577
2020,Rubber and plastics products,1-9 employees,1.34869988645211
2020,Other non-metallic mineral products,1-9 employees,2.85005599905088
2020,Basic metals,1-9 employees,0.841765827747882
2020,"Fabricated metal products, except machinery",1-9 employees,1.29575910588584
2020,"Computer, electronic and optical products",1-9 employees,0.761595822731076
2020,Electrical equipment,1-9 employees,1.07898779873541
2020,Machinery and equipment n.e.c.,1-9 employees,0.901869829251327
2020,"Motor vehicles, trailers and semi-trailers",1-9 employees,0.323041912425708
2020,Furniture,1-9 employees,1.28475357220297
2020,Other manufacturing,1-9 employees,4.38876882963616
2020,Total manufacturing,1-9 employees,1.26752664761964
2020,Food products,10-19 employees,1.97532672546868
2020,Beverages,10-19 employees,2.23269438741379
2020,"Wood products, excluding furniture",10-19 employees,1.12977656322159
2020,Coke and refined petroleum products,10-19 employees,2.60652818634726
2020,Rubber and plastics products,10-19 employees,2.91368497226019
2020,Basic metals,10-19 employees,0.505056291722629
2020,"Fabricated metal products, except machinery",10-19 employees,2.32623064957738
2020,"Computer, electronic and optical products",10-19 employees,1.37915635068055
2020,Machinery and equipment n.e.c.,10-19 employees,1.76458453795469
2020,"Motor vehicles, trailers and semi-trailers",10-19 employees,0.484709422755575
2020,Furniture,10-19 employees,2.09960307254455
2020,Other manufacturing,10-19 employees,3.84119129139137
2020,Total manufacturing,10-19 employees,2.20207011395321
2020,Food products,20-49 employees,7.10321940643267
2020,Beverages,20-49 employees,7.35629592081917
2020,Textiles,20-49 employees,17.4617924582772
2020,"Wood products, excluding furniture",20-49 employees,7.87725715897223
2020,Paper and paper products,20-49 employees,3.65700248903557
2020,Printing and reproduction of recorded media,20-49 employees,11.0283060613173
2020,Coke and refined petroleum products,20-49 employees,9.38980283558911
2020,Rubber and plastics products,20-49 employees,11.275691272632
2020,Other non-metallic mineral products,20-49 employees,14.7555890064325
2020,Basic metals,20-49 employees,3.2077624592103
2020,"Fabricated metal products, except machinery",20-49 employees,10.7370194412722
2020,"Computer, electronic and optical products",20-49 employees,5.82908629603547
2020,Electrical equipment,20-49 employees,11.6455748169111
2020,Machinery and equipment n.e.c.,20-49 employees,8.28255166435245
2020,"Motor vehicles, trailers and semi-trailers",20-49 employees,2.2757253036528
2020,Furniture,20-49 employees,10.1356945493818
2020,Other manufacturing,20-49 employees,13.8211322609486
2020,Total manufacturing,20-49 employees,7.93247957690728
2020,Food products,250 employees and more,50.7703885165796
2020,Beverages,250 employees and more,66.2316028024641
2020,"Wood products, excluding furniture",250 employees and more,15.6277691470792
2020,Coke and refined petroleum products,250 employees and more,43.899570232413
2020,Rubber and plastics products,250 employees and more,29.1886718818945
2020,Basic metals,250 employees and more,76.1046639126202
2020,"Fabricated metal products, except machinery",250 employees and more,28.779220704021
2020,"Computer, electronic and optical products",250 employees and more,44.8606268357139
2020,Machinery and equipment n.e.c.,250 employees and more,38.570059201538
2020,"Motor vehicles, trailers and semi-trailers",250 employees and more,79.162367745901
2020,Furniture,250 employees and more,31.9052101492746
2020,Other manufacturing,250 employees and more,34.5892794379243
2020,Total manufacturing,250 employees and more,45.3901392108264
2020,Food products,50-249 employees,39.4283669669949
2020,Beverages,50-249 employees,23.071644683021
2020,Textiles,50-249 employees,52.0580685348098
2020,"Wood products, excluding furniture",50-249 employees,74.5646344948193
2020,Paper and paper products,50-249 employees,47.2519725830915
2020,Printing and reproduction of recorded media,50-249 employees,53.458199555274
2020,Coke and refined petroleum products,50-249 employees,41.8971605264848
2020,Rubber and plastics products,50-249 employees,55.2732519867612
2020,Other non-metallic mineral products,50-249 employees,55.8067609549092
2020,Basic metals,50-249 employees,19.3407515086989
2020,"Fabricated metal products, except machinery",50-249 employees,56.8617700992436
2020,"Computer, electronic and optical products",50-249 employees,47.169534694839
2020,Electrical equipment,50-249 employees,50.762412679336
2020,Machinery and equipment n.e.c.,50-249 employees,50.4809347669035
2020,"Motor vehicles, trailers and semi-trailers",50-249 employees,17.754155615265
2020,Furniture,50-249 employees,54.5747386565961
2020,Other manufacturing,50-249 employees,43.3596281800996
2020,Total manufacturing,50-249 employees,43.2077844506935
2020,Food products,Total small-scale industries,2.69802510999276
2020,Beverages,Total small-scale industries,3.34045659369579
2020,Textiles,Total small-scale industries,5.06202803097768
2020,"Wood products, excluding furniture",Total small-scale industries,1.93033919912931
2020,Paper and paper products,Total small-scale industries,0.205389500045247
2020,Printing and reproduction of recorded media,Total small-scale industries,3.17187353601734
2020,Coke and refined petroleum products,Total small-scale industries,4.81346640551302
2020,Rubber and plastics products,Total small-scale industries,4.2623848587123
2020,Other non-metallic mineral products,Total small-scale industries,2.85005599905088
2020,Basic metals,Total small-scale industries,1.34682211947051
2020,"Fabricated metal products, except machinery",Total small-scale industries,3.62198975546322
2020,"Computer, electronic and optical products",Total small-scale industries,2.14075217341162
2020,Electrical equipment,Total small-scale industries,1.07898779873541
2020,Machinery and equipment n.e.c.,Total small-scale industries,2.66645436720602
2020,"Motor vehicles, trailers and semi-trailers",Total small-scale industries,0.807751335181283
2020,Furniture,Total small-scale industries,3.38435664474753
2020,Other manufacturing,Total small-scale industries,8.22996012102753
2021,,,2.67862988467221
2021,Food products,1-9 employees,0.64723128993501
2021,Beverages,1-9 employees,1.3447048605179
2021,Textiles,1-9 employees,4.07139543520528
2021,"Wood products, excluding furniture",1-9 employees,0.692217801952955
2021,Paper and paper products,1-9 employees,0.207833384275465
2021,Printing and reproduction of recorded media,1-9 employees,1.91557655457709
2021,Coke and refined petroleum products,1-9 employees,1.1985380795112
2021,Rubber and plastics products,1-9 employees,0.691710422366754
2021,Other non-metallic mineral products,1-9 employees,3.76604224680294
2021,Basic metals,1-9 employees,0.172370291455102
2021,"Fabricated metal products, except machinery",1-9 employees,1.30173817202938
2021,"Computer, electronic and optical products",1-9 employees,0.606106722645513
2021,Electrical equipment,1-9 employees,1.18185732523793
2021,Machinery and equipment n.e.c.,1-9 employees,0.638270380059115
2021,"Motor vehicles, trailers and semi-trailers",1-9 employees,0.294676127139706
2021,Furniture,1-9 employees,1.81894050338327
2021,Other manufacturing,1-9 employees,3.02075388072678
2021,Total manufacturing,1-9 employees,0.974373335448847
2021,Food products,10-19 employees,1.16839234460641
2021,Beverages,10-19 employees,2.20990377728841
2021,"Wood products, excluding furniture",10-19 employees,1.3011560346974
2021,Coke and refined petroleum products,10-19 employees,1.74829158135779
2021,Rubber and plastics products,10-19 employees,2.10501204626353
2021,"Fabricated metal products, except machinery",10-19 employees,2.73372088513313
2021,"Computer, electronic and optical products",10-19 employees,0.995315721820566
2021,Electrical equipment,10-19 employees,1.2594926524605
2021,Machinery and equipment n.e.c.,10-19 employees,1.51660287746818
2021,"Motor vehicles, trailers and semi-trailers",10-19 employees,0.371768555575492
2021,Furniture,10-19 employees,2.17235409262703
2021,Other manufacturing,10-19 employees,4.26067432387982
2021,Total manufacturing,10-19 employees,1.70425654922336
2021,Food products,20-49 employees,5.6106799097085
2021,Beverages,20-49 employees,7.19130082427477
2021,Textiles,20-49 employees,18.2029574400551
2021,"Wood products, excluding furniture",20-49 employees,5.93029988568687
2021,Paper and paper products,20-49 employees,4.22980884742617
2021,Printing and reproduction of recorded media,20-49 employees,12.4705825383759
2021,Coke and refined petroleum products,20-49 employees,7.51358262829527
2021,Rubber and plastics products,20-49 employees,10.4101462027242
2021,Other non-metallic mineral products,20-49 employees,16.6563046616295
2021,Basic metals,20-49 employees,1.78613958860727
2021,"Fabricated metal products, except machinery",20-49 employees,11.5191798409398
2021,"Computer, electronic and optical products",20-49 employees,4.56886376282722
2021,Electrical equipment,20-49 employees,9.49163831402881
2021,Machinery and equipment n.e.c.,20-49 employees,7.42844654406598
2021,"Motor vehicles, trailers and semi-trailers",20-49 employees,2.01839946332405
2021,Furniture,20-49 employees,9.80802648247379
2021,Other manufacturing,20-49 employees,13.116911979112
2021,Total manufacturing,20-49 employees,7.02567941793233
2021,Food products,250 employees and more,53.4963677109892
2021,Beverages,250 employees and more,64.4781678709956
2021,"Wood products, excluding furniture",250 employees and more,20.658330955596
2021,Coke and refined petroleum products,250 employees and more,50.3058981594231
2021,Rubber and plastics products,250 employees and more,32.0784495381789
2021,"Fabricated metal products, except machinery",250 employees and more,31.3018359241319
2021,"Computer, electronic and optical products",250 employees and more,51.6269915481153
2021,Electrical equipment,250 employees and more,34.3180212669413
2021,Machinery and equipment n.e.c.,250 employees and more,41.5884630802636
2021,"Motor vehicles, trailers and semi-trailers",250 employees and more,78.1102526628658
2021,Furniture,250 employees and more,35.8764500043893
2021,Other manufacturing,250 employees and more,31.6050202184289
2021,Total manufacturing,250 employees and more,47.8997089387869
2021,Food products,50-249 employees,39.0773287447608
2021,Beverages,50-249 employees,24.7759226669233
2021,Textiles,50-249 employees,53.2168618032237
2021,"Wood products, excluding furniture",50-249 employees,71.4179953220668
2021,Paper and paper products,50-249 employees,41.9109019928579
2021,Printing and reproduction of recorded media,50-249 employees,50.5298717230343
2021,Coke and refined petroleum products,50-249 employees,39.2336895514127
2021,Rubber and plastics products,50-249 employees,54.7146817904666
2021,Other non-metallic mineral products,50-249 employees,56.7496479022508
2021,Basic metals,50-249 employees,16.1996303289348
2021,"Fabricated metal products, except machinery",50-249 employees,53.1435251777658
2021,"Computer, electronic and optical products",50-249 employees,42.2027222445914
2021,Electrical equipment,50-249 employees,53.7489904413314
2021,Machinery and equipment n.e.c.,50-249 employees,48.8282171181431
2021,"Motor vehicles, trailers and semi-trailers",50-249 employees,19.204903191095
2021,Furniture,50-249 employees,50.3242289171266
2021,Other manufacturing,50-249 employees,47.9966395978524
2021,Total manufacturing,50-249 employees,42.3959817586085
2021,Food products,Total small-scale industries,1.81562363454143
2021,Beverages,Total small-scale industries,3.55460863780631
2021,Textiles,Total small-scale industries,4.07139543520528
2021,"Wood products, excluding furniture",Total small-scale industries,1.99337383665035
2021,Paper and paper products,Total small-scale industries,0.207833384275465
2021,Printing and reproduction of recorded media,Total small-scale industries,1.91557655457709
2021,Coke and refined petroleum products,Total small-scale industries,2.94682966086899
2021,Rubber and plastics products,Total small-scale industries,2.79672246863029
2021,Other non-metallic mineral products,Total small-scale industries,3.76604224680294
2021,Basic metals,Total small-scale industries,0.172370291455102
2021,"Fabricated metal products, except machinery",Total small-scale industries,4.0354590571625
2021,"Computer, electronic and optical products",Total small-scale industries,1.60142244446608
2021,Electrical equipment,Total small-scale industries,2.44134997769844
2021,Machinery and equipment n.e.c.,Total small-scale industries,2.15487325752729
2021,"Motor vehicles, trailers and semi-trailers",Total small-scale industries,0.666444682715198
2021,Furniture,Total small-scale industries,3.9912945960103
2021,Other manufacturing,Total small-scale industries,7.2814282046066
2022,,,2.80371705095941
2022,Food products,1-9 employees,0.678203009583951
2022,Beverages,1-9 employees,0.818469581537439
2022,Textiles,1-9 employees,3.5089524623282
2022,"Wood products, excluding furniture",1-9 employees,1.00961922465893
2022,Paper and paper products,1-9 employees,0.624064865136988
2022,Printing and reproduction of recorded media,1-9 employees,1.8078645123208
2022,Coke and refined petroleum products,1-9 employees,0.943068155994021
2022,Rubber and plastics products,1-9 employees,0.813727066418687
2022,Other non-metallic mineral products,1-9 employees,6.68506529816458
2022,Basic metals,1-9 employees,0.65342116690372
2022,"Fabricated metal products, except machinery",1-9 employees,1.76740371355579
2022,"Computer, electronic and optical products",1-9 employees,0.792483455643737
2022,Electrical equipment,1-9 employees,1.55655972801747
2022,Machinery and equipment n.e.c.,1-9 employees,0.914015682918141
2022,"Motor vehicles, trailers and semi-trailers",1-9 employees,0.20567857139841
2022,Furniture,1-9 employees,2.49365451957786
2022,Other manufacturing,1-9 employees,2.76073201419
2022,Total manufacturing,1-9 employees,1.15841752790038
2022,Food products,10-19 employees,1.27109131348287
2022,Beverages,10-19 employees,1.82078818982449
2022,"Wood products, excluding furniture",10-19 employees,1.37088030863062
2022,Coke and refined petroleum products,10-19 employees,1.46802497394256
2022,Rubber and plastics products,10-19 employees,1.07657429957473
2022,"Fabricated metal products, except machinery",10-19 employees,2.81613885282645
2022,Electrical equipment,10-19 employees,1.84868000068616
2022,Machinery and equipment n.e.c.,10-19 employees,2.29840149469754
2022,"Motor vehicles, trailers and semi-trailers",10-19 employees,0.488955104107395
2022,Furniture,10-19 employees,1.99387855707829
2022,Other manufacturing,10-19 employees,4.65253550979498
2022,Total manufacturing,10-19 employees,1.64529952305903
2022,Food products,20-49 employees,5.8609132960743
2022,Beverages,20-49 employees,6.03381846016326
2022,Textiles,20-49 employees,15.8452065022311
2022,"Wood products, excluding furniture",20-49 employees,7.23015110112188
2022,Paper and paper products,20-49 employees,2.03823679002858
2022,Printing and reproduction of recorded media,20-49 employees,13.5578811053919
2022,Coke and refined petroleum products,20-49 employees,6.6777588119742
2022,Rubber and plastics products,20-49 employees,9.40972019593439
2022,Other non-metallic mineral products,20-49 employees,13.4336241556676
2022,Basic metals,20-49 employees,1.80339973912979
2022,"Fabricated metal products, except machinery",20-49 employees,13.1732171789373
2022,"Computer, electronic and optical products",20-49 employees,4.15358164400544
2022,Electrical equipment,20-49 employees,8.73325082092225
2022,Machinery and equipment n.e.c.,20-49 employees,8.0600151843222
2022,"Motor vehicles, trailers and semi-trailers",20-49 employees,1.6448111889236
2022,Furniture,20-49 employees,13.963062085434
2022,Other manufacturing,20-49 employees,13.420078366741
2022,Total manufacturing,20-49 employees,6.96580618479283
2022,Food products,250 employees and more,54.0169102110359
2022,Beverages,250 employees and more,66.4744803252216
2022,"Wood products, excluding furniture",250 employees and more,20.9891863220754
2022,Coke and refined petroleum products,250 employees and more,59.4075620442687
2022,Rubber and plastics products,250 employees and more,35.711482302735
2022,"Fabricated metal products, except machinery",250 employees and more,27.096498995641
2022,Electrical equipment,250 employees and more,31.3583376088347
2022,Machinery and equipment n.e.c.,250 employees and more,43.324733357054
2022,"Motor vehicles, trailers and semi-trailers",250 employees and more,83.0058833908766
2022,Furniture,250 employees and more,38.0555016876102
2022,Other manufacturing,250 employees and more,38.3173983608225
2022,Total manufacturing,250 employees and more,50.5986955065268
2022,Food products,50-249 employees,38.172882169823
2022,Beverages,50-249 employees,24.8524434432532
2022,Textiles,50-249 employees,53.3281631055591
2022,"Wood products, excluding furniture",50-249 employees,69.4001630435132
2022,Paper and paper products,50-249 employees,43.9548884649241
2022,Printing and reproduction of recorded media,50-249 employees,52.0943992819309
2022,Coke and refined petroleum products,50-249 employees,31.5035860138206
2022,Rubber and plastics products,50-249 employees,52.9884961353372
2022,Other non-metallic mineral products,50-249 employees,58.3755972011609
2022,Basic metals,50-249 employees,22.9111538272367
2022,"Fabricated metal products, except machinery",50-249 employees,55.1467412590395
2022,"Computer, electronic and optical products",50-249 employees,36.5042163066599
2022,Electrical equipment,50-249 employees,56.5031718415394
2022,Machinery and equipment n.e.c.,50-249 employees,45.4028342810081
2022,"Motor vehicles, trailers and semi-trailers",50-249 employees,14.654671744694
2022,Furniture,50-249 employees,43.4939031502997
2022,Other manufacturing,50-249 employees,40.8492557484515
2022,Total manufacturing,50-249 employees,39.631781257721
2022,Food products,Total small-scale industries,1.94929432306683
2022,Beverages,Total small-scale industries,2.63925777136193
2022,Textiles,Total small-scale industries,3.5089524623282
2022,"Wood products, excluding furniture",Total small-scale industries,2.38049953328955
2022,Paper and paper products,Total small-scale industries,0.624064865136988
2022,Printing and reproduction of recorded media,Total small-scale industries,1.8078645123208
2022,Coke and refined petroleum products,Total small-scale industries,2.41109312993658
2022,Rubber and plastics products,Total small-scale industries,1.89030136599342
2022,Other non-metallic mineral products,Total small-scale industries,6.68506529816458
2022,Basic metals,Total small-scale industries,0.65342116690372
2022,"Fabricated metal products, except machinery",Total small-scale industries,4.58354256638224
2022,"Computer, electronic and optical products",Total small-scale industries,0.792483455643737
2022,Electrical equipment,Total small-scale industries,3.40523972870363
2022,Machinery and equipment n.e.c.,Total small-scale industries,3.21241717761568
2022,"Motor vehicles, trailers and semi-trailers",Total small-scale industries,0.694633675505804
2022,Furniture,Total small-scale industries,4.48753307665615
2022,Other manufacturing,Total small-scale industries,7.41326752398498
2023,,,3.0242914235019
2023,Food products,1-9 employees,2.44030467141739
2023,Beverages,1-9 employees,0.351787465491914
2023,Textiles,1-9 employees,5.46344753348526
2023,"Wood products, excluding furniture",1-9 employees,1.48589101719815
2023,Paper and paper products,1-9 employees,2.28782947239255
2023,Printing and reproduction of recorded media,1-9 employees,3.03401766396504
2023,Coke and refined petroleum products,1-9 employees,1.48663741839881
2023,Rubber and plastics products,1-9 employees,0.67096417596778
2023,Other non-metallic mineral products,1-9 employees,4.44581008640104
2023,Basic metals,1-9 employees,1.67111920968135
2023,"Fabricated metal products, except machinery",1-9 employees,1.28279609063469
2023,"Computer, electronic and optical products",1-9 employees,0.59520496316427
2023,Electrical equipment,1-9 employees,1.13574853979711
2023,Machinery and equipment n.e.c.,1-9 employees,0.682828915853467
2023,"Motor vehicles, trailers and semi-trailers",1-9 employees,0.268958982912978
2023,Furniture,1-9 employees,1.25198841014768
2023,Other manufacturing,1-9 employees,2.34162820655952
2023,Total manufacturing,1-9 employees,1.52179804808125
2023,Food products,10-19 employees,0.680521000139308
2023,Beverages,10-19 employees,0.616130134937478
2023,"Wood products, excluding furniture",10-19 employees,1.75969955647742
2023,Coke and refined petroleum products,10-19 employees,1.64706274738751
2023,Rubber and plastics products,10-19 employees,1.48138391177707
2023,"Fabricated metal products, except machinery",10-19 employees,2.38912366131683
2023,Electrical equipment,10-19 employees,1.44348771509745
2023,Machinery and equipment n.e.c.,10-19 employees,1.3103960608118
2023,"Motor vehicles, trailers and semi-trailers",10-19 employees,0.2316250682413
2023,Furniture,10-19 employees,1.7921006418001
2023,Other manufacturing,10-19 employees,4.35666683464107
2023,Total manufacturing,10-19 employees,1.50249337542065
2023,Food products,20-49 employees,3.92981856281232
2023,Beverages,20-49 employees,3.23534118479718
2023,Textiles,20-49 employees,16.2771529982286
2023,"Wood products, excluding furniture",20-49 employees,8.97706547448831
2023,Paper and paper products,20-49 employees,2.46831508571891
2023,Printing and reproduction of recorded media,20-49 employees,11.2796107880638
2023,Coke and refined petroleum products,20-49 employees,7.22087181628171
2023,Rubber and plastics products,20-49 employees,10.0712690323079
2023,Other non-metallic mineral products,20-49 employees,14.7021029337693
2023,Basic metals,20-49 employees,2.06968872293645
2023,"Fabricated metal products, except machinery",20-49 employees,10.6233517422559
2023,"Computer, electronic and optical products",20-49 employees,3.85345388107074
2023,Electrical equipment,20-49 employees,7.8305338056467
2023,Machinery and equipment n.e.c.,20-49 employees,5.62681825911872
2023,"Motor vehicles, trailers and semi-trailers",20-49 employees,1.19236845310695
2023,Furniture,20-49 employees,10.7172299075453
2023,Other manufacturing,20-49 employees,11.1066905691465
2023,Total manufacturing,20-49 employees,6.23023886230572
2023,Food products,250 employees and more,57.073165372002
2023,Beverages,250 employees and more,70.1337282812304
2023,"Wood products, excluding furniture",250 employees and more,25.5114231368216
2023,Coke and refined petroleum products,250 employees and more,54.949812091808
2023,Rubber and plastics products,250 employees and more,31.5360772336549
2023,"Fabricated metal products, except machinery",250 employees and more,34.2205057976981
2023,Electrical equipment,250 employees and more,36.2768925975946
2023,Machinery and equipment n.e.c.,250 employees and more,48.4514817716481
2023,"Motor vehicles, trailers and semi-trailers",250 employees and more,83.374767318736
2023,Furniture,250 employees and more,38.3045327628552
2023,Other manufacturing,250 employees and more,42.8053266633573
2023,Total manufacturing,250 employees and more,51.7710563655513
2023,Food products,50-249 employees,35.876190393629
2023,Beverages,50-249 employees,25.663012933543
2023,Textiles,50-249 employees,52.5863341938074
2023,"Wood products, excluding furniture",50-249 employees,62.2659208150145
2023,Paper and paper products,50-249 employees,44.8772369452591
2023,Printing and reproduction of recorded media,50-249 employees,49.992867631992
2023,Coke and refined petroleum products,50-249 employees,34.695615926124
2023,Rubber and plastics products,50-249 employees,56.2403056462924
2023,Other non-metallic mineral products,50-249 employees,54.1308758776251
2023,Basic metals,50-249 employees,31.6782360273271
2023,"Fabricated metal products, except machinery",50-249 employees,51.4842227080944
2023,"Computer, electronic and optical products",50-249 employees,38.4749418557591
2023,Electrical equipment,50-249 employees,53.3133373418641
2023,Machinery and equipment n.e.c.,50-249 employees,43.9284749925679
2023,"Motor vehicles, trailers and semi-trailers",50-249 employees,14.9322801770027
2023,Furniture,50-249 employees,47.9341482776517
2023,Other manufacturing,50-249 employees,39.3896877262956
2023,Total manufacturing,50-249 employees,38.9744133486411
2023,Food products,Total small-scale industries,3.1208256715567
2023,Beverages,Total small-scale industries,0.967917600429392
2023,Textiles,Total small-scale industries,5.46344753348526
2023,"Wood products, excluding furniture",Total small-scale industries,3.24559057367558
2023,Paper and paper products,Total small-scale industries,2.28782947239255
2023,Printing and reproduction of recorded media,Total small-scale industries,3.03401766396504
2023,Coke and refined petroleum products,Total small-scale industries,3.13370016578632
2023,Rubber and plastics products,Total small-scale industries,2.15234808774485
2023,Other non-metallic mineral products,Total small-scale industries,4.44581008640104
2023,Basic metals,Total small-scale industries,1.67111920968135
2023,"Fabricated metal products, except machinery",Total small-scale industries,3.67191975195152
2023,"Computer, electronic and optical products",Total small-scale industries,0.59520496316427
2023,Electrical equipment,Total small-scale industries,2.57923625489456
2023,Machinery and equipment n.e.c.,Total small-scale industries,1.99322497666527
2023,"Motor vehicles, trailers and semi-trailers",Total small-scale industries,0.500584051154277
2023,Furniture,Total small-scale industries,3.04408905194778
2023,Other manufacturing,Total small-scale industries,6.6982950412006
